run_id,asset_id,asset_type,failure_time,fault_type,severity,severity_category,repair_time_h,total_downtime_h,restoration_time,temperature_stress_factor,load_stress_factor,combined_stress_multiplier
1,FCU_041,FCU,2023-11-14 02:04:32.375152,Thermostat failure,1,LOW,2.597019944736414,2.597019944736414,2023-11-14 04:40:21.646953,1.0163828947255942,1.018762771976675,1.0354530552203234
1,FCU_050,FCU,2024-02-08 04:27:44.014318,Fan motor failure,2,MEDIUM,3.398936840244123,3.398936840244123,2024-02-08 07:51:40.186943,1.1719210120044614,1.0415812076048838,1.2206509029011445
1,FCU_040,FCU,2024-08-09 09:27:18.505526,Filter blockage,1,LOW,1.2771847231784272,1.2771847231784272,2024-08-09 10:43:56.370529,0.8011331551829514,0.9032546662763915,0.7236272607277293
1,FCU_017,FCU,2024-12-08 03:42:25.811495,Thermostat failure,1,LOW,1.3130201125536642,1.3130201125536642,2024-12-08 05:01:12.683900,1.0681452137084366,0.9967581569371563,1.0646824545572662
1,FCU_044,FCU,2025-01-31 19:42:59.218413,Thermostat failure,1,LOW,1.5527079810273194,1.5527079810273194,2025-01-31 21:16:08.967145,1.0426269964119461,0.9460272341889029,0.9863535337062765
1,CHWP_001,CHW_Pump,2025-04-27 03:51:17.212527,Bearing wear,3,HIGH,10.688046744300763,10.688046744300763,2025-04-27 14:32:34.180806,0.8917406621579045,1.0973576766283961,0.9785584611806656
2,FCU_044,FCU,2025-02-25 06:04:08.762187,Thermostat failure,1,LOW,1.8243260315682353,1.8243260315682353,2025-02-25 07:53:36.335901,1.0134172575362514,0.9551508813758667,0.9679663867372642
3,HWP_002,HW_Pump,2023-07-17 08:52:00.320764,Seal leakage,2,MEDIUM,3.6582959295023407,3.6582959295023407,2023-07-17 12:31:30.186110,1.1547233784930242,1.0361446785764272,1.1964604838533406
3,FCU_049,FCU,2024-08-13 07:06:52.920197,Coil fouling,1,LOW,2.245745444830203,2.245745444830203,2024-08-13 09:21:37.603798,1.0423996342264656,1.1064992681768042,1.1534144324193527
3,CT_001,CoolingTower,2024-08-18 11:12:13.766063,Drift eliminator damage,2,MEDIUM,4.256715039018441,4.256715039018441,2024-08-18 15:27:37.940203,1.0659688261218274,0.9032218562920837,0.9628063418792504
4,HWP_002,HW_Pump,2024-07-02 18:53:39.067900,Impeller damage,4,CRITICAL,13.631023994585542,13.631023994585542,2024-07-03 08:31:30.754281,1.0102272725625636,1.0971798559506756,1.1084010133876374
4,FCU_006,FCU,2024-08-06 14:58:33.005862,Filter blockage,1,LOW,1.0822607873821415,1.0822607873821415,2024-08-06 16:03:29.144697,1.0506841759610497,0.999961528164145,1.0506437542118967
4,HP_001,HeatPump,2024-09-09 07:39:03.189831,Compressor degradation,4,CRITICAL,14.954949615166951,14.954949615166951,2024-09-09 22:36:21.008446,1.0789427710044412,0.9321631259817925,1.0057506661749573
4,FCU_023,FCU,2024-10-30 19:36:16.530401,Valve actuator,2,MEDIUM,4.668986183103118,4.668986183103118,2024-10-31 00:16:24.880660,1.0017320697612373,0.970901700628918,0.9725833701057113
4,FCU_002,FCU,2025-02-01 03:54:08.794780,Coil fouling,1,LOW,1.7082592922349022,1.7082592922349022,2025-02-01 05:36:38.528232,1.2373190509697676,1.0044733198851707,1.2428539748847713
4,CT_001,CoolingTower,2025-02-07 06:29:17.858913,Water distribution system,3,HIGH,3.9941285671324547,3.9941285671324547,2025-02-07 10:28:56.721755,0.9728578333040402,1.0504002909754164,1.021890151180277
4,FCU_020,FCU,2025-03-04 04:20:32.570291,Coil fouling,1,LOW,1.9222645101449185,1.9222645101449185,2025-03-04 06:15:52.722528,1.0699959255695448,0.972741174152157,1.040829092976543
4,FCU_001,FCU,2025-04-22 16:14:33.651196,Filter blockage,1,LOW,1.2006375780913146,1.2006375780913146,2025-04-22 17:26:35.946477,1.0119922239897636,0.9687803771708257,0.9803982084507459
4,FCU_048,FCU,2025-05-15 01:08:59.387731,Fan motor failure,2,MEDIUM,3.4548572183420037,3.4548572183420037,2025-05-15 04:36:16.873717,0.9935454534299601,1.047642165889569,1.0408801107410972
5,FCU_049,FCU,2024-03-05 21:29:18.387887,Fan motor failure,2,MEDIUM,6.091450805124488,6.091450805124488,2024-03-06 03:34:47.610785,1.0442689162379868,1.1208810408013594,1.1705012297093422
5,HWP_002,HW_Pump,2024-03-13 12:40:11.477301,Bearing wear,3,HIGH,8.794395821032767,8.794395821032767,2024-03-13 21:27:51.302257,1.0178286522585247,1.0397348499417811,1.0582719210224625
5,FCU_031,FCU,2024-10-30 09:25:55.874927,Coil fouling,1,LOW,2.3616665570964326,2.3616665570964326,2024-10-30 11:47:37.874533,0.8985050083454496,0.90676650701499,0.8147342479528776
5,CHWP_001,CHW_Pump,2025-01-09 20:17:52.147338,Bearing wear,3,HIGH,5.3471324372435705,5.3471324372435705,2025-01-10 01:38:41.824112,1.0705992797229047,0.9690016352253803,1.037412452722609
6,FCU_016,FCU,2024-05-09 19:14:34.811593,Thermostat failure,1,LOW,2.531727408097859,2.531727408097859,2024-05-09 21:46:29.030262,0.8,1.0662551705939045,0.8530041364751236
7,FCU_022,FCU,2024-04-30 08:21:52.575216,Fan motor failure,2,MEDIUM,4.373613534538043,4.373613534538043,2024-04-30 12:44:17.583940,0.8937511051972461,1.1123351187546846,0.9941507417367094
7,FCU_034,FCU,2025-03-04 12:26:18.061598,Filter blockage,1,LOW,0.5684017594990959,0.5684017594990959,2025-03-04 13:00:24.307932,1.0479401048809995,0.9484657377122058,0.9939352846541635
8,FCU_039,FCU,2024-10-03 18:00:33.738815,Filter blockage,1,LOW,1.6340820953153976,1.6340820953153976,2024-10-03 19:38:36.434358,0.8753015736918165,0.9080331303266588,0.7948028279392307
8,HWP_001,HW_Pump,2024-12-31 19:11:39.621747,Impeller damage,4,CRITICAL,8.48068935899332,8.48068935899332,2025-01-01 03:40:30.103439,0.9595511680736604,0.9771750117219693,0.9376494239102084
8,FCU_029,FCU,2025-02-21 07:26:58.610228,Coil fouling,1,LOW,2.8310672252974753,2.8310672252974753,2025-02-21 10:16:50.452239,0.9809617676724166,1.1016021038410586,1.0806295470555778
8,FCU_007,FCU,2025-05-10 13:49:34.171997,Coil fouling,1,LOW,1.614221371042858,1.614221371042858,2025-05-10 15:26:25.368933,1.0911827912299799,0.9078239950747746,0.9906019208912441
9,CHWP_003,CHW_Pump,2024-09-12 11:15:46.384370,Seal leakage,2,MEDIUM,4.30496516157536,4.30496516157536,2024-09-12 15:34:04.258952,1.0451236919316997,1.1215582803869981,1.172167130714628
9,FCU_036,FCU,2024-12-18 21:14:51.663538,Coil fouling,1,LOW,1.493882445118822,1.493882445118822,2024-12-18 22:44:29.640340,0.9109591843035931,0.9252258669652922,0.8428430010672874
9,FCU_011,FCU,2025-01-10 14:29:27.544755,Fan motor failure,2,MEDIUM,3.905438854845761,3.905438854845761,2025-01-10 18:23:47.124632,1.036256884138973,0.9172018928437097,0.9504567756045907
9,FCU_045,FCU,2025-02-04 05:49:37.453416,Thermostat failure,1,LOW,1.8576180470388797,1.8576180470388797,2025-02-04 07:41:04.878385,1.0298826420007952,0.9123135713424393,0.9395759111873323
9,FCU_025,FCU,2025-04-20 06:36:42.069492,Coil fouling,1,LOW,1.766016936858473,1.766016936858473,2025-04-20 08:22:39.730465,1.0316297138133705,0.9915318320936369,1.0228937001796057
9,FCU_009,FCU,2025-05-22 13:28:22.392041,Valve actuator,2,MEDIUM,1.4524839052980048,1.4524839052980048,2025-05-22 14:55:31.334100,0.9141935251320057,0.9095640437068585,0.8315175594496946
10,FCU_029,FCU,2024-03-24 16:54:58.939263,Valve actuator,2,MEDIUM,2.347724151582607,2.347724151582607,2024-03-24 19:15:50.746209,0.8,1.11982020762962,0.895856166103696
10,FCU_023,FCU,2024-10-17 16:48:47.237001,Coil fouling,1,LOW,2.088506941488544,2.088506941488544,2024-10-17 18:54:05.861990,0.8478015624385842,1.1022681007811352,0.9345046180684572
10,FCU_027,FCU,2025-04-20 00:01:57.562437,Fan motor failure,2,MEDIUM,2.7873975299680716,2.7873975299680716,2025-04-20 02:49:12.193545,0.9317439396520889,0.9627860602550109,0.8970700768241173
10,FCU_045,FCU,2025-04-28 00:36:04.447175,Coil fouling,1,LOW,1.9050885532453978,1.9050885532453978,2025-04-28 02:30:22.765967,0.8387305338369915,1.0344697653414419,0.8676413785230548
11,CHWP_001,CHW_Pump,2023-04-22 02:53:46.091229,Bearing wear,3,HIGH,6.671852155326016,6.671852155326016,2023-04-22 09:34:04.758988,1.013936246486906,0.9570656283172576,0.9704035308176324
11,FCU_027,FCU,2024-08-06 16:41:44.839248,Fan motor failure,2,MEDIUM,4.22483169615989,4.22483169615989,2024-08-06 20:55:14.233354,0.8538006754215091,0.9128272304454265,0.7793725058974507
11,FCU_030,FCU,2024-09-30 13:48:15.527012,Coil fouling,1,LOW,2.076818463919021,2.076818463919021,2024-09-30 15:52:52.073482,1.0959963582675238,1.1485718618442586,1.258830577789857
11,FCU_045,FCU,2025-01-28 01:17:30.856253,Fan motor failure,2,MEDIUM,4.284764289370076,4.284764289370076,2025-01-28 05:34:36.007695,0.956648248993613,0.9793136253467754,0.9368586649035798
11,FCU_035,FCU,2025-02-11 01:29:10.642278,Thermostat failure,1,LOW,1.4694723582297424,1.4694723582297424,2025-02-11 02:57:20.742768,1.013678460950285,0.9083905214021744,0.920815905676783
12,FCU_024,FCU,2024-01-20 20:53:48.470013,Fan motor failure,2,MEDIUM,5.21890824486961,5.21890824486961,2024-01-21 02:06:56.539695,1.1459652940771892,0.9039542371870185,1.035900183250343
12,FCU_047,FCU,2024-12-01 19:46:30.557298,Coil fouling,1,LOW,1.3481509618304366,1.3481509618304366,2024-12-01 21:07:23.900761,1.275429652320026,0.9520387851842068,1.2142584967826728
12,CHWP_001,CHW_Pump,2025-01-23 14:37:51.843212,Bearing wear,3,HIGH,7.339699318443722,7.339699318443722,2025-01-23 21:58:14.760758,1.1562289984505125,1.0871992415708718,1.2570512901976458
12,FCU_037,FCU,2025-03-04 10:02:31.500762,Fan motor failure,2,MEDIUM,3.2754074072464996,3.2754074072464996,2025-03-04 13:19:02.967428,0.952232696103616,1.09885095326885,1.0463618058472257
13,CHWP_002,CHW_Pump,2024-03-06 19:28:12.088988,Bearing wear,3,HIGH,7.153393218409132,7.153393218409132,2024-03-07 02:37:24.304574,0.9612377163865172,1.1421648691492354,1.0978919505579163
13,HWP_001,HW_Pump,2024-06-10 20:39:01.117484,Impeller damage,4,CRITICAL,16.265964291887943,16.265964291887943,2024-06-11 12:54:58.588935,0.9749156578518895,0.9357013855704228,0.9122299318663133
13,HWP_002,HW_Pump,2024-12-20 03:17:04.839141,Impeller damage,4,CRITICAL,6.775890893635294,6.775890893635294,2024-12-20 10:03:38.046358,1.1766741748439549,1.0258900602024998,1.2071383400693916
13,FCU_039,FCU,2025-05-24 20:26:39.041571,Fan motor failure,2,MEDIUM,4.60422551082742,4.60422551082742,2025-05-25 01:02:54.253410,0.8397975729938273,1.1308658879104145,0.9496984280486757
14,FCU_032,FCU,2024-05-25 18:35:21.512309,Coil fouling,1,LOW,1.7361324499512811,1.7361324499512811,2024-05-25 20:19:31.589129,0.8862869864253411,1.0644378183519319,0.9433973862642984
14,FCU_010,FCU,2024-06-24 02:58:00.223487,Filter blockage,1,LOW,1.3165572201539377,1.3165572201539377,2024-06-24 04:16:59.829480,0.8569703114958476,1.0429209176199064,0.8937522636382663
14,HP_002,HeatPump,2024-11-20 12:03:05.456696,Sensor malfunction,1,LOW,1.2705572570056145,1.2705572570056145,2024-11-20 13:19:19.462821,1.098885719061612,1.0689173193864894,1.1746179771314331
14,FCU_020,FCU,2024-12-13 05:53:46.377445,Fan motor failure,2,MEDIUM,3.7917479615792034,3.7917479615792034,2024-12-13 09:41:16.670107,1.11372549001447,1.016291788259843,1.1318700698773756
14,FCU_045,FCU,2025-02-13 09:04:59.380612,Fan motor failure,2,MEDIUM,3.567339670417009,3.567339670417009,2025-02-13 12:39:01.803426,1.109423071597366,0.9162952861824862,1.0165591308867614
14,FCU_030,FCU,2025-05-16 22:34:49.827934,Thermostat failure,1,LOW,2.3748691768575787,2.3748691768575787,2025-05-17 00:57:19.356971,1.0395884741219614,0.9337526614961078,0.9707185045720591
15,CHWP_001,CHW_Pump,2025-01-19 16:06:22.459139,Seal leakage,2,MEDIUM,5.521067292933773,5.521067292933773,2025-01-19 21:37:38.301394,1.1213861001279417,1.0742078821638494,1.2046017877064146
15,FCU_038,FCU,2025-03-23 01:36:28.511866,Filter blockage,1,LOW,1.1754407205134407,1.1754407205134407,2025-03-23 02:47:00.098460,0.9964096250207255,0.9038335771524044,0.9005884756915683
15,FCU_022,FCU,2025-03-23 16:19:11.110848,Filter blockage,1,LOW,0.9288822517508136,0.9288822517508136,2025-03-23 17:14:55.086954,1.08505921779935,1.0623339039268855,1.1526951948366364
16,FCU_001,FCU,2023-11-12 05:44:39.273057,Coil fouling,1,LOW,1.4589558701608076,1.4589558701608076,2023-11-12 07:12:11.514190,0.8764490567455557,0.9705994911311632,0.8506810084796244
16,FCU_015,FCU,2024-03-10 02:42:27.797470,Fan motor failure,2,MEDIUM,5.9835307142802945,5.9835307142802945,2024-03-10 08:41:28.508041,1.037867862059743,0.9999591857117041,1.0378255022216079
16,FCU_003,FCU,2024-06-18 06:28:11.720187,Fan motor failure,2,MEDIUM,3.535847989849042,3.535847989849042,2024-06-18 10:00:20.772950,0.9706427101513578,1.1101537005999724,1.0775625966349163
16,FCU_008,FCU,2024-12-05 11:10:57.014594,Thermostat failure,1,LOW,2.9518161043419893,2.9518161043419893,2024-12-05 14:08:03.552570,0.9644558469255038,1.026610612903048,0.9901206081301196
16,FCU_024,FCU,2024-12-26 13:13:29.023311,Coil fouling,1,LOW,2.072733873526341,2.072733873526341,2024-12-26 15:17:50.865256,0.919278128879689,1.0817544385007047,0.9944331961322265
16,FCU_049,FCU,2025-02-08 16:16:21.556887,Coil fouling,1,LOW,1.9153056288231627,1.9153056288231627,2025-02-08 18:11:16.657151,0.996383368547584,1.0905560160941765,1.086611876905749
16,FCU_041,FCU,2025-02-13 08:49:52.214059,Fan motor failure,2,MEDIUM,4.371994117371498,4.371994117371498,2025-02-13 13:12:11.392882,0.9827065649507447,1.0079901543737977,0.9905585421088456
16,HWP_001,HW_Pump,2025-05-22 07:47:20.767648,Seal leakage,2,MEDIUM,3.588346004117577,3.588346004117577,2025-05-22 11:22:38.813263,0.9505791251259579,1.0778663325905333,1.024597235436634
16,FCU_030,FCU,2025-05-27 07:19:51.762391,Coil fouling,1,LOW,1.85697371077093,1.85697371077093,2025-05-27 09:11:16.867750,0.890099322045582,1.0870884643908292,0.9676167051578498
17,FCU_016,FCU,2024-03-07 14:58:06.316460,Filter blockage,1,LOW,1.3455887878033543,1.3455887878033543,2024-03-07 16:18:50.436096,0.9900401030396381,1.123872025541435,1.112678375970409
17,FCU_027,FCU,2024-04-05 23:05:52.567003,Thermostat failure,1,LOW,2.0524102537818427,2.0524102537818427,2024-04-06 01:09:01.243917,0.9411216896476576,1.1203683527414547,1.0544029571598008
17,FCU_021,FCU,2024-12-21 08:19:47.560284,Fan motor failure,2,MEDIUM,5.597927381721326,5.597927381721326,2024-12-21 13:55:40.098858,1.0904491927164528,1.134832369566411,1.2374770412621923
17,CHWP_002,CHW_Pump,2025-03-17 22:04:28.090392,Bearing wear,3,HIGH,4.985643359652706,4.985643359652706,2025-03-18 03:03:36.406487,1.0053167988049356,0.9863504741693473,0.9915947011916586
17,FCU_044,FCU,2025-04-13 04:27:43.948089,Fan motor failure,2,MEDIUM,3.9282720972461393,3.9282720972461393,2025-04-13 08:23:25.727639,0.9366031515940292,0.9437969384193976,0.8839631869884037
17,HP_001,HeatPump,2025-04-17 07:26:21.491739,Compressor degradation,4,CRITICAL,11.236428833167485,11.236428833167485,2025-04-17 18:40:32.635538,1.1382266896662363,1.1242283939883337,1.2796267633181304
18,FCU_046,FCU,2024-06-26 16:45:51.381147,Coil fouling,1,LOW,1.6688347035491418,1.6688347035491418,2024-06-26 18:25:59.186080,1.2173679624902902,1.049206757264515,1.277270692322147
18,FCU_028,FCU,2024-08-02 23:58:51.044740,Fan motor failure,2,MEDIUM,4.327981562225216,4.327981562225216,2024-08-03 04:18:31.778364,1.030360115175143,0.9142552684773451,0.9420121637277985
18,FCU_017,FCU,2024-10-28 20:09:25.398054,Filter blockage,1,LOW,1.1382325921430425,1.1382325921430425,2024-10-28 21:17:43.035386,1.2122525493087966,1.1213914281377182,1.359409617532981
18,FCU_012,FCU,2025-01-04 20:25:39.199856,Fan motor failure,2,MEDIUM,6.268575980875051,6.268575980875051,2025-01-05 02:41:46.073387,1.006841659800453,0.992409516977425,0.9991992452753164
18,FCU_040,FCU,2025-04-10 03:30:40.733514,Valve actuator,2,MEDIUM,4.114047496758156,4.114047496758156,2025-04-10 07:37:31.304502,0.9661634144825006,1.1233026041067853,1.0852938794808964
19,FCU_003,FCU,2024-05-13 04:27:46.478045,Valve actuator,2,MEDIUM,2.9422338178807874,2.9422338178807874,2024-05-13 07:24:18.519789,0.9301018336986208,1.0757584029249019,1.0005648631771509
19,CHWP_003,CHW_Pump,2024-09-03 19:18:38.681581,Seal leakage,2,MEDIUM,4.291284045562292,4.291284045562292,2024-09-03 23:36:07.304145,1.006114020661543,0.9773269777031853,0.983302375037946
19,FCU_024,FCU,2025-03-13 14:03:56.248149,Thermostat failure,1,LOW,1.1067806098199333,1.1067806098199333,2025-03-13 15:10:20.658344,1.1495405140308739,1.1042542641796764,1.2693850144658896
20,FCU_018,FCU,2023-11-29 02:21:36.824275,Coil fouling,1,LOW,2.4450992829439175,2.4450992829439175,2023-11-29 04:48:19.181694,0.8517253953262464,1.0050064144037945,0.8559894856134852
20,FCU_011,FCU,2025-04-17 03:01:13.285028,Fan motor failure,2,MEDIUM,8.89579938910264,8.89579938910264,2025-04-17 11:54:58.162829,1.0266956188890979,1.0413583793594792,1.0691580857818284
21,FCU_016,FCU,2024-07-04 15:33:14.492545,Coil fouling,1,LOW,1.3152682473535755,1.3152682473535755,2024-07-04 16:52:09.458235,0.890319557700091,1.1237597330328832,1.0005052684750089
21,CT_001,CoolingTower,2024-12-30 07:03:30.202382,Fill media degradation,2,MEDIUM,8.045529863343337,8.045529863343337,2024-12-30 15:06:14.109890,1.1820599798381843,0.9505371864088146,1.1235919674018477
21,FCU_029,FCU,2025-04-21 21:24:35.652227,Fan motor failure,2,MEDIUM,3.222083039459197,3.222083039459197,2025-04-22 00:37:55.151169,1.067612060064656,1.1298244853414254,1.2062142463068488
22,FCU_049,FCU,2024-04-24 22:25:47.787932,Fan motor failure,2,MEDIUM,5.570837884420944,5.570837884420944,2024-04-25 04:00:02.804316,1.0824122152360232,1.0467633894376283,1.1330294791891513
22,FCU_028,FCU,2024-12-29 21:02:39.669213,Coil fouling,1,LOW,2.843586936729038,2.843586936729038,2024-12-29 23:53:16.582185,1.0716090148291308,1.012715917917677,1.0852355071015407
23,FCU_016,FCU,2024-09-04 15:37:13.683576,Thermostat failure,1,LOW,1.5060018243803677,1.5060018243803677,2024-09-04 17:07:35.290144,1.1124677431481407,1.06694326823315,1.1869399696784337
23,FCU_017,FCU,2024-10-14 19:47:03.089094,Thermostat failure,1,LOW,2.7123170750239125,2.7123170750239125,2024-10-14 22:29:47.430564,1.0183408026392384,0.994839913254939,1.013086075761585
23,FCU_031,FCU,2025-03-28 09:42:37.555282,Fan motor failure,2,MEDIUM,4.219633590342548,4.219633590342548,2025-03-28 13:55:48.236207,1.1342500609875534,1.0564371626379867,1.1982639161516544
23,FCU_041,FCU,2025-05-05 10:51:21.591446,Thermostat failure,1,LOW,1.9073131831957317,1.9073131831957317,2025-05-05 12:45:47.918906,1.0389743622113345,0.9635434215510679,1.001096911868948
24,FCU_018,FCU,2023-12-31 03:21:42.867242,Fan motor failure,2,MEDIUM,3.890593266755602,3.890593266755602,2023-12-31 07:15:09.003002,0.9925795145112226,1.0564954624662177,1.048655753218028
24,FCU_011,FCU,2024-05-05 23:09:38.209222,Valve actuator,2,MEDIUM,3.1660816930597124,3.1660816930597124,2024-05-06 02:19:36.103317,0.9436450384992721,0.9767346666674694,0.9216908221309978
24,FCU_007,FCU,2024-12-18 09:06:05.711944,Coil fouling,1,LOW,2.1553158811681152,2.1553158811681152,2024-12-18 11:15:24.849116,0.8663627802066747,1.1110752618885344,0.9625942529086099
24,FCU_039,FCU,2025-01-27 00:55:46.377242,Fan motor failure,2,MEDIUM,7.511018116769693,7.511018116769693,2025-01-27 08:26:26.042462,0.9518946038003372,1.1095263005625853,1.056152098280076
24,HP_002,HeatPump,2025-03-11 17:58:48.423632,Heat exchanger fouling,2,MEDIUM,3.784890167073524,3.784890167073524,2025-03-11 21:45:54.028233,1.0932563116011698,0.9733080285450862,1.064075145339007
25,FCU_050,FCU,2024-10-06 15:45:26.431867,Coil fouling,1,LOW,1.870799248083074,1.870799248083074,2024-10-06 17:37:41.309160,0.8871184960819221,0.9727262582371098,0.8629234553067002
25,HWP_002,HW_Pump,2024-11-07 10:28:49.788973,Seal leakage,2,MEDIUM,5.712568626589706,5.712568626589706,2024-11-07 16:11:35.036029,1.0677818845652256,1.083070872377487,1.1564834572249358
25,FCU_048,FCU,2025-03-08 22:38:08.209289,Filter blockage,1,LOW,1.3969940755797043,1.3969940755797043,2025-03-09 00:01:57.387961,1.0026849213992368,0.9957266652411674,0.9984001130724641
26,FCU_009,FCU,2023-09-23 06:52:26.782919,Fan motor failure,2,MEDIUM,3.465741208313109,3.465741208313109,2023-09-23 10:20:23.451269,0.8489165061633863,1.0330842437957064,0.8770022668154951
26,FCU_010,FCU,2023-10-21 23:26:56.593654,Coil fouling,1,LOW,1.567933953041191,1.567933953041191,2023-10-22 01:01:01.155885,1.1596712946810181,1.0492503490097662,1.2167855106806658
26,FCU_018,FCU,2024-10-11 00:38:36.916288,Fan motor failure,2,MEDIUM,6.502103354452459,6.502103354452459,2024-10-11 07:08:44.488364,0.9595026220954119,1.1332614596469788,1.08736734205095
26,FCU_038,FCU,2025-01-03 03:44:16.421664,Coil fouling,1,LOW,2.376466892981157,2.376466892981157,2025-01-03 06:06:51.702479,1.0893002927480753,1.0080416625744366,1.0980600781445904
27,FCU_023,FCU,2023-12-19 12:27:06.331891,Fan motor failure,2,MEDIUM,4.140279569427569,4.140279569427569,2023-12-19 16:35:31.338341,1.021709765013209,1.101798869735144,1.1257186642889132
27,FCU_016,FCU,2024-05-14 01:16:50.293273,Filter blockage,1,LOW,1.285307168115272,1.285307168115272,2024-05-14 02:33:57.399078,0.844894911685028,1.0717729749711575,0.9055355330346558
27,FCU_041,FCU,2024-11-20 04:29:09.777662,Filter blockage,1,LOW,0.7086249665070952,0.7086249665070952,2024-11-20 05:11:40.827541,1.0337932546390933,1.1228120313196646,1.1607555042058877
27,HWP_002,HW_Pump,2024-12-07 17:09:56.408713,Impeller damage,4,CRITICAL,10.141343587390594,10.141343587390594,2024-12-08 03:18:25.245628,0.9263792691837374,1.0985676551676056,1.0176903015430585
27,FCU_017,FCU,2025-04-01 20:19:36.492510,Coil fouling,1,LOW,1.4651977888292012,1.4651977888292012,2025-04-01 21:47:31.204550,1.13964883823011,1.1228462717536916,1.2796504491151048
27,FCU_049,FCU,2025-05-05 23:54:29.626468,Filter blockage,1,LOW,1.0598224230815991,1.0598224230815991,2025-05-06 00:58:04.987191,0.9902946100235327,0.9811796035294157,0.9716568728402072
28,FCU_019,FCU,2024-10-28 06:24:30.329657,Coil fouling,1,LOW,1.6903759401372378,1.6903759401372378,2024-10-28 08:05:55.683041,0.9695168093128692,0.9518719985521786,0.9228559029105723
28,FCU_040,FCU,2024-12-31 09:28:26.716727,Fan motor failure,2,MEDIUM,3.3302614135923947,3.3302614135923947,2024-12-31 12:48:15.657816,1.14094314126223,1.1295582364230667,1.2887617225031585
28,FCU_008,FCU,2025-01-31 16:41:36.559336,Fan motor failure,2,MEDIUM,4.92418522351873,4.92418522351873,2025-01-31 21:37:03.626141,1.0566365343675228,1.1034633015569413,1.165959638758871
28,FCU_026,FCU,2025-03-11 17:14:53.306717,Filter blockage,1,LOW,0.8793874219590605,0.8793874219590605,2025-03-11 18:07:39.101436,0.8525606962088601,0.959926925497655,0.8183959679119114
28,FCU_039,FCU,2025-04-05 22:10:18.092910,Coil fouling,1,LOW,1.367655984187892,1.367655984187892,2025-04-05 23:32:21.654453,0.972276083524945,0.9737955056711963,0.9467980804081841
29,FCU_050,FCU,2024-02-06 15:22:16.501508,Fan motor failure,2,MEDIUM,3.3116003318599057,3.3116003318599057,2024-02-06 18:40:58.262703,0.9375096331279535,1.0989894109728873,1.0303131594926973
29,HWP_001,HW_Pump,2024-06-29 13:56:22.916464,Bearing wear,3,HIGH,10.603799158036125,10.603799158036125,2024-06-30 00:32:36.593433,1.070426668592736,0.9171943958720431,0.9817893416252381
29,FCU_021,FCU,2024-09-28 06:38:45.783325,Fan motor failure,2,MEDIUM,3.9980728914472445,3.9980728914472445,2024-09-28 10:38:38.845734,1.0861788027507644,0.9503444127117466,1.0322439564001233
29,FCU_030,FCU,2025-01-15 15:29:40.934388,Valve actuator,2,MEDIUM,2.6308559125419957,2.6308559125419957,2025-01-15 18:07:32.015673,0.910748951780767,1.0942438196432671,0.9965814117326881
30,CHWP_001,CHW_Pump,2025-01-17 11:36:57.929924,Impeller damage,4,CRITICAL,7.727982411811723,7.727982411811723,2025-01-17 19:20:38.666607,0.8939483564705223,0.9583311168376718,0.8566985268515968
30,FCU_029,FCU,2025-02-09 19:26:07.058252,Fan motor failure,2,MEDIUM,5.416658721925838,5.416658721925838,2025-02-10 00:51:07.029651,0.8417050751691904,1.1119314228481474,0.9359183218513847
31,FCU_003,FCU,2024-12-21 00:10:45.459718,Filter blockage,1,LOW,1.4644837681590979,1.4644837681590979,2024-12-21 01:38:37.601283,1.061300445560648,0.992868906916129,1.0537322132934013
32,FCU_026,FCU,2023-06-18 14:47:19.486360,Coil fouling,1,LOW,1.681565779236495,1.681565779236495,2023-06-18 16:28:13.123165,0.9893399694097202,1.0565180672689651,1.0452555523526947
32,FCU_035,FCU,2023-11-22 15:45:48.224916,Fan motor failure,2,MEDIUM,5.709033059976176,5.709033059976176,2023-11-22 21:28:20.743932,0.997181525644435,1.1418942410481296,1.138675841412968
32,FCU_041,FCU,2023-12-24 02:35:19.777704,Fan motor failure,2,MEDIUM,2.4307984954808357,2.4307984954808357,2023-12-24 05:01:10.652288,1.0947090441234453,0.9913538136822426,1.08524398576422
32,FCU_021,FCU,2024-09-02 11:55:16.491155,Filter blockage,1,LOW,1.3384194788908088,1.3384194788908088,2024-09-02 13:15:34.801279,0.9823904666192621,1.032003272886604,1.0138301768036766
32,FCU_039,FCU,2024-09-15 19:17:11.905135,Filter blockage,1,LOW,0.9335937735615218,0.9335937735615218,2024-09-15 20:13:12.842720,1.1007442161622645,1.100632588147593,1.2115149555231666
32,FCU_005,FCU,2024-10-10 21:25:32.394398,Fan motor failure,2,MEDIUM,5.480292399497551,5.480292399497551,2024-10-11 02:54:21.447036,0.8575300263649204,1.1338621465335263,0.97232083641108
32,FCU_014,FCU,2024-11-26 20:04:59.207774,Valve actuator,2,MEDIUM,5.56377400890051,5.56377400890051,2024-11-27 01:38:48.794206,0.8727771597273895,1.1193528051644885,0.9769455620243482
32,HP_002,HeatPump,2025-03-28 12:55:12.022714,Control valve failure,3,HIGH,3.2531924227459794,3.2531924227459794,2025-03-28 16:10:23.515436,1.1845806809124313,1.0529420725742122,1.247294837291307
34,FCU_049,FCU,2024-02-25 14:52:30.815487,Coil fouling,1,LOW,1.679931056662067,1.679931056662067,2024-02-25 16:33:18.567291,1.0587431805504268,0.9002865888320135,0.9531722864669003
34,FCU_009,FCU,2024-10-06 17:33:26.629936,Thermostat failure,1,LOW,1.5655006265638263,1.5655006265638263,2024-10-06 19:07:22.432192,0.9041565189544041,0.9612777671991218,0.8691455597390201
34,FCU_048,FCU,2024-12-29 09:41:33.333775,Fan motor failure,2,MEDIUM,6.448236055336446,6.448236055336446,2024-12-29 16:08:26.983574,0.9602137140498963,0.9635804971760016,0.9252432079794141
35,FCU_016,FCU,2023-12-08 22:18:07.941899,Fan motor failure,2,MEDIUM,5.743446386768384,5.743446386768384,2023-12-09 04:02:44.348891,0.8996956977183908,1.0728309261496118,0.9652213686360424
35,FCU_039,FCU,2024-03-16 23:19:01.094871,Fan motor failure,2,MEDIUM,4.225038058439696,4.225038058439696,2024-03-17 03:32:31.231881,1.1849728865206737,1.027886846966266,1.2180180440662502
35,HP_002,HeatPump,2025-01-27 01:26:57.444584,Compressor degradation,4,CRITICAL,11.614762822914248,11.614762822914248,2025-01-27 13:03:50.590746,1.0065812835864856,1.0172966648817208,1.0239917827248934
35,FCU_032,FCU,2025-03-11 11:14:25.397678,Coil fouling,1,LOW,1.8979966758334632,1.8979966758334632,2025-03-11 13:08:18.185711,1.011713773501742,1.0986900596680123,1.1115598661755788
35,HP_001,HeatPump,2025-03-19 08:44:41.165148,Refrigerant leak,3,HIGH,5.593631187731385,5.593631187731385,2025-03-19 14:20:18.237424,0.9472762944910808,0.958176827884095,0.9076581949852636
36,FCU_050,FCU,2023-12-06 21:36:35.617755,Coil fouling,1,LOW,3.0354351007441513,3.0354351007441513,2023-12-07 00:38:43.184118,1.0292052239762541,1.046483149848838,1.0770459246275492
36,FCU_001,FCU,2025-05-03 08:21:48.341441,Thermostat failure,1,LOW,1.4125541832239776,1.4125541832239776,2025-05-03 09:46:33.536501,1.119435450770392,1.0533976035561299,1.179210621177307
37,FCU_050,FCU,2024-11-19 22:06:12.293407,Fan motor failure,2,MEDIUM,2.2874907343666933,2.2874907343666933,2024-11-20 00:23:27.260051,1.0481604783271752,1.082268323364799,1.1343908834963976
37,FCU_009,FCU,2025-02-28 22:12:53.873721,Fan motor failure,2,MEDIUM,2.3965940591484944,2.3965940591484944,2025-03-01 00:36:41.612334,0.8867129631081095,1.1111318584887824,0.9852550226444089
37,FCU_005,FCU,2025-03-19 15:14:16.185068,Coil fouling,1,LOW,1.2464094445163463,1.2464094445163463,2025-03-19 16:29:03.259068,1.010305559756509,1.0575133156111307,1.068411582278465
37,FCU_001,FCU,2025-04-27 09:28:49.527846,Coil fouling,1,LOW,1.9018247254412812,1.9018247254412812,2025-04-27 11:22:56.096858,1.1200959797710086,1.0561342983429598,1.1829717816722243
38,FCU_009,FCU,2024-10-27 08:20:45.220171,Filter blockage,1,LOW,0.6897140785423596,0.6897140785423596,2024-10-27 09:02:08.190854,1.010998609752345,1.0459619829545175,1.057466110620823
38,FCU_031,FCU,2025-03-03 01:35:45.898228,Fan motor failure,2,MEDIUM,3.734214721685126,3.734214721685126,2025-03-03 05:19:49.071226,0.8567473358552102,1.0173924103516738,0.8716482370881073
38,CHWP_002,CHW_Pump,2025-05-10 09:06:15.478739,Seal leakage,2,MEDIUM,5.714562018313832,5.714562018313832,2025-05-10 14:49:07.902005,1.0898878623257477,0.9525821690085725,1.0382077438703772
39,FCU_017,FCU,2024-03-07 21:57:02.810501,Fan motor failure,2,MEDIUM,4.375248347976586,4.375248347976586,2024-03-08 02:19:33.704554,1.04552386909666,1.0655318140832368,1.1140389449058887
39,FCU_050,FCU,2024-09-20 06:58:49.088606,Fan motor failure,2,MEDIUM,6.169324710272976,6.169324710272976,2024-09-20 13:08:58.657563,1.0804965151764367,0.9345386447610531,1.0097657489620278
39,CHWP_003,CHW_Pump,2024-10-19 21:29:42.983883,Seal leakage,2,MEDIUM,3.55050593037986,3.55050593037986,2024-10-20 01:02:44.805232,1.1224610479757984,0.9310328882249695,1.0450481514169336
40,FCU_008,FCU,2023-09-27 23:05:49.109549,Coil fouling,1,LOW,2.4038814444583387,2.4038814444583387,2023-09-28 01:30:03.082749,0.8636397921101004,1.0583930480395045,0.9140703519796133
40,CT_001,CoolingTower,2023-12-27 02:01:15.794624,Fill media degradation,2,MEDIUM,8.621165965464174,8.621165965464174,2023-12-27 10:38:31.992100,0.9969071914307134,1.028618046971594,1.0254367282613974
40,FCU_018,FCU,2024-08-17 16:09:19.461848,Valve actuator,2,MEDIUM,3.6565005770101853,3.6565005770101853,2024-08-17 19:48:42.863925,0.9073862757498465,0.9363322426139669,0.8496150264899891
40,FCU_009,FCU,2024-12-21 00:12:45.416815,Thermostat failure,1,LOW,1.874329381254057,1.874329381254057,2024-12-21 02:05:13.002588,0.9529229139934514,0.9203660334053928,0.8770378824932612
40,HP_001,HeatPump,2025-02-24 08:32:53.399982,Heat exchanger fouling,2,MEDIUM,6.123963238501775,6.123963238501775,2025-02-24 14:40:19.667641,1.10946066874709,1.1209119266675722,1.2436076957671938
40,FCU_044,FCU,2025-04-06 05:22:03.146323,Thermostat failure,1,LOW,1.1367500954531655,1.1367500954531655,2025-04-06 06:30:15.446667,1.0079701581249885,1.0072481410034202,1.0152760679583182
41,FCU_020,FCU,2024-05-14 01:25:16.790964,Filter blockage,1,LOW,0.7074770447347413,0.7074770447347413,2024-05-14 02:07:43.708325,0.8672363569708623,1.0514075143077444,0.9118188224000381
41,FCU_016,FCU,2024-07-13 00:11:37.320154,Coil fouling,1,LOW,1.409166421933449,1.409166421933449,2024-07-13 01:36:10.319273,1.038982432427119,1.125444960042716,1.169317542148023
42,HP_001,HeatPump,2024-10-19 05:31:48.442265,Heat exchanger fouling,2,MEDIUM,5.95216397336719,5.95216397336719,2024-10-19 11:28:56.232569,1.0826726227955359,1.1292723465462657,1.2226322532857148
43,CHWP_001,CHW_Pump,2023-08-16 08:50:06.551488,Bearing wear,3,HIGH,7.1715154179401654,7.1715154179401654,2023-08-16 16:00:24.006993,0.9940069904133336,1.0795505170566073,1.0730807604585963
43,CT_001,CoolingTower,2023-08-27 03:21:02.311657,Drift eliminator damage,2,MEDIUM,5.908155329338418,5.908155329338418,2023-08-27 09:15:31.670843,0.9537391042587523,1.0939241463502158,1.0433182354670751
43,CHWP_001,CHW_Pump,2024-08-25 00:39:53.868487,Seal leakage,2,MEDIUM,2.5128637933613227,2.5128637933613227,2024-08-25 03:10:40.178143,1.0961174242521985,0.9465330215707994,1.0375113375738354
43,FCU_016,FCU,2024-12-17 11:22:25.310704,Fan motor failure,2,MEDIUM,4.6871025080787,4.6871025080787,2024-12-17 16:03:38.879733,1.1449551085526968,0.9934669710863041,1.1374750837236383
45,FCU_044,FCU,2024-06-01 04:35:42.732946,Coil fouling,1,LOW,2.2178294627357285,2.2178294627357285,2024-06-01 06:48:46.919012,0.8533750194758641,0.9340193330696352,0.7970687665491336
45,HWP_001,HW_Pump,2025-04-06 02:35:55.502641,Seal leakage,2,MEDIUM,2.917293483370612,2.917293483370612,2025-04-06 05:30:57.759181,0.9350245743393799,1.14910767472476,1.0744439144296334
46,HP_001,HeatPump,2023-08-23 04:13:47.338332,Sensor malfunction,1,LOW,1.6282846271824851,1.6282846271824851,2023-08-23 05:51:29.162990,0.9244890177948099,1.0307177825754277,0.9528872704368015
46,FCU_016,FCU,2024-12-17 21:58:37.969283,Valve actuator,2,MEDIUM,2.778303638059291,2.778303638059291,2024-12-18 00:45:19.862380,1.0080873385517215,1.1105457937866605,1.1195271535982034
47,FCU_010,FCU,2023-11-22 08:06:19.221976,Fan motor failure,2,MEDIUM,4.7750108659335035,4.7750108659335035,2023-11-22 12:52:49.261093,1.094734745182577,1.069740743240267,1.1710823599625544
47,FCU_029,FCU,2024-12-19 01:21:46.433772,Filter blockage,1,LOW,0.6657035074346358,0.6657035074346358,2024-12-19 02:01:42.966399,0.9254494012768548,1.0646531168212323,0.9852825895297468
47,FCU_007,FCU,2025-04-06 11:31:10.300497,Thermostat failure,1,LOW,1.7229482450793727,1.7229482450793727,2025-04-06 13:14:32.914179,0.9337822244040425,1.0499174912191207,0.9803942903913022
48,FCU_005,FCU,2024-06-22 05:17:31.926626,Fan motor failure,2,MEDIUM,4.8440177352825495,4.8440177352825495,2024-06-22 10:08:10.390473,0.9419695467252335,0.9076256162046683,0.8549556902925222
48,FCU_042,FCU,2024-09-17 08:42:27.713890,Valve actuator,2,MEDIUM,4.234240579130648,4.234240579130648,2024-09-17 12:56:30.979975,0.8426006176398011,0.9262488091924671,0.780457818713703
48,FCU_009,FCU,2025-01-02 11:48:19.275574,Valve actuator,2,MEDIUM,2.292060283725849,2.292060283725849,2025-01-02 14:05:50.692595,0.8,1.0562076205713515,0.8449660964570813
48,FCU_040,FCU,2025-03-17 04:49:47.382358,Valve actuator,2,MEDIUM,3.6640823756363696,3.6640823756363696,2025-03-17 08:29:38.078910,0.9759794329596572,1.0857301522732268,1.0596502983628262
49,FCU_012,FCU,2024-11-18 23:15:10.291423,Fan motor failure,2,MEDIUM,3.097428170015628,3.097428170015628,2024-11-19 02:21:01.032835,1.0942940859301398,1.122372502190468,1.228205591357642
50,FCU_006,FCU,2024-02-13 17:35:12.746726,Fan motor failure,2,MEDIUM,3.9741890338486137,3.9741890338486137,2024-02-13 21:33:39.827248,1.1356135405527108,0.9825943037318041,1.1158473961877997
50,FCU_039,FCU,2024-04-29 10:35:30.508586,Fan motor failure,2,MEDIUM,3.649999291244849,3.649999291244849,2024-04-29 14:14:30.506034,0.9876781543461719,1.0281837109881882,1.0155145899976115
50,FCU_037,FCU,2024-12-15 18:27:34.913554,Fan motor failure,2,MEDIUM,4.370804364046011,4.370804364046011,2024-12-15 22:49:49.809265,0.844041011146625,0.9806056091027293,0.8276713498431197
51,FCU_034,FCU,2024-03-08 15:12:25.632512,Fan motor failure,2,MEDIUM,4.04090199435082,4.04090199435082,2024-03-08 19:14:52.879692,0.8150394279228781,1.0829026344313006,0.8826083436630648
51,FCU_011,FCU,2025-05-16 14:53:35.402175,Fan motor failure,2,MEDIUM,5.056103326677631,5.056103326677631,2025-05-16 19:56:57.374151,1.084708991681997,1.0423643800394633,1.1306620156378362
52,HWP_002,HW_Pump,2023-05-29 01:17:10.536739,Seal leakage,2,MEDIUM,4.056871737497209,4.056871737497209,2023-05-29 05:20:35.274994,1.072208939283565,1.1102495688511804,1.1904195125579595
52,FCU_031,FCU,2024-06-06 09:05:15.751422,Filter blockage,1,LOW,0.8949126321889015,0.8949126321889015,2024-06-06 09:58:57.436898,1.0190349385328088,1.1095246018241594,1.1306443344205215
53,FCU_039,FCU,2023-04-27 03:58:58.434205,Coil fouling,1,LOW,2.194514324352542,2.194514324352542,2023-04-27 06:10:38.685773,0.8599889460397185,0.9548596062695355,0.8211687064116384
53,HWP_002,HW_Pump,2024-02-28 23:16:00.545051,Bearing wear,3,HIGH,6.108383985816077,6.108383985816077,2024-02-29 05:22:30.727400,0.9351486609275317,1.0693596430529644,1.0000102382509228
53,FCU_041,FCU,2024-08-07 13:42:08.258527,Thermostat failure,1,LOW,2.345405277414952,2.345405277414952,2024-08-07 16:02:51.717526,0.8789678377544089,1.1257847091371351,0.9895285515672438
53,FCU_004,FCU,2024-08-31 11:13:21.656959,Fan motor failure,2,MEDIUM,4.138965771760197,4.138965771760197,2024-08-31 15:21:41.933737,1.0501306640904315,1.144502655889401,1.2018773340823992
53,FCU_017,FCU,2024-11-01 05:29:59.854787,Fan motor failure,2,MEDIUM,3.4823313429124747,3.4823313429124747,2024-11-01 08:58:56.247621,0.9112050091629676,1.1241911019141797,1.0243685633206367
54,FCU_009,FCU,2024-10-28 08:45:05.987742,Coil fouling,1,LOW,1.8251782163236148,1.8251782163236148,2024-10-28 10:34:36.629321,0.9645021872972341,0.9266108353614488,0.8937181774794347
54,FCU_007,FCU,2025-03-07 21:39:50.945526,Coil fouling,1,LOW,1.3938542888078795,1.3938542888078795,2025-03-07 23:03:28.820966,0.9951654681099323,1.1111476113457608,1.105775732784137
55,FCU_037,FCU,2024-02-12 02:56:44.849289,Fan motor failure,2,MEDIUM,3.101108108830789,3.101108108830789,2024-02-12 06:02:48.838481,1.0718701782753504,1.1350231024026276,1.2165974151189456
55,FCU_012,FCU,2024-04-24 17:11:07.668938,Fan motor failure,2,MEDIUM,2.8807448007815335,2.8807448007815335,2024-04-24 20:03:58.350221,0.9585619841664709,1.0766287796982719,1.0320154192783018
55,CHWP_001,CHW_Pump,2024-08-24 04:15:52.222695,Impeller damage,4,CRITICAL,12.755689054697166,12.755689054697166,2024-08-24 17:01:12.703292,1.136947833855935,1.11932196845455,1.2726106874217615
55,FCU_018,FCU,2024-09-05 19:02:22.807732,Valve actuator,2,MEDIUM,2.0697863344821203,2.0697863344821203,2024-09-05 21:06:34.038536,0.9474236267690572,0.9520743754502421,0.9020177577429535
55,HP_002,HeatPump,2025-01-30 11:29:55.477525,Heat exchanger fouling,2,MEDIUM,4.345605117386198,4.345605117386198,2025-01-30 15:50:39.655948,1.0823272120395442,1.0907751432255663,1.1805756197293618
55,FCU_010,FCU,2025-03-14 08:36:28.525435,Coil fouling,1,LOW,1.8420563235395748,1.8420563235395748,2025-03-14 10:26:59.928200,0.8052255611760293,0.9899459553812802,0.7971297874558317
56,FCU_029,FCU,2024-04-30 01:06:19.698188,Thermostat failure,1,LOW,2.6187020635061025,2.6187020635061025,2024-04-30 03:43:27.025617,0.8156374243427348,1.1358378457839404,0.9264318550062136
56,HP_001,HeatPump,2024-07-12 14:08:39.357001,Compressor degradation,4,CRITICAL,12.11364054558109,12.11364054558109,2024-07-13 02:15:28.462965,0.9192981279631747,0.9040845927284936,0.8311232736156534
56,FCU_020,FCU,2024-08-24 16:37:40.981255,Filter blockage,1,LOW,0.7149553998880868,0.7149553998880868,2024-08-24 17:20:34.820695,0.8013268930226347,0.9965062139250925,0.7985272282823433
56,FCU_026,FCU,2024-12-25 20:27:31.106244,Valve actuator,2,MEDIUM,4.389340878354492,4.389340878354492,2024-12-26 00:50:52.733406,0.8975602714828333,1.038728871624238,0.9323217680121082
56,FCU_022,FCU,2025-02-15 08:04:35.398285,Fan motor failure,2,MEDIUM,3.7973926287492756,3.7973926287492756,2025-02-15 11:52:26.011748,1.168158134831887,0.9909046308956856,1.1575333054233836
56,FCU_007,FCU,2025-03-31 11:39:04.874515,Filter blockage,1,LOW,0.8132363852962409,0.8132363852962409,2025-03-31 12:27:52.525502,1.0507970938773692,0.9736083720130101,1.0230648478859476
56,FCU_019,FCU,2025-04-23 20:52:07.739031,Coil fouling,1,LOW,2.288863248709078,2.288863248709078,2025-04-23 23:09:27.646726,1.056839106399814,1.0681865688183148,1.1289013388582312
57,FCU_047,FCU,2024-04-01 15:17:41.062374,Coil fouling,1,LOW,1.5326354382610894,1.5326354382610894,2024-04-01 16:49:38.549952,1.069473064761009,1.0163319911476993,1.0869396893873886
57,HP_002,HeatPump,2025-02-23 06:32:37.538543,Refrigerant leak,3,HIGH,8.840094534170495,8.840094534170495,2025-02-23 15:23:01.878866,1.1116246329711081,0.9002026692375776,1.0006874617908341
58,CT_001,CoolingTower,2023-03-25 18:49:04.044138,Drift eliminator damage,2,MEDIUM,3.9230646642096296,3.9230646642096296,2023-03-25 22:44:27.076929,0.9981288718349393,0.9055216306653535,0.9038272836381438
58,HWP_002,HW_Pump,2023-11-29 04:02:10.553714,Impeller damage,4,CRITICAL,12.905886856998611,12.905886856998611,2023-11-29 16:56:31.746399,0.845856919342799,1.0086738156887303,0.8531937263602156
58,FCU_045,FCU,2024-10-14 16:45:51.901606,Filter blockage,1,LOW,0.8945364642064425,0.8945364642064425,2024-10-14 17:39:32.232877,1.0297318143095302,1.1243003632122828,1.1577278528394477
58,FCU_032,FCU,2025-03-05 10:27:53.041523,Valve actuator,2,MEDIUM,2.61293522969667,2.61293522969667,2025-03-05 13:04:39.608350,1.0269493123927205,0.9952770003773994,1.0220990311778597
59,HWP_001,HW_Pump,2023-10-21 21:18:49.542562,Impeller damage,4,CRITICAL,19.64831438575207,19.64831438575207,2023-10-22 16:57:43.474351,1.169198667654314,0.9225233527580111,1.0786130749246574
59,FCU_041,FCU,2024-08-04 21:29:21.932569,Coil fouling,1,LOW,1.8891109926548246,1.8891109926548246,2024-08-04 23:22:42.732143,1.0264612053072593,1.0896737351988386,1.118507815623863
59,FCU_016,FCU,2024-11-17 16:03:32.095638,Fan motor failure,2,MEDIUM,5.6052843032473945,5.6052843032473945,2024-11-17 21:39:51.119130,1.0229386143356556,0.9376748790867636,0.9591838415103674
59,FCU_046,FCU,2025-01-19 16:45:28.680126,Filter blockage,1,LOW,0.9333741364880013,0.9333741364880013,2025-01-19 17:41:28.827017,1.0057308733706378,0.9901387137811708,0.9958130733692169
59,FCU_017,FCU,2025-03-18 20:32:33.137612,Fan motor failure,2,MEDIUM,4.443022263447717,4.443022263447717,2025-03-19 00:59:08.017760,0.9599192225286203,1.0741239405335885,1.0310722178963803
59,HP_001,HeatPump,2025-03-29 07:11:20.953861,Sensor malfunction,1,LOW,2.250554152758397,2.250554152758397,2025-03-29 09:26:22.948811,0.8862099772694269,0.9617115589754803,0.8522783788194055
59,FCU_023,FCU,2025-04-13 23:23:53.469151,Coil fouling,1,LOW,2.0089155701477783,2.0089155701477783,2025-04-14 01:24:25.565204,1.0327079874308525,0.997373327561315,1.029995401823058
60,FCU_039,FCU,2024-02-14 12:11:15.882506,Fan motor failure,2,MEDIUM,3.2940797163149385,3.2940797163149385,2024-02-14 15:28:54.569485,0.9528214616853178,0.9422354143099887,0.8977821247145145
60,FCU_026,FCU,2024-05-19 13:45:01.467546,Thermostat failure,1,LOW,2.6171580860686885,2.6171580860686885,2024-05-19 16:22:03.236656,1.123010946470053,0.9011734806922795,1.012027683485949
60,FCU_001,FCU,2024-12-04 04:23:26.836565,Valve actuator,2,MEDIUM,3.071497833319759,3.071497833319759,2024-12-04 07:27:44.228765,1.057947139886619,1.0874430846136,1.1504573011564407
60,FCU_012,FCU,2025-01-05 07:17:41.270065,Valve actuator,2,MEDIUM,2.3442556195852178,2.3442556195852178,2025-01-05 09:38:20.590296,0.994807826703339,0.9245479467084607,0.9197475335480784
60,FCU_005,FCU,2025-05-06 11:12:36.895027,Valve actuator,2,MEDIUM,1.5640581551296537,1.5640581551296537,2025-05-06 12:46:27.504385,0.8939132219101356,0.949026258621013,0.8483471205212313
60,CHWP_001,CHW_Pump,2025-05-07 03:54:03.195504,VFD malfunction,2,MEDIUM,2.8645493679171974,2.8645493679171974,2025-05-07 06:45:55.573229,0.9502220201976372,1.0311101665436815,0.9797835854994592
61,FCU_027,FCU,2024-12-07 16:57:41.550622,Fan motor failure,2,MEDIUM,2.5301657975209983,2.5301657975209983,2024-12-07 19:29:30.147493,1.1005253719513284,1.1155900777145866,1.2277351852220568
61,HP_002,HeatPump,2025-01-18 10:50:16.205520,Heat exchanger fouling,2,MEDIUM,6.601091112294377,6.601091112294377,2025-01-18 17:26:20.133524,1.1435304975394136,1.133465960104671,1.2961528933024835
61,FCU_014,FCU,2025-01-26 22:22:07.930929,Fan motor failure,2,MEDIUM,3.4138098542178974,3.4138098542178974,2025-01-27 01:46:57.646404,1.0149355163191243,0.9312688985788287,0.9451778804110457
61,FCU_044,FCU,2025-02-12 19:17:40.477961,Coil fouling,1,LOW,1.8742140982557085,1.8742140982557085,2025-02-12 21:10:07.648715,0.9616072565620271,0.9658358683529252,0.9287547796560596
62,HWP_002,HW_Pump,2024-02-18 04:04:24.839667,Bearing wear,3,HIGH,10.0053589817943,10.0053589817943,2024-02-18 14:04:44.132001,0.8944483999397521,0.9848938345024165,0.8809367143812135
62,FCU_016,FCU,2024-08-06 05:21:58.711441,Coil fouling,1,LOW,2.431818717077589,2.431818717077589,2024-08-06 07:47:53.258822,1.050437595138791,1.0494558101325215,1.1023878374000375
62,FCU_033,FCU,2024-12-27 20:27:33.465151,Fan motor failure,2,MEDIUM,2.451708339465052,2.451708339465052,2024-12-27 22:54:39.615173,0.9384012140090163,1.1119023296511554,1.0434104960040977
62,FCU_034,FCU,2025-02-10 16:44:39.127547,Fan motor failure,2,MEDIUM,3.6338273153016476,3.6338273153016476,2025-02-10 20:22:40.905882,1.0274784183462335,1.0082636609959632,1.0359691516761154
62,HP_002,HeatPump,2025-03-01 13:26:04.453573,Heat exchanger fouling,2,MEDIUM,6.982594171558066,6.982594171558066,2025-03-01 20:25:01.792591,1.0774312827436419,1.0045933561105032,1.0823803083098795
62,FCU_038,FCU,2025-04-25 03:49:56.864134,Fan motor failure,2,MEDIUM,3.3235042127161796,3.3235042127161796,2025-04-25 07:09:21.479300,1.058744748511568,1.0372890242312516,1.0982243070935263
62,FCU_027,FCU,2025-05-05 20:58:18.042135,Fan motor failure,2,MEDIUM,4.273959232055772,4.273959232055772,2025-05-06 01:14:44.295370,1.0110677166667816,0.9382418752972967,0.9486260705379971
63,FCU_016,FCU,2024-05-07 00:07:16.520294,Valve actuator,2,MEDIUM,2.311914354111768,2.311914354111768,2024-05-07 02:25:59.411969,1.0434492535931412,0.9333503242661118,0.9739036991963906
63,FCU_048,FCU,2024-05-23 16:13:41.142191,Thermostat failure,1,LOW,1.3127951415134829,1.3127951415134829,2024-05-23 17:32:27.204700,1.0086934800032237,1.1168138584784675,1.1265228574244732
63,FCU_045,FCU,2024-09-24 22:01:07.339937,Fan motor failure,2,MEDIUM,3.714374467051195,3.714374467051195,2024-09-25 01:43:59.088018,0.94677834954774,1.1333608228276524,1.0730414892788334
63,FCU_018,FCU,2024-11-19 09:03:30.908651,Coil fouling,1,LOW,1.8952896175526663,1.8952896175526663,2024-11-19 10:57:13.951274,0.957203816795163,0.95537710979578,0.9144906159752522
64,CHWP_002,CHW_Pump,2024-05-14 23:42:30.701300,Impeller damage,4,CRITICAL,7.673458285769058,7.673458285769058,2024-05-15 07:22:55.151129,0.8684592670017051,1.1350021473252243,0.9857031329114255
64,FCU_024,FCU,2024-06-29 14:26:26.272621,Coil fouling,1,LOW,2.351216339033587,2.351216339033587,2024-06-29 16:47:30.651442,1.0599029733280634,0.906476610227812,0.9607772544328019
64,FCU_026,FCU,2025-03-30 20:00:00.820016,Coil fouling,1,LOW,1.9992603996648117,1.9992603996648117,2025-03-30 21:59:58.157455,1.064788190509357,1.1499302668148976,1.224432168013777
65,FCU_047,FCU,2024-04-20 02:51:49.626959,Fan motor failure,2,MEDIUM,3.305525728385729,3.305525728385729,2024-04-20 06:10:09.519581,1.2022285663178425,1.0438493582021124,1.2549455173631257
65,FCU_035,FCU,2025-01-02 18:35:56.321648,Fan motor failure,2,MEDIUM,3.8858032868547676,3.8858032868547676,2025-01-02 22:29:05.213481,1.0109011844365603,1.0617023416173175,1.0732761546600158
65,FCU_003,FCU,2025-01-19 14:22:58.496730,Coil fouling,1,LOW,2.062157800888815,2.062157800888815,2025-01-19 16:26:42.264813,0.9933280968343512,1.0688595806759262,1.0617282530559804
66,HP_002,HeatPump,2024-03-22 12:28:03.747897,Heat exchanger fouling,2,MEDIUM,3.698900347598386,3.698900347598386,2024-03-22 16:09:59.789148,1.0180328721026217,0.907691279403446,0.9240595601535934
66,FCU_027,FCU,2024-10-26 03:39:36.677743,Valve actuator,2,MEDIUM,3.2320162753128114,3.2320162753128114,2024-10-26 06:53:31.936334,0.9986606030482965,0.9779750235671889,0.9766651268017809
66,FCU_034,FCU,2025-02-03 16:41:03.743408,Coil fouling,1,LOW,1.769928170729698,1.769928170729698,2025-02-03 18:27:15.484823,1.0166258255365515,1.122709106643631,1.1413750723789855
66,FCU_043,FCU,2025-03-28 22:06:26.926353,Fan motor failure,2,MEDIUM,3.046189319258119,3.046189319258119,2025-03-29 01:09:13.207902,0.916132271683814,1.0271247197168354,0.9409821027767851
66,FCU_024,FCU,2025-04-17 13:04:57.838074,Coil fouling,1,LOW,2.512128915968288,2.512128915968288,2025-04-17 15:35:41.502171,1.1683340744788642,1.1059820854680669,1.292156556215538
66,FCU_044,FCU,2025-05-28 11:41:10.055914,Fan motor failure,2,MEDIUM,4.532797113390139,4.532797113390139,2025-05-28 16:13:08.125522,0.8749248789045145,0.9925541834458301,0.8684103487575122
67,FCU_048,FCU,2024-02-14 13:12:00.385413,Valve actuator,2,MEDIUM,4.506604628750775,4.506604628750775,2024-02-14 17:42:24.162077,1.0954701721956979,1.119962838111742,1.2268858831190523
67,FCU_009,FCU,2024-04-11 18:19:14.464308,Fan motor failure,2,MEDIUM,3.130597329771851,3.130597329771851,2024-04-11 21:27:04.614695,1.101601656639565,1.1207884838466475,1.2346624505480133
67,FCU_035,FCU,2024-12-16 00:07:30.563130,Fan motor failure,2,MEDIUM,3.8109631112710556,3.8109631112710556,2024-12-16 03:56:10.030331,1.092860362710902,1.074795648024048,1.17460156173966
67,FCU_037,FCU,2025-02-07 23:17:20.037043,Filter blockage,1,LOW,1.9544171563516481,1.9544171563516481,2025-02-08 01:14:35.938806,0.90801615934428,1.0030020162330733,0.9107420385945244
67,FCU_016,FCU,2025-03-04 10:11:18.391449,Coil fouling,1,LOW,2.347658035603203,2.347658035603203,2025-03-04 12:32:09.960377,1.035772917513383,1.0603119723548193,1.0982424250803207
68,FCU_031,FCU,2025-03-16 15:27:41.118753,Filter blockage,1,LOW,1.0004653611294954,1.0004653611294954,2025-03-16 16:27:42.794053,1.1317613486729277,0.9511201367317172,1.0764410086974676
68,FCU_027,FCU,2025-05-19 07:52:22.580332,Valve actuator,2,MEDIUM,3.4909335857500694,3.4909335857500694,2025-05-19 11:21:49.941241,0.9457411303319845,0.9991538155510093,0.9449408588947267
69,FCU_022,FCU,2023-11-19 14:36:53.331129,Valve actuator,2,MEDIUM,3.9527734990224257,3.9527734990224257,2023-11-19 18:34:03.315725,0.9350809217493279,1.053052790613903,0.9846895740979503
69,FCU_033,FCU,2024-12-01 11:04:02.635398,Filter blockage,1,LOW,0.5591398948422636,0.5591398948422636,2024-12-01 11:37:35.539019,0.8482181578219352,1.0751912289712575,0.9119967235443026
69,FCU_008,FCU,2025-01-30 08:41:00.664739,Fan motor failure,2,MEDIUM,3.6204094227223447,3.6204094227223447,2025-01-30 12:18:14.138661,0.9021249524842472,0.9781963569560155,0.8824553420392092
69,FCU_018,FCU,2025-02-26 06:53:04.009581,Valve actuator,2,MEDIUM,2.943231090136908,2.943231090136908,2025-02-26 09:49:39.641505,0.9007380237439112,1.101906229680385,0.9925288396734143
69,FCU_013,FCU,2025-04-11 08:42:23.658992,Thermostat failure,1,LOW,1.2975157924943352,1.2975157924943352,2025-04-11 10:00:14.715845,1.0916324381396023,1.0316111847395744,1.1261402328093453
70,FCU_020,FCU,2024-03-18 20:20:36.571163,Fan motor failure,2,MEDIUM,4.90006671762587,4.90006671762587,2024-03-19 01:14:36.811346,0.9621704860279299,1.0149036207066433,0.9765103100068168
70,FCU_027,FCU,2024-04-18 00:23:04.521536,Coil fouling,1,LOW,2.7594696071225835,2.7594696071225835,2024-04-18 03:08:38.612122,0.9360037257383795,0.9865719308208233,0.9234350029571974
70,FCU_035,FCU,2024-06-05 08:55:13.394442,Filter blockage,1,LOW,1.2667116147811708,1.2667116147811708,2024-06-05 10:11:13.556255,0.8666927974213547,0.9745860184927536,0.8446666826952248
70,FCU_034,FCU,2024-09-10 08:56:56.810991,Filter blockage,1,LOW,1.0434109894860013,1.0434109894860013,2024-09-10 09:59:33.090553,1.1000507043600396,0.9445196244782286,1.0390194781891555
70,FCU_008,FCU,2024-11-20 12:04:00.358908,Thermostat failure,1,LOW,2.2483452275096067,2.2483452275096067,2024-11-20 14:18:54.401727,0.8,0.9788233188741051,0.7830586550992842
70,CHWP_002,CHW_Pump,2024-12-15 03:00:24.160868,Impeller damage,4,CRITICAL,6.673719747541305,6.673719747541305,2024-12-15 09:40:49.551959,1.0858570734437951,0.9891213648183768,1.074044430482415
70,HP_001,HeatPump,2025-01-25 02:34:36.737117,Heat exchanger fouling,2,MEDIUM,4.421327646126184,4.421327646126184,2025-01-25 06:59:53.516643,1.1096886537366715,0.9214694553429925,1.0225441993590292
70,HP_002,HeatPump,2025-04-30 22:46:55.290461,Compressor degradation,4,CRITICAL,9.181483568659814,9.181483568659814,2025-05-01 07:57:48.631308,0.8339695292428915,1.022330467458367,0.8525924586769196
71,HP_002,HeatPump,2023-04-23 15:31:53.368072,Heat exchanger fouling,2,MEDIUM,4.17711190518292,4.17711190518292,2023-04-23 19:42:30.970931,1.0697371845125025,0.9365992834946911,1.001915080542038
71,FCU_026,FCU,2025-03-06 17:32:25.764625,Coil fouling,1,LOW,2.047727279735193,2.047727279735193,2025-03-06 19:35:17.582832,1.0677609300074586,0.98796749802483,1.0549130945081344
71,FCU_006,FCU,2025-03-24 11:01:03.088063,Filter blockage,1,LOW,1.8971517213875901,1.8971517213875901,2025-03-24 12:54:52.834260,1.1136782679171668,1.0606642822101424,1.1812387606533965
72,FCU_007,FCU,2025-04-03 21:35:30.655096,Coil fouling,1,LOW,0.9816651854208953,0.9816651854208953,2025-04-03 22:34:24.649764,0.9425910030788502,0.9240328611014481,0.8709850614234339
73,FCU_019,FCU,2024-03-10 22:51:16.985391,Coil fouling,1,LOW,1.8821437949269741,1.8821437949269741,2024-03-11 00:44:12.703053,0.9988292306000857,0.907675025357405,0.90661234721265
73,FCU_006,FCU,2024-09-02 04:59:27.197996,Fan motor failure,2,MEDIUM,3.340478962031831,3.340478962031831,2024-09-02 08:19:52.922259,1.091018884943361,1.0526272295303227,1.1484361862231922
73,FCU_026,FCU,2025-01-05 17:18:10.219850,Fan motor failure,2,MEDIUM,3.3023358785504406,3.3023358785504406,2025-01-05 20:36:18.629013,1.0172009009634624,0.9982022475830549,1.0153722255852367
73,HP_002,HeatPump,2025-03-29 09:31:00.124107,Compressor degradation,4,CRITICAL,10.376195376885045,10.376195376885045,2025-03-29 19:53:34.427464,0.8516262792021755,0.9397401772578793,0.8003074305749206
74,FCU_042,FCU,2023-12-12 19:56:00.905683,Coil fouling,1,LOW,1.8345509496795684,1.8345509496795684,2023-12-12 21:46:05.289102,0.9446510641764695,0.9956700949581684,0.9405608147709202
74,CT_001,CoolingTower,2024-03-01 16:41:36.978803,Fill media degradation,2,MEDIUM,11.01585545154229,11.01585545154229,2024-03-02 03:42:34.058429,0.8136234193796432,0.9062180955252408,0.7373202655849546
74,FCU_029,FCU,2024-10-10 18:37:50.226048,Filter blockage,1,LOW,1.4225920223414406,1.4225920223414406,2024-10-10 20:03:11.557328,1.1669843930145585,1.1046754307904743,1.2891389870791174
74,FCU_043,FCU,2024-10-30 22:08:40.402917,Thermostat failure,1,LOW,2.672282458076714,2.672282458076714,2024-10-31 00:49:00.619766,0.948013711372224,0.9611658111539341,0.9111983678761352
74,FCU_025,FCU,2024-11-12 07:28:57.338729,Fan motor failure,2,MEDIUM,2.918052245063078,2.918052245063078,2024-11-12 10:24:02.326811,1.0491007629515403,0.977881362783166,1.0258960837719113
74,FCU_031,FCU,2025-02-24 13:42:30.519356,Coil fouling,1,LOW,1.5591068818538298,1.5591068818538298,2025-02-24 15:16:03.304131,0.8439950271075554,0.9253917250373143,0.7810260140579754
74,FCU_015,FCU,2025-03-17 14:04:34.495739,Valve actuator,2,MEDIUM,3.3283755922701928,3.3283755922701928,2025-03-17 17:24:16.647871,1.0007399138092754,1.0147217290404076,1.0154725356602965
74,FCU_030,FCU,2025-04-29 21:44:29.541840,Coil fouling,1,LOW,1.6313394665974459,1.6313394665974459,2025-04-29 23:22:22.363920,0.963574231290425,0.9596096095314861,0.9246550918432066
74,HP_001,HeatPump,2025-04-30 19:49:51.287341,Compressor degradation,4,CRITICAL,16.69363036173208,16.69363036173208,2025-05-01 12:31:28.356643,0.8,0.9670075712956199,0.773606057036496
75,CT_001,CoolingTower,2023-09-04 17:35:40.075837,Fan motor failure,4,CRITICAL,8.947569004956863,8.947569004956863,2023-09-05 02:32:31.324255,0.8998601921134367,1.0291076543316304,0.9260530115322692
75,HP_001,HeatPump,2025-01-19 23:55:45.098158,Heat exchanger fouling,2,MEDIUM,4.081775615055317,4.081775615055317,2025-01-20 04:00:39.490372,1.0028269629819389,0.972781496952974,0.9755315142343751
75,HWP_002,HW_Pump,2025-05-15 16:59:50.820826,Seal leakage,2,MEDIUM,3.4282977941043424,3.4282977941043424,2025-05-15 20:25:32.692885,0.8333442787809207,0.9757321954747148,0.8131208427212004
76,CT_001,CoolingTower,2024-05-24 20:32:01.918330,Fan motor failure,4,CRITICAL,12.084318513615322,12.084318513615322,2024-05-25 08:37:05.464979,0.8,1.0033221329768605,0.8026577063814884
76,FCU_035,FCU,2024-10-14 19:51:52.907291,Fan motor failure,2,MEDIUM,3.0302079757393994,3.0302079757393994,2024-10-14 22:53:41.656004,0.9386001067962721,1.062152736573002,0.9969366719813723
77,FCU_047,FCU,2024-10-15 05:26:01.517299,Coil fouling,1,LOW,2.022796070986695,2.022796070986695,2024-10-15 07:27:23.583155,0.9003576388369271,0.9456417666933017,0.8514157882455614
77,HP_001,HeatPump,2024-10-20 02:43:00.058477,Sensor malfunction,1,LOW,1.927293454288687,1.927293454288687,2024-10-20 04:38:38.314912,0.8549671758982862,1.0341111753907555,0.8841311111886915
77,FCU_022,FCU,2024-10-31 11:22:43.332866,Coil fouling,1,LOW,1.9590710502200046,1.9590710502200046,2024-10-31 13:20:15.988647,0.8533008221736171,1.006318153458781,0.8586921077146141
77,FCU_028,FCU,2025-04-01 18:30:54.221758,Thermostat failure,1,LOW,1.8655865901899498,1.8655865901899498,2025-04-01 20:22:50.333483,1.0365367223156488,1.0353145300837672,1.073141529578794
78,FCU_016,FCU,2024-08-27 11:46:23.104179,Fan motor failure,2,MEDIUM,4.767291133224294,4.767291133224294,2024-08-27 16:32:25.352259,0.9273505052848316,1.0091567737967784,0.935842044092053
78,HWP_001,HW_Pump,2024-09-20 00:51:08.949966,Bearing wear,3,HIGH,7.409327006018755,7.409327006018755,2024-09-20 08:15:42.527188,0.8,0.9336580308816895,0.7469264247053516
78,HWP_002,HW_Pump,2024-12-02 02:54:05.166994,VFD malfunction,2,MEDIUM,4.226602625996934,4.226602625996934,2024-12-02 07:07:40.936448,0.9577512685920645,1.0617448630955404,1.0168874895508617
78,FCU_050,FCU,2025-01-14 11:34:11.067009,Fan motor failure,2,MEDIUM,3.7918915154554766,3.7918915154554766,2025-01-14 15:21:41.876465,0.8987983452289378,1.0637710707194348,0.9561156780650433
78,FCU_013,FCU,2025-02-04 21:18:15.771682,Fan motor failure,2,MEDIUM,2.7409205768879774,2.7409205768879774,2025-02-05 00:02:43.085759,0.8483632500852172,1.0762743410956963,0.9130715979952705
79,FCU_046,FCU,2025-05-20 03:45:49.469021,Coil fouling,1,LOW,2.2384894480699833,2.2384894480699833,2025-05-20 06:00:08.031034,1.0235111408347535,1.026432360463473,1.0505649562476782
80,CT_001,CoolingTower,2024-09-11 12:00:08.235261,Water distribution system,3,HIGH,4.475412205406773,4.475412205406773,2024-09-11 16:28:39.719200,0.8662919607683744,1.099480391794371,0.9524710244339262
80,CHWP_002,CHW_Pump,2024-12-23 11:45:28.560758,Bearing wear,3,HIGH,8.105362935669985,8.105362935669985,2024-12-23 19:51:47.867326,1.1311086475268843,1.0558288742772337,1.1942571700035547
80,FCU_009,FCU,2025-02-22 03:05:57.669415,Fan motor failure,2,MEDIUM,4.51549156451196,4.51549156451196,2025-02-22 07:36:53.439047,1.0695971579504067,1.082715597828424,1.1580695263058578
80,FCU_039,FCU,2025-03-02 13:47:17.346474,Fan motor failure,2,MEDIUM,5.297280052611564,5.297280052611564,2025-03-02 19:05:07.554663,0.9954098088688166,0.9711127124188784,0.9666551194589538
80,FCU_015,FCU,2025-03-23 10:23:12.066735,Fan motor failure,2,MEDIUM,4.437558188936778,4.437558188936778,2025-03-23 14:49:27.276215,1.0000229004649923,1.031805374458699,1.0318290032815558
80,FCU_029,FCU,2025-04-23 16:53:25.763982,Fan motor failure,2,MEDIUM,5.924300501741039,5.924300501741039,2025-04-23 22:48:53.245788,1.094089670062055,1.1333678701928518,1.2400060791582312
80,FCU_028,FCU,2025-05-12 16:16:12.732938,Thermostat failure,1,LOW,2.4479104075500655,2.4479104075500655,2025-05-12 18:43:05.210405,1.0321484162245704,1.0316897192547383,1.0648569097639498
81,FCU_023,FCU,2024-03-16 21:49:23.766018,Fan motor failure,2,MEDIUM,3.7083423201907606,3.7083423201907606,2024-03-17 01:31:53.798371,1.1722357885925665,1.0142822073606177,1.1889779032007828
81,FCU_002,FCU,2025-02-03 10:13:10.627659,Thermostat failure,1,LOW,2.390137857061576,2.390137857061576,2025-02-03 12:36:35.123944,1.0427703924003877,1.0508701912787002,1.0958163217215606
81,FCU_038,FCU,2025-04-12 07:52:14.011396,Valve actuator,2,MEDIUM,2.5136523659106715,2.5136523659106715,2025-04-12 10:23:03.159913,0.8513419508860963,1.103149439533,0.939157395970928
81,FCU_014,FCU,2025-05-13 07:03:53.795595,Fan motor failure,2,MEDIUM,3.565239536839292,3.565239536839292,2025-05-13 10:37:48.657928,1.0296965989469915,1.1268888054584378,1.1603535703719914
81,FCU_030,FCU,2025-05-16 01:02:59.913465,Valve actuator,2,MEDIUM,4.493102624737686,4.493102624737686,2025-05-16 05:32:35.082914,1.2264255455308892,0.9876309922291405,1.211255878427837
82,HP_001,HeatPump,2023-04-01 00:27:21.765041,Compressor degradation,4,CRITICAL,10.150462630291688,10.150462630291688,2023-04-01 10:36:23.430510,1.1359756962532996,0.9315134783701491,1.058176672160863
82,CT_001,CoolingTower,2024-05-06 19:05:59.800810,Water distribution system,3,HIGH,11.343969496795657,11.343969496795657,2024-05-07 06:26:38.090998,0.8840530103259636,1.1013988672606763,0.9736949841714073
82,FCU_012,FCU,2024-08-23 10:11:48.679897,Coil fouling,1,LOW,2.2116563681559316,2.2116563681559316,2024-08-23 12:24:30.642822,0.9867833886201978,1.0612379582954132,1.047211988619128
82,CHWP_003,CHW_Pump,2024-10-23 08:38:20.471732,Seal leakage,2,MEDIUM,3.4377931134852235,3.4377931134852235,2024-10-23 12:04:36.526941,0.8682047061865548,1.1439478393755689,0.9931808977778099
82,FCU_041,FCU,2025-02-08 12:23:52.123591,Coil fouling,1,LOW,2.4222804977692634,2.4222804977692634,2025-02-08 14:49:12.333383,0.9769720156451419,1.102637975849926,1.0772464457929816
82,FCU_027,FCU,2025-02-24 11:30:20.628961,Fan motor failure,2,MEDIUM,4.568675357893011,4.568675357893011,2025-02-24 16:04:27.860249,0.9396973840274753,0.9792506964617279,0.9201993177721689
82,FCU_050,FCU,2025-03-15 03:40:08.858679,Coil fouling,1,LOW,2.602885066238203,2.602885066238203,2025-03-15 06:16:19.244917,0.9935898954816664,1.0428505666573582,1.0361657855280813
82,FCU_015,FCU,2025-04-03 01:59:42.714759,Thermostat failure,1,LOW,3.0749215286438702,3.0749215286438702,2025-04-03 05:04:12.432262,1.042671249746274,0.9870411912062951,1.0291594723861186
82,HWP_001,HW_Pump,2025-05-24 08:59:37.230901,Impeller damage,4,CRITICAL,8.296853417123174,8.296853417123174,2025-05-24 17:17:25.903203,1.0471194833352562,0.9724097672465495,1.0182292130693635
83,FCU_032,FCU,2024-07-14 12:08:30.563054,Fan motor failure,2,MEDIUM,2.8929751687252594,2.8929751687252594,2024-07-14 15:02:05.273661,1.0375758653004825,1.133391973930097,1.1759801580751423
83,FCU_020,FCU,2024-12-06 20:34:00.866352,Coil fouling,1,LOW,2.1941479859559117,2.1941479859559117,2024-12-06 22:45:39.799101,0.985529142088154,1.0472925675636924,1.0321373456263458
83,FCU_022,FCU,2024-12-25 23:15:47.234093,Coil fouling,1,LOW,2.7021500860759318,2.7021500860759318,2024-12-26 01:57:54.974403,1.046336642356251,1.1224820595636285,1.1744941093089363
83,FCU_045,FCU,2025-02-14 00:29:31.010573,Valve actuator,2,MEDIUM,3.2180031868474215,3.2180031868474215,2025-02-14 03:42:35.822046,0.9883826718010101,1.0713324084152338,1.0588863882164599
83,FCU_042,FCU,2025-04-14 02:42:58.501274,Filter blockage,1,LOW,1.2417670824310458,1.2417670824310458,2025-04-14 03:57:28.862771,0.9712619153570784,1.0123486220394535,0.9832556616511386
83,FCU_049,FCU,2025-04-16 03:17:49.079807,Fan motor failure,2,MEDIUM,4.160823929023515,4.160823929023515,2025-04-16 07:27:28.045951,0.932413300294568,1.1377761761973768,1.0608776394447301
84,FCU_033,FCU,2024-02-28 09:18:54.275858,Filter blockage,1,LOW,1.329686840015029,1.329686840015029,2024-02-28 10:38:41.148482,1.0847724806488288,1.0266432921546493,1.1136743907720792
84,FCU_034,FCU,2024-12-30 14:17:07.783746,Thermostat failure,1,LOW,1.4443582659842131,1.4443582659842131,2024-12-30 15:43:47.473504,0.9500144064933893,0.9032405417669016,0.8580915272074504
84,FCU_015,FCU,2025-02-15 15:41:09.003250,Coil fouling,1,LOW,2.648700905920385,2.648700905920385,2025-02-15 18:20:04.326511,0.955676267576742,0.9183230147730747,0.8776195111881533
84,FCU_016,FCU,2025-05-20 11:08:51.621112,Filter blockage,1,LOW,1.4762939982736896,1.4762939982736896,2025-05-20 12:37:26.279506,1.1976259571143917,0.9804801408963869,1.174248467172689
85,FCU_006,FCU,2024-02-19 16:55:32.099079,Thermostat failure,1,LOW,2.605678686178436,2.605678686178436,2024-02-19 19:31:52.542349,1.152808464826229,1.0446415327471237,1.2042716016599304
85,FCU_014,FCU,2024-05-29 21:03:48.358380,Thermostat failure,1,LOW,1.8238968398448212,1.8238968398448212,2024-05-29 22:53:14.387003,0.867023125189994,0.9515654604536534,0.8250292593453823
85,FCU_043,FCU,2024-05-31 22:34:54.021383,Fan motor failure,2,MEDIUM,3.4309218561736383,3.4309218561736383,2024-06-01 02:00:45.340065,0.8886798638652178,0.9212460680209071,0.8186928303151869
85,FCU_010,FCU,2025-02-22 16:32:48.447017,Coil fouling,1,LOW,1.62837464640186,1.62837464640186,2025-02-22 18:10:30.595744,1.088744561414928,1.0550525002664861,1.1486826716723586
86,FCU_007,FCU,2024-10-07 03:49:39.662836,Filter blockage,1,LOW,1.0067514392561805,1.0067514392561805,2024-10-07 04:50:03.968017,1.093636003458613,1.080723753595618,1.1819184067251025
86,HP_001,HeatPump,2024-10-11 09:32:54.676189,Refrigerant leak,3,HIGH,7.087108837610976,7.087108837610976,2024-10-11 16:38:08.268004,1.0054553176252152,1.1460766415926193,1.152328853695347
86,FCU_029,FCU,2025-01-18 07:06:41.541517,Filter blockage,1,LOW,0.9586328013176058,0.9586328013176058,2025-01-18 08:04:12.619602,0.9364267260924471,1.1472259016710744,1.0742929951903
86,FCU_028,FCU,2025-04-23 19:58:54.156665,Thermostat failure,1,LOW,2.5641792691867424,2.5641792691867424,2025-04-23 22:32:45.202034,0.9574374376319722,0.9364794523796325,0.8966204872813478
87,FCU_013,FCU,2024-07-03 14:31:06.345615,Thermostat failure,1,LOW,1.3833664001911545,1.3833664001911545,2024-07-03 15:54:06.464656,0.9742268921503644,1.0803993186899317,1.0525540705286631
88,HP_001,HeatPump,2023-04-25 09:54:40.614213,Control valve failure,3,HIGH,3.4471253073554267,3.4471253073554267,2023-04-25 13:21:30.265319,0.8947897644559388,0.9024657362102037,0.8075171035330836
88,FCU_016,FCU,2024-11-06 03:33:44.316755,Filter blockage,1,LOW,1.149314183207,1.149314183207,2024-11-06 04:42:41.847815,0.8431778794401147,1.0259709574185585,0.8650760162433243
88,FCU_009,FCU,2024-12-08 18:17:56.227882,Filter blockage,1,LOW,0.5028069493562425,0.5028069493562425,2024-12-08 18:48:06.332900,0.9743015386204692,1.1130794283626577,1.0844749996605298
89,HP_002,HeatPump,2023-07-15 08:13:56.684533,Heat exchanger fouling,2,MEDIUM,2.517816457471833,2.517816457471833,2023-07-15 10:45:00.823780,1.024321814151664,1.0813922052096943,1.1076936254498624
89,CT_001,CoolingTower,2023-11-22 03:09:17.753649,Water distribution system,3,HIGH,5.525020442266912,5.525020442266912,2023-11-22 08:40:47.827241,0.9427017560323712,1.1439231391250386,1.0783783520192363
89,FCU_040,FCU,2024-10-02 13:31:12.021472,Thermostat failure,1,LOW,1.6011648225430137,1.6011648225430137,2024-10-02 15:07:16.214833,0.8967350183183813,0.9478856779455191,0.8500022807762064
89,CHWP_001,CHW_Pump,2025-02-16 11:30:51.348922,Impeller damage,4,CRITICAL,7.135102214108266,7.135102214108266,2025-02-16 18:38:57.716893,0.9605535876556031,1.0749805712202476,1.0325764443456784
89,FCU_048,FCU,2025-04-03 22:22:31.883992,Filter blockage,1,LOW,1.0608575366854425,1.0608575366854425,2025-04-03 23:26:10.971124,0.9076078847952737,1.0206380047177421,0.9263391006035385
89,HWP_002,HW_Pump,2025-05-11 18:58:23.094437,Motor overheating,3,HIGH,5.348919610592493,5.348919610592493,2025-05-12 00:19:19.205035,0.8759281427274568,1.1170501341009293,0.9784556492964835
89,FCU_014,FCU,2025-05-19 05:55:23.526571,Fan motor failure,2,MEDIUM,4.778272215801942,4.778272215801942,2025-05-19 10:42:05.306548,1.0993029790314162,1.0350008189398172,1.1377794835604964
89,FCU_043,FCU,2025-05-24 09:35:19.654749,Valve actuator,2,MEDIUM,2.845015975777388,2.845015975777388,2025-05-24 12:26:01.712262,0.8467317521425397,1.1417473701520002,0.96675375123294
90,FCU_022,FCU,2024-04-30 10:30:51.886483,Coil fouling,1,LOW,1.938109845758332,1.938109845758332,2024-04-30 12:27:09.081928,1.0003067987280216,1.132365326705167,1.132712734947056
90,FCU_038,FCU,2024-09-29 21:46:22.564934,Thermostat failure,1,LOW,1.5114975511682367,1.5114975511682367,2024-09-29 23:17:03.956118,1.0756753869573976,0.9849959185065819,1.0595358657910248
90,FCU_039,FCU,2024-11-02 14:17:58.033179,Fan motor failure,2,MEDIUM,5.345064795790574,5.345064795790574,2024-11-02 19:38:40.266444,1.1677265874880478,0.9861207573628479,1.1515194268464475
90,FCU_041,FCU,2025-04-06 17:28:47.495530,Coil fouling,1,LOW,2.1321797213241886,2.1321797213241886,2025-04-06 19:36:43.342527,1.1684295480654974,0.9123309909627068,1.0659944874567029
91,FCU_019,FCU,2024-07-26 01:58:09.322226,Fan motor failure,2,MEDIUM,3.43012033964754,3.43012033964754,2024-07-26 05:23:57.755449,1.0216561915564137,1.0236689165441497,1.0458376866911763
91,FCU_012,FCU,2024-09-29 01:44:26.459985,Filter blockage,1,LOW,0.9231979774112711,0.9231979774112711,2024-09-29 02:39:49.972704,1.1880213461731015,1.0161235874480257,1.2071765122382447
91,CHWP_001,CHW_Pump,2024-10-10 09:04:46.695807,Bearing wear,3,HIGH,7.270300830348398,7.270300830348398,2024-10-10 16:20:59.778796,0.9558957633298103,0.9287711072057806,0.8878083664811427
92,FCU_041,FCU,2024-12-08 01:35:46.843542,Coil fouling,1,LOW,1.8856606075482971,1.8856606075482971,2024-12-08 03:28:55.221729,1.1511656926888643,1.1256396966936972,1.295797801162483
92,FCU_042,FCU,2025-04-29 18:15:06.105621,Valve actuator,2,MEDIUM,2.688434080941306,2.688434080941306,2025-04-29 20:56:24.468312,1.0164083730651972,0.9267089600466651,0.9419147463859717
92,FCU_039,FCU,2025-05-04 09:30:24.844879,Fan motor failure,2,MEDIUM,4.887581357269215,4.887581357269215,2025-05-04 14:23:40.137765,1.0653621083779108,0.9764176693721452,1.0402383868997545
93,FCU_018,FCU,2023-05-12 03:53:20.665980,Filter blockage,1,LOW,0.7519281346633772,0.7519281346633772,2023-05-12 04:38:27.607265,1.034154820932164,0.9203078063617677,0.9517407546905265
93,FCU_034,FCU,2024-09-15 04:50:23.564586,Fan motor failure,2,MEDIUM,3.7841197872599475,3.7841197872599475,2024-09-15 08:37:26.395820,1.0477153395741017,1.050263429525065,1.1003771057071141
93,CHWP_003,CHW_Pump,2024-09-20 20:58:44.956759,Impeller damage,4,CRITICAL,10.192571350181426,10.192571350181426,2024-09-21 07:10:18.213620,1.102874081998509,1.1246411888153294,1.2403376186924182
93,FCU_046,FCU,2024-12-13 15:54:01.567853,Fan motor failure,2,MEDIUM,2.5372209218002286,2.5372209218002286,2024-12-13 18:26:15.563171,0.8385070575781721,1.0205397767872957,0.8557298053753999
93,HWP_002,HW_Pump,2025-01-13 09:29:39.355487,Impeller damage,4,CRITICAL,8.520116503310346,8.520116503310346,2025-01-13 18:00:51.774899,0.9104170232659848,0.9707399414629614,0.8837781678721057
94,FCU_025,FCU,2024-12-15 12:56:37.318904,Filter blockage,1,LOW,1.3379489690995345,1.3379489690995345,2024-12-15 14:16:53.935193,1.0844059505197077,1.1125348040619119,1.2064393616850142
94,HP_001,HeatPump,2025-02-01 02:00:51.541115,Heat exchanger fouling,2,MEDIUM,3.8185883539369785,3.8185883539369785,2025-02-01 05:49:58.459189,0.8626493989270073,1.061557374775229,0.915751831276383
95,FCU_046,FCU,2024-01-13 19:18:19.893360,Fan motor failure,2,MEDIUM,4.459317710927508,4.459317710927508,2024-01-13 23:45:53.437119,0.9435751908186794,1.1277063801688247,1.0640757628552409
95,HWP_001,HW_Pump,2024-08-28 05:53:30.945681,Bearing wear,3,HIGH,7.742215773070347,7.742215773070347,2024-08-28 13:38:02.922464,0.9190386562642969,0.9498335212205579,0.8729337230173271
95,FCU_021,FCU,2025-03-09 17:27:16.149561,Filter blockage,1,LOW,0.9361383099193202,0.9361383099193202,2025-03-09 18:23:26.247477,0.914602042908539,1.1204511814053646,1.0247669394926324
95,CHWP_003,CHW_Pump,2025-05-03 03:49:17.395158,Seal leakage,2,MEDIUM,4.2194899310437775,4.2194899310437775,2025-05-03 08:02:27.558910,0.9416958906748498,1.0753088370431971,1.0126139130499305
95,FCU_018,FCU,2025-05-22 07:06:43.987148,Fan motor failure,2,MEDIUM,3.4721514384338716,3.4721514384338716,2025-05-22 10:35:03.732326,0.9197357083549418,0.9874636698014552,0.9082055978196117
96,FCU_007,FCU,2024-01-07 12:09:36.732499,Thermostat failure,1,LOW,1.8951225862862542,1.8951225862862542,2024-01-07 14:03:19.173810,0.9969870841469064,1.1098179948539317,1.1064742066231879
96,FCU_007,FCU,2024-12-18 11:10:54.615141,Fan motor failure,2,MEDIUM,4.484434831809058,4.484434831809058,2024-12-18 15:39:58.580536,0.9276507764568619,0.9509076387479681,0.8821102094233138
96,FCU_032,FCU,2025-05-27 22:53:25.306328,Coil fouling,1,LOW,2.050365045404909,2.050365045404909,2025-05-28 00:56:26.620491,1.0441876427018302,0.9075700665410066,0.9476734483681968
97,FCU_050,FCU,2024-08-29 02:30:26.158052,Filter blockage,1,LOW,1.3454851519356357,1.3454851519356357,2024-08-29 03:51:09.904599,1.1457521128955377,0.915917697887193,1.049414637592668
98,CHWP_002,CHW_Pump,2024-09-08 15:50:52.003976,Impeller damage,4,CRITICAL,11.884361214487665,11.884361214487665,2024-09-09 03:43:55.704348,1.1479465783381542,1.0713415138151006,1.229842825015663
98,FCU_011,FCU,2025-03-28 14:54:51.166062,Valve actuator,2,MEDIUM,4.295798084586101,4.295798084586101,2025-03-28 19:12:36.039167,1.0772766795766444,1.1434040633001223,1.2317625327263992
99,FCU_012,FCU,2024-08-16 03:51:11.340280,Valve actuator,2,MEDIUM,3.025871040899834,3.025871040899834,2024-08-16 06:52:44.476027,1.0933082837498187,0.9728384121632654,1.0636122947681184
99,HP_001,HeatPump,2024-10-16 09:02:18.787200,Refrigerant leak,3,HIGH,9.841614664296493,9.841614664296493,2024-10-16 18:52:48.599991,1.0918171820955245,1.0677279453542032,1.1657637165412704
99,FCU_041,FCU,2025-03-26 20:32:31.271306,Filter blockage,1,LOW,0.8176412384769117,0.8176412384769117,2025-03-26 21:21:34.779765,0.995267216342882,1.1105632585413965,1.105307202901176
99,FCU_031,FCU,2025-05-12 21:08:42.362177,Filter blockage,1,LOW,0.8044160034424379,0.8044160034424379,2025-05-12 21:56:58.259789,0.9914163497826203,0.980874221309131,0.9724547400861687
99,FCU_010,FCU,2025-05-19 03:15:29.655645,Coil fouling,1,LOW,2.396860348367425,2.396860348367425,2025-05-19 05:39:18.352899,1.0569383578056462,1.0126304095119296,1.070287922093598
100,FCU_001,FCU,2023-09-27 23:28:00.500650,Thermostat failure,1,LOW,1.9859007748250415,1.9859007748250415,2023-09-28 01:27:09.743439,0.9465458047718007,0.921408690327422,0.8721555303097006
100,FCU_021,FCU,2024-06-15 11:31:31.217840,Fan motor failure,2,MEDIUM,4.6427310992081505,4.6427310992081505,2024-06-15 16:10:05.049797,1.0412298085155955,1.0600772346262795,1.103784016021663
100,FCU_035,FCU,2024-12-23 17:17:57.866647,Fan motor failure,2,MEDIUM,3.8739276914338006,3.8739276914338006,2024-12-23 21:10:24.006336,0.8,1.0209832877127507,0.8167866301702006
100,HP_001,HeatPump,2025-01-03 03:31:58.101386,Compressor degradation,4,CRITICAL,10.493584873400543,10.493584873400543,2025-01-03 14:01:35.006930,1.093533142891131,1.0026211376286902,1.0963994437601827
100,FCU_046,FCU,2025-03-29 16:56:44.119889,Fan motor failure,2,MEDIUM,4.1832171740823965,4.1832171740823965,2025-03-29 21:07:43.701716,0.9267476535508262,1.1404360675244472,1.056896449603013
100,FCU_019,FCU,2025-05-23 21:52:12.653518,Valve actuator,2,MEDIUM,3.010586555835506,3.010586555835506,2025-05-24 00:52:50.765119,0.9786279550822443,1.0012463935491835,0.9798477106525095
101,HP_001,HeatPump,2024-03-09 21:09:26.743669,Refrigerant leak,3,HIGH,4.419847899011536,4.419847899011536,2024-03-10 01:34:38.196105,0.9698784132894446,1.078314414529372,1.0458338733908836
101,FCU_024,FCU,2024-04-18 14:18:47.950738,Filter blockage,1,LOW,0.6407991692215456,0.6407991692215456,2024-04-18 14:57:14.827747,0.9694559655469402,0.9269281117012591,0.8986159875219463
101,FCU_044,FCU,2025-01-20 16:33:54.013491,Fan motor failure,2,MEDIUM,4.5060074489318405,4.5060074489318405,2025-01-20 21:04:15.640307,0.9482668073026325,1.0426178945150626,0.9886799420683913
102,HP_002,HeatPump,2024-02-17 08:37:58.428912,Heat exchanger fouling,2,MEDIUM,3.333129553525599,3.333129553525599,2024-02-17 11:57:57.695305,1.0384848505190858,1.04509315648028,1.085313410385943
102,FCU_042,FCU,2024-08-23 14:27:49.435350,Coil fouling,1,LOW,1.9245005113388562,1.9245005113388562,2024-08-23 16:23:17.637191,1.016381762448276,1.070678454902036,1.0882180550087284
103,FCU_038,FCU,2024-02-18 19:04:48.932888,Valve actuator,2,MEDIUM,2.150597099215758,2.150597099215758,2024-02-18 21:13:51.082445,1.0318726042869681,1.0698963125693504,1.1039966943679596
103,HP_001,HeatPump,2024-11-04 03:46:47.125159,Heat exchanger fouling,2,MEDIUM,4.894004049487961,4.894004049487961,2024-11-04 08:40:25.539737,1.0747932236577271,0.9082789985044594,0.9762121127832198
103,FCU_017,FCU,2024-12-15 19:16:24.805944,Valve actuator,2,MEDIUM,4.619939609959578,4.619939609959578,2024-12-15 23:53:36.588540,1.017428320712412,0.9636190481242182,0.9804133099395161
104,FCU_031,FCU,2024-11-22 03:25:05.917116,Coil fouling,1,LOW,1.4521652126814408,1.4521652126814408,2024-11-22 04:52:13.711882,0.8923512867612233,0.9441745732183913,0.8425353953386603
104,CHWP_001,CHW_Pump,2025-01-27 10:45:36.104878,Motor overheating,3,HIGH,4.2581622434619915,4.2581622434619915,2025-01-27 15:01:05.488954,1.1729907739299126,1.073191714714282,1.2588439800178757
104,HWP_001,HW_Pump,2025-02-09 06:51:27.854830,Impeller damage,4,CRITICAL,8.647211221248478,8.647211221248478,2025-02-09 15:30:17.815226,0.9086305675531205,1.1357066083446186,1.0319377401140004
104,FCU_001,FCU,2025-03-02 04:55:42.577056,Fan motor failure,2,MEDIUM,4.987398737563081,4.987398737563081,2025-03-02 09:54:57.212511,1.1111618055485404,1.1115426811485993,1.2351037725293432
104,FCU_032,FCU,2025-03-15 20:10:10.681432,Valve actuator,2,MEDIUM,3.715444518166426,3.715444518166426,2025-03-15 23:53:06.281697,0.9301775763004545,1.0229372495546452,0.951513291498193
105,FCU_045,FCU,2024-12-11 07:07:27.850534,Coil fouling,1,LOW,2.009197101485216,2.009197101485216,2024-12-11 09:08:00.960099,1.2659706533966708,0.9494457967710639,1.2019705157029865
105,FCU_016,FCU,2025-02-18 10:12:45.903328,Fan motor failure,2,MEDIUM,2.5611783973708886,2.5611783973708886,2025-02-18 12:46:26.145559,1.0862433533088598,1.141873475958186,1.2403524735792635
105,HP_001,HeatPump,2025-04-08 19:58:03.874950,Control valve failure,3,HIGH,2.8903332426697483,2.8903332426697483,2025-04-08 22:51:29.074624,1.0851364079061228,0.9219306789342258,1.0004205452771386
107,HP_001,HeatPump,2024-01-13 15:11:44.512435,Heat exchanger fouling,2,MEDIUM,3.34105557391752,3.34105557391752,2024-01-13 18:32:12.312501,0.9592808551004669,0.9808783586602479,0.940937830645145
107,FCU_022,FCU,2024-09-08 23:40:38.884765,Filter blockage,1,LOW,0.6236961562801433,0.6236961562801433,2024-09-09 00:18:04.190928,0.9028218564742587,0.9439651629114776,0.8522323808267662
107,FCU_024,FCU,2025-02-12 22:17:23.054021,Valve actuator,2,MEDIUM,2.0226978042187738,2.0226978042187738,2025-02-13 00:18:44.766116,1.0340107286924596,1.1336819922428727,1.172239342904572
107,FCU_046,FCU,2025-05-11 18:12:22.151166,Filter blockage,1,LOW,0.9353277025719159,0.9353277025719159,2025-05-11 19:08:29.330895,1.102119965721819,0.921782469139919,1.0159148632914612
108,FCU_013,FCU,2024-05-28 09:39:49.350216,Coil fouling,1,LOW,2.144586770844743,2.144586770844743,2024-05-28 11:48:29.862591,1.0507865236557763,1.1002062440639815,1.1560818945043696
108,CHWP_001,CHW_Pump,2024-09-20 02:38:21.495273,Motor overheating,3,HIGH,3.5176196331980303,3.5176196331980303,2024-09-20 06:09:24.925953,0.987562256428323,1.0660789708465863,1.052819353980039
108,FCU_005,FCU,2025-02-10 15:06:44.026982,Thermostat failure,1,LOW,2.088066574859428,2.088066574859428,2025-02-10 17:12:01.066651,1.0658497418893684,1.0793727769474812,1.1504491957118836
109,FCU_029,FCU,2024-01-06 07:34:40.365476,Filter blockage,1,LOW,2.00201881932093,2.00201881932093,2024-01-06 09:34:47.633226,0.9533849533443284,0.973585551848712,0.9282018159259965
109,FCU_050,FCU,2024-06-28 09:22:55.132048,Fan motor failure,2,MEDIUM,4.329804739283884,4.329804739283884,2024-06-28 13:42:42.429109,1.035637438261884,1.0715257019422464,1.1097121329912352
109,FCU_047,FCU,2024-07-12 17:51:59.601142,Filter blockage,1,LOW,1.171499467192037,1.171499467192037,2024-07-12 19:02:16.999224,0.9243772565252707,0.9964051541225599,0.9210542627554514
109,HWP_002,HW_Pump,2024-09-22 10:57:38.794210,Impeller damage,4,CRITICAL,10.008636172001596,10.008636172001596,2024-09-22 20:58:09.884429,1.118215848198913,1.1122719265095369,1.2437600957297008
109,FCU_046,FCU,2025-01-24 12:16:59.850508,Thermostat failure,1,LOW,1.9069533130953564,1.9069533130953564,2025-01-24 14:11:24.882435,0.9902848987415621,1.040954174403189,1.0308411991934683
109,FCU_039,FCU,2025-04-16 08:35:53.921363,Valve actuator,2,MEDIUM,4.0126672698805175,4.0126672698805175,2025-04-16 12:36:39.523535,0.990994857825589,0.970479955980163,0.9617406459991455
109,FCU_026,FCU,2025-05-26 05:43:38.377674,Coil fouling,1,LOW,2.2512341366613002,2.2512341366613002,2025-05-26 07:58:42.820566,1.0818758953690093,0.9308182906410992,1.00702987161319
110,FCU_043,FCU,2025-05-24 22:39:07.688459,Fan motor failure,2,MEDIUM,3.4447614480916995,3.4447614480916995,2025-05-25 02:05:48.829672,1.1978175730888476,0.9265807545155147,1.1098747106446072
111,FCU_035,FCU,2024-05-23 15:33:11.006318,Thermostat failure,1,LOW,2.5154395450654863,2.5154395450654863,2024-05-23 18:04:06.588680,0.8925226913196133,1.0863529131384535,0.9695946257572345
111,FCU_034,FCU,2024-10-28 09:16:49.744441,Valve actuator,2,MEDIUM,3.472830203990339,3.472830203990339,2024-10-28 12:45:11.933175,0.830791272640756,1.1210944306025161,0.9313954687507281
111,FCU_043,FCU,2025-02-24 08:38:33.287101,Filter blockage,1,LOW,0.5150940395945004,0.5150940395945004,2025-02-24 09:09:27.625644,1.0221084544362067,1.1148259027385063,1.1394729804135035
111,FCU_014,FCU,2025-05-17 10:46:19.367999,Filter blockage,1,LOW,1.4920355696075085,1.4920355696075085,2025-05-17 12:15:50.696050,1.0356495939994845,1.1279038014396798,1.1681131140314795
112,FCU_011,FCU,2024-09-24 04:36:22.568124,Filter blockage,1,LOW,1.2606021656024708,1.2606021656024708,2024-09-24 05:52:00.735920,1.091758241157474,1.0112259039172007,1.1040142142735199
112,FCU_016,FCU,2025-05-10 15:04:19.872277,Coil fouling,1,LOW,1.3843425617153648,1.3843425617153648,2025-05-10 16:27:23.505499,0.9380700741354602,1.0903673027114267,1.0228409364893898
113,FCU_028,FCU,2023-12-22 01:12:50.899551,Fan motor failure,2,MEDIUM,3.917795665606211,3.917795665606211,2023-12-22 05:07:54.963947,1.0303278692465265,1.0974668824815037,1.1307507145957958
113,FCU_025,FCU,2024-05-01 03:19:37.247869,Valve actuator,2,MEDIUM,2.5620046884259167,2.5620046884259167,2024-05-01 05:53:20.464747,0.9454013442352585,1.0634867192043727,1.0054217739121587
113,FCU_017,FCU,2025-01-02 04:18:29.674500,Fan motor failure,2,MEDIUM,4.728310309580496,4.728310309580496,2025-01-02 09:02:11.591614,0.9496987747540063,1.0729581238019512,1.0189870155370706
114,HP_001,HeatPump,2024-09-04 08:53:33.544929,Sensor malfunction,1,LOW,1.4526109449324565,1.4526109449324565,2024-09-04 10:20:42.944331,1.0075674023549774,1.0737084001669306,1.081833583642913
114,FCU_034,FCU,2024-10-22 01:18:22.520002,Fan motor failure,2,MEDIUM,2.5029050791254326,2.5029050791254326,2024-10-22 03:48:32.978287,1.1493461785319738,0.9470742270477233,1.0885161436434236
114,FCU_029,FCU,2025-04-14 21:26:14.149529,Fan motor failure,2,MEDIUM,3.796890641799584,3.796890641799584,2025-04-15 01:14:02.955839,0.9981809522392112,0.9446085315630371,0.9428902435288754
114,FCU_020,FCU,2025-05-17 15:54:49.693611,Filter blockage,1,LOW,0.9292148754934737,0.9292148754934737,2025-05-17 16:50:34.867163,0.9973905402017812,0.9242282033068119,0.9218164669659028
114,FCU_031,FCU,2025-05-27 22:29:00.465033,Fan motor failure,2,MEDIUM,4.893083038460311,4.893083038460311,2025-05-28 03:22:35.563971,1.05769154422473,0.9584859443721196,1.013782478620646
115,CT_001,CoolingTower,2024-11-03 03:36:16.627115,Fan motor failure,4,CRITICAL,13.275810583521672,13.275810583521672,2024-11-03 16:52:49.545216,0.9614215554945004,0.9429151340541747,0.90653893488167
115,FCU_007,FCU,2025-04-10 21:54:18.557191,Fan motor failure,2,MEDIUM,3.549920783766595,3.549920783766595,2025-04-11 01:27:18.272013,1.036411187687115,1.058969772480899,1.0975281196216824
116,FCU_023,FCU,2024-11-16 12:09:52.350845,Fan motor failure,2,MEDIUM,3.341681297632749,3.341681297632749,2024-11-16 15:30:22.403516,1.1249024228146172,1.1471378970092734,1.2904181996481965
116,FCU_042,FCU,2025-02-01 07:45:39.090211,Filter blockage,1,LOW,1.5438349935071747,1.5438349935071747,2025-02-01 09:18:16.896188,1.0574597111297717,0.9996313227793354,1.0570698498225075
116,FCU_018,FCU,2025-02-22 17:42:11.927607,Valve actuator,2,MEDIUM,4.34217725155125,4.34217725155125,2025-02-22 22:02:43.765713,1.1799725300478576,0.9186921902877785,1.0840315481090779
116,CHWP_001,CHW_Pump,2025-03-08 17:25:18.283049,Motor overheating,3,HIGH,4.007528816594346,4.007528816594346,2025-03-08 21:25:45.386789,0.9214706576602888,1.0378866985833004,0.9563821387204198
117,HP_001,HeatPump,2023-02-09 16:42:53.064122,Sensor malfunction,1,LOW,1.3233627565138617,1.3233627565138617,2023-02-09 18:02:17.170045,0.9968439395299318,0.9430932541614803,0.9401167948224333
117,FCU_042,FCU,2024-08-16 19:49:47.525448,Filter blockage,1,LOW,1.1773410381710112,1.1773410381710112,2024-08-16 21:00:25.953185,0.9371237947059972,1.0633004346801629,0.9964441382600105
117,FCU_015,FCU,2024-09-20 06:24:20.497709,Valve actuator,2,MEDIUM,1.8274611272311083,1.8274611272311083,2024-09-20 08:13:59.357767,1.001513713337773,0.942927814982854,0.9443551373929507
117,FCU_013,FCU,2024-10-25 20:54:00.737789,Thermostat failure,1,LOW,2.7330884760042427,2.7330884760042427,2024-10-25 23:37:59.856303,0.9547228000391731,1.0071948184694204,0.9615918572740717
117,FCU_048,FCU,2025-04-13 04:35:50.326841,Fan motor failure,2,MEDIUM,3.708760527278562,3.708760527278562,2025-04-13 08:18:21.864739,1.0160680305102598,1.037687837478654,1.0543614373113865
118,FCU_049,FCU,2024-11-13 01:51:56.555660,Fan motor failure,2,MEDIUM,4.157563500684759,4.157563500684759,2024-11-13 06:01:23.784262,1.0556268815237506,1.1093458759091053,1.1710553275171625
118,FCU_025,FCU,2024-11-28 11:13:45.681641,Fan motor failure,2,MEDIUM,4.516046240549355,4.516046240549355,2024-11-28 15:44:43.448107,0.8974610922943633,0.9043320768599477,0.8116028534955587
118,HP_002,HeatPump,2024-12-01 22:55:48.794582,Heat exchanger fouling,2,MEDIUM,3.230212162871904,3.230212162871904,2024-12-02 02:09:37.558368,0.9964389379253606,1.015938722978146,1.012320902121591
118,HWP_002,HW_Pump,2025-01-15 19:53:24.182743,Impeller damage,4,CRITICAL,7.111978550223672,7.111978550223672,2025-01-16 03:00:07.305524,0.924167265996114,0.9561394676760285,0.8836327977531351
118,HWP_001,HW_Pump,2025-01-23 09:40:08.099440,Seal leakage,2,MEDIUM,3.176365514073413,3.176365514073413,2025-01-23 12:50:43.015291,0.9061495360815908,1.1077812637337745,1.0038154782122382
118,FCU_020,FCU,2025-01-23 11:53:46.828479,Filter blockage,1,LOW,0.9171365631114954,0.9171365631114954,2025-01-23 12:48:48.520106,0.9918663993949084,0.9030970888844627,0.8957516578558555
118,FCU_023,FCU,2025-05-26 11:00:29.750932,Filter blockage,1,LOW,1.7632606286703936,1.7632606286703936,2025-05-26 12:46:17.489195,1.0458069604466451,0.9281797731034709,0.9706968672573976
119,FCU_031,FCU,2025-05-23 09:48:26.688984,Filter blockage,1,LOW,0.7234335615585261,0.7234335615585261,2025-05-23 10:31:51.049806,1.0649626918816995,1.0520391552804311,1.1203824507723972
120,FCU_007,FCU,2024-08-14 18:07:56.489873,Filter blockage,1,LOW,1.0495469968162496,1.0495469968162496,2024-08-14 19:10:54.859062,1.0777278378277455,1.1355241994825995,1.2237860403094636
120,FCU_003,FCU,2024-12-21 04:59:11.293257,Coil fouling,1,LOW,1.5348774381923709,1.5348774381923709,2024-12-21 06:31:16.852034,1.0691110780388258,0.9940023640579707,1.0626989390111585
120,FCU_030,FCU,2024-12-22 14:11:06.095807,Coil fouling,1,LOW,2.335121955482287,2.335121955482287,2024-12-22 16:31:12.534847,1.1029463964255473,1.1011473744789946,1.2145065286150596
120,FCU_018,FCU,2025-01-25 10:50:06.107321,Fan motor failure,2,MEDIUM,4.005103665070304,4.005103665070304,2025-01-25 14:50:24.480515,1.097862561528335,1.0959920001953765,1.2032485847490595
120,CHWP_002,CHW_Pump,2025-02-25 18:50:05.213380,Seal leakage,2,MEDIUM,4.053917363051645,4.053917363051645,2025-02-25 22:53:19.315887,0.8612115222248046,1.085973804732099,0.9352531534695937
121,HP_002,HeatPump,2023-02-09 05:16:44.452461,Heat exchanger fouling,2,MEDIUM,3.5509102539457262,3.5509102539457262,2023-02-09 08:49:47.729375,1.0448515972798977,0.9411751451425303,0.9833883537223124
121,FCU_035,FCU,2023-10-04 23:45:26.230045,Fan motor failure,2,MEDIUM,5.584102609449138,5.584102609449138,2023-10-05 05:20:28.999439,1.032788620762923,1.070420523770502,1.1055181363812625
121,FCU_030,FCU,2024-07-05 03:11:03.935472,Thermostat failure,1,LOW,2.252739262277377,2.252739262277377,2024-07-05 05:26:13.796816,0.9421948217388754,1.0082437350854963,0.949962026248217
121,HWP_002,HW_Pump,2024-10-14 02:58:29.943123,Impeller damage,4,CRITICAL,11.133217172487473,11.133217172487473,2024-10-14 14:06:29.524944,1.136601921959404,0.9716910063433062,1.104425865360469
121,FCU_008,FCU,2024-10-30 08:54:31.219798,Coil fouling,1,LOW,2.543000722606197,2.543000722606197,2024-10-30 11:27:06.022399,1.0375062706413478,0.9877932597671856,1.024841701105713
121,FCU_019,FCU,2025-05-14 07:28:20.574454,Valve actuator,2,MEDIUM,5.3402370933103045,5.3402370933103045,2025-05-14 12:48:45.427990,0.9204228304080323,1.1430160523076152,1.0520580700667908
122,FCU_007,FCU,2023-12-10 15:33:59.354737,Thermostat failure,1,LOW,2.5776930991785383,2.5776930991785383,2023-12-10 18:08:39.049894,0.8620609949232452,1.0317164203505498,0.8894024838060439
122,FCU_001,FCU,2024-02-29 22:25:07.645159,Valve actuator,2,MEDIUM,2.4065888593831466,2.4065888593831466,2024-03-01 00:49:31.365053,0.8273419714134912,0.9065697599890186,0.7500432124531702
122,FCU_014,FCU,2024-09-03 10:06:45.562881,Coil fouling,1,LOW,2.3535717580661863,2.3535717580661863,2024-09-03 12:27:58.421210,1.053124500967738,1.0165816052648589,1.0705869957375365
123,HP_002,HeatPump,2024-06-21 17:16:26.679686,Compressor degradation,4,CRITICAL,17.323105013278198,17.323105013278198,2024-06-22 10:35:49.857734,1.0905300189540734,0.9425843381112191,1.0279165161062405
123,FCU_047,FCU,2024-07-13 13:12:51.876683,Fan motor failure,2,MEDIUM,3.191702921937825,3.191702921937825,2024-07-13 16:24:22.007202,1.0986608035751606,1.0217330088197174,1.1225380085091374
123,CHWP_001,CHW_Pump,2024-09-12 13:46:04.836430,Impeller damage,4,CRITICAL,11.039329352532972,11.039329352532972,2024-09-13 00:48:26.422099,1.0321515141139648,1.0976502961185701,1.1329414151064239
123,FCU_013,FCU,2024-10-02 14:49:24.713015,Valve actuator,2,MEDIUM,3.7408094315249376,3.7408094315249376,2024-10-02 18:33:51.626968,1.03915578439398,1.0171866066369084,1.0570153460948273
123,FCU_010,FCU,2025-04-22 04:31:59.903582,Filter blockage,1,LOW,0.9961497032936757,0.9961497032936757,2025-04-22 05:31:46.042514,0.8705036402764759,0.9672509755286902,0.8419954952586973
124,FCU_040,FCU,2024-06-26 10:46:36.313428,Coil fouling,1,LOW,1.7685505993808448,1.7685505993808448,2024-06-26 12:32:43.095586,1.0828651560590998,0.9068568926795706,0.9820037306147336
124,FCU_029,FCU,2024-09-23 11:42:29.859931,Filter blockage,1,LOW,0.8376015153190232,0.8376015153190232,2024-09-23 12:32:45.225386,1.2180800012450206,1.1135227787628086,1.3563598277417606
124,FCU_006,FCU,2025-03-12 10:03:05.720642,Coil fouling,1,LOW,1.9829959934936554,1.9829959934936554,2025-03-12 12:02:04.506219,0.9183163625104672,0.9859010907307801,0.9053691034349921
125,CHWP_001,CHW_Pump,2023-08-09 21:31:08.841881,Bearing wear,3,HIGH,5.294368275450844,5.294368275450844,2023-08-10 02:48:48.567673,0.9719663975405365,0.957377925955893,0.9305391737761798
125,FCU_027,FCU,2023-12-13 20:24:09.853122,Valve actuator,2,MEDIUM,2.5553378926797023,2.5553378926797023,2023-12-13 22:57:29.069536,0.9869700726060768,0.9776423326837224,0.9649037240716277
125,FCU_018,FCU,2025-02-01 07:27:18.893164,Fan motor failure,2,MEDIUM,3.7345691974471436,3.7345691974471436,2025-02-01 11:11:23.342275,1.0194491240970658,1.0483896521834493,1.0687799126308448
126,FCU_003,FCU,2024-04-29 10:13:29.851540,Fan motor failure,2,MEDIUM,4.294306675055032,4.294306675055032,2024-04-29 14:31:09.355570,1.1122079355129961,1.1117499738451848,1.2364971432169805
127,FCU_025,FCU,2023-12-17 02:58:54.051009,Fan motor failure,2,MEDIUM,3.318917392054222,3.318917392054222,2023-12-17 06:18:02.153620,1.1131155746039656,1.144313552566933,1.2737532375926468
127,CHWP_003,CHW_Pump,2024-07-25 16:18:22.556515,Seal leakage,2,MEDIUM,3.549904944066829,3.549904944066829,2024-07-25 19:51:22.214314,0.9442445869130597,1.1316867529692307,1.0685890905724131
127,FCU_025,FCU,2024-11-15 17:51:19.948718,Coil fouling,1,LOW,2.2437283808422097,2.2437283808422097,2024-11-15 20:05:57.370889,0.921364297145564,1.0661662401992613,0.982327508541521
127,HP_002,HeatPump,2024-12-19 03:43:48.880977,Heat exchanger fouling,2,MEDIUM,2.8231599399504868,2.8231599399504868,2024-12-19 06:33:12.256761,1.0377930386956615,1.0990417082070656,1.1405778340134811
127,FCU_009,FCU,2025-01-23 17:43:58.924644,Filter blockage,1,LOW,0.6597010057611323,0.6597010057611323,2025-01-23 18:23:33.848265,0.9596493979088018,0.9312776235267874,0.8937000107034213
127,HWP_002,HW_Pump,2025-02-04 13:15:09.052440,Impeller damage,4,CRITICAL,6.049632450196644,6.049632450196644,2025-02-04 19:18:07.729261,1.0052809438562236,0.9319781933717364,0.9368999178861572
127,FCU_042,FCU,2025-04-08 05:42:20.037517,Thermostat failure,1,LOW,1.7220102056316067,1.7220102056316067,2025-04-08 07:25:39.274257,0.809531760272407,1.087453236079738,0.8803279324175557
128,CHWP_002,CHW_Pump,2024-11-18 04:10:18.860496,Bearing wear,3,HIGH,7.099498144549692,7.099498144549692,2024-11-18 11:16:17.053816,1.0406604025331456,1.025678344351736,1.067382838702608
128,FCU_007,FCU,2025-02-11 03:25:56.293101,Valve actuator,2,MEDIUM,2.2350681770151377,2.2350681770151377,2025-02-11 05:40:02.538538,0.8481611222827431,1.0921707946457364,0.9263368069111632
128,FCU_040,FCU,2025-03-28 21:31:33.970871,Filter blockage,1,LOW,1.4663558272006008,1.4663558272006008,2025-03-28 22:59:32.851849,0.9710404282927316,1.0161401718159708,0.9867131876456302
129,FCU_039,FCU,2024-01-06 05:34:56.064164,Coil fouling,1,LOW,1.198301110597301,1.198301110597301,2024-01-06 06:46:49.948162,0.9921007125998882,0.9347305185353623,0.9273468135277959
129,HP_002,HeatPump,2024-09-29 19:28:24.731931,Refrigerant leak,3,HIGH,14.159426099670638,14.159426099670638,2024-09-30 09:37:58.665890,1.1197623338661749,0.9947258859104791,1.1138565795642164
129,FCU_014,FCU,2025-01-31 10:05:33.486583,Valve actuator,2,MEDIUM,2.168647785213209,2.168647785213209,2025-01-31 12:15:40.618610,0.9809723303458864,1.059193996292443,1.03904000283137
129,FCU_028,FCU,2025-03-02 14:26:47.374210,Fan motor failure,2,MEDIUM,4.835049805909381,4.835049805909381,2025-03-02 19:16:53.553511,1.0334377013867122,1.142654489380805,1.1808622289849064
129,FCU_043,FCU,2025-04-28 10:47:32.240724,Coil fouling,1,LOW,2.7895505503186397,2.7895505503186397,2025-04-28 13:34:54.622705,1.053349489879344,1.0212235880997846,1.0757053455776615
130,FCU_036,FCU,2024-06-01 08:35:52.379322,Filter blockage,1,LOW,0.6459482205896693,0.6459482205896693,2024-06-01 09:14:37.792916,1.072295019383331,0.9386427810807807,1.0065019791330394
130,FCU_032,FCU,2024-12-15 00:30:20.127360,Coil fouling,1,LOW,1.835125158579555,1.835125158579555,2024-12-15 02:20:26.577931,0.9361623754888186,1.0730701045039455,1.0045678580984485
130,FCU_030,FCU,2025-02-16 07:16:08.451367,Fan motor failure,2,MEDIUM,5.204465020584,5.204465020584,2025-02-16 12:28:24.525441,0.840025906512208,0.9241973422498251,0.7763497102195827
130,FCU_026,FCU,2025-03-19 23:35:21.988863,Fan motor failure,2,MEDIUM,3.508499554065558,3.508499554065558,2025-03-20 03:05:52.587258,0.8062860394036235,0.976902669239117,0.7876629840636357
130,FCU_006,FCU,2025-03-27 18:14:58.424196,Coil fouling,1,LOW,1.9021790657831323,1.9021790657831323,2025-03-27 20:09:06.268833,1.113088928284367,0.9028717705020362,1.0049765714063204
131,FCU_041,FCU,2023-04-16 21:52:15.567932,Valve actuator,2,MEDIUM,3.720668732064256,3.720668732064256,2023-04-17 01:35:29.975367,1.0900050044252438,0.9192471214202714,1.0019839626515956
131,HP_001,HeatPump,2024-02-20 18:09:08.715012,Refrigerant leak,3,HIGH,5.977258860819938,5.977258860819938,2024-02-21 00:07:46.846911,0.9626268753498658,1.0473841654963776,1.0082401465227047
131,FCU_039,FCU,2024-05-02 02:49:30.662357,Fan motor failure,2,MEDIUM,2.2876205077819662,2.2876205077819662,2024-05-02 05:06:46.096185,0.8692920459564394,1.0022732792727338,0.8712681895464646
131,FCU_014,FCU,2024-09-03 14:32:33.299305,Filter blockage,1,LOW,1.074776086475397,1.074776086475397,2024-09-03 15:37:02.493216,1.0127884397717761,0.9570626153366767,0.9693019529507283
132,FCU_036,FCU,2024-08-19 02:31:41.757596,Filter blockage,1,LOW,1.0368900292283714,1.0368900292283714,2024-08-19 03:33:54.561701,1.0456860476898318,0.9661360153755654,1.0102749514488776
132,FCU_005,FCU,2025-01-02 16:46:48.746765,Thermostat failure,1,LOW,1.4000866811177222,1.4000866811177222,2025-01-02 18:10:49.058817,0.8520681589507975,0.9869513256550513,0.8409497990249485
132,FCU_041,FCU,2025-05-13 19:29:53.541573,Valve actuator,2,MEDIUM,2.8142717384856706,2.8142717384856706,2025-05-13 22:18:44.919832,0.9321774282450045,0.9768320530886166,0.9105807910754343
132,FCU_013,FCU,2025-05-19 05:59:58.101729,Fan motor failure,2,MEDIUM,3.065222588439193,3.065222588439193,2025-05-19 09:03:52.903047,1.1265375863798361,1.049157110212318,1.1819149186718285
133,HP_001,HeatPump,2024-07-31 00:01:26.250478,Heat exchanger fouling,2,MEDIUM,4.1059694396865885,4.1059694396865885,2024-07-31 04:07:47.740461,1.0509066726857519,0.9529312858434024,1.001441846903845
133,CT_001,CoolingTower,2024-09-03 19:58:25.311046,Fan motor failure,4,CRITICAL,7.92383931620284,7.92383931620284,2024-09-04 03:53:51.132584,0.8477371911565577,1.0444470603383456,0.8854166172429527
133,FCU_009,FCU,2024-10-29 19:51:34.459375,Filter blockage,1,LOW,1.0836399081650794,1.0836399081650794,2024-10-29 20:56:35.563044,1.054286068106814,0.9128335313190747,0.9623876745704456
133,FCU_003,FCU,2025-05-06 09:59:30.328702,Filter blockage,1,LOW,0.9987469808263553,0.9987469808263553,2025-05-06 10:59:25.817833,1.0790024943517518,1.120574142357988,1.209102294710344
134,FCU_029,FCU,2024-03-31 00:49:38.660578,Coil fouling,1,LOW,2.1485789405923583,2.1485789405923583,2024-03-31 02:58:33.544764,0.9904748497322762,1.0795488513883589,1.069265986357536
134,FCU_023,FCU,2024-12-11 13:04:03.802535,Fan motor failure,2,MEDIUM,4.756754155111991,4.756754155111991,2024-12-11 17:49:28.117493,0.8,1.0629296851166943,0.8503437480933554
134,FCU_007,FCU,2025-05-23 15:02:29.699030,Filter blockage,1,LOW,1.0062956292526877,1.0062956292526877,2025-05-23 16:02:52.363295,1.0451644607711565,1.0848861647327899,1.1338844633610345
135,CHWP_003,CHW_Pump,2023-11-13 18:50:19.777005,Impeller damage,4,CRITICAL,8.601804851189355,8.601804851189355,2023-11-14 03:26:26.274469,1.2253344426392798,1.1058492195618235,1.3550351370948694
135,FCU_028,FCU,2024-03-03 08:43:09.493379,Filter blockage,1,LOW,1.3264086931117645,1.3264086931117645,2024-03-03 10:02:44.564674,0.8550502080528702,1.0877209530829401,0.9300560272370343
135,HP_002,HeatPump,2024-07-25 08:38:31.994744,Refrigerant leak,3,HIGH,3.5011153266546433,3.5011153266546433,2024-07-25 12:08:36.009920,0.989894582295796,0.9606925613225896,0.9509843617051033
135,HWP_002,HW_Pump,2024-10-10 11:18:13.529670,Impeller damage,4,CRITICAL,6.7661009779593675,6.7661009779593675,2024-10-10 18:04:11.493191,1.0250220971269246,0.9900009437148964,1.0147728434842775
135,FCU_001,FCU,2024-11-10 01:01:54.601186,Filter blockage,1,LOW,0.849158702664843,0.849158702664843,2024-11-10 01:52:51.572516,0.9682520707792847,1.0761486518998549,1.04198316066837
135,HP_001,HeatPump,2025-02-02 01:35:04.429544,Sensor malfunction,1,LOW,2.034804677722885,2.034804677722885,2025-02-02 03:37:09.726384,1.0370373353335847,1.0214192671687903,1.0592499150831052
135,FCU_050,FCU,2025-02-08 15:41:54.632856,Coil fouling,1,LOW,2.3663562533423366,2.3663562533423366,2025-02-08 18:03:53.515368,0.8926369800102897,1.1122703833217675,0.9928536759232298
135,FCU_015,FCU,2025-04-13 04:56:29.311111,Filter blockage,1,LOW,1.11004397450685,1.11004397450685,2025-04-13 06:03:05.469419,0.9304491550856692,0.991084170748604,0.9221534292918196
136,CHWP_002,CHW_Pump,2024-05-21 01:32:07.698514,Impeller damage,4,CRITICAL,12.21729313964641,12.21729313964641,2024-05-21 13:45:09.953817,1.034069819459918,0.9960988851327925,1.0300357943134923
136,FCU_033,FCU,2024-08-29 10:19:14.895704,Thermostat failure,1,LOW,3.031096837081109,3.031096837081109,2024-08-29 13:21:06.844317,1.048829608958907,0.9171616436558263,0.9619462880676488
136,HWP_002,HW_Pump,2025-03-15 00:52:40.183017,Impeller damage,4,CRITICAL,8.756524474832611,8.756524474832611,2025-03-15 09:38:03.671126,1.0647342168079275,1.121267897712071,1.193852296902333
136,FCU_008,FCU,2025-04-30 17:42:35.093068,Fan motor failure,2,MEDIUM,3.0893718048207988,3.0893718048207988,2025-04-30 20:47:56.831565,0.978367361220211,1.0397464635994806,1.01725400392987
137,FCU_003,FCU,2024-11-25 19:22:59.058170,Fan motor failure,2,MEDIUM,4.456160172193483,4.456160172193483,2024-11-25 23:50:21.234790,1.1982874780334227,1.1493961752055777,1.3773070440483537
137,FCU_013,FCU,2024-12-10 00:31:24.051255,Filter blockage,1,LOW,1.424605406120257,1.424605406120257,2024-12-10 01:56:52.630717,0.8659896961400491,0.9018695955558113,0.781009777013326
137,FCU_024,FCU,2025-04-16 16:54:48.509245,Coil fouling,1,LOW,2.5036179580332605,2.5036179580332605,2025-04-16 19:25:01.533894,0.9665758820063798,1.1038535339885402,1.0669582032208327
138,FCU_041,FCU,2024-11-24 21:13:15.994777,Fan motor failure,2,MEDIUM,3.0256055383113805,3.0256055383113805,2024-11-25 00:14:48.174715,1.056860811512791,0.9617632924439405,1.0164499337355168
138,HP_001,HeatPump,2025-01-11 03:54:11.998990,Heat exchanger fouling,2,MEDIUM,4.424701924603899,4.424701924603899,2025-01-11 08:19:40.925919,0.9519259290571941,1.1066581934952058,1.0534566289916798
138,FCU_010,FCU,2025-01-15 05:03:06.890328,Coil fouling,1,LOW,1.349898011201812,1.349898011201812,2025-01-15 06:24:06.523168,0.8,0.9480425379476144,0.7584340303580915
138,FCU_038,FCU,2025-03-08 14:44:25.168032,Valve actuator,2,MEDIUM,2.498069641885002,2.498069641885002,2025-03-08 17:14:18.218743,0.9104636697231392,0.9045000033835012,0.8235143923451343
138,FCU_022,FCU,2025-05-28 19:13:00.621378,Fan motor failure,2,MEDIUM,3.169698959382648,3.169698959382648,2025-05-28 22:23:11.537632,0.8365304479784593,0.9077557111026546,0.7593652916637086
139,FCU_012,FCU,2024-01-03 08:18:54.751218,Coil fouling,1,LOW,1.8891879584150484,1.8891879584150484,2024-01-03 10:12:15.827868,1.015463897757015,0.9256983513181374,0.9400132559767583
139,CHWP_001,CHW_Pump,2024-03-28 03:58:33.093073,Motor overheating,3,HIGH,8.03183514337261,8.03183514337261,2024-03-28 12:00:27.699589,1.15394162180788,0.9337672558017899,1.077512901551011
139,FCU_047,FCU,2024-09-30 16:51:12.551665,Thermostat failure,1,LOW,1.6576830175120283,1.6576830175120283,2024-09-30 18:30:40.210528,1.1876190147194938,0.937139433554296,1.1129646107325375
139,FCU_029,FCU,2024-11-01 16:46:55.320292,Valve actuator,2,MEDIUM,3.906618789224089,3.906618789224089,2024-11-01 20:41:19.147933,0.8771770339047409,1.1436999306020135,1.0032273128025322
139,FCU_033,FCU,2024-11-08 06:19:23.946059,Coil fouling,1,LOW,1.9511830238115428,1.9511830238115428,2024-11-08 08:16:28.204945,1.0102456309362728,0.9977289804950601,1.0079513434036362
139,FCU_043,FCU,2024-11-24 11:09:04.573688,Coil fouling,1,LOW,1.5882618150246086,1.5882618150246086,2024-11-24 12:44:22.316222,0.8158641260626611,1.0476880612634267,0.8547711044889694
139,CHWP_002,CHW_Pump,2024-12-25 10:25:49.185812,Impeller damage,4,CRITICAL,17.12693788765877,17.12693788765877,2024-12-26 03:33:26.162208,1.0074221156252334,0.9472145491174898,0.9542448850229431
139,FCU_011,FCU,2025-04-23 11:31:06.786576,Valve actuator,2,MEDIUM,5.221622976181545,5.221622976181545,2025-04-23 16:44:24.629290,0.9878154950256801,0.9565591957574486,0.9449039954785106
139,FCU_025,FCU,2025-05-17 21:11:37.863523,Coil fouling,1,LOW,3.117703895582761,3.117703895582761,2025-05-18 00:18:41.597547,0.9722652196848476,0.9915094465344192,0.9640101498543887
139,FCU_028,FCU,2025-05-22 15:50:30.985400,Fan motor failure,2,MEDIUM,3.5635179183583174,3.5635179183583174,2025-05-22 19:24:19.649906,1.142573776223292,0.9189710587665683,1.0499922328548346
140,CHWP_002,CHW_Pump,2023-07-05 09:26:26.187468,Seal leakage,2,MEDIUM,3.536660022014455,3.536660022014455,2023-07-05 12:58:38.163547,1.099565048693975,0.9378624329918327,1.0312407518009143
140,FCU_030,FCU,2024-02-12 18:56:31.352588,Fan motor failure,2,MEDIUM,5.223250701503828,5.223250701503828,2024-02-13 00:09:55.055113,0.9944773097775279,0.9866942270944246,0.9812450205338805
140,FCU_029,FCU,2024-04-03 16:44:03.212254,Filter blockage,1,LOW,0.7705680789147578,0.7705680789147578,2024-04-03 17:30:17.257338,0.9098901435221566,0.9740574361431851,0.8862852603711465
140,FCU_004,FCU,2024-10-15 16:02:47.032255,Fan motor failure,2,MEDIUM,6.0533622892586285,6.0533622892586285,2024-10-15 22:05:59.136496,0.9994435421855473,1.1188811565611148,1.1182585463981025
140,CHWP_002,CHW_Pump,2025-05-23 00:01:20.656155,Motor overheating,3,HIGH,9.051741731305585,9.051741731305585,2025-05-23 09:04:26.926388,0.9253686708004046,0.9979640585064393,0.923484674326681
141,HWP_001,HW_Pump,2023-08-14 04:57:15.476875,Impeller damage,4,CRITICAL,10.056513202203426,10.056513202203426,2023-08-14 15:00:38.924403,0.881765973001322,1.0552352345844693,0.9304705233686529
141,HP_001,HeatPump,2023-11-14 20:54:15.317337,Control valve failure,3,HIGH,5.541201522446838,5.541201522446838,2023-11-15 02:26:43.642818,1.0802135312835617,1.0389604100832734,1.1222990934398702
141,FCU_004,FCU,2023-12-09 05:39:28.513483,Coil fouling,1,LOW,1.8870035454534801,1.8870035454534801,2023-12-09 07:32:41.726247,1.035049275498838,0.9976268516179172,1.032592949985312
141,FCU_034,FCU,2024-10-03 09:20:38.712588,Filter blockage,1,LOW,0.7916749315087206,0.7916749315087206,2024-10-03 10:08:08.742341,1.0075069565844659,1.0146970589052646,1.0223143456728516
141,FCU_025,FCU,2024-11-20 12:51:57.070885,Fan motor failure,2,MEDIUM,3.857826716525499,3.857826716525499,2024-11-20 16:43:25.247064,0.9354858697508759,0.937848716073842,0.8773442218510803
141,FCU_032,FCU,2025-02-27 08:08:08.955320,Coil fouling,1,LOW,2.294504460434783,2.294504460434783,2025-02-27 10:25:49.171378,0.9398374851019249,0.9297120880253734,0.8737782706786263
141,FCU_010,FCU,2025-03-05 00:48:41.610191,Coil fouling,1,LOW,1.682741249397668,1.682741249397668,2025-03-05 02:29:39.478689,1.0247204744645368,0.9030850777736819,0.9254097693780904
141,FCU_046,FCU,2025-05-11 11:55:07.258149,Coil fouling,1,LOW,2.2162704259585064,2.2162704259585064,2025-05-11 14:08:05.831682,0.9807412885539382,0.9160036227376576,0.8983625732838058
142,HWP_001,HW_Pump,2023-04-18 09:56:16.724011,Seal leakage,2,MEDIUM,2.968727999627374,2.968727999627374,2023-04-18 12:54:24.144810,0.8296358924213975,1.1107725584435268,0.9215367828014943
142,FCU_001,FCU,2024-01-10 06:55:29.412390,Coil fouling,1,LOW,1.7938173442098357,1.7938173442098357,2024-01-10 08:43:07.154829,1.0797168430783197,1.0144642451310952,1.0953341321687768
142,FCU_009,FCU,2024-04-19 10:03:51.955487,Valve actuator,2,MEDIUM,3.499572125918339,3.499572125918339,2024-04-19 13:33:50.415140,0.9894675140576114,0.9863849820190426,0.9759958960621438
142,HWP_002,HW_Pump,2024-05-16 21:35:25.188810,Impeller damage,4,CRITICAL,13.036102910391813,13.036102910391813,2024-05-17 10:37:35.159287,0.9898377369148791,1.1118817131909249,1.1005824787019438
142,HP_002,HeatPump,2024-06-15 14:17:19.384115,Refrigerant leak,3,HIGH,7.469383731788004,7.469383731788004,2024-06-15 21:45:29.165549,0.8754885660806621,1.066100608421002,0.9333588929642245
142,FCU_018,FCU,2024-07-03 10:56:18.778548,Coil fouling,1,LOW,1.4622095881843755,1.4622095881843755,2024-07-03 12:24:02.733065,0.9895289408464256,1.053066332186699,1.0420396123297346
142,FCU_037,FCU,2024-11-06 19:56:26.539106,Coil fouling,1,LOW,1.3597395587263625,1.3597395587263625,2024-11-06 21:18:01.601517,0.9867731901321798,0.9200675265610617,0.9078979683216829
142,FCU_011,FCU,2025-01-29 09:00:12.256079,Coil fouling,1,LOW,2.380944553493368,2.380944553493368,2025-01-29 11:23:03.656472,1.1175380837507316,1.0590403547371936,1.1835179286476984
142,FCU_007,FCU,2025-03-19 04:48:25.951662,Valve actuator,2,MEDIUM,2.9153950644747497,2.9153950644747497,2025-03-19 07:43:21.373894,0.8,0.9049958405424229,0.7239966724339384
142,CHWP_001,CHW_Pump,2025-04-18 19:59:41.465500,Seal leakage,2,MEDIUM,4.418450579396871,4.418450579396871,2025-04-19 00:24:47.887586,1.1012515243536873,1.1280746693711705,1.2422939492297833
142,FCU_047,FCU,2025-05-23 04:09:04.353029,Filter blockage,1,LOW,0.5,0.5,2025-05-23 04:39:04.353029,0.9263856482759893,1.0786933714211246,0.9992860581749711
143,FCU_025,FCU,2024-06-12 18:44:54.217594,Filter blockage,1,LOW,1.279961674375224,1.279961674375224,2024-06-12 20:01:42.079622,0.8253095400842205,1.0160296444402983,0.8385389585649567
143,FCU_034,FCU,2024-10-28 16:27:49.158925,Valve actuator,2,MEDIUM,3.344795896657685,3.344795896657685,2024-10-28 19:48:30.424153,0.9245649340499584,1.1487501838651761,1.0620941379851843
143,FCU_013,FCU,2025-01-16 04:36:21.384030,Fan motor failure,2,MEDIUM,4.216333558542399,4.216333558542399,2025-01-16 08:49:20.184841,0.8958745049157535,0.955337441800084,0.8558624577001327
143,FCU_010,FCU,2025-01-16 12:40:06.934227,Coil fouling,1,LOW,2.029849061788584,2.029849061788584,2025-01-16 14:41:54.390849,0.9586034592279374,1.1294867633788668,1.0827299185271486
143,CT_001,CoolingTower,2025-05-07 10:17:55.279927,Fill media degradation,2,MEDIUM,8.960007887960428,8.960007887960428,2025-05-07 19:15:31.308324,0.9888699374859834,0.9432265886220119,0.9327284177257663
144,FCU_008,FCU,2025-05-12 22:19:19.706260,Fan motor failure,2,MEDIUM,4.818375812871858,4.818375812871858,2025-05-13 03:08:25.859186,1.11888665076188,1.011087655758988,1.131292480778855
145,FCU_029,FCU,2024-08-01 14:38:48.807047,Filter blockage,1,LOW,0.9891681640056018,0.9891681640056018,2024-08-01 15:38:09.812437,0.995785490603774,1.12031599104523,1.1155944087742276
145,HP_001,HeatPump,2024-08-10 12:13:00.586554,Heat exchanger fouling,2,MEDIUM,3.662755194237158,3.662755194237158,2024-08-10 15:52:46.505253,1.009352706574729,1.0045376703662101,1.0139328164404071
145,FCU_020,FCU,2025-03-11 12:20:06.885249,Filter blockage,1,LOW,1.466393838994103,1.466393838994103,2025-03-11 13:48:05.903069,1.0091268845560792,0.9031390538818564,0.9113818997647227
145,FCU_032,FCU,2025-04-12 14:49:28.325037,Coil fouling,1,LOW,1.5268178262676384,1.5268178262676384,2025-04-12 16:21:04.869212,1.2333570222029424,1.0270645375196972,1.266737259605536
146,HP_001,HeatPump,2023-12-30 05:49:03.466130,Refrigerant leak,3,HIGH,6.579335876103196,6.579335876103196,2023-12-30 12:23:49.075284,1.019161214426288,1.0515281828314644,1.0716767398179832
146,FCU_021,FCU,2024-12-12 13:16:18.553944,Fan motor failure,2,MEDIUM,5.699194949015873,5.699194949015873,2024-12-12 18:58:15.655760,0.8166834696890127,1.0035947964735983,0.8196192805458968
146,FCU_042,FCU,2025-05-03 14:09:05.588850,Filter blockage,1,LOW,0.9400473312267844,0.9400473312267844,2025-05-03 15:05:29.759242,1.0629032682300954,1.055563267263505,1.1219616465980171
146,FCU_034,FCU,2025-05-10 17:17:33.509232,Fan motor failure,2,MEDIUM,4.573088489911594,4.573088489911594,2025-05-10 21:51:56.627796,1.0309471571462585,1.0268518226493957,1.0586299673708486
147,FCU_031,FCU,2023-10-07 05:39:14.543538,Filter blockage,1,LOW,1.1426007208042028,1.1426007208042028,2023-10-07 06:47:47.906133,0.9245395252502588,0.9319889029251196,0.8616605778488996
147,FCU_027,FCU,2024-05-03 08:30:48.457925,Filter blockage,1,LOW,0.8942733625019237,0.8942733625019237,2024-05-03 09:24:27.842030,1.024021798941068,1.082891258624462,1.1089042547141787
147,FCU_015,FCU,2024-09-10 08:04:35.622696,Thermostat failure,1,LOW,1.2789995834862429,1.2789995834862429,2024-09-10 09:21:20.021197,1.0654105895573904,1.0872442654044876,1.158361553797487
147,HP_002,HeatPump,2024-10-21 08:26:01.700979,Compressor degradation,4,CRITICAL,10.162968344168345,10.162968344168345,2024-10-21 18:35:48.387018,1.0245169945712853,0.9705884035242067,0.9943843141443621
147,CT_001,CoolingTower,2024-11-22 01:28:27.596582,Drift eliminator damage,2,MEDIUM,3.921362821778953,3.921362821778953,2024-11-22 05:23:44.502740,1.1183012148475222,0.939692694668675,1.050859482031321
147,FCU_025,FCU,2025-05-24 19:40:13.177093,Fan motor failure,2,MEDIUM,5.004959187116832,5.004959187116832,2025-05-25 00:40:31.030167,1.1870204787621432,0.9984393335864109,1.1851679357686966
147,FCU_021,FCU,2025-05-26 01:04:06.705152,Fan motor failure,2,MEDIUM,4.793679438760513,4.793679438760513,2025-05-26 05:51:43.951132,0.9175275953707919,0.9521563327494039,0.8736297104046321
148,CT_001,CoolingTower,2024-09-13 05:16:33.029442,Water distribution system,3,HIGH,3.3135356564994414,3.3135356564994414,2024-09-13 08:35:21.757805,0.8819062715469765,1.057167498915502,0.9323226473692128
148,FCU_025,FCU,2024-11-06 02:54:34.024267,Fan motor failure,2,MEDIUM,3.1516528150204137,3.1516528150204137,2024-11-06 06:03:39.974401,1.1417320389569392,1.0207945006722388,1.1654737866085458
148,FCU_026,FCU,2024-12-18 22:44:10.930706,Fan motor failure,2,MEDIUM,3.207595005408399,3.207595005408399,2024-12-19 01:56:38.272725,0.955262720045884,1.1178866386249917,1.0678754311158598
148,FCU_005,FCU,2025-01-24 22:44:37.860076,Coil fouling,1,LOW,1.4295096835458585,1.4295096835458585,2025-01-25 00:10:24.094937,0.9433246111174878,1.1080981001462602,1.0452962094004978
148,HWP_001,HW_Pump,2025-02-24 04:52:09.717586,Bearing wear,3,HIGH,12.486355555658273,12.486355555658273,2025-02-24 17:21:20.597586,0.8771700296593449,1.073078649306013,0.9412724306385651
148,FCU_045,FCU,2025-05-05 04:19:46.872680,Thermostat failure,1,LOW,2.496862903275599,2.496862903275599,2025-05-05 06:49:35.579132,1.1622490734613522,0.9567121463389054,1.1119378056516145
148,FCU_041,FCU,2025-05-09 13:02:43.468826,Coil fouling,1,LOW,0.9702618867850151,0.9702618867850151,2025-05-09 14:00:56.411618,1.0213987445822668,1.0396741942112606,1.0619219167419613
149,FCU_019,FCU,2023-06-27 03:01:53.517988,Valve actuator,2,MEDIUM,4.9618951406687,4.9618951406687,2023-06-27 07:59:36.340494,0.8523133691837457,1.1012271403133085,0.9385906141970174
149,CHWP_002,CHW_Pump,2024-05-19 02:11:46.450896,Bearing wear,3,HIGH,7.629740556670854,7.629740556670854,2024-05-19 09:49:33.516900,1.0844699723970213,0.9910931323980237,1.074810741934562
149,FCU_006,FCU,2025-02-03 06:56:16.084483,Fan motor failure,2,MEDIUM,4.117122556855615,4.117122556855615,2025-02-03 11:03:17.725688,1.1108185328713003,1.0443316009567938,1.1600628968059619
149,FCU_011,FCU,2025-05-22 03:52:41.507907,Filter blockage,1,LOW,0.6242255113498423,0.6242255113498423,2025-05-22 04:30:08.719748,0.9051320670848528,0.9860334483308527,0.8924904933025102
149,FCU_020,FCU,2025-05-24 04:42:18.220714,Coil fouling,1,LOW,2.842759192185594,2.842759192185594,2025-05-24 07:32:52.153806,1.1858656677700636,0.9813563554219112,1.1637568097428006
150,HP_001,HeatPump,2023-07-22 14:59:05.246550,Refrigerant leak,3,HIGH,5.87961456487914,5.87961456487914,2023-07-22 20:51:51.858984,1.0575250707089165,1.0909148404230506,1.1536697937557931
150,FCU_002,FCU,2025-03-21 00:11:28.978434,Fan motor failure,2,MEDIUM,4.754905239699281,4.754905239699281,2025-03-21 04:56:46.637297,1.0119810595983723,0.9756058167797829,0.98729460821514
151,FCU_045,FCU,2024-06-02 13:30:36.076054,Coil fouling,1,LOW,1.6935484694711966,1.6935484694711966,2024-06-02 15:12:12.850544,0.9761051594012705,1.1182089919859717,1.0914895663664008
151,FCU_001,FCU,2025-02-19 02:30:33.073993,Coil fouling,1,LOW,2.9800497150658134,2.9800497150658134,2025-02-19 05:29:21.252967,0.9222848774236061,0.9667197597204356,0.8915910150967399
152,CHWP_002,CHW_Pump,2023-09-04 03:22:18.514785,Impeller damage,4,CRITICAL,9.745055779927048,9.745055779927048,2023-09-04 13:07:00.715593,1.0277050672601458,0.9091707935463835,0.9343594315325462
152,FCU_030,FCU,2023-11-26 04:40:55.528646,Thermostat failure,1,LOW,1.9861910796013595,1.9861910796013595,2023-11-26 06:40:05.816533,1.0267935316640082,0.9545583226250829,0.9801343112674806
152,HP_002,HeatPump,2024-04-22 03:56:15.862026,Refrigerant leak,3,HIGH,6.6477203550308595,6.6477203550308595,2024-04-22 10:35:07.655304,1.0001067566835529,1.011657534275489,1.0117655354787396
152,FCU_033,FCU,2024-09-10 02:41:51.619575,Coil fouling,1,LOW,2.35708047549967,2.35708047549967,2024-09-10 05:03:17.109287,1.095258150911011,1.0536437867998751,1.1540119456493068
152,HWP_002,HW_Pump,2024-12-04 02:18:57.283215,Impeller damage,4,CRITICAL,6.212613564553186,6.212613564553186,2024-12-04 08:31:42.692047,0.8057988137001189,0.9699406663538481,0.7815770383074336
152,FCU_022,FCU,2024-12-16 20:16:31.580185,Coil fouling,1,LOW,1.8322940239535277,1.8322940239535277,2024-12-16 22:06:27.838671,1.0613856815425144,0.9898315606244135,1.0505930455856338
152,FCU_008,FCU,2025-03-13 23:41:42.488671,Thermostat failure,1,LOW,1.4410116787314504,1.4410116787314504,2025-03-14 01:08:10.130714,0.8400049551399827,1.1419983064717876,0.9592842361977701
153,FCU_012,FCU,2024-11-09 14:28:52.836720,Thermostat failure,1,LOW,2.196591791898291,2.196591791898291,2024-11-09 16:40:40.567171,1.1274781715588487,0.9510509480882865,1.0722891840098907
153,FCU_025,FCU,2025-02-14 09:32:50.181558,Filter blockage,1,LOW,1.0473350767022624,1.0473350767022624,2025-02-14 10:35:40.587834,1.0099214475576161,1.0166228465209195,1.0267092167785512
153,FCU_043,FCU,2025-03-11 07:24:11.579492,Filter blockage,1,LOW,1.0533585374377776,1.0533585374377776,2025-03-11 08:27:23.670227,0.9928546320851528,1.0910466425778158,1.0832507129043385
154,FCU_030,FCU,2023-11-26 16:38:34.426013,Valve actuator,2,MEDIUM,1.900033431862894,1.900033431862894,2023-11-26 18:32:34.546368,0.9334106459840092,1.1171397324557881,1.0427501193259605
154,FCU_040,FCU,2024-04-07 18:12:31.671812,Fan motor failure,2,MEDIUM,2.6330939442702883,2.6330939442702883,2024-04-07 20:50:30.810011,0.8588458776180931,1.083056825861358,0.9301788901171641
154,FCU_046,FCU,2024-11-30 22:07:46.898637,Coil fouling,1,LOW,1.2772438273251652,1.2772438273251652,2024-11-30 23:24:24.976415,1.0629933452818747,1.0838626707845964,1.1521388062434654
154,HP_001,HeatPump,2025-01-17 07:56:57.034232,Control valve failure,3,HIGH,2.066174087685419,2.066174087685419,2025-01-17 10:00:55.260948,1.0244288145979863,0.9542360263030228,0.9775468812722986
154,FCU_011,FCU,2025-02-01 18:31:27.366629,Fan motor failure,2,MEDIUM,4.703551537961979,4.703551537961979,2025-02-01 23:13:40.152166,1.0217316745174947,1.030227122934361,1.0526156834490654
154,HWP_001,HW_Pump,2025-05-19 22:12:51.312720,Motor overheating,3,HIGH,6.7159670641040865,6.7159670641040865,2025-05-20 04:55:48.794151,0.939671936004292,0.9371760544112362,0.88063803742547
155,HWP_002,HW_Pump,2025-01-16 03:48:31.247168,Impeller damage,4,CRITICAL,11.357803548273692,11.357803548273692,2025-01-16 15:09:59.339942,0.8479827592991707,0.963937948071244,0.8174027609986342
155,HP_001,HeatPump,2025-03-23 19:40:51.543454,Refrigerant leak,3,HIGH,5.778756930492192,5.778756930492192,2025-03-24 01:27:35.068404,0.9151905523993503,0.9578890195641349,0.8766509809521726
157,FCU_040,FCU,2024-11-18 16:56:45.722328,Valve actuator,2,MEDIUM,4.23516873761532,4.23516873761532,2024-11-18 21:10:52.329783,0.9742727259122953,0.963463155795525,0.9386758751129686
157,HP_001,HeatPump,2025-02-07 15:01:33.226260,Sensor malfunction,1,LOW,3.1207044048180372,3.1207044048180372,2025-02-07 18:08:47.762117,1.1266468712869768,0.9317878013711912,1.0497958111182235
157,CHWP_001,CHW_Pump,2025-03-15 00:02:03.451366,Bearing wear,3,HIGH,7.465847019214524,7.465847019214524,2025-03-15 07:30:00.500635,0.8422795141167634,1.0196008473271208,0.8587889062797275
157,HWP_002,HW_Pump,2025-03-24 18:51:59.288415,Impeller damage,4,CRITICAL,8.338485178344813,8.338485178344813,2025-03-25 03:12:17.835057,0.8708715738296368,1.032983125033883,0.8995956398377142
158,FCU_022,FCU,2023-06-22 15:52:23.460418,Filter blockage,1,LOW,1.1791334901338562,1.1791334901338562,2023-06-22 17:03:08.340982,0.9708180982494494,0.946510673006904,0.918889691541369
158,FCU_012,FCU,2024-12-09 11:13:04.515084,Filter blockage,1,LOW,1.3767264482559933,1.3767264482559933,2024-12-09 12:35:40.730298,0.9381446066393319,0.9179981065979399,0.8612149726099758
158,FCU_042,FCU,2025-01-22 21:24:20.880909,Coil fouling,1,LOW,1.6533771976828873,1.6533771976828873,2025-01-22 23:03:33.038821,1.258616730534333,1.0940722524832802,1.3770176413888393
159,HP_001,HeatPump,2024-01-03 21:06:11.990376,Refrigerant leak,3,HIGH,5.857417750229418,5.857417750229418,2024-01-04 02:57:38.694277,0.9454120123431303,1.0862298154555634,1.0269347156969513
159,FCU_020,FCU,2024-04-27 00:37:00.321452,Coil fouling,1,LOW,2.440670158337493,2.440670158337493,2024-04-27 03:03:26.734022,0.9999519469407356,1.078205773584892,1.0781539624989547
159,FCU_013,FCU,2024-05-24 22:44:37.040999,Coil fouling,1,LOW,2.479210473006964,2.479210473006964,2024-05-25 01:13:22.198702,1.0924208614583528,1.1108963564532197,1.2135663547075717
159,FCU_027,FCU,2024-06-10 21:43:15.125305,Coil fouling,1,LOW,2.2273806898026507,2.2273806898026507,2024-06-10 23:56:53.695788,1.0449468942845554,1.0979131237899478,1.1472609088985606
159,FCU_025,FCU,2024-08-21 11:41:55.981542,Valve actuator,2,MEDIUM,4.5876570859251595,4.5876570859251595,2024-08-21 16:17:11.547051,1.1736988521403047,1.121175719066154,1.3159226545155256
159,FCU_008,FCU,2024-11-25 21:47:01.341814,Fan motor failure,2,MEDIUM,3.2169489664485056,3.2169489664485056,2024-11-26 01:00:02.358093,1.0053477213156892,1.0922404764293,1.0980814741069593
159,FCU_037,FCU,2024-12-17 02:52:13.196371,Filter blockage,1,LOW,1.331667375251253,1.331667375251253,2024-12-17 04:12:07.198922,0.8,0.9675564057887034,0.7740451246309628
160,FCU_031,FCU,2023-10-30 22:05:41.463755,Coil fouling,1,LOW,1.8854250895197555,1.8854250895197555,2023-10-30 23:58:48.994077,0.8418732550753076,0.9049220189697791,0.7618296456994073
160,FCU_029,FCU,2024-04-25 09:29:39.152219,Fan motor failure,2,MEDIUM,4.012160634446701,4.012160634446701,2024-04-25 13:30:22.930503,0.8646862071402037,1.1496123968231793,0.9940539830903937
160,FCU_042,FCU,2024-05-23 16:11:54.457888,Fan motor failure,2,MEDIUM,4.607147586396525,4.607147586396525,2024-05-23 20:48:20.189199,0.9907091583365375,1.1390925983375633,1.1285094693663869
160,FCU_030,FCU,2025-02-03 08:39:43.813410,Valve actuator,2,MEDIUM,1.605693776624451,1.605693776624451,2025-02-03 10:16:04.311006,0.9746086952950548,1.1221873471024684,1.0936935462361554
160,HWP_001,HW_Pump,2025-03-13 14:44:39.144360,Impeller damage,4,CRITICAL,7.001344350125708,7.001344350125708,2025-03-13 21:44:43.984020,1.179796047850033,1.0457615223980221,1.2337853111188202
160,HWP_002,HW_Pump,2025-05-14 10:03:10.603166,Seal leakage,2,MEDIUM,4.032192022458534,4.032192022458534,2025-05-14 14:05:06.494447,1.1125803863890682,0.9974193358105602,1.109709190028041
161,HP_001,HeatPump,2024-06-02 16:30:42.655165,Refrigerant leak,3,HIGH,8.824804397206771,8.824804397206771,2024-06-03 01:20:11.950995,0.8226403457664739,1.0420323686783193,0.8572178680693904
161,FCU_031,FCU,2024-12-08 08:40:18.523628,Valve actuator,2,MEDIUM,1.4135181300282098,1.4135181300282098,2024-12-08 10:05:07.188896,1.178215211234901,1.1164193448868411,1.3153822542625793
161,FCU_050,FCU,2025-03-19 04:41:05.310868,Coil fouling,1,LOW,1.6873456530820827,1.6873456530820827,2025-03-19 06:22:19.755219,0.9310399065041521,1.0514364237460563,0.9789292696595884
161,FCU_025,FCU,2025-03-24 11:30:25.341665,Thermostat failure,1,LOW,2.0753283102714315,2.0753283102714315,2025-03-24 13:34:56.523582,0.8933038305746447,0.9381004952746725,0.8380087658928363
161,FCU_036,FCU,2025-04-28 08:05:08.794770,Fan motor failure,2,MEDIUM,3.0281106503138924,3.0281106503138924,2025-04-28 11:06:49.993111,0.9323988312668195,1.1199522786908043,1.0442421957259174
162,FCU_010,FCU,2023-12-05 18:16:23.820383,Coil fouling,1,LOW,1.8753456406580797,1.8753456406580797,2023-12-05 20:08:55.064689,0.9774000117503769,0.9632162551479354,0.9414475790997462
162,HP_002,HeatPump,2024-05-14 11:08:05.058005,Sensor malfunction,1,LOW,1.9044257699788099,1.9044257699788099,2024-05-14 13:02:20.990777,1.084127095730299,1.028000340322586,1.1144830233636842
163,FCU_036,FCU,2024-05-30 21:22:46.923422,Thermostat failure,1,LOW,2.4268774319601563,2.4268774319601563,2024-05-30 23:48:23.682177,0.9231638238431866,0.9607453685962009,0.8869253682129006
163,FCU_038,FCU,2024-08-26 12:02:12.599637,Valve actuator,2,MEDIUM,3.7775689370553813,3.7775689370553813,2024-08-26 15:48:51.847810,1.0420907039141134,0.941696681701496,0.9813333579078968
163,FCU_003,FCU,2025-03-28 03:40:33.537062,Thermostat failure,1,LOW,2.6498988202464195,2.6498988202464195,2025-03-28 06:19:33.172815,0.979944197719412,0.9555777807360906,0.9364129017019245
164,FCU_025,FCU,2025-01-03 22:35:52.707322,Thermostat failure,1,LOW,2.125783694188682,2.125783694188682,2025-01-04 00:43:25.528621,1.1219192410602983,1.0428983014645068,1.1700476708821337
164,HP_001,HeatPump,2025-03-23 01:41:59.418631,Refrigerant leak,3,HIGH,6.367418594841764,6.367418594841764,2025-03-23 08:04:02.125572,0.9977385923680875,1.0286968682904631,1.0263705653415867
164,FCU_041,FCU,2025-04-25 23:40:19.465145,Coil fouling,1,LOW,1.6336379640111427,1.6336379640111427,2025-04-26 01:18:20.561815,0.9133796907416007,0.9208081400139579,0.8410474541582975
164,FCU_042,FCU,2025-04-26 10:52:13.337302,Coil fouling,1,LOW,2.818505954288649,2.818505954288649,2025-04-26 13:41:19.958737,0.990942409616197,0.9384825938643507,0.9299822029467985
165,FCU_029,FCU,2023-10-23 13:13:28.270717,Valve actuator,2,MEDIUM,6.683192849535147,6.683192849535147,2023-10-23 19:54:27.764975,1.1420867442321745,1.1224891579486567,1.2819799878374964
165,FCU_048,FCU,2023-11-22 18:42:30.352357,Filter blockage,1,LOW,0.7388059583169645,0.7388059583169645,2023-11-22 19:26:50.053807,1.0098591423686067,1.025132154717015,1.0352390785770065
165,FCU_042,FCU,2025-04-16 15:00:55.786032,Filter blockage,1,LOW,1.0351206328758058,1.0351206328758058,2025-04-16 16:03:02.220310,1.0970227674788045,0.930311037030061,1.020572388458794
166,HWP_002,HW_Pump,2025-01-20 13:50:32.306222,Motor overheating,3,HIGH,9.008211109866936,9.008211109866936,2025-01-20 22:51:01.866218,1.055346607971236,1.138634965297215,1.2016545483438617
166,FCU_025,FCU,2025-04-07 13:07:36.685452,Fan motor failure,2,MEDIUM,4.903193338557016,4.903193338557016,2025-04-07 18:01:48.181471,0.9465599051840919,1.1441646924586624,1.083020422808657
166,FCU_002,FCU,2025-05-01 14:32:53.666369,Thermostat failure,1,LOW,2.56585169840873,2.56585169840873,2025-05-01 17:06:50.732483,1.148394166539331,1.1097024417079555,1.2743758106518681
166,FCU_012,FCU,2025-05-15 13:00:13.305914,Thermostat failure,1,LOW,2.0242954642922024,2.0242954642922024,2025-05-15 15:01:40.769585,1.0758716175287506,1.114793905277721,1.1993751220823343
167,FCU_004,FCU,2024-01-23 22:17:54.392181,Coil fouling,1,LOW,1.8665875352687937,1.8665875352687937,2024-01-24 00:09:54.107308,0.9441292529251537,0.9714328196961792,0.9171581423267292
167,FCU_035,FCU,2024-05-28 20:52:13.629683,Fan motor failure,2,MEDIUM,5.035447136886939,5.035447136886939,2024-05-29 01:54:21.239376,1.1769605720882725,0.9185516338805999,1.0810990565047283
167,FCU_046,FCU,2024-12-07 01:09:13.035090,Coil fouling,1,LOW,2.746829702236925,2.746829702236925,2024-12-07 03:54:01.622018,0.9035062334231811,1.0935186164480102,0.98800088632507
167,FCU_013,FCU,2025-02-23 05:05:12.708901,Filter blockage,1,LOW,0.7012855710892872,0.7012855710892872,2025-02-23 05:47:17.336957,0.9244938797958944,1.0699962686826998,0.9892050018015994
167,FCU_010,FCU,2025-03-14 11:28:58.790512,Filter blockage,1,LOW,0.7856362083781927,0.7856362083781927,2025-03-14 12:16:07.080862,0.9795568934710265,1.0403674465455515,1.0190991040065447
167,CHWP_001,CHW_Pump,2025-04-05 13:00:41.850599,Bearing wear,3,HIGH,5.487862485524235,5.487862485524235,2025-04-05 18:29:58.155547,1.1419622904801936,0.911647101650729,1.0410666123106964
167,FCU_032,FCU,2025-04-23 17:22:31.120068,Coil fouling,1,LOW,1.9745226153246775,1.9745226153246775,2025-04-23 19:20:59.401483,0.9144274365322308,1.1137946042390274,1.0184843447777243
168,FCU_012,FCU,2024-04-01 20:08:21.103859,Thermostat failure,1,LOW,1.6257502245277498,1.6257502245277498,2024-04-01 21:45:53.804667,1.0301634938401998,0.9904112574485443,1.020285521311858
168,FCU_044,FCU,2024-04-18 19:04:34.897528,Valve actuator,2,MEDIUM,2.3721149287181773,2.3721149287181773,2024-04-18 21:26:54.511271,0.8895867791571459,1.0698877110458596,0.9517579629290974
169,HP_001,HeatPump,2023-11-25 12:14:37.149175,Heat exchanger fouling,2,MEDIUM,3.848797886132107,3.848797886132107,2023-11-25 16:05:32.821565,1.0070303144484198,1.0555065812835929,1.0629271244523932
169,CT_001,CoolingTower,2024-09-07 03:12:12.500792,Control system fault,3,HIGH,2.561940916769108,2.561940916769108,2024-09-07 05:45:55.488092,1.2242275739499648,0.9403166146150339,1.151161527855007
169,FCU_012,FCU,2024-11-28 17:33:56.803914,Filter blockage,1,LOW,1.9506737840044437,1.9506737840044437,2024-11-28 19:30:59.229536,0.990718313853744,0.903377543495227,0.8949926766649285
169,HP_002,HeatPump,2024-12-05 21:00:10.910871,Compressor degradation,4,CRITICAL,8.161072499032107,8.161072499032107,2024-12-06 05:09:50.771868,1.0516588675960785,1.1049425034668257,1.1620225819546979
169,CHWP_001,CHW_Pump,2025-01-18 21:04:25.982601,Bearing wear,3,HIGH,9.001017236443388,9.001017236443388,2025-01-19 06:04:29.644652,1.0815462023990379,1.0695027616722905,1.156716650341949
169,FCU_011,FCU,2025-02-11 03:32:10.595960,Thermostat failure,1,LOW,1.6710845160455703,1.6710845160455703,2025-02-11 05:12:26.500218,0.8903818020085279,0.9271043684920115,0.8254768582678955
169,FCU_022,FCU,2025-05-05 14:04:15.858172,Coil fouling,1,LOW,2.1083286934151193,2.1083286934151193,2025-05-05 16:10:45.841468,0.9369488071329001,1.072878679125219,1.0052323986046954
170,FCU_028,FCU,2023-11-08 23:31:03.385273,Filter blockage,1,LOW,0.8332574778221452,0.8332574778221452,2023-11-09 00:21:03.112193,0.9652023173656822,0.941026347829325,0.908280811627029
170,HWP_001,HW_Pump,2024-05-19 18:31:33.088855,Impeller damage,4,CRITICAL,10.901436635505968,10.901436635505968,2024-05-20 05:25:38.260743,1.092927168177414,1.051848339503747,1.1495936270459453
170,FCU_048,FCU,2024-10-28 20:40:59.767956,Filter blockage,1,LOW,3.3685552474969622,3.3685552474969622,2024-10-29 00:03:06.566847,0.9616684422721863,1.122473602738133,1.0794474410368293
170,FCU_039,FCU,2024-11-14 07:59:08.528748,Filter blockage,1,LOW,1.0741770218174729,1.0741770218174729,2024-11-14 09:03:35.566027,1.0485857766676507,1.1411165835278998,1.196558619006939
170,FCU_040,FCU,2025-05-03 21:26:47.918852,Coil fouling,1,LOW,2.8292504895297133,2.8292504895297133,2025-05-04 00:16:33.220614,0.8880306759011111,1.0502703553260737,0.9326722935191133
170,FCU_045,FCU,2025-05-10 00:54:53.791515,Thermostat failure,1,LOW,2.135245803894089,2.135245803894089,2025-05-10 03:03:00.676409,0.9412684755132162,0.9793111609268451,0.9217947234986895
171,HP_001,HeatPump,2025-01-19 12:49:39.775612,Control valve failure,3,HIGH,1.728284623076325,1.728284623076325,2025-01-19 14:33:21.600255,0.8630276049087253,1.0039383654468814,0.8664265230076027
171,FCU_001,FCU,2025-02-20 14:21:57.716833,Fan motor failure,2,MEDIUM,5.111157406138767,5.111157406138767,2025-02-20 19:28:37.883495,1.124229426238047,0.9263668212849933,1.0414488399791915
171,FCU_037,FCU,2025-03-28 15:20:44.073568,Coil fouling,1,LOW,1.6179246704547012,1.6179246704547012,2025-03-28 16:57:48.602382,1.1156501738475286,0.9409306692780269,1.0497494647585022
172,HWP_001,HW_Pump,2024-01-21 00:17:47.544995,Impeller damage,4,CRITICAL,14.888900052428562,14.888900052428562,2024-01-21 15:11:07.585184,0.9464136819318523,0.9309965086433707,0.881107833610872
172,CT_001,CoolingTower,2024-05-05 11:33:16.592481,Fan motor failure,4,CRITICAL,8.20882400568927,8.20882400568927,2024-05-05 19:45:48.358901,1.1066736387295382,1.0059438457934857,1.1132515361818622
172,FCU_044,FCU,2024-06-22 13:17:55.448159,Coil fouling,1,LOW,1.1589787052220724,1.1589787052220724,2024-06-22 14:27:27.771498,0.9064021584023888,1.067410314540901,0.9675030130008455
172,FCU_043,FCU,2024-09-25 09:29:14.225136,Fan motor failure,2,MEDIUM,3.614942463669744,3.614942463669744,2024-09-25 13:06:08.018005,0.8380377522424536,0.9847157583382187,0.8252289807154839
172,FCU_020,FCU,2025-02-14 17:15:01.374099,Valve actuator,2,MEDIUM,2.666275441234822,2.666275441234822,2025-02-14 19:54:59.965687,0.9125207484040747,0.9764925173156138,0.8910696827118229
172,FCU_034,FCU,2025-03-01 13:46:16.417073,Filter blockage,1,LOW,1.149370266394031,1.149370266394031,2025-03-01 14:55:14.150032,1.1281128342644213,1.1322263011512737,1.2772790216204855
172,FCU_033,FCU,2025-05-24 21:15:46.999462,Fan motor failure,2,MEDIUM,5.702815403330492,5.702815403330492,2025-05-25 02:57:57.134914,1.0295218157583967,1.1142035103917842,1.1470968211429293
173,FCU_023,FCU,2023-11-19 01:22:33.033315,Coil fouling,1,LOW,2.052072436775054,2.052072436775054,2023-11-19 03:25:40.494087,1.0287863963413868,0.965639993764176,0.9934372893477659
173,HP_001,HeatPump,2023-11-21 19:38:50.982914,Heat exchanger fouling,2,MEDIUM,3.238898327253731,3.238898327253731,2023-11-21 22:53:11.016892,1.0764626485504865,0.9788982756231338,1.0537474304387826
173,FCU_014,FCU,2024-08-06 11:17:12.213000,Filter blockage,1,LOW,0.7515559657568754,0.7515559657568754,2024-08-06 12:02:17.814477,1.0638539029580696,1.0974681580854688,1.1675457833514298
173,HP_002,HeatPump,2024-09-20 18:57:18.491282,Sensor malfunction,1,LOW,1.7699187069568811,1.7699187069568811,2024-09-20 20:43:30.198627,1.0247610098896227,1.0717287114332987,1.0982657966560911
173,FCU_029,FCU,2024-10-28 22:39:51.118257,Fan motor failure,2,MEDIUM,7.476429762539508,7.476429762539508,2024-10-29 06:08:26.265402,0.8619786312891299,1.093020686606925,0.9421604754121422
173,HWP_001,HW_Pump,2024-11-11 00:30:57.790723,Seal leakage,2,MEDIUM,4.59832225460654,4.59832225460654,2024-11-11 05:06:51.750840,0.9590657682834479,1.095502702840655,1.0506591413564665
173,CT_001,CoolingTower,2025-01-07 12:36:24.800680,Fan motor failure,4,CRITICAL,13.653379882061063,13.653379882061063,2025-01-08 02:15:36.968255,1.1142187620415342,0.9860617189834958,1.0986884678223379
174,FCU_043,FCU,2024-01-07 15:17:11.619952,Coil fouling,1,LOW,1.80052325605178,1.80052325605178,2024-01-07 17:05:13.503674,0.8530438832293863,0.9885366914290976,0.843265177971407
174,FCU_037,FCU,2024-01-25 07:12:23.751412,Thermostat failure,1,LOW,1.2344877107694303,1.2344877107694303,2024-01-25 08:26:27.907171,1.198525959249438,1.0748692260018302,1.2882586701615444
174,FCU_034,FCU,2024-08-15 16:51:24.555877,Fan motor failure,2,MEDIUM,2.5713747021853774,2.5713747021853774,2024-08-15 19:25:41.504805,0.9356824504985328,1.0936993795229857,1.0233553155407922
174,FCU_002,FCU,2024-11-24 09:51:38.950795,Filter blockage,1,LOW,0.6932741308320418,0.6932741308320418,2024-11-24 10:33:14.737666,1.1789540924347688,1.0285374156517992,1.2125983954049695
174,FCU_017,FCU,2024-12-30 20:22:52.359387,Fan motor failure,2,MEDIUM,3.4615438985519438,3.4615438985519438,2024-12-30 23:50:33.917422,1.0433326414065849,1.0457217185737036,1.0910356028157355
174,FCU_011,FCU,2025-03-10 11:22:01.001773,Thermostat failure,1,LOW,2.966772809719131,2.966772809719131,2025-03-10 14:20:01.383888,0.9738263503101707,1.1078993833149122,1.0789016129644498
174,FCU_002,FCU,2025-03-10 20:55:10.307245,Fan motor failure,2,MEDIUM,5.977911113806433,5.977911113806433,2025-03-11 02:53:50.787255,1.0095579153311898,1.0098356453432893,1.019487568939898
175,FCU_011,FCU,2024-03-11 16:02:57.690003,Fan motor failure,2,MEDIUM,2.1993350933781137,2.1993350933781137,2024-03-11 18:14:55.296339,1.0798170047667166,0.9636087960997977,1.0405211639713452
175,FCU_002,FCU,2025-02-02 21:20:34.288342,Fan motor failure,2,MEDIUM,2.7723007755839166,2.7723007755839166,2025-02-03 00:06:54.571134,1.0851373678875387,0.9610195982904851,1.0428382773772769
176,FCU_015,FCU,2024-03-29 05:08:36.031702,Valve actuator,2,MEDIUM,3.9506566638655287,3.9506566638655287,2024-03-29 09:05:38.395692,0.9577476979772631,0.9792026941507633,0.9378291261760276
176,FCU_032,FCU,2024-10-30 08:09:56.296980,Filter blockage,1,LOW,1.3152720703736827,1.3152720703736827,2024-10-30 09:28:51.276433,0.8084296228042254,0.9812272480528066,0.7932531740285585
176,FCU_007,FCU,2025-02-27 00:07:16.396034,Fan motor failure,2,MEDIUM,3.5052026699898513,3.5052026699898513,2025-02-27 03:37:35.125646,0.9845276877820878,0.9392050367232823,0.9246733631584639
177,CHWP_002,CHW_Pump,2023-12-28 19:11:32.945681,Seal leakage,2,MEDIUM,3.3230792742412194,3.3230792742412194,2023-12-28 22:30:56.031068,1.269763777161348,1.040670960401807,1.3214062894619258
177,CHWP_002,CHW_Pump,2025-03-05 11:45:36.632265,Bearing wear,3,HIGH,5.946692757939638,5.946692757939638,2025-03-05 17:42:24.726194,0.9968098456646597,1.0233228503155307,1.0200582924881438
177,HWP_002,HW_Pump,2025-03-17 10:35:54.475816,Bearing wear,3,HIGH,8.011330285716117,8.011330285716117,2025-03-17 18:36:35.264845,1.0171204838175694,0.9423615271504816,0.9584952124263614
177,FCU_037,FCU,2025-03-28 05:44:51.448385,Fan motor failure,2,MEDIUM,4.788351430811269,4.788351430811269,2025-03-28 10:32:09.513536,0.9435381604033656,1.0573667728394747,0.9976658997166012
177,HP_002,HeatPump,2025-05-13 08:48:51.326754,Refrigerant leak,3,HIGH,13.771186964312719,13.771186964312719,2025-05-13 22:35:07.599826,1.0765475162111788,0.9477558477583521,1.020304203878874
178,FCU_033,FCU,2024-04-11 05:09:41.344117,Filter blockage,1,LOW,1.326435403564985,1.326435403564985,2024-04-11 06:29:16.511570,1.09144252359179,1.0332172999640674,1.1276972972914772
178,FCU_001,FCU,2024-07-16 01:33:11.306063,Thermostat failure,1,LOW,1.5315314282653576,1.5315314282653576,2024-07-16 03:05:04.819205,0.8,0.9433739255057565,0.7546991404046053
178,FCU_036,FCU,2025-02-10 16:00:03.922628,Coil fouling,1,LOW,1.403958989406211,1.403958989406211,2025-02-10 17:24:18.174990,0.9139949628624698,0.903674324960172,0.8259537810817399
178,FCU_019,FCU,2025-05-08 04:36:58.370914,Filter blockage,1,LOW,1.5997948132734838,1.5997948132734838,2025-05-08 06:12:57.632242,1.1471162614043147,1.0812845481193079,1.2403590883528741
179,FCU_001,FCU,2023-10-14 01:45:43.390269,Valve actuator,2,MEDIUM,6.265036792400843,6.265036792400843,2023-10-14 08:01:37.522722,1.0855622291600067,1.1041547885247955,1.1986287335686727
179,HP_001,HeatPump,2023-12-17 09:45:37.841207,Heat exchanger fouling,2,MEDIUM,3.295127363396122,3.295127363396122,2023-12-17 13:03:20.299715,1.0627155261562922,0.9362820258977537,0.9950014457826104
179,FCU_018,FCU,2024-04-08 18:56:13.471531,Fan motor failure,2,MEDIUM,4.144516764297273,4.144516764297273,2024-04-08 23:04:53.731882,1.040576945478218,1.1213967343093532,1.1668995884568756
179,FCU_009,FCU,2024-05-10 21:09:07.786813,Thermostat failure,1,LOW,1.5504869922305125,1.5504869922305125,2024-05-10 22:42:09.539985,1.0243167188381435,1.083250786847079,1.109591891662037
179,FCU_006,FCU,2024-08-07 07:37:36.387183,Fan motor failure,2,MEDIUM,3.76058241243991,3.76058241243991,2024-08-07 11:23:14.483868,1.1381650367398328,0.9901433053547914,1.1269464915168357
180,FCU_006,FCU,2024-03-17 07:26:34.044516,Fan motor failure,2,MEDIUM,4.581250468939699,4.581250468939699,2024-03-17 12:01:26.546204,1.0589263599465963,0.935349656640186,0.9904664071832909
180,FCU_029,FCU,2024-06-28 22:30:15.440088,Fan motor failure,2,MEDIUM,4.121493943091236,4.121493943091236,2024-06-29 02:37:32.818283,1.0729785365560018,0.9516185128400544,1.0210662392667205
180,FCU_013,FCU,2024-08-30 09:05:15.985349,Filter blockage,1,LOW,0.714950213306702,0.714950213306702,2024-08-30 09:48:09.806117,1.111838309758709,1.0596650897176842,1.1781762422620208
180,FCU_046,FCU,2025-05-22 18:23:28.711308,Thermostat failure,1,LOW,1.3599418294051222,1.3599418294051222,2025-05-22 19:45:04.501894,0.8662191773679874,1.1141684402458258,0.9651140697591128
181,FCU_041,FCU,2023-11-04 23:09:59.656830,Fan motor failure,2,MEDIUM,3.7275425429049163,3.7275425429049163,2023-11-05 02:53:38.809984,1.0369594721065265,1.088350108888029,1.128574954379611
181,HP_001,HeatPump,2024-10-10 13:57:44.571513,Heat exchanger fouling,2,MEDIUM,3.4766770970596745,3.4766770970596745,2024-10-10 17:26:20.609062,0.9747730814269262,1.132376576447248,1.1038102047591571
181,FCU_025,FCU,2024-12-15 00:32:08.801662,Coil fouling,1,LOW,1.7734186851674,1.7734186851674,2024-12-15 02:18:33.108929,0.9765292188825963,0.9912845323889745,0.9680183101042049
181,CHWP_001,CHW_Pump,2025-02-26 21:03:45.960745,Bearing wear,3,HIGH,7.805777082310041,7.805777082310041,2025-02-27 04:52:06.758241,1.145092977722414,0.9594449601544941,1.0986536863840723
181,FCU_003,FCU,2025-03-16 06:41:50.750888,Filter blockage,1,LOW,0.7013938651628719,0.7013938651628719,2025-03-16 07:23:55.768803,1.0111858628395742,1.1041786529752815,1.1165298439378488
182,FCU_041,FCU,2024-05-15 05:18:40.271605,Fan motor failure,2,MEDIUM,3.60129740074981,3.60129740074981,2024-05-15 08:54:44.942248,0.9131560170534339,1.075173371270615,0.9818010333513878
182,HP_002,HeatPump,2024-12-13 10:01:41.012928,Heat exchanger fouling,2,MEDIUM,4.083252477551544,4.083252477551544,2024-12-13 14:06:40.721847,0.9863079472227523,0.9203015222463569,0.9077007052327783
182,HP_001,HeatPump,2025-02-16 17:46:06.229939,Control valve failure,3,HIGH,2.401296486973611,2.401296486973611,2025-02-16 20:10:10.897292,1.0195936983774132,0.9911854411994389,1.0106064297703838
183,CHWP_003,CHW_Pump,2024-02-22 17:17:27.199280,Impeller damage,4,CRITICAL,12.230438472248162,12.230438472248162,2024-02-23 05:31:16.777780,1.1613412351984702,0.9742079137092658,1.1313878218472435
183,FCU_039,FCU,2025-04-01 01:35:10.577593,Thermostat failure,1,LOW,2.4095734886528515,2.4095734886528515,2025-04-01 03:59:45.042152,1.045068133739218,0.9096153227268678,0.9506099877427643
184,FCU_023,FCU,2023-11-12 21:47:47.729501,Fan motor failure,2,MEDIUM,4.031426230056661,4.031426230056661,2023-11-13 01:49:40.863929,1.0316648152563512,1.0678257940035456,1.1016383004966344
184,FCU_041,FCU,2024-06-24 18:07:53.895485,Fan motor failure,2,MEDIUM,4.251027128990064,4.251027128990064,2024-06-24 22:22:57.593149,0.9018439461164185,1.0244837785910517,0.9239244936168132
185,HP_001,HeatPump,2024-06-03 01:02:42.176114,Compressor degradation,4,CRITICAL,13.290664410862014,13.290664410862014,2024-06-03 14:20:08.567993,0.9641535092389928,1.0081343009014598,0.9719962239983412
185,FCU_033,FCU,2024-12-01 11:43:24.289108,Fan motor failure,2,MEDIUM,4.159019992937582,4.159019992937582,2024-12-01 15:52:56.761083,0.9115552206835354,0.947346462464208,0.8635586136553277
186,CHWP_003,CHW_Pump,2023-08-10 08:17:17.918305,Motor overheating,3,HIGH,3.4282257889221985,3.4282257889221985,2023-08-10 11:42:59.531145,1.163232743214427,0.9509758171239873,1.106206208483717
186,FCU_029,FCU,2025-03-05 00:39:00.846216,Coil fouling,1,LOW,1.7664593607651722,1.7664593607651722,2025-03-05 02:25:00.099915,0.9504534973817286,0.9732963725004684,0.9250729412320199
187,FCU_047,FCU,2024-03-02 22:28:33.977072,Filter blockage,1,LOW,0.7394070738600067,0.7394070738600067,2024-03-02 23:12:55.842538,1.0605295852166825,1.072918356474956,1.1378616595637498
187,FCU_032,FCU,2024-04-22 19:40:31.655681,Coil fouling,1,LOW,2.2247813286866704,2.2247813286866704,2024-04-22 21:54:00.868464,0.9926489823248583,0.932530469294087,0.925675421331698
187,HP_002,HeatPump,2024-09-24 07:35:54.662950,Heat exchanger fouling,2,MEDIUM,7.262800632689353,7.262800632689353,2024-09-24 14:51:40.745228,0.951104783229952,0.9431906641199171,0.8970731521422882
187,CHWP_002,CHW_Pump,2024-11-17 19:28:50.104099,Bearing wear,3,HIGH,9.170195555152695,9.170195555152695,2024-11-18 04:39:02.808098,0.8785445605729052,0.9298237299812979,0.8168915802666791
187,FCU_007,FCU,2025-01-02 12:49:57.622559,Coil fouling,1,LOW,1.8953080095497619,1.8953080095497619,2025-01-02 14:43:40.731393,0.9224085574506938,0.9775237658033671,0.9016762866884537
187,FCU_033,FCU,2025-03-11 13:55:36.570324,Thermostat failure,1,LOW,2.1654661758635543,2.1654661758635543,2025-03-11 16:05:32.248557,1.1217346526446925,1.122666596775722,1.2593340249700136
188,CHWP_001,CHW_Pump,2025-04-26 04:30:11.906474,Seal leakage,2,MEDIUM,3.7295456848060433,3.7295456848060433,2025-04-26 08:13:58.270939,0.9840295827992251,0.9394489334941891,0.9244455420874639
189,HP_002,HeatPump,2024-03-24 23:26:43.857706,Compressor degradation,4,CRITICAL,9.623739596708553,9.623739596708553,2024-03-25 09:04:09.320254,0.9471707150399732,1.1270832660219887,1.0675402629876354
189,FCU_036,FCU,2024-08-20 02:33:17.186748,Coil fouling,1,LOW,1.4264918243400995,1.4264918243400995,2024-08-20 03:58:52.557316,1.0492251601845581,1.0506671224682043,1.1023863798723503
189,FCU_046,FCU,2024-09-08 08:32:04.021653,Coil fouling,1,LOW,2.772311125413041,2.772311125413041,2024-09-08 11:18:24.341704,0.876380126355695,1.1058173082102356,0.9691163122956008
189,FCU_011,FCU,2024-10-27 18:00:46.813497,Valve actuator,2,MEDIUM,2.072358817144041,2.072358817144041,2024-10-27 20:05:07.305239,0.9688031951527818,1.010553490701625,0.9790274506645312
189,FCU_020,FCU,2024-11-25 17:19:28.977194,Filter blockage,1,LOW,0.6700929296121243,0.6700929296121243,2024-11-25 17:59:41.311741,1.019452697383542,1.1334742503871533,1.1555233819719717
189,FCU_043,FCU,2025-03-07 09:49:38.949961,Valve actuator,2,MEDIUM,2.135419923642004,2.135419923642004,2025-03-07 11:57:46.461686,0.8458863697899863,1.1420412200191359,0.9660371017525139
189,FCU_003,FCU,2025-04-05 19:39:08.147536,Filter blockage,1,LOW,0.7940279727208679,0.7940279727208679,2025-04-05 20:26:46.648238,0.9698100156793659,0.9824506997980398,0.952790528575341
190,FCU_026,FCU,2023-12-26 11:07:48.924835,Thermostat failure,1,LOW,2.1126565723212702,2.1126565723212702,2023-12-26 13:14:34.488495,0.9722057323203489,1.1318361399988683,1.1003775833542366
190,FCU_021,FCU,2024-11-11 04:36:46.454265,Thermostat failure,1,LOW,2.0906817179848187,2.0906817179848187,2024-11-11 06:42:12.908450,0.8988858016480425,1.0785922075635892,0.9695312211471288
190,HP_001,HeatPump,2024-12-26 11:49:49.591992,Control valve failure,3,HIGH,3.0097074056138124,3.0097074056138124,2024-12-26 14:50:24.538652,1.1693901877924018,1.116418066980389,1.3055283330010272
190,FCU_040,FCU,2025-05-01 20:38:18.120752,Fan motor failure,2,MEDIUM,4.121307232993627,4.121307232993627,2025-05-02 00:45:34.826791,0.9738018785836079,0.9540135260222707,0.9290201638346589
191,FCU_034,FCU,2024-04-09 14:21:14.406859,Filter blockage,1,LOW,1.0079315251038299,1.0079315251038299,2024-04-09 15:21:42.960349,1.0550920205443806,0.9328885333587149,0.9842832476041303
191,CHWP_003,CHW_Pump,2024-10-09 17:40:12.631351,Seal leakage,2,MEDIUM,4.839489155496505,4.839489155496505,2024-10-09 22:30:34.792311,0.947644687987129,1.027470598712367,0.9736770549327295
191,FCU_033,FCU,2024-10-29 20:04:49.753438,Thermostat failure,1,LOW,1.28034441179287,1.28034441179287,2024-10-29 21:21:38.993320,0.9136716116004149,0.9354007155174899,0.8546490792390462
191,HP_002,HeatPump,2025-05-24 04:19:18.114156,Refrigerant leak,3,HIGH,3.8709395574188763,3.8709395574188763,2025-05-24 08:11:33.496563,1.0547717840111137,0.9463145611253907,0.9981458978739225
192,FCU_002,FCU,2024-08-22 08:52:28.463783,Filter blockage,1,LOW,1.5409272985746676,1.5409272985746676,2024-08-22 10:24:55.802058,0.8,0.9369840434721715,0.7495872347777373
192,FCU_013,FCU,2024-11-26 17:07:49.675132,Fan motor failure,2,MEDIUM,4.909327221444811,4.909327221444811,2024-11-26 22:02:23.253129,1.1522554021217442,1.0401421821112824,1.1985094483124241
192,FCU_010,FCU,2025-01-31 07:58:59.693002,Filter blockage,1,LOW,1.0533299265827982,1.0533299265827982,2025-01-31 09:02:11.680738,0.9667378620133981,1.0106628336934498,0.9770460270612081
193,FCU_042,FCU,2024-03-05 12:39:53.204440,Valve actuator,2,MEDIUM,2.3564316070402143,2.3564316070402143,2024-03-05 15:01:16.358225,0.999900206920557,0.9870783914878027,0.9869798878954645
193,HP_002,HeatPump,2024-03-21 03:36:57.977537,Compressor degradation,4,CRITICAL,11.774848728385495,11.774848728385495,2024-03-21 15:23:27.432959,0.8757817809988904,1.0283668782924955,0.9006249761912708
193,HWP_002,HW_Pump,2024-07-08 00:29:48.192212,Bearing wear,3,HIGH,6.306569210767845,6.306569210767845,2024-07-08 06:48:11.841371,1.0224763066852014,1.0598753819372395,1.0836974660697558
193,FCU_040,FCU,2024-10-19 09:59:42.933410,Coil fouling,1,LOW,2.7036724396480567,2.7036724396480567,2024-10-19 12:41:56.154193,0.9388944314372906,1.002888289161186,0.9416062300471089
193,FCU_013,FCU,2024-11-05 00:55:26.249910,Thermostat failure,1,LOW,1.9361955661798091,1.9361955661798091,2024-11-05 02:51:36.553948,0.9792304248844192,1.0637277395026101,1.0416345663144837
193,CHWP_002,CHW_Pump,2024-12-04 14:25:55.451956,Impeller damage,4,CRITICAL,9.763874229576228,9.763874229576228,2024-12-05 00:11:45.399182,0.8,0.9856101751626005,0.7884881401300805
194,CHWP_003,CHW_Pump,2023-12-14 19:41:02.580267,Bearing wear,3,HIGH,8.850874077067244,8.850874077067244,2023-12-15 04:32:05.726944,0.8864296343131068,0.994344487678308,0.8814164205939361
194,FCU_050,FCU,2025-04-09 07:57:32.819442,Valve actuator,2,MEDIUM,4.979756047149776,4.979756047149776,2025-04-09 12:56:19.941212,0.9107851383574548,1.0819572641943376,0.985430596566093
195,FCU_047,FCU,2025-05-02 02:41:20.686724,Coil fouling,1,LOW,1.8581743419326293,1.8581743419326293,2025-05-02 04:32:50.114355,0.9998196132059326,1.0334872064785927,1.0333007790347064
195,FCU_001,FCU,2025-05-05 13:17:12.323456,Thermostat failure,1,LOW,2.149700960380001,2.149700960380001,2025-05-05 15:26:11.246913,0.9506449830293395,1.1411945674884203,1.0848708902432038
196,HP_002,HeatPump,2024-08-05 02:07:02.939199,Refrigerant leak,3,HIGH,3.354160781133445,3.354160781133445,2024-08-05 05:28:17.918011,1.0342743493036834,1.1095813299764472,1.1476115080609055
196,FCU_040,FCU,2024-12-26 21:30:55.181666,Filter blockage,1,LOW,0.9831352337414972,0.9831352337414972,2024-12-26 22:29:54.468507,0.9542382189055217,0.9044637300219422,0.8630738588007828
196,FCU_007,FCU,2025-01-04 06:43:25.555323,Filter blockage,1,LOW,0.5744291078833126,0.5744291078833126,2025-01-04 07:17:53.500111,1.0529606655179902,0.9672170103687208,1.018441466938169
197,FCU_022,FCU,2024-04-30 09:10:31.863167,Fan motor failure,2,MEDIUM,2.50610964071527,2.50610964071527,2024-04-30 11:40:53.857874,0.8804407062681512,1.0403522143005826,0.9159684383264399
197,FCU_033,FCU,2024-06-26 10:49:22.606732,Filter blockage,1,LOW,0.7485132299718125,0.7485132299718125,2024-06-26 11:34:17.254360,1.0273133509558328,1.1167444634052464,1.147246496862217
197,CT_001,CoolingTower,2024-12-31 08:25:30.671458,Fan motor failure,4,CRITICAL,9.368523726609938,9.368523726609938,2024-12-31 17:47:37.356874,1.022989810264745,1.1135317264364728,1.1391316095510213
197,CHWP_002,CHW_Pump,2025-01-05 16:35:12.017505,Impeller damage,4,CRITICAL,10.2654535590199,10.2654535590199,2025-01-06 02:51:07.650317,0.9864752646810468,1.0218630764998498,1.0080426488579781
197,FCU_006,FCU,2025-04-09 10:44:13.836184,Fan motor failure,2,MEDIUM,4.674246346141443,4.674246346141443,2025-04-09 15:24:41.123030,0.8905655774307053,1.0543652056919182,0.9389813582298675
198,HWP_002,HW_Pump,2024-07-05 07:47:05.250280,Impeller damage,4,CRITICAL,11.335805844560625,11.335805844560625,2024-07-05 19:07:14.151320,0.9498109598114796,0.9698188938740304,0.9211446144338002
198,FCU_009,FCU,2024-08-18 13:53:44.996464,Coil fouling,1,LOW,1.6712398268777342,1.6712398268777342,2024-08-18 15:34:01.459841,1.018923722837666,1.0637688386857378,1.0838993053523724
199,FCU_038,FCU,2025-01-14 11:40:19.063663,Filter blockage,1,LOW,0.5953239129850101,0.5953239129850101,2025-01-14 12:16:02.229750,0.9987954486899503,1.1157161579326544,1.1143722205729731
199,FCU_050,FCU,2025-03-03 19:26:16.741764,Fan motor failure,2,MEDIUM,6.431037365358229,6.431037365358229,2025-03-04 01:52:08.476279,1.0448548280244359,0.94957889744991,0.9921720955906591
199,FCU_007,FCU,2025-04-15 04:07:11.615268,Valve actuator,2,MEDIUM,2.530221663909341,2.530221663909341,2025-04-15 06:39:00.413258,1.0893677199999938,1.1034040976966075,1.2020128061464037
199,FCU_027,FCU,2025-04-22 12:53:47.753698,Coil fouling,1,LOW,1.6603436972497372,1.6603436972497372,2025-04-22 14:33:24.991008,1.0127113061877848,0.929680007774732,0.9414974550102189
200,FCU_050,FCU,2023-11-22 13:59:34.017773,Coil fouling,1,LOW,2.2862798621332514,2.2862798621332514,2023-11-22 16:16:44.625277,1.1933849856696863,1.0086852253480383,1.203749803197193
200,FCU_026,FCU,2024-05-29 19:50:07.936713,Fan motor failure,2,MEDIUM,3.7164080901455336,3.7164080901455336,2024-05-29 23:33:07.005838,0.9351240926503528,0.9548927952430035,0.8929432587299728
200,FCU_020,FCU,2024-07-19 15:53:48.499555,Filter blockage,1,LOW,0.969110245020784,0.969110245020784,2024-07-19 16:51:57.296437,1.1119235347812844,0.9927005606950485,1.1038071164274013
200,FCU_034,FCU,2024-12-10 12:23:48.134475,Fan motor failure,2,MEDIUM,4.486900953907462,4.486900953907462,2024-12-10 16:53:00.977909,0.8719199209581046,0.9377594995016238,0.8176511886831676
201,FCU_004,FCU,2024-09-05 13:00:16.815798,Valve actuator,2,MEDIUM,1.9624901370630021,1.9624901370630021,2024-09-05 14:58:01.780291,0.917638196374626,1.1425689490426432,1.048464909633143
201,FCU_040,FCU,2024-12-11 18:31:53.759559,Valve actuator,2,MEDIUM,2.4160762528894426,2.4160762528894426,2024-12-11 20:56:51.634069,0.9096869530890717,1.0786562035760658,0.9812394752617367
201,FCU_030,FCU,2024-12-30 03:22:43.413687,Fan motor failure,2,MEDIUM,4.730553379622317,4.730553379622317,2024-12-30 08:06:33.405854,0.849346625083534,1.0778148199755566,0.9154383798112558
201,FCU_043,FCU,2025-02-06 23:13:33.612226,Coil fouling,1,LOW,0.963065450031892,0.963065450031892,2025-02-07 00:11:20.647846,1.027431591019176,1.0989740592393302,1.1291206661730673
201,HP_001,HeatPump,2025-02-18 14:51:41.261794,Refrigerant leak,3,HIGH,7.155547166726444,7.155547166726444,2025-02-18 22:01:01.231594,0.9384685741091924,1.035195976200146,0.9714988917081244
202,HP_002,HeatPump,2024-03-25 05:57:00.519012,Refrigerant leak,3,HIGH,5.821627495576454,5.821627495576454,2024-03-25 11:46:18.377996,1.0852698034418378,1.1436046419893253,1.2411195850269283
202,FCU_033,FCU,2025-01-31 10:12:53.908829,Filter blockage,1,LOW,0.8833369310929068,0.8833369310929068,2025-01-31 11:05:53.921781,0.8933846843948845,0.9261341887996395,0.8273940999680783
202,FCU_034,FCU,2025-05-27 21:01:05.520744,Coil fouling,1,LOW,2.798743144765991,2.798743144765991,2025-05-27 23:49:00.996065,0.9750497276157095,0.9229601228568156,0.8999320163916998
203,HWP_001,HW_Pump,2023-10-14 16:17:29.678042,Seal leakage,2,MEDIUM,3.328899610413947,3.328899610413947,2023-10-14 19:37:13.716639,1.1678832204158942,0.973605395972283,1.1370574052624018
203,FCU_046,FCU,2024-06-17 06:05:02.711078,Fan motor failure,2,MEDIUM,4.1160496605244195,4.1160496605244195,2024-06-17 10:12:00.489856,1.0417910347431987,1.1087259817472535,1.15506078777114
203,FCU_004,FCU,2024-09-05 01:32:18.718215,Filter blockage,1,LOW,1.1173249612041167,1.1173249612041167,2024-09-05 02:39:21.088075,1.024365926787917,1.1040955609639886,1.1309978725693013
203,FCU_019,FCU,2025-01-02 00:20:32.785652,Filter blockage,1,LOW,1.0119615956347103,1.0119615956347103,2025-01-02 01:21:15.847396,0.9524157548344312,1.0737831912884335,1.0226880286594977
203,FCU_010,FCU,2025-01-24 02:20:24.900068,Valve actuator,2,MEDIUM,3.1960599508906595,3.1960599508906595,2025-01-24 05:32:10.715891,1.0752458990346192,0.9607855677482722,1.033080741572978
203,FCU_028,FCU,2025-03-27 23:16:51.149348,Fan motor failure,2,MEDIUM,4.142208385316072,4.142208385316072,2025-03-28 03:25:23.099535,0.9988508931426391,1.0494966338825507,1.048290650103779
203,FCU_034,FCU,2025-04-18 12:16:44.654610,Valve actuator,2,MEDIUM,3.434378997941371,3.434378997941371,2025-04-18 15:42:48.419003,0.8217349522848576,1.0684466929864052,0.8779799922800975
204,CHWP_003,CHW_Pump,2024-01-18 11:40:42.736507,Impeller damage,4,CRITICAL,7.400486667792445,7.400486667792445,2024-01-18 19:04:44.488511,1.1571230289248744,1.123317779329089,1.2998168712624392
204,FCU_050,FCU,2024-08-08 01:20:26.778063,Valve actuator,2,MEDIUM,3.923878743340563,3.923878743340563,2024-08-08 05:15:52.741539,0.9057197294070295,0.9325836732854648,0.8446594322175247
204,FCU_004,FCU,2024-09-20 10:49:57.142091,Coil fouling,1,LOW,2.2469381339817174,2.2469381339817174,2024-09-20 13:04:46.119373,0.9626882197853357,1.0968193476720005,1.0558950652364714
204,FCU_044,FCU,2024-10-28 13:31:37.193096,Coil fouling,1,LOW,2.945601990594245,2.945601990594245,2024-10-28 16:28:21.360262,0.9451003793440248,1.0924113950725138,1.0324384238827682
205,HWP_001,HW_Pump,2023-04-08 17:02:12.693333,Bearing wear,3,HIGH,9.433269998329479,9.433269998329479,2023-04-09 02:28:12.465327,0.8938331776649628,0.9292084933830069,0.8305573803538057
205,FCU_031,FCU,2023-11-10 00:22:51.744553,Fan motor failure,2,MEDIUM,4.239264890362366,4.239264890362366,2023-11-10 04:37:13.098158,0.9838304294633242,1.0128828726364407,0.996504991581955
205,FCU_041,FCU,2024-05-21 17:40:41.915764,Thermostat failure,1,LOW,2.255475767529629,2.255475767529629,2024-05-21 19:56:01.628527,0.8011855949144954,0.9972554500158701,0.7989867010026878
205,FCU_049,FCU,2024-07-06 21:09:56.730614,Coil fouling,1,LOW,1.9531947384345951,1.9531947384345951,2024-07-06 23:07:08.231672,1.0218765952929552,1.0078432103144879,1.0298913883452907
205,FCU_026,FCU,2025-05-16 20:38:01.457509,Valve actuator,2,MEDIUM,3.3544875187563936,3.3544875187563936,2025-05-16 23:59:17.612577,1.0143829622529372,1.0957476133799915,1.111507709941982
206,CHWP_003,CHW_Pump,2024-09-01 08:16:04.251139,Impeller damage,4,CRITICAL,6.690471256878988,6.690471256878988,2024-09-01 14:57:29.947664,1.092467447924867,1.0074508471502956,1.1006072558960287
206,CHWP_001,CHW_Pump,2024-09-18 12:59:01.050775,Bearing wear,3,HIGH,8.352647528695188,8.352647528695188,2024-09-18 21:20:10.581878,0.9594551405436165,1.0121397000053727,0.9711026381184287
206,FCU_032,FCU,2024-10-18 22:34:37.222154,Coil fouling,1,LOW,2.468292505791919,2.468292505791919,2024-10-19 01:02:43.075175,0.8873041128992213,1.1338180759440177,1.0060414420646087
206,FCU_007,FCU,2025-01-13 10:08:33.163341,Fan motor failure,2,MEDIUM,3.175796231204085,3.175796231204085,2025-01-13 13:19:06.029773,0.9630615638219763,0.9874503479312648,0.9509754762752385
206,FCU_010,FCU,2025-01-17 16:22:43.540275,Filter blockage,1,LOW,1.8236656102032458,1.8236656102032458,2025-01-17 18:12:08.736472,0.9293460594130085,1.1037179402639907,1.0257359184877821
206,FCU_049,FCU,2025-03-03 01:24:21.150105,Filter blockage,1,LOW,1.211483949593099,1.211483949593099,2025-03-03 02:37:02.492324,1.0966269600509926,1.08461720085708,1.1894204637949164
206,FCU_013,FCU,2025-03-16 18:20:00.350422,Coil fouling,1,LOW,2.005134765007273,2.005134765007273,2025-03-16 20:20:18.835576,1.1209912572178,1.0969377612430267,1.2296576400654995
206,FCU_028,FCU,2025-04-25 21:50:33.829839,Coil fouling,1,LOW,2.0095229963544305,2.0095229963544305,2025-04-25 23:51:08.112626,0.9884614202202804,1.0674336796524204,1.0551170109801913
206,FCU_016,FCU,2025-04-28 07:34:21.087636,Fan motor failure,2,MEDIUM,4.314775226803973,4.314775226803973,2025-04-28 11:53:14.278452,1.124008137078776,1.03678739247274,1.1653574655600463
207,FCU_011,FCU,2024-11-26 05:20:33.407449,Thermostat failure,1,LOW,1.8296380877641463,1.8296380877641463,2024-11-26 07:10:20.104565,0.8855760904336537,1.1190130450384086,0.9909711975693719
207,FCU_008,FCU,2025-01-05 20:45:00.407548,Coil fouling,1,LOW,1.45776487158621,1.45776487158621,2025-01-05 22:12:28.361086,0.933943346794941,1.1136319822071865,1.0400691805604638
207,FCU_042,FCU,2025-03-11 03:48:35.063230,Valve actuator,2,MEDIUM,2.096270361914104,2.096270361914104,2025-03-11 05:54:21.636533,0.955042580216551,0.9290125578675131,0.8872465503193676
207,HWP_002,HW_Pump,2025-05-10 22:45:53.662110,VFD malfunction,2,MEDIUM,5.804922732524713,5.804922732524713,2025-05-11 04:34:11.383947,1.0844067459431161,1.0572034727471475,1.146438577681496
207,CHWP_003,CHW_Pump,2025-05-20 10:03:24.374094,Seal leakage,2,MEDIUM,4.227301217375297,4.227301217375297,2025-05-20 14:17:02.658477,1.0080983281159062,0.9844607339794678,0.9924332200204593
208,FCU_038,FCU,2024-01-15 01:25:43.308623,Fan motor failure,2,MEDIUM,3.5269685068762913,3.5269685068762913,2024-01-15 04:57:20.395248,1.0911897134606974,1.0474178794075053,1.142931615704287
208,FCU_039,FCU,2024-09-04 21:17:12.188307,Coil fouling,1,LOW,2.1519391067968967,2.1519391067968967,2024-09-04 23:26:19.169091,1.1298256902992432,1.1198701515567668,1.2652580670281421
208,FCU_028,FCU,2025-04-24 22:03:17.161096,Filter blockage,1,LOW,1.4306162956130486,1.4306162956130486,2025-04-24 23:29:07.379760,0.9111526682716334,1.0475171652250017,0.9544480601550979
209,FCU_027,FCU,2024-10-09 00:51:59.976168,Fan motor failure,2,MEDIUM,5.318228395198046,5.318228395198046,2024-10-09 06:11:05.598391,1.1036528063335684,1.1420701964141058,1.2604489773023575
210,HP_002,HeatPump,2024-04-15 22:01:26.458414,Compressor degradation,4,CRITICAL,16.578992511783934,16.578992511783934,2024-04-16 14:36:10.831456,0.8526111903556306,1.093350542805178,0.9322029077770976
210,FCU_032,FCU,2024-05-12 20:35:26.440873,Coil fouling,1,LOW,2.089521760057651,2.089521760057651,2024-05-12 22:40:48.719209,0.9637381735045417,1.0757246456460428,1.0367169051887377
210,FCU_015,FCU,2024-12-01 08:16:45.959389,Filter blockage,1,LOW,1.4369038045613596,1.4369038045613596,2024-12-01 09:42:58.813085,0.9726723157667498,1.1453514652939067,1.1140516621142644
210,FCU_006,FCU,2025-05-14 16:08:12.145721,Coil fouling,1,LOW,2.2210180352543762,2.2210180352543762,2025-05-14 18:21:27.810648,1.0707203151298774,0.9087374040763907,0.9730035996629798
210,FCU_041,FCU,2025-05-22 22:21:54.011563,Coil fouling,1,LOW,0.8704838630155421,0.8704838630155421,2025-05-22 23:14:07.753470,0.8566984924917453,0.9320312540031097,0.798469770259655
211,FCU_001,FCU,2024-08-31 08:26:46.595710,Fan motor failure,2,MEDIUM,2.6402165143474363,2.6402165143474363,2024-08-31 11:05:11.375162,0.9535437737968232,1.0736076443980425,1.0237318848164272
211,FCU_026,FCU,2024-09-10 01:25:34.572131,Coil fouling,1,LOW,3.8752658953805668,3.8752658953805668,2024-09-10 05:18:05.529354,0.9923561502346817,0.9192049620393282,0.9121786974059645
212,FCU_028,FCU,2023-11-16 01:14:32.947061,Filter blockage,1,LOW,0.6695277796277103,0.6695277796277103,2023-11-16 01:54:43.247068,0.8858695610111167,1.0980274884924448,0.972709129208941
212,HWP_002,HW_Pump,2025-03-15 17:11:45.827120,Bearing wear,3,HIGH,9.433604437836093,9.433604437836093,2025-03-16 02:37:46.803096,0.9715147720482186,1.0695309342135357,1.0390651017509813
213,HP_001,HeatPump,2024-05-24 14:15:00.240917,Heat exchanger fouling,2,MEDIUM,3.4919504374654062,3.4919504374654062,2024-05-24 17:44:31.262492,0.8249766320325156,1.0560112310142433,0.8711845887506412
213,FCU_044,FCU,2025-03-04 22:45:30.428923,Coil fouling,1,LOW,2.1838856244849825,2.1838856244849825,2025-03-05 00:56:32.417171,1.0251189333911455,0.9497065714459981,0.9735621875552832
213,FCU_026,FCU,2025-03-24 19:18:53.823517,Thermostat failure,1,LOW,1.685063078288138,1.685063078288138,2025-03-24 21:00:00.050599,1.0585863090212084,1.0243850248799198,1.084399962504233
213,FCU_011,FCU,2025-04-02 10:37:57.830839,Valve actuator,2,MEDIUM,2.640744784277661,2.640744784277661,2025-04-02 13:16:24.512062,1.0576231111142969,0.9790248219269458,1.035439278024497
214,FCU_050,FCU,2024-04-30 01:25:54.667302,Coil fouling,1,LOW,1.6972846892433002,1.6972846892433002,2024-04-30 03:07:44.892183,0.940847357832585,0.974248426357958,0.9166190578114386
214,FCU_013,FCU,2024-05-26 01:37:54.369864,Fan motor failure,2,MEDIUM,5.059888615142847,5.059888615142847,2024-05-26 06:41:29.968879,0.8095982488646337,1.0176376037340926,0.8238776219619234
214,CHWP_002,CHW_Pump,2025-03-17 08:56:54.787754,Impeller damage,4,CRITICAL,11.390500798474086,11.390500798474086,2025-03-17 20:20:20.590629,0.8661263675952808,0.943148805125876,0.8168860486855043
214,FCU_029,FCU,2025-05-25 19:10:43.051042,Filter blockage,1,LOW,1.0637222928383754,1.0637222928383754,2025-05-25 20:14:32.451296,1.0175989927765763,0.9742789359999879,0.9914252639570221
215,FCU_044,FCU,2023-07-16 11:42:37.960245,Valve actuator,2,MEDIUM,2.3259842814235103,2.3259842814235103,2023-07-16 14:02:11.503658,1.0299376754464376,0.9389436373803666,0.9670534272587575
215,FCU_015,FCU,2023-12-22 21:34:34.905081,Coil fouling,1,LOW,2.6593798683516017,2.6593798683516017,2023-12-23 00:14:08.672607,1.0556629019107713,0.995236552443454,1.050634307040128
215,FCU_030,FCU,2024-06-10 17:31:17.751113,Coil fouling,1,LOW,1.4599789148233482,1.4599789148233482,2024-06-10 18:58:53.675206,1.001172836104269,0.9867756853612621,0.9879330115118687
215,FCU_026,FCU,2024-09-01 23:32:45.733321,Fan motor failure,2,MEDIUM,5.220032811742662,5.220032811742662,2024-09-02 04:45:57.851443,0.9177638168116498,0.993984196760113,0.9122427302690231
215,FCU_018,FCU,2025-04-07 07:10:35.494548,Fan motor failure,2,MEDIUM,3.532322270116536,3.532322270116536,2025-04-07 10:42:31.854720,1.0099910129961696,1.1155465185638704,1.1266919583286739
216,FCU_045,FCU,2023-11-28 19:42:02.587697,Valve actuator,2,MEDIUM,0.9827760034869238,0.9827760034869238,2023-11-28 20:41:00.581310,0.9683309736736156,0.9058040540279921,0.877118121594434
216,HP_002,HeatPump,2024-06-05 12:59:11.056193,Compressor degradation,4,CRITICAL,9.117804599333267,9.117804599333267,2024-06-05 22:06:15.152751,0.9204095798066243,0.9506508798330113,0.8749881768498996
216,FCU_030,FCU,2024-10-23 23:34:27.334486,Fan motor failure,2,MEDIUM,4.65812263716321,4.65812263716321,2024-10-24 04:13:56.575980,0.9921102816430185,1.0128244530713373,1.0048335533915407
216,FCU_008,FCU,2024-12-10 03:34:47.743645,Fan motor failure,2,MEDIUM,3.987276709463016,3.987276709463016,2024-12-10 07:34:01.939799,0.998496828781205,0.9961439953789779,0.9946466203953488
216,FCU_017,FCU,2025-02-09 14:25:36.592831,Filter blockage,1,LOW,0.6591246739374998,0.6591246739374998,2025-02-09 15:05:09.441657,1.0798097909177606,0.9225911114960255,0.9962229152071076
216,FCU_005,FCU,2025-02-25 17:02:37.556783,Filter blockage,1,LOW,1.2715397591938176,1.2715397591938176,2025-02-25 18:18:55.099916,1.0868561945281325,1.137375999332365,1.2361641503820062
216,FCU_023,FCU,2025-04-12 22:57:33.517317,Fan motor failure,2,MEDIUM,5.558164442958497,5.558164442958497,2025-04-13 04:31:02.909312,0.9602894377840742,1.089823469424577,1.0465459667376162
217,FCU_039,FCU,2024-06-04 13:05:37.233602,Valve actuator,2,MEDIUM,2.8243157332982953,2.8243157332982953,2024-06-04 15:55:04.770242,0.8977731256708184,1.1190831218769506,1.0046827522129274
217,FCU_035,FCU,2024-06-20 07:23:57.025476,Valve actuator,2,MEDIUM,2.567351587213249,2.567351587213249,2024-06-20 09:57:59.491190,1.0086342412982297,0.9656059751912087,0.9739432501800219
217,FCU_020,FCU,2024-11-04 17:16:34.643442,Valve actuator,2,MEDIUM,3.419357080547447,3.419357080547447,2024-11-04 20:41:44.328932,0.9745517111451363,0.9554575648982296,0.9311428047981348
217,FCU_030,FCU,2025-04-07 14:58:03.175278,Fan motor failure,2,MEDIUM,3.7141948791793515,3.7141948791793515,2025-04-07 18:40:54.276843,1.068802588932933,1.0708785380055743,1.144557753853072
217,FCU_046,FCU,2025-04-19 03:30:20.068177,Coil fouling,1,LOW,1.7615034023421021,1.7615034023421021,2025-04-19 05:16:01.480425,0.9873843509960317,1.1392152700943503,1.124843330106879
217,FCU_014,FCU,2025-04-29 14:54:58.267458,Fan motor failure,2,MEDIUM,3.799801052026909,3.799801052026909,2025-04-29 18:42:57.551245,0.9264513709970624,1.0872306205576356,1.0072662990056085
217,FCU_002,FCU,2025-05-02 21:03:28.871664,Filter blockage,1,LOW,0.9220446933937402,0.9220446933937402,2025-05-02 21:58:48.232560,1.1741033622563466,0.961409254649932,1.1287938383888532
218,FCU_049,FCU,2024-06-28 08:58:24.245777,Fan motor failure,2,MEDIUM,4.984808186611851,4.984808186611851,2024-06-28 13:57:29.555249,0.8947499380740697,1.016086151473505,0.9091430211088383
218,FCU_008,FCU,2024-07-18 20:35:33.301417,Fan motor failure,2,MEDIUM,3.7003261786205903,3.7003261786205903,2024-07-19 00:17:34.475660,1.1058124048456406,1.0921931528725173,1.2077607369339007
218,HWP_001,HW_Pump,2024-09-10 19:48:09.243917,Impeller damage,4,CRITICAL,12.158835302840775,12.158835302840775,2024-09-11 07:57:41.051007,0.9341598225325203,0.9070725615829638,0.8473507431524601
218,FCU_018,FCU,2024-10-02 19:36:43.583438,Fan motor failure,2,MEDIUM,3.8682431060506284,3.8682431060506284,2024-10-02 23:28:49.258620,0.9592154736097743,0.9324471135320462,0.8944176996227088
218,FCU_022,FCU,2024-12-02 21:34:33.757397,Fan motor failure,2,MEDIUM,3.861566311951427,3.861566311951427,2024-12-03 01:26:15.396120,0.8,1.108617005206725,0.8868936041653801
218,FCU_023,FCU,2025-01-21 22:31:50.203949,Fan motor failure,2,MEDIUM,4.2246881957149585,4.2246881957149585,2025-01-22 02:45:19.081454,0.8308210068089941,0.9104493099036514,0.7564204123027055
218,FCU_016,FCU,2025-05-12 05:23:02.970270,Valve actuator,2,MEDIUM,2.5904512335410015,2.5904512335410015,2025-05-12 07:58:28.594711,0.8329045978147306,1.14324041345206,0.9522101967718343
219,FCU_038,FCU,2023-08-16 10:19:37.042367,Valve actuator,2,MEDIUM,2.9343743706108563,2.9343743706108563,2023-08-16 13:15:40.790101,0.9823707235790308,1.0361508840601672,1.017884293711239
220,HWP_002,HW_Pump,2024-10-30 03:19:04.202339,Bearing wear,3,HIGH,7.993334304673369,7.993334304673369,2024-10-30 11:18:40.205836,0.9488658426749812,1.1373948142090398,1.0792350888386142
220,CHWP_002,CHW_Pump,2024-12-28 07:08:40.799859,Seal leakage,2,MEDIUM,3.9671575221221316,3.9671575221221316,2024-12-28 11:06:42.566939,1.0774537619361593,1.138251787801079,1.2264136707968314
221,FCU_013,FCU,2023-05-18 00:30:59.385161,Filter blockage,1,LOW,1.032200841616094,1.032200841616094,2023-05-18 01:32:55.308191,0.9604742391302249,0.997376691926505,0.9579546193043307
221,FCU_026,FCU,2024-02-28 01:54:55.894682,Fan motor failure,2,MEDIUM,3.667212226329179,3.667212226329179,2024-02-28 05:34:57.858697,1.0138879414512436,0.9861803648461922,0.9998763800135422
221,FCU_001,FCU,2025-03-02 06:15:22.956152,Valve actuator,2,MEDIUM,4.112026196524024,4.112026196524024,2025-03-02 10:22:06.250459,0.8873909152242271,0.9475102688759253,0.8408120046821608
221,FCU_046,FCU,2025-03-09 08:41:58.602365,Filter blockage,1,LOW,0.9513241039428655,0.9513241039428655,2025-03-09 09:39:03.369139,0.8777089766585523,1.1006029870461203,0.9660091214675961
222,FCU_043,FCU,2024-12-01 06:12:25.245466,Fan motor failure,2,MEDIUM,4.671683267900378,4.671683267900378,2024-12-01 10:52:43.305230,0.9983580300397423,1.0116800640948556,1.0100189158202202
222,FCU_005,FCU,2025-02-04 09:09:02.265364,Coil fouling,1,LOW,2.4698902172087274,2.4698902172087274,2025-02-04 11:37:13.870146,1.1564121996741044,0.9560401874395875,1.1055765361338565
223,FCU_048,FCU,2024-10-22 16:57:14.911303,Filter blockage,1,LOW,1.310492968705423,1.310492968705423,2024-10-22 18:15:52.685990,0.8675466224644762,1.040749643216479,0.902898837803565
223,FCU_029,FCU,2024-12-16 10:32:16.550610,Filter blockage,1,LOW,1.2778808533598105,1.2778808533598105,2024-12-16 11:48:56.921682,0.936444257715267,1.0516065539176487,0.9847709187919224
223,FCU_036,FCU,2025-03-24 15:17:10.101097,Coil fouling,1,LOW,1.712183968725266,1.712183968725266,2025-03-24 16:59:53.963384,0.9001408058162632,1.0827536656120915,0.9746307570645809
224,FCU_047,FCU,2024-08-30 00:22:52.055198,Thermostat failure,1,LOW,2.2467926986634517,2.2467926986634517,2024-08-30 02:37:40.508913,1.1756644194869477,1.10725408467693,1.3017592306862547
224,FCU_034,FCU,2024-12-06 02:07:41.074525,Valve actuator,2,MEDIUM,1.665831625150656,1.665831625150656,2024-12-06 03:47:38.068376,0.9983227265485712,0.9622907626965023,0.9606767379476763
224,FCU_027,FCU,2024-12-17 07:19:16.534308,Fan motor failure,2,MEDIUM,4.0924067590874325,4.0924067590874325,2024-12-17 11:24:49.198641,1.0447910964828016,1.0656423030140216,1.1133735902244775
225,FCU_028,FCU,2023-10-17 16:45:46.186556,Fan motor failure,2,MEDIUM,4.10945359646411,4.10945359646411,2023-10-17 20:52:20.219503,0.9742218487368813,0.9101232521379531,0.8866619572762594
225,FCU_034,FCU,2024-06-24 21:04:37.696295,Fan motor failure,2,MEDIUM,3.843945804786856,3.843945804786856,2024-06-25 00:55:15.901192,1.0590810997830837,0.9073837847911008,0.9609930167218961
225,FCU_038,FCU,2024-09-23 19:38:25.748606,Filter blockage,1,LOW,0.8720284158836276,0.8720284158836276,2024-09-23 20:30:45.050903,1.021265418507114,1.0050968145759889,1.0264706189781143
225,FCU_005,FCU,2024-12-26 15:32:26.270240,Coil fouling,1,LOW,1.3176570820832665,1.3176570820832665,2024-12-26 16:51:29.835735,1.2380720705880035,0.9623793071793596,1.191494941530598
225,FCU_011,FCU,2025-03-15 20:07:33.168136,Fan motor failure,2,MEDIUM,3.4600257664179286,3.4600257664179286,2025-03-15 23:35:09.260895,1.0517285419186535,0.9421337967346397,0.9908690043320076
225,FCU_049,FCU,2025-03-27 09:34:14.302905,Thermostat failure,1,LOW,1.7287053864789557,1.7287053864789557,2025-03-27 11:17:57.642296,1.0754340773837594,1.1306735319760057,1.2159648466828523
225,CHWP_002,CHW_Pump,2025-05-29 22:17:11.657563,Bearing wear,3,HIGH,7.002560765074919,7.002560765074919,2025-05-30 05:17:20.876317,0.9525170980575709,0.9323890112358606,0.8881164752431498
226,FCU_025,FCU,2024-06-22 06:18:22.868868,Valve actuator,2,MEDIUM,3.4833716262476835,3.4833716262476835,2024-06-22 09:47:23.006722,1.0767446268148624,0.9323030862882878,1.003852338723827
226,FCU_040,FCU,2024-09-14 10:49:27.357752,Fan motor failure,2,MEDIUM,3.5007653350542367,3.5007653350542367,2024-09-14 14:19:30.112958,0.9540994033302158,1.0942781420135401,1.044050122372416
226,FCU_035,FCU,2024-12-09 07:32:17.726768,Filter blockage,1,LOW,1.041789446813094,1.041789446813094,2024-12-09 08:34:48.168777,1.0100161317153535,0.9579245834624528,0.9675192822637879
226,FCU_034,FCU,2024-12-12 04:18:48.991366,Thermostat failure,1,LOW,1.5670361505214994,1.5670361505214994,2024-12-12 05:52:50.321508,0.8,0.9463805732347899,0.7571044585878319
226,HWP_002,HW_Pump,2025-05-04 00:48:46.731075,Seal leakage,2,MEDIUM,5.006289949016536,5.006289949016536,2025-05-04 05:49:09.374891,1.001361884952791,0.9625953539673037,0.9639062980954982
226,CHWP_002,CHW_Pump,2025-05-14 17:36:45.218629,Bearing wear,3,HIGH,7.532464728776184,7.532464728776184,2025-05-15 01:08:42.091653,1.0142969325507323,1.0393783797968217,1.0542383023874662
227,FCU_024,FCU,2024-05-02 22:06:14.833073,Fan motor failure,2,MEDIUM,4.127651876260456,4.127651876260456,2024-05-03 02:13:54.379828,0.94522027198976,1.143653812820534,1.0810047680163513
227,FCU_048,FCU,2024-06-01 14:40:34.440067,Thermostat failure,1,LOW,1.4349029766007446,1.4349029766007446,2024-06-01 16:06:40.090783,0.8246098534868629,0.9667546840080778,0.7971954383376395
227,FCU_031,FCU,2025-02-04 21:45:21.661271,Fan motor failure,2,MEDIUM,3.5852650495295895,3.5852650495295895,2025-02-05 01:20:28.615449,1.061872464983589,0.9319680339018788,0.9896311934452969
227,FCU_021,FCU,2025-04-15 16:56:46.544294,Filter blockage,1,LOW,0.6888054080720785,0.6888054080720785,2025-04-15 17:38:06.243763,1.0662930297578492,1.0800838881844408,1.1516859215248254
228,CHWP_002,CHW_Pump,2024-06-22 17:59:51.202551,Motor overheating,3,HIGH,7.259206904880796,7.259206904880796,2024-06-23 01:15:24.347409,1.0677514143717084,0.9806754952672907,1.0471176471113253
228,HP_002,HeatPump,2024-09-09 05:44:05.093851,Refrigerant leak,3,HIGH,5.474921745010278,5.474921745010278,2024-09-09 11:12:34.812133,0.8920729618458504,1.0038076476834767,0.8954696613925149
228,FCU_004,FCU,2024-10-27 00:47:30.844719,Valve actuator,2,MEDIUM,2.8776939081549027,2.8776939081549027,2024-10-27 03:40:10.542788,0.9795433762409744,0.9405405506611162,0.921300266486135
228,FCU_030,FCU,2025-02-03 00:57:45.488990,Filter blockage,1,LOW,0.8993573611088655,0.8993573611088655,2025-02-03 01:51:43.175490,0.8582052055426562,0.9475620386742153,0.8132026741648233
229,FCU_010,FCU,2024-02-19 17:35:05.761967,Fan motor failure,2,MEDIUM,4.003527427896732,4.003527427896732,2024-02-19 21:35:18.460707,0.9236149745101413,0.9934595021326802,0.917574072739133
229,FCU_028,FCU,2025-04-03 08:39:03.357700,Filter blockage,1,LOW,1.092318592097252,1.092318592097252,2025-04-03 09:44:35.704632,0.9069484778712327,1.0197043610870296,0.9248193181665393
230,HWP_002,HW_Pump,2024-02-21 14:43:46.686895,Impeller damage,4,CRITICAL,15.604693562456509,15.604693562456509,2024-02-22 06:20:03.583720,0.9551400362944421,1.034997405818976,0.9885674597585901
230,HP_002,HeatPump,2024-04-02 06:56:56.688542,Refrigerant leak,3,HIGH,3.419683306015437,3.419683306015437,2024-04-02 10:22:07.548444,0.9970911842654923,1.0501640143265245,1.0471092807178377
230,FCU_001,FCU,2024-07-06 11:15:21.993405,Filter blockage,1,LOW,1.5383707108590194,1.5383707108590194,2024-07-06 12:47:40.127964,0.99523109888577,0.9624464251904334,0.9578566133609561
230,HP_001,HeatPump,2024-11-04 04:11:56.970779,Heat exchanger fouling,2,MEDIUM,3.13808631274856,3.13808631274856,2024-11-04 07:20:14.081505,1.1061293401029149,0.9325957595873016,1.0315715321350785
230,FCU_030,FCU,2025-02-12 23:56:25.350549,Thermostat failure,1,LOW,2.6061601208043705,2.6061601208043705,2025-02-13 02:32:47.526984,1.1203547685813462,0.9752250670081556,1.0925980542626499
231,FCU_035,FCU,2024-07-20 15:10:47.450314,Valve actuator,2,MEDIUM,2.7951479668942163,2.7951479668942163,2024-07-20 17:58:29.982995,0.9054229866315056,0.9325822525075498,0.8443814083449226
231,FCU_037,FCU,2024-11-06 03:50:23.945565,Filter blockage,1,LOW,0.9022909398726188,0.9022909398726188,2024-11-06 04:44:32.192949,0.9628676829715375,1.0525411607076243,1.013457868642723
231,FCU_016,FCU,2025-05-19 07:48:36.554437,Filter blockage,1,LOW,1.0148323202444895,1.0148323202444895,2025-05-19 08:49:29.950790,0.9140823663444808,1.0614781480298752,0.9702784573741053
232,FCU_042,FCU,2024-05-11 12:39:05.330712,Fan motor failure,2,MEDIUM,5.173509684193895,5.173509684193895,2024-05-11 17:49:29.965575,1.0850034393931982,1.0261922048884689,1.1134220717824783
232,FCU_019,FCU,2025-05-20 10:10:19.373992,Fan motor failure,2,MEDIUM,3.8122823923951783,3.8122823923951783,2025-05-20 13:59:03.590605,0.891888263553425,1.0537415278084552,0.9398197014712162
233,CHWP_003,CHW_Pump,2023-04-03 15:26:54.730170,Seal leakage,2,MEDIUM,4.674318955908181,4.674318955908181,2023-04-03 20:07:22.278411,1.0882628420010003,0.9227669363164405,1.0042129686202856
233,HWP_001,HW_Pump,2024-05-30 22:25:29.053458,Bearing wear,3,HIGH,6.339157513265846,6.339157513265846,2024-05-31 04:45:50.020506,1.0465762620427943,1.0554836084390573,1.1046440895675889
233,FCU_041,FCU,2024-08-30 22:48:02.054533,Fan motor failure,2,MEDIUM,5.185925442449547,5.185925442449547,2024-08-31 03:59:11.386126,1.0782747298661708,1.0672408890215728,1.1507788813118682
233,CHWP_002,CHW_Pump,2025-05-18 10:30:12.621148,Motor overheating,3,HIGH,4.313391957217712,4.313391957217712,2025-05-18 14:49:00.832194,1.0396170144916466,0.9873650319737967,1.0264814867540477
234,FCU_048,FCU,2024-04-27 09:54:47.562531,Coil fouling,1,LOW,2.339811738773171,2.339811738773171,2024-04-27 12:15:10.884791,0.8231899443839994,1.0752324671445312,0.8851205548285771
235,FCU_006,FCU,2024-03-25 16:58:42.703366,Filter blockage,1,LOW,1.0946204503485413,1.0946204503485413,2024-03-25 18:04:23.336987,0.9166388275947231,1.0189097216507652,0.9339722126788231
235,HWP_002,HW_Pump,2024-08-14 13:53:52.805164,Impeller damage,4,CRITICAL,4.688368263220898,4.688368263220898,2024-08-14 18:35:10.930912,1.0684561005983109,0.9857834715110785,1.053266364004993
235,CHWP_002,CHW_Pump,2024-09-13 20:14:02.054450,Motor overheating,3,HIGH,7.322427286233803,7.322427286233803,2024-09-14 03:33:22.792680,0.9205848878179039,0.9505082220511999,0.8750235049669992
235,FCU_034,FCU,2024-12-07 17:36:35.698163,Coil fouling,1,LOW,1.9164711014942457,1.9164711014942457,2024-12-07 19:31:34.994128,0.9237218098975091,0.9476850357546377,0.8753973364400596
235,FCU_004,FCU,2025-01-23 04:46:35.555552,Thermostat failure,1,LOW,2.134960687955939,2.134960687955939,2025-01-23 06:54:41.414029,0.8,0.9502997078853918,0.7602397663083135
236,HP_002,HeatPump,2024-03-29 03:33:25.043470,Sensor malfunction,1,LOW,2.041655371004549,2.041655371004549,2024-03-29 05:35:55.002806,0.9863652734756608,1.0502243555836597,1.0359048337060761
236,CHWP_003,CHW_Pump,2024-04-28 07:38:56.364694,Bearing wear,3,HIGH,9.18531391618167,9.18531391618167,2024-04-28 16:50:03.494792,1.0745482598189822,1.00801544840758,1.0831612459570161
236,FCU_046,FCU,2024-07-11 23:44:14.032016,Coil fouling,1,LOW,2.105043250552479,2.105043250552479,2024-07-12 01:50:32.187718,0.9118157336920484,1.0787563301830316,0.9836269946807826
237,FCU_026,FCU,2024-08-07 16:52:19.423845,Valve actuator,2,MEDIUM,1.919181146487161,1.919181146487161,2024-08-07 18:47:28.475972,1.0275523529976718,1.1075772527938672,1.1380936122350354
237,FCU_002,FCU,2024-12-21 16:29:56.708580,Fan motor failure,2,MEDIUM,5.795884608553162,5.795884608553162,2024-12-21 22:17:41.893171,0.9793263764730207,1.0596453700541602,1.0377386606015537
237,FCU_006,FCU,2025-01-06 00:17:41.387934,Valve actuator,2,MEDIUM,3.1479523167588117,3.1479523167588117,2025-01-06 03:26:34.016274,0.9551572313863279,1.1340997496871505,1.0832435770271063
237,FCU_047,FCU,2025-02-18 12:29:57.620768,Fan motor failure,2,MEDIUM,3.6243912763075863,3.6243912763075863,2025-02-18 16:07:25.429363,1.0350343704935974,0.9314559553357655,0.9640889283734664
237,HWP_001,HW_Pump,2025-02-22 05:40:31.525189,Seal leakage,2,MEDIUM,3.831181430528179,3.831181430528179,2025-02-22 09:30:23.778339,0.9370066794686103,1.1026115936764653,1.0331544281343772
238,FCU_041,FCU,2024-08-17 03:31:52.277461,Fan motor failure,2,MEDIUM,2.8402043894656654,2.8402043894656654,2024-08-17 06:22:17.013263,1.024753473474893,1.093694125534197,1.1207668540602542
238,FCU_034,FCU,2024-10-28 22:40:15.019263,Fan motor failure,2,MEDIUM,2.651780929773377,2.651780929773377,2024-10-29 01:19:21.430610,0.9750534516921389,0.9685892431940538,0.9444262848482387
238,CHWP_003,CHW_Pump,2024-12-22 12:14:12.160862,Impeller damage,4,CRITICAL,5.540385638657887,5.540385638657887,2024-12-22 17:46:37.549161,1.045329906555238,1.0325612689291785,1.0793671747622962
238,FCU_048,FCU,2024-12-24 07:49:17.952709,Fan motor failure,2,MEDIUM,2.9331711090227652,2.9331711090227652,2024-12-24 10:45:17.368701,1.0264734936362578,1.1216160836579827,1.1513091799110267
238,FCU_025,FCU,2025-04-05 05:20:12.695212,Filter blockage,1,LOW,0.6944043921123253,0.6944043921123253,2025-04-05 06:01:52.551024,0.8989045902448725,0.9387276863209087,0.8438266262238137
239,FCU_003,FCU,2024-02-02 17:10:43.036444,Valve actuator,2,MEDIUM,3.067645724117983,3.067645724117983,2024-02-02 20:14:46.561051,1.015080885471276,1.0346307532352323,1.050233901129833
239,HP_001,HeatPump,2024-03-06 15:15:24.805610,Compressor degradation,4,CRITICAL,10.930748842028985,10.930748842028985,2024-03-07 02:11:15.501441,0.9682802381477935,1.0375264841237772,1.0046163911320138
239,FCU_021,FCU,2024-04-13 02:48:34.066630,Coil fouling,1,LOW,1.9476141057719902,1.9476141057719902,2024-04-13 04:45:25.477411,1.1212383943069446,1.0039572887605726,1.1256754584026578
240,FCU_046,FCU,2024-07-10 16:29:43.573581,Fan motor failure,2,MEDIUM,3.9267971493981597,3.9267971493981597,2024-07-10 20:25:20.043319,0.9485482327441165,0.9714421790743422,0.9214597621740608
240,HWP_001,HW_Pump,2024-09-18 01:45:11.588306,Bearing wear,3,HIGH,7.415396698355847,7.415396698355847,2024-09-18 09:10:07.016420,1.1398435464005687,1.04785118681058,1.1943864128742163
240,FCU_012,FCU,2025-02-03 04:34:48.617372,Coil fouling,1,LOW,2.570801806751676,2.570801806751676,2025-02-03 07:09:03.503876,0.8948824223236801,1.0662713693573898,0.9541875058649283
240,FCU_015,FCU,2025-02-05 15:08:33.482328,Filter blockage,1,LOW,1.0564852192833183,1.0564852192833183,2025-02-05 16:11:56.829117,1.0266199123796467,1.1110166836856514,1.140591850457689
240,FCU_002,FCU,2025-03-16 06:48:03.100807,Coil fouling,1,LOW,1.694009416951848,1.694009416951848,2025-03-16 08:29:41.534708,0.8653959928505172,1.0509786349567656,0.9095126992630914
240,FCU_037,FCU,2025-04-20 22:50:47.402226,Valve actuator,2,MEDIUM,1.328118280580423,1.328118280580423,2025-04-21 00:10:28.628036,0.9094138336158152,0.9389018805237485,0.8538503585562002
240,FCU_018,FCU,2025-05-26 15:51:09.603527,Fan motor failure,2,MEDIUM,3.629061691482592,3.629061691482592,2025-05-26 19:28:54.225616,1.1874090768231613,0.9719992620485779,1.154160746421896
241,FCU_033,FCU,2024-07-02 05:57:56.980220,Coil fouling,1,LOW,2.280684104544735,2.280684104544735,2024-07-02 08:14:47.442996,0.8198577378738825,0.9134147147432206,0.7488701217700945
241,FCU_035,FCU,2024-07-20 17:08:44.668619,Coil fouling,1,LOW,2.13737110071726,2.13737110071726,2024-07-20 19:16:59.204582,0.9481069696725293,1.0581668846802001,1.0032553984419652
241,FCU_042,FCU,2024-09-03 22:56:58.683769,Coil fouling,1,LOW,2.1921966322429274,2.1921966322429274,2024-09-04 01:08:30.591645,0.9327284842186148,1.1097286086957912,1.0350754830828575
241,FCU_020,FCU,2024-09-20 06:19:58.608579,Fan motor failure,2,MEDIUM,3.3806945481391737,3.3806945481391737,2024-09-20 09:42:49.108952,1.0755140031747776,1.1121582487522623,1.1961417702793957
241,FCU_040,FCU,2024-11-20 23:43:07.655024,Fan motor failure,2,MEDIUM,8.13726422311982,8.13726422311982,2024-11-21 07:51:21.806227,1.141795566902237,0.9381786076935802,1.0712081752270428
242,FCU_001,FCU,2023-11-29 03:35:28.487230,Coil fouling,1,LOW,2.4285584550389436,2.4285584550389436,2023-11-29 06:01:11.297668,1.0355389529912549,0.9578438745163981,0.9918846429457978
243,FCU_006,FCU,2024-04-06 23:14:43.451850,Filter blockage,1,LOW,0.8833397781398286,0.8833397781398286,2024-04-07 00:07:43.475051,1.0881614055409843,1.0589354902351582,1.152292731431521
243,FCU_015,FCU,2024-10-17 08:34:33.197782,Thermostat failure,1,LOW,2.1240634599773904,2.1240634599773904,2024-10-17 10:41:59.826238,1.057605958488277,1.039295921992434,1.0991655597317658
244,FCU_040,FCU,2024-01-11 20:20:41.839919,Valve actuator,2,MEDIUM,2.306880864778102,2.306880864778102,2024-01-11 22:39:06.611032,0.8460004616204853,1.1137340522305437,0.9422195223094936
244,FCU_029,FCU,2024-06-08 08:09:37.825172,Fan motor failure,2,MEDIUM,3.6269901383848255,3.6269901383848255,2024-06-08 11:47:14.989670,0.8,1.056045899774033,0.8448367198192264
244,FCU_018,FCU,2024-09-02 08:05:58.420245,Coil fouling,1,LOW,1.3850900472751952,1.3850900472751952,2024-09-02 09:29:04.744415,0.956630864009218,1.0837743442157972,1.0367719872981818
244,CHWP_003,CHW_Pump,2024-09-08 13:01:44.520164,Bearing wear,3,HIGH,10.18495517917894,10.18495517917894,2024-09-08 23:12:50.358809,1.091360765187037,1.0625760005561764,1.15965375703637
244,FCU_015,FCU,2024-09-21 04:19:11.191031,Fan motor failure,2,MEDIUM,5.454683511366343,5.454683511366343,2024-09-21 09:46:28.051672,0.890492650830071,1.0515018521304842,0.9363546716564042
244,HP_001,HeatPump,2024-11-10 20:07:01.233809,Heat exchanger fouling,2,MEDIUM,6.242340964275888,6.242340964275888,2024-11-11 02:21:33.661280,1.0798487115121533,1.1289407709711075,1.2190852369066874
244,FCU_035,FCU,2025-01-16 11:47:48.435610,Filter blockage,1,LOW,0.8730932056169047,0.8730932056169047,2025-01-16 12:40:11.571150,0.8978828958716246,0.9124600049295004,0.8192822315931367
244,FCU_042,FCU,2025-02-04 08:44:55.613221,Coil fouling,1,LOW,1.7929955147572616,1.7929955147572616,2025-02-04 10:32:30.397074,1.0216963692747096,0.9667998900045474,0.9877759374328346
244,FCU_028,FCU,2025-03-30 12:08:08.334431,Fan motor failure,2,MEDIUM,3.8871372719354396,3.8871372719354396,2025-03-30 16:01:22.028610,0.9202265016509601,1.0663006080455384,0.9812380782500374
244,FCU_011,FCU,2025-05-15 02:11:19.844143,Coil fouling,1,LOW,2.290187782434119,2.290187782434119,2025-05-15 04:28:44.520160,0.9761382965389898,1.0521493630723815,1.0270432869740576
245,FCU_021,FCU,2024-01-23 03:20:42.101109,Fan motor failure,2,MEDIUM,3.6286235002617913,3.6286235002617913,2024-01-23 06:58:25.145710,1.1627850248893292,0.9303057832064742,1.081745633280427
245,FCU_014,FCU,2024-03-09 22:20:40.192243,Coil fouling,1,LOW,1.910329934766559,1.910329934766559,2024-03-10 00:15:17.380008,0.9432546611263817,1.1266694367061458,1.062736197721707
245,FCU_007,FCU,2024-12-07 16:08:50.678714,Coil fouling,1,LOW,1.9020456843796514,1.9020456843796514,2024-12-07 18:02:58.043178,1.122292509411845,0.9109223055778994,1.0223212802062442
246,FCU_006,FCU,2025-02-06 17:41:38.536195,Filter blockage,1,LOW,0.884642513757248,0.884642513757248,2025-02-06 18:34:43.249245,0.9108960640296262,0.9001748028363934,0.8199656848423156
246,HP_001,HeatPump,2025-02-26 04:51:19.036341,Compressor degradation,4,CRITICAL,10.18138131708522,10.18138131708522,2025-02-26 15:02:12.009083,0.9181392006019364,1.0744196365593814,0.9864667862216535
246,FCU_031,FCU,2025-04-14 00:35:48.452300,Coil fouling,1,LOW,2.537108767228806,2.537108767228806,2025-04-14 03:08:02.043862,0.8793351633390687,0.9595245543215705,0.8437436807022053
247,FCU_036,FCU,2023-12-09 20:00:16.166186,Valve actuator,2,MEDIUM,2.424683121303654,2.424683121303654,2023-12-09 22:25:45.025423,0.9937304857500182,0.9464053455898349,0.9404718437894005
247,FCU_029,FCU,2024-01-16 02:35:54.707169,Coil fouling,1,LOW,2.788211217133841,2.788211217133841,2024-01-16 05:23:12.267551,1.0570455716613743,0.9819494572190257,1.0379653253486611
247,FCU_041,FCU,2024-12-23 18:31:52.716850,Thermostat failure,1,LOW,2.7407177991295804,2.7407177991295804,2024-12-23 21:16:19.300927,0.9644184620278233,1.1096454358048686,1.0701625445951253
248,CT_001,CoolingTower,2024-03-16 02:45:48.386614,Drift eliminator damage,2,MEDIUM,6.9221995906214335,6.9221995906214335,2024-03-16 09:41:08.305140,1.072381220956998,1.083154991547853,1.1615550723217536
248,HP_001,HeatPump,2024-10-24 11:06:06.511354,Heat exchanger fouling,2,MEDIUM,3.5022443146567666,3.5022443146567666,2024-10-24 14:36:14.590887,1.0642832616353197,0.947185046369854,1.0080731905227098
248,FCU_015,FCU,2025-03-02 12:56:38.251229,Coil fouling,1,LOW,2.3019004288507423,2.3019004288507423,2025-03-02 15:14:45.092773,0.8902734015260213,0.9842291018987217,0.876232990428276
248,FCU_016,FCU,2025-03-10 01:58:48.651147,Thermostat failure,1,LOW,1.579183942491273,1.579183942491273,2025-03-10 03:33:33.713340,1.0136847156464448,1.1272082246171866,1.1426337486454068
249,CHWP_001,CHW_Pump,2023-08-17 00:11:24.097165,Bearing wear,3,HIGH,4.605140287653406,4.605140287653406,2023-08-17 04:47:42.602201,0.9049269335917165,0.9835701677660189,0.8900591358887936
249,HP_002,HeatPump,2024-06-29 15:42:40.840253,Heat exchanger fouling,2,MEDIUM,4.9095971728404075,4.9095971728404075,2024-06-29 20:37:15.390075,0.9121259906318347,0.986491154209006,0.8998042212824316
249,CHWP_003,CHW_Pump,2025-02-14 16:37:58.853705,Impeller damage,4,CRITICAL,8.698689313264271,8.698689313264271,2025-02-15 01:19:54.135233,1.05235204028769,1.0741847758994625,1.1304205405637744
249,FCU_025,FCU,2025-03-21 05:17:27.646085,Fan motor failure,2,MEDIUM,4.860225784005879,4.860225784005879,2025-03-21 10:09:04.458907,1.0044915442794768,0.9168946049842818,0.9210128777021821
250,CHWP_001,CHW_Pump,2024-03-15 14:43:51.220215,Bearing wear,3,HIGH,7.412008443818911,7.412008443818911,2024-03-15 22:08:34.450613,0.8597404373405384,0.9798353230264586,0.8424040491404752
250,FCU_022,FCU,2024-07-24 05:08:33.469217,Fan motor failure,2,MEDIUM,3.2480487693797495,3.2480487693797495,2024-07-24 08:23:26.444787,0.9367570415586054,1.1310981097765724,1.0595641190268328
250,FCU_012,FCU,2024-08-24 17:07:13.592197,Fan motor failure,2,MEDIUM,3.2269774054510676,3.2269774054510676,2024-08-24 20:20:50.710857,0.9907676517948174,1.064981368083046,1.0551490892608715
250,FCU_001,FCU,2024-11-18 18:46:36.355816,Coil fouling,1,LOW,2.1552013058076325,2.1552013058076325,2024-11-18 20:55:55.080517,0.9558830528266948,1.0549897659130423,1.008446838141879
250,FCU_026,FCU,2025-01-08 02:49:47.450305,Fan motor failure,2,MEDIUM,3.2774075506822657,3.2774075506822657,2025-01-08 06:06:26.117487,0.9043078663432784,1.0690029380141832,0.966707765990302
250,CHWP_002,CHW_Pump,2025-04-29 07:17:26.737907,Bearing wear,3,HIGH,10.036511878746547,10.036511878746547,2025-04-29 17:19:38.180670,1.110985148449746,1.1335121373085748,1.2593151501373558
251,HWP_002,HW_Pump,2024-06-16 06:33:09.942831,Impeller damage,4,CRITICAL,10.538624163148956,10.538624163148956,2024-06-16 17:05:28.989818,0.8,1.0740845827882917,0.8592676662306333
251,HP_002,HeatPump,2024-10-05 00:49:00.887676,Heat exchanger fouling,2,MEDIUM,4.248894344338432,4.248894344338432,2024-10-05 05:03:56.907316,0.9864822285748247,0.9957024102233891,0.9822427326344932
251,FCU_010,FCU,2024-10-24 05:00:43.907025,Fan motor failure,2,MEDIUM,6.573959006916258,6.573959006916258,2024-10-24 11:35:10.159450,0.9846617456114173,1.0072441832503172,0.9917948157362035
251,FCU_049,FCU,2024-11-26 19:44:17.408220,Fan motor failure,2,MEDIUM,3.129714740811318,3.129714740811318,2024-11-26 22:52:04.381287,0.8,0.9337867844370134,0.7470294275496108
251,HP_001,HeatPump,2024-12-24 03:23:48.603330,Heat exchanger fouling,2,MEDIUM,4.182100391423771,4.182100391423771,2024-12-24 07:34:44.164739,0.839869423810595,1.0095905014552873,0.8479241927419019
252,FCU_002,FCU,2024-01-25 00:32:32.154681,Fan motor failure,2,MEDIUM,3.4234253667055428,3.4234253667055428,2024-01-25 03:57:56.486001,0.8848992309320299,1.1491420876029879,1.0168749495515113
252,FCU_040,FCU,2024-07-10 23:59:12.602468,Coil fouling,1,LOW,1.9988942079877894,1.9988942079877894,2024-07-11 01:59:08.621617,0.8834568737093011,0.9584433611317625,0.8467433754529017
252,FCU_039,FCU,2024-10-21 05:36:41.222836,Coil fouling,1,LOW,1.625807198405324,1.625807198405324,2024-10-21 07:14:14.128750,1.0978807926038328,0.9018705609306701,0.9901463662606274
252,FCU_032,FCU,2025-01-12 02:15:52.353012,Coil fouling,1,LOW,1.5420237117637838,1.5420237117637838,2025-01-12 03:48:23.638374,0.9282122451960023,1.1082874461875996,1.0287259787483354
252,HWP_002,HW_Pump,2025-02-22 02:34:53.405027,Seal leakage,2,MEDIUM,5.996474248671688,5.996474248671688,2025-02-22 08:34:40.712322,1.1231617871417223,1.096103285587903,1.2311013251328227
252,FCU_027,FCU,2025-04-23 03:10:40.021329,Filter blockage,1,LOW,0.6144912224725047,0.6144912224725047,2025-04-23 03:47:32.189730,0.8,0.9541426301786258,0.7633141041429007
253,FCU_036,FCU,2023-12-07 21:26:38.634408,Coil fouling,1,LOW,1.9385832658325564,1.9385832658325564,2023-12-07 23:22:57.534165,0.9470807826561218,0.9865143013210138,0.934308736596563
253,FCU_003,FCU,2024-11-23 14:39:03.429214,Valve actuator,2,MEDIUM,2.0806806662292767,2.0806806662292767,2024-11-23 16:43:53.879612,1.0844683913645463,1.0779359195674894,1.1689874326874181
253,CHWP_002,CHW_Pump,2025-03-16 03:13:20.977456,Bearing wear,3,HIGH,11.110153942129877,11.110153942129877,2025-03-16 14:19:57.531648,1.0557448648501229,1.0245399114124254,1.0816527503076678
255,HWP_002,HW_Pump,2023-07-04 08:56:07.334995,Seal leakage,2,MEDIUM,3.62690415368092,3.62690415368092,2023-07-04 12:33:44.189948,1.1361178938268899,1.1121498028441903,1.2635332916273323
255,HP_001,HeatPump,2024-06-26 00:33:48.695062,Control valve failure,3,HIGH,3.375769903445836,3.375769903445836,2024-06-26 03:56:21.466714,0.955344625224349,1.01456799422527,0.9692620802077602
255,HP_002,HeatPump,2024-07-15 20:28:26.682888,Compressor degradation,4,CRITICAL,14.584275060354003,14.584275060354003,2024-07-16 11:03:30.073105,1.1392489787890472,1.1284605327930375,1.285597509588212
255,FCU_045,FCU,2024-11-23 09:15:07.882388,Thermostat failure,1,LOW,1.6881089760792531,1.6881089760792531,2024-11-23 10:56:25.074702,1.1154649596114978,0.9099086720635245,1.014971240133491
255,FCU_016,FCU,2024-12-22 12:29:16.203445,Filter blockage,1,LOW,1.0369098197336157,1.0369098197336157,2024-12-22 13:31:29.078796,1.062071891464397,1.0172728723978413,1.0804169237229955
256,FCU_027,FCU,2025-01-04 07:59:57.804596,Fan motor failure,2,MEDIUM,2.812478227006831,2.812478227006831,2025-01-04 10:48:42.726213,1.1253304818782346,0.9425230719897564,1.0606499427835865
256,FCU_048,FCU,2025-01-22 06:52:42.784304,Coil fouling,1,LOW,3.5833456661256458,3.5833456661256458,2025-01-22 10:27:42.828702,0.940859148020178,0.9617242695704172,0.9048470768983508
257,HP_001,HeatPump,2023-05-21 15:36:35.565889,Refrigerant leak,3,HIGH,9.233679535260077,9.233679535260077,2023-05-22 00:50:36.812216,1.0432533022150905,0.9688623967969939,1.0107688948504912
257,FCU_025,FCU,2024-01-22 22:32:48.442877,Fan motor failure,2,MEDIUM,3.4579726801740502,3.4579726801740502,2024-01-23 02:00:17.144526,1.171585600769138,0.9972618973011712,1.1683776790737632
257,FCU_023,FCU,2024-06-06 23:51:25.635050,Fan motor failure,2,MEDIUM,3.7269500973706733,3.7269500973706733,2024-06-07 03:35:02.655401,1.0616220395208935,1.1013465579116872,1.1692137790295212
257,FCU_027,FCU,2024-07-02 07:58:03.885377,Fan motor failure,2,MEDIUM,2.8714098336526552,2.8714098336526552,2024-07-02 10:50:20.960778,1.0274292617273046,1.1395239284324954,1.1707802285099966
257,FCU_028,FCU,2025-05-21 10:06:59.651330,Coil fouling,1,LOW,2.244223961993291,2.244223961993291,2025-05-21 12:21:38.857593,1.0546536017742327,1.0209047214085858,1.0767008415018846
258,FCU_018,FCU,2024-07-13 19:01:50.586022,Valve actuator,2,MEDIUM,3.930681996285834,3.930681996285834,2024-07-13 22:57:41.041209,0.9639979404600098,0.9508501473081368,0.9166175836911408
258,FCU_048,FCU,2024-09-09 09:36:46.124367,Thermostat failure,1,LOW,2.018664872042232,2.018664872042232,2024-09-09 11:37:53.317906,0.9117151450802605,0.957397747309612,0.8728740260878975
258,FCU_008,FCU,2024-12-28 13:44:01.075178,Coil fouling,1,LOW,1.6969137821408609,1.6969137821408609,2024-12-28 15:25:49.964794,1.1002077878143666,1.097486103447011,1.207462758030445
258,FCU_029,FCU,2025-04-24 21:27:11.326380,Fan motor failure,2,MEDIUM,5.305258190250179,5.305258190250179,2025-04-25 02:45:30.255865,0.9784554595241586,1.1232475171912384,1.0990476655927233
258,FCU_037,FCU,2025-04-25 09:23:20.740454,Coil fouling,1,LOW,2.307288453052731,2.307288453052731,2025-04-25 11:41:46.978885,1.0927348833091541,0.9451201855385892,1.0327657956576364
259,CHWP_001,CHW_Pump,2024-02-14 02:18:02.337352,Seal leakage,2,MEDIUM,2.8031466421135787,2.8031466421135787,2024-02-14 05:06:13.665264,1.1171625723716083,0.9177293378067525,1.0252528677650843
259,FCU_001,FCU,2024-05-25 08:51:07.274033,Valve actuator,2,MEDIUM,3.9735999080578135,3.9735999080578135,2024-05-25 12:49:32.233702,1.297017058079051,1.101771676403172,1.4290166584032662
259,HWP_001,HW_Pump,2024-11-30 16:09:16.432279,Motor overheating,3,HIGH,9.213843697138577,9.213843697138577,2024-12-01 01:22:06.269589,0.9978232706404522,0.956267538947764,0.9541860033201538
259,FCU_034,FCU,2025-01-23 21:21:06.110289,Fan motor failure,2,MEDIUM,4.334937412521244,4.334937412521244,2025-01-24 01:41:11.884974,1.132901711749404,1.1430039419117124,1.2949111223280954
259,CT_001,CoolingTower,2025-02-12 16:42:25.090051,Fill media degradation,2,MEDIUM,6.1745023870317794,6.1745023870317794,2025-02-12 22:52:53.298644,0.9746867862176702,1.1322526081459574,1.1035916558203585
259,FCU_016,FCU,2025-02-15 19:18:32.719286,Coil fouling,1,LOW,2.316056580016019,2.316056580016019,2025-02-15 21:37:30.522974,1.0590786127675205,0.9819397292962915,1.0399513663244309
260,FCU_026,FCU,2023-11-15 18:32:02.971147,Coil fouling,1,LOW,2.2377753321024563,2.2377753321024563,2023-11-15 20:46:18.962343,0.9838307923709373,1.0429014425270198,1.0260385525661513
260,HP_002,HeatPump,2024-06-04 15:07:59.951729,Heat exchanger fouling,2,MEDIUM,3.810495125806518,3.810495125806518,2024-06-04 18:56:37.734182,1.0406935728725253,1.0701372551645436,1.113684963541186
260,CHWP_002,CHW_Pump,2024-10-05 12:48:04.970488,Bearing wear,3,HIGH,8.20919952452587,8.20919952452587,2024-10-05 21:00:38.088776,0.966645604100037,0.9904436737076907,0.9574080232982306
260,HP_001,HeatPump,2024-10-30 09:19:12.362287,Refrigerant leak,3,HIGH,3.7689823717497353,3.7689823717497353,2024-10-30 13:05:20.698825,1.023271730284595,0.9301158423851367,0.9517612474025525
260,FCU_002,FCU,2024-11-12 02:45:08.003821,Filter blockage,1,LOW,1.1631059979619145,1.1631059979619145,2024-11-12 03:54:55.185414,1.0393878545143376,1.0960951924074582,1.1392680303798681
260,FCU_033,FCU,2024-12-14 07:06:13.050194,Fan motor failure,2,MEDIUM,4.042697095432384,4.042697095432384,2024-12-14 11:08:46.759738,1.1852026592497347,0.9125350907836207,1.0815390162554452
260,FCU_031,FCU,2025-05-05 19:34:56.089485,Fan motor failure,2,MEDIUM,4.444759774454064,4.444759774454064,2025-05-06 00:01:37.224673,1.0124884407350025,1.0688114460877225,1.0821592344890814
261,HP_002,HeatPump,2024-09-02 10:51:45.147679,Control valve failure,3,HIGH,4.020216901625576,4.020216901625576,2024-09-02 14:52:57.928525,1.0449320239337325,1.1161912359208122,1.1663439672478286
261,FCU_031,FCU,2024-11-09 08:44:53.618758,Filter blockage,1,LOW,1.7688298948379264,1.7688298948379264,2024-11-09 10:31:01.406379,0.9303396622830462,1.124862791159626,1.0465044692422112
261,FCU_024,FCU,2024-12-09 09:47:42.181255,Valve actuator,2,MEDIUM,5.372276320672118,5.372276320672118,2024-12-09 15:10:02.376009,0.8376695758851203,1.0471369688148835,0.8771547805607939
261,HP_002,HeatPump,2025-04-13 21:06:15.424964,Compressor degradation,4,CRITICAL,13.396921890265407,13.396921890265407,2025-04-14 10:30:04.343769,1.0860713115808422,1.146862121720627,1.2455740487395088
261,FCU_010,FCU,2025-04-22 09:12:22.970465,Valve actuator,2,MEDIUM,2.255159577925467,2.255159577925467,2025-04-22 11:27:41.544946,0.9761050136309006,1.094579076626879,1.0684241245109785
262,FCU_034,FCU,2024-07-06 12:42:15.978762,Valve actuator,2,MEDIUM,2.4018508142260493,2.4018508142260493,2024-07-06 15:06:22.641693,0.9622583861991025,0.9283625330254255,0.893324632836757
262,HP_002,HeatPump,2024-08-12 12:49:33.877742,Heat exchanger fouling,2,MEDIUM,4.5681312364203395,4.5681312364203395,2024-08-12 17:23:39.150193,0.9478184426294715,1.0200102203295094,0.9667844984988596
262,FCU_026,FCU,2024-09-30 19:50:08.382361,Valve actuator,2,MEDIUM,2.7806409874799685,2.7806409874799685,2024-09-30 22:36:58.689916,0.8627615227073874,0.9466607181368787,0.8167424426670423
262,FCU_043,FCU,2025-01-01 12:17:04.306388,Fan motor failure,2,MEDIUM,4.417444911578637,4.417444911578637,2025-01-01 16:42:07.108070,1.0444939496200587,0.9081027345289949,0.9485078118489656
262,FCU_004,FCU,2025-01-07 18:10:00.649691,Fan motor failure,2,MEDIUM,4.0076437090981445,4.0076437090981445,2025-01-07 22:10:28.167044,0.9294486229514312,0.9719972062076936,0.9034214648223791
262,FCU_033,FCU,2025-03-14 16:02:57.903717,Fan motor failure,2,MEDIUM,3.1082265141820873,3.1082265141820873,2025-03-14 19:09:27.519168,0.9373181821528985,1.1433795444668418,1.0717104361304692
263,FCU_039,FCU,2024-04-03 21:56:20.220764,Fan motor failure,2,MEDIUM,5.7277802542667215,5.7277802542667215,2024-04-04 03:40:00.229679,0.9776351568778795,1.0329453537440594,1.0098436929538501
263,FCU_010,FCU,2024-06-03 19:19:04.354034,Filter blockage,1,LOW,1.1899590287530277,1.1899590287530277,2024-06-03 20:30:28.206538,1.132283399208855,1.1177894382225049,1.2656544247103343
263,HP_001,HeatPump,2024-09-26 21:05:58.556402,Heat exchanger fouling,2,MEDIUM,3.259075462167955,3.259075462167955,2024-09-27 00:21:31.228066,0.9605582626257014,0.956809638334177,0.9190714038618027
263,FCU_040,FCU,2024-10-30 19:45:23.941184,Filter blockage,1,LOW,0.8506489554798929,0.8506489554798929,2024-10-30 20:36:26.277424,1.1282746135672257,0.948198536706343,1.069828337587358
263,FCU_028,FCU,2025-01-12 22:00:10.283462,Coil fouling,1,LOW,1.9023049239880705,1.9023049239880705,2025-01-12 23:54:18.581188,0.9435289710369394,0.9872101635734528,0.9314613898336687
263,FCU_022,FCU,2025-03-28 10:43:31.049791,Coil fouling,1,LOW,1.6724251073903096,1.6724251073903096,2025-03-28 12:23:51.780178,1.138052191224026,0.9117419847307868,1.0376099635538145
264,FCU_014,FCU,2024-03-12 14:07:26.062255,Fan motor failure,2,MEDIUM,4.088859223364541,4.088859223364541,2024-03-12 18:12:45.955459,0.8231699056242435,0.9479868802758605,0.7803542707697012
264,FCU_008,FCU,2024-10-16 18:29:18.307556,Thermostat failure,1,LOW,2.5258682696049095,2.5258682696049095,2024-10-16 21:00:51.433327,0.9273257548967263,0.9249920744485864,0.8577689737115243
264,FCU_007,FCU,2025-01-22 23:39:12.603642,Thermostat failure,1,LOW,1.8283230777510435,1.8283230777510435,2025-01-23 01:28:54.566722,0.9493408159204185,1.079288497364033,1.0246126227010937
264,FCU_032,FCU,2025-04-03 02:46:40.745015,Fan motor failure,2,MEDIUM,3.6594235786927483,3.6594235786927483,2025-04-03 06:26:14.669898,0.8752973558184413,0.9673222872246765,0.8466946402320061
265,CHWP_002,CHW_Pump,2025-05-20 00:54:00.324030,Bearing wear,3,HIGH,6.002714856330706,6.002714856330706,2025-05-20 06:54:10.097513,0.88326051384309,0.998389137903661,0.8818377029601473
266,FCU_047,FCU,2024-05-08 06:23:37.873245,Thermostat failure,1,LOW,1.7419681377839054,1.7419681377839054,2024-05-08 08:08:08.958541,0.9264764446792876,1.0266932053969862,0.9512070707125813
266,FCU_021,FCU,2024-09-25 08:07:46.171813,Valve actuator,2,MEDIUM,2.1780692037362317,2.1780692037362317,2024-09-25 10:18:27.220946,1.1188732873255351,0.962000447056881,1.076356602607167
266,FCU_041,FCU,2024-10-22 02:52:42.249814,Fan motor failure,2,MEDIUM,3.081505673231368,3.081505673231368,2024-10-22 05:57:35.670238,0.9524179057355202,1.0938957974415178,1.041845944492137
267,FCU_049,FCU,2023-12-28 00:40:55.681238,Fan motor failure,2,MEDIUM,3.632164249650993,3.632164249650993,2023-12-28 04:18:51.472537,1.056679363990409,1.1280623753117953,1.192000233285978
267,FCU_037,FCU,2024-10-23 07:08:52.648755,Fan motor failure,2,MEDIUM,3.96022000622355,3.96022000622355,2024-10-23 11:06:29.440777,0.8654489698977343,1.0851163904471703,0.9391128623316513
267,FCU_035,FCU,2024-12-22 02:52:10.421272,Thermostat failure,1,LOW,1.1083606817859801,1.1083606817859801,2024-12-22 03:58:40.519726,0.8,1.1340374666729747,0.9072299733383797
268,FCU_007,FCU,2024-02-05 05:18:35.604703,Fan motor failure,2,MEDIUM,3.287193070652771,3.287193070652771,2024-02-05 08:35:49.499757,0.9278698459654714,1.100195434936338,1.0208381687462948
268,HP_002,HeatPump,2024-10-11 14:01:40.257242,Heat exchanger fouling,2,MEDIUM,5.067340777055936,5.067340777055936,2024-10-11 19:05:42.684039,0.9040356001098833,0.9542875529507487,0.8627099206092221
268,CHWP_001,CHW_Pump,2025-01-11 18:28:31.659139,Motor overheating,3,HIGH,8.924792059011665,8.924792059011665,2025-01-12 03:24:00.910551,0.9590474846211354,1.0213074992039894,0.9794823881362883
268,CT_001,CoolingTower,2025-01-18 00:37:06.663537,Control system fault,3,HIGH,3.1493156181793234,3.1493156181793234,2025-01-18 03:46:04.199762,0.9580358660229897,1.0790082647703028,1.0337286173851805
268,FCU_047,FCU,2025-04-03 05:36:45.810484,Thermostat failure,1,LOW,2.7893099042611453,2.7893099042611453,2025-04-03 08:24:07.326139,0.8442286778037773,1.021750878633795,0.8625913933138565
268,FCU_032,FCU,2025-04-14 23:59:28.785894,Fan motor failure,2,MEDIUM,3.6779299404932373,3.6779299404932373,2025-04-15 03:40:09.333680,0.9074363558999186,1.1168150490190272,1.013438578296015
269,FCU_010,FCU,2024-12-13 21:00:52.288088,Valve actuator,2,MEDIUM,1.6801351658449908,1.6801351658449908,2024-12-13 22:41:40.774685,1.028953159297694,1.0017111446089892,1.0307138469491286
270,FCU_040,FCU,2023-11-02 10:30:35.038290,Valve actuator,2,MEDIUM,3.362477239858964,3.362477239858964,2023-11-02 13:52:19.956353,0.9767890674964633,1.1106436340304375,1.0848645596054745
270,FCU_043,FCU,2024-10-23 13:02:24.645661,Fan motor failure,2,MEDIUM,2.9554197623330807,2.9554197623330807,2024-10-23 15:59:44.156805,1.0303903570284174,1.0205402900953566,1.0515548738732392
270,FCU_039,FCU,2024-11-30 19:35:06.393099,Coil fouling,1,LOW,1.983268606515094,1.983268606515094,2024-11-30 21:34:06.160082,0.9581254048044575,1.010797450030945,0.9684707159862125
270,FCU_014,FCU,2025-04-17 12:24:26.224230,Fan motor failure,2,MEDIUM,3.402198420253051,3.402198420253051,2025-04-17 15:48:34.138543,0.9311257788727613,1.1466824254537422,1.0677055665203228
271,FCU_021,FCU,2024-07-29 01:59:48.728784,Valve actuator,2,MEDIUM,2.912981558741498,2.912981558741498,2024-07-29 04:54:35.462395,1.1685501551288524,1.112894774007207,1.3004733608082109
271,FCU_034,FCU,2024-08-29 01:54:46.579180,Fan motor failure,2,MEDIUM,2.6408803953415476,2.6408803953415476,2024-08-29 04:33:13.748603,0.8708105321031328,1.005024806853144,0.8751861868326345
271,FCU_041,FCU,2024-09-25 18:55:17.645186,Filter blockage,1,LOW,1.2932692161155162,1.2932692161155162,2024-09-25 20:12:53.414364,0.9928865333335373,0.9655333097570853,0.9586650207427688
271,FCU_008,FCU,2024-12-20 02:42:52.180990,Fan motor failure,2,MEDIUM,2.6843911654881825,2.6843911654881825,2024-12-20 05:23:55.989186,0.9755120006434312,1.1252956570216304,1.0977394176965352
272,FCU_041,FCU,2023-11-02 00:45:44.626372,Coil fouling,1,LOW,1.4913689432060704,1.4913689432060704,2023-11-02 02:15:13.554568,0.8596843176910058,0.9867001248909739,0.8482506236325271
272,FCU_002,FCU,2024-06-06 03:14:48.714944,Valve actuator,2,MEDIUM,4.901745068704475,4.901745068704475,2024-06-06 08:08:54.997191,0.8127887511041598,1.0949620900723138,0.8899728696962765
272,FCU_028,FCU,2024-08-20 13:47:33.700945,Valve actuator,2,MEDIUM,5.239861899906435,5.239861899906435,2024-08-20 19:01:57.203785,0.8114644318590312,1.03019437449568,0.8359660928045071
272,FCU_030,FCU,2025-01-04 20:49:50.072211,Thermostat failure,1,LOW,1.6423480018195091,1.6423480018195091,2025-01-04 22:28:22.525018,0.9020279611242771,0.9534397764386093,0.8600293375957053
273,FCU_042,FCU,2024-04-15 02:56:21.062282,Thermostat failure,1,LOW,1.9079895899572876,1.9079895899572876,2024-04-15 04:50:49.824806,0.9362536925693759,0.9694456931494222,0.9076471099566246
273,FCU_004,FCU,2024-09-15 14:38:49.253487,Filter blockage,1,LOW,1.444006303091262,1.444006303091262,2024-09-15 16:05:27.676178,1.0128539149830962,1.126238922397325,1.140715501756474
273,FCU_017,FCU,2024-10-09 01:48:24.479046,Fan motor failure,2,MEDIUM,3.546563603165218,3.546563603165218,2024-10-09 05:21:12.108017,0.9785884475366575,1.087749254365178,1.0644588541383764
273,FCU_035,FCU,2025-05-13 12:30:52.083224,Fan motor failure,2,MEDIUM,4.411189403274656,4.411189403274656,2025-05-13 16:55:32.365076,1.2329545077706594,1.1088465236414247,1.3671573197495195
274,FCU_047,FCU,2024-10-18 04:23:31.724087,Coil fouling,1,LOW,1.1807612460185657,1.1807612460185657,2024-10-18 05:34:22.464573,1.0583043602378859,1.1136754962029418,1.1786076335216644
274,FCU_029,FCU,2024-11-04 15:52:07.882668,Filter blockage,1,LOW,0.708419692161959,0.708419692161959,2024-11-04 16:34:38.193560,0.9372970743720375,1.123569198043771,1.053118122180963
274,FCU_008,FCU,2025-05-28 22:45:19.457740,Valve actuator,2,MEDIUM,2.774218148419377,2.774218148419377,2025-05-29 01:31:46.643074,1.1689156848804965,0.9622187605785192,1.1247526015265021
275,CT_001,CoolingTower,2023-05-30 06:09:12.107047,Fill media degradation,2,MEDIUM,10.22528981208191,10.22528981208191,2023-05-30 16:22:43.150370,0.8960849704633186,1.109829834574049,0.9945018345335964
275,FCU_014,FCU,2025-01-30 08:34:08.075147,Filter blockage,1,LOW,0.54018024184717,0.54018024184717,2025-01-30 09:06:32.724018,0.9538449508665039,0.9722562568593264,0.9273817215536352
275,HWP_001,HW_Pump,2025-04-16 20:03:16.982310,Bearing wear,3,HIGH,6.537321061867071,6.537321061867071,2025-04-17 02:35:31.338133,1.0679930067126864,0.9941655476558416,1.0617618524111267
276,CT_001,CoolingTower,2024-08-13 22:13:02.867719,Fill media degradation,2,MEDIUM,8.176683075742064,8.176683075742064,2024-08-14 06:23:38.926792,1.0911438579892376,1.0306126026856508,1.1245466113867504
276,FCU_003,FCU,2024-08-18 03:05:13.446960,Fan motor failure,2,MEDIUM,3.3625905252322337,3.3625905252322337,2024-08-18 06:26:58.772851,0.8705699274243751,0.9196712564563434,0.8006381389874827
276,FCU_006,FCU,2024-11-18 12:40:00.478435,Fan motor failure,2,MEDIUM,4.595067659707645,4.595067659707645,2024-11-18 17:15:42.722010,1.0162005970865242,0.9229809201049034,0.9379337621100723
277,FCU_035,FCU,2024-12-01 08:48:06.429842,Thermostat failure,1,LOW,2.3908876154404557,2.3908876154404557,2024-12-01 11:11:33.625258,0.9078021248961283,1.0732910823661201,0.9743359252040293
277,FCU_028,FCU,2025-01-31 16:00:06.113681,Filter blockage,1,LOW,0.9596307062559501,0.9596307062559501,2025-01-31 16:57:40.784224,1.0612653219340336,1.0052358870052884,1.0668219872423113
277,FCU_017,FCU,2025-03-16 15:28:30.111349,Coil fouling,1,LOW,1.6033470923993032,1.6033470923993032,2025-03-16 17:04:42.160882,1.0785930301192301,0.9356890589649041,1.009227697358367
277,FCU_038,FCU,2025-03-17 19:05:36.325453,Coil fouling,1,LOW,1.8914816133855665,1.8914816133855665,2025-03-17 20:59:05.659261,1.047969146552987,1.0411287629878416,1.0910708212001354
278,CHWP_003,CHW_Pump,2023-05-30 13:49:55.354660,Bearing wear,3,HIGH,6.147875382391699,6.147875382391699,2023-05-30 19:58:47.706037,1.0121358976219934,1.058338895839082,1.0711827883283587
278,HWP_002,HW_Pump,2025-04-04 13:55:12.570207,Seal leakage,2,MEDIUM,3.990416070332812,3.990416070332812,2025-04-04 17:54:38.068060,0.9331464270283649,1.0931029640181826,1.0200251252476824
278,FCU_031,FCU,2025-04-26 12:53:28.431816,Fan motor failure,2,MEDIUM,3.5134750104632677,3.5134750104632677,2025-04-26 16:24:16.941854,1.0420463104368212,1.144122410727343,1.192228536786509
279,FCU_049,FCU,2024-05-13 16:10:04.284849,Thermostat failure,1,LOW,2.5505269800333745,2.5505269800333745,2024-05-13 18:43:06.181977,0.8922691887490368,0.9622231897592806,0.8585621049220238
279,FCU_039,FCU,2025-01-30 09:31:55.789827,Valve actuator,2,MEDIUM,4.189150316936425,4.189150316936425,2025-01-30 13:43:16.730968,1.1695917383319805,1.0282851016988972,1.2026737595968906
279,FCU_012,FCU,2025-02-17 21:33:19.692656,Valve actuator,2,MEDIUM,2.599846520432921,2.599846520432921,2025-02-18 00:09:19.140130,1.0154110869379878,1.1036863184680286,1.120695324274207
279,FCU_030,FCU,2025-05-26 08:04:05.204277,Coil fouling,1,LOW,1.791705988287011,1.791705988287011,2025-05-26 09:51:35.345835,1.0876715255015192,0.9791134473895244,1.0649538169612156
280,HP_002,HeatPump,2024-07-29 14:25:39.622943,Heat exchanger fouling,2,MEDIUM,4.196881043339765,4.196881043339765,2024-07-29 18:37:28.394699,0.8377231354571684,0.9547024358892475,0.7997763180217367
280,FCU_007,FCU,2025-03-03 15:53:12.289879,Coil fouling,1,LOW,2.465227308902424,2.465227308902424,2025-03-03 18:21:07.108191,0.9150303516334573,1.111525787396554,1.0170798320911243
281,FCU_019,FCU,2024-08-09 03:41:43.250587,Fan motor failure,2,MEDIUM,2.98876122844387,2.98876122844387,2024-08-09 06:41:02.791009,1.023097174517759,1.036160611234668,1.060092993700783
281,FCU_046,FCU,2025-03-29 22:48:18.952928,Fan motor failure,2,MEDIUM,3.4968185008033967,3.4968185008033967,2025-03-30 02:18:07.499531,1.1599565182281775,1.1201359562931725,1.2993090038040185
281,FCU_019,FCU,2025-04-04 15:58:31.279946,Fan motor failure,2,MEDIUM,4.218729732598632,4.218729732598632,2025-04-04 20:11:38.706983,0.9055615972793674,0.9720233676453407,0.8802270333977844
281,FCU_021,FCU,2025-05-12 02:22:12.596194,Filter blockage,1,LOW,1.2834891058473927,1.2834891058473927,2025-05-12 03:39:13.156975,1.1172620745450144,1.006506006337145,1.1245309886822559
281,FCU_018,FCU,2025-05-22 02:12:39.939092,Coil fouling,1,LOW,2.21593474210982,2.21593474210982,2025-05-22 04:25:37.304164,1.0276668174392083,0.911983719086853,0.9372154061503593
282,FCU_033,FCU,2024-05-21 22:32:45.027716,Fan motor failure,2,MEDIUM,2.8671028923314372,2.8671028923314372,2024-05-22 01:24:46.598128,1.1246083102911115,1.069605837612428,1.2028876137148217
282,FCU_015,FCU,2024-10-20 21:26:50.925792,Valve actuator,2,MEDIUM,3.5129888924747075,3.5129888924747075,2024-10-21 00:57:37.685805,1.033590850463473,1.093737257862735,1.130476822537931
282,FCU_017,FCU,2024-12-04 02:40:32.241815,Coil fouling,1,LOW,1.8157631468336466,1.8157631468336466,2024-12-04 04:29:28.989144,0.8455384598196809,1.0222269790974294,0.8643322254921656
282,FCU_042,FCU,2024-12-12 20:31:48.597772,Valve actuator,2,MEDIUM,2.3365138888001598,2.3365138888001598,2024-12-12 22:52:00.047772,0.9363675945004374,0.9372890958983251,0.8776471360778044
282,FCU_028,FCU,2025-01-06 13:09:33.406620,Valve actuator,2,MEDIUM,4.205192090139301,4.205192090139301,2025-01-06 17:21:52.098145,0.9659626934985199,1.1075087902143657,1.0698121740687558
282,FCU_023,FCU,2025-05-03 11:11:22.768090,Valve actuator,2,MEDIUM,3.585481113165813,3.585481113165813,2025-05-03 14:46:30.500097,0.9816690840647166,0.9090143745792854,0.8923513084949083
283,FCU_015,FCU,2023-10-14 16:08:42.376080,Valve actuator,2,MEDIUM,4.81682990053366,4.81682990053366,2023-10-14 20:57:42.963722,0.9609818605636464,1.0849013585845482,1.0425705261006069
283,FCU_025,FCU,2024-10-17 17:11:16.913119,Coil fouling,1,LOW,2.5276479768253317,2.5276479768253317,2024-10-17 19:42:56.445836,0.869622862804234,1.074965310032142,0.9348144103253921
283,FCU_043,FCU,2024-11-30 20:44:14.850218,Valve actuator,2,MEDIUM,2.988307616941092,2.988307616941092,2024-11-30 23:43:32.757639,0.9982782767243461,1.0404727825517153,1.0386813763443117
283,FCU_005,FCU,2024-12-19 19:20:46.932935,Fan motor failure,2,MEDIUM,4.181441019467893,4.181441019467893,2024-12-19 23:31:40.120605,1.1217651401249065,0.9551343725928204,1.0714364433097
283,CHWP_003,CHW_Pump,2025-02-09 08:26:13.780149,Impeller damage,4,CRITICAL,17.998211113932413,17.998211113932413,2025-02-10 02:26:07.340159,0.899294260466456,0.9547248421654202,0.8585785708841055
283,FCU_049,FCU,2025-05-06 11:35:24.385163,Valve actuator,2,MEDIUM,2.7808856361847423,2.7808856361847423,2025-05-06 14:22:15.573453,0.9363779270061513,1.0521577091634438,0.9852172545900065
284,FCU_014,FCU,2024-03-03 23:18:09.023634,Fan motor failure,2,MEDIUM,3.0256392802317134,3.0256392802317134,2024-03-04 02:19:41.325043,1.1307676730076326,1.039607569328303,1.1755546320104862
284,FCU_019,FCU,2024-09-08 09:42:15.435446,Filter blockage,1,LOW,0.7627565168100503,0.7627565168100503,2024-09-08 10:28:01.358907,1.2140399890414428,0.9256256838539387,1.1237465950825138
284,FCU_015,FCU,2025-01-02 12:12:37.781283,Thermostat failure,1,LOW,2.1667647145420497,2.1667647145420497,2025-01-02 14:22:38.134255,0.9704064950107427,1.1002945441233463,1.0677329720421795
284,FCU_002,FCU,2025-02-11 16:36:50.066170,Filter blockage,1,LOW,1.7023238249663235,1.7023238249663235,2025-02-11 18:18:58.431940,1.0190210283858758,1.0056397680557292,1.0247680706298827
284,FCU_021,FCU,2025-02-19 14:32:06.189077,Valve actuator,2,MEDIUM,2.7715611109365126,2.7715611109365126,2025-02-19 17:18:23.809076,1.0250310041812492,0.9579784384851653,0.981957600784434
285,FCU_001,FCU,2023-07-04 19:36:02.677249,Thermostat failure,1,LOW,1.9708000061961617,1.9708000061961617,2023-07-04 21:34:17.557271,1.128470859561785,0.921526957810886,1.0399163181902074
286,FCU_028,FCU,2024-08-16 06:29:27.096055,Coil fouling,1,LOW,1.554176431734563,1.554176431734563,2024-08-16 08:02:42.131209,0.9292143562344928,1.010458819290403,0.9389328412683974
286,CHWP_002,CHW_Pump,2024-09-14 14:35:37.443908,Impeller damage,4,CRITICAL,7.824639261349373,7.824639261349373,2024-09-14 22:25:06.145249,1.0352568677891165,1.09179819972125,1.1302915845012176
287,FCU_010,FCU,2024-06-29 04:00:17.079848,Fan motor failure,2,MEDIUM,3.0401004019859093,3.0401004019859093,2024-06-29 07:02:41.441295,0.9728671741483796,1.0074166153930362,0.9800825558075481
287,HWP_002,HW_Pump,2024-07-16 23:51:08.621670,Bearing wear,3,HIGH,9.291420322649017,9.291420322649017,2024-07-17 09:08:37.734832,1.2483674453457505,1.026716850336587,1.2817198915481205
287,FCU_046,FCU,2024-09-05 02:59:59.997927,Filter blockage,1,LOW,2.5749041216231237,2.5749041216231237,2024-09-05 05:34:29.652765,0.9909399471571964,0.9595133844850702,0.9508201425182581
287,FCU_011,FCU,2025-01-21 19:16:23.366474,Valve actuator,2,MEDIUM,2.654734119501008,2.654734119501008,2025-01-21 21:55:40.409304,1.0697132810028136,0.9945980332422891,1.0639347254185545
288,CT_001,CoolingTower,2023-11-03 10:56:22.050549,Drift eliminator damage,2,MEDIUM,3.935976469121459,3.935976469121459,2023-11-03 14:52:31.565838,0.8381066671176631,1.0457011849222042,0.8764091348961397
288,FCU_039,FCU,2024-09-03 01:55:32.919889,Filter blockage,1,LOW,0.9778864299675882,0.9778864299675882,2024-09-03 02:54:13.311037,1.0462627938750804,1.0755925709782637,1.1253524883829988
288,FCU_032,FCU,2024-10-17 08:45:02.935907,Valve actuator,2,MEDIUM,1.8260004291234884,1.8260004291234884,2024-10-17 10:34:36.537452,1.0998131907136166,0.9517761190507212,1.0467759303381967
288,FCU_022,FCU,2025-01-09 02:39:36.264839,Filter blockage,1,LOW,1.367611977238284,1.367611977238284,2025-01-09 04:01:39.667957,1.010795685378426,1.1303761386628404,1.1425793238151243
288,FCU_047,FCU,2025-03-11 02:01:32.695630,Valve actuator,2,MEDIUM,3.570749989318969,3.570749989318969,2025-03-11 05:35:47.395592,1.0795060145220334,1.0414292630800905,1.1242291531942068
289,HWP_001,HW_Pump,2024-04-08 20:43:56.586409,Seal leakage,2,MEDIUM,5.038778425274914,5.038778425274914,2024-04-09 01:46:16.188740,0.8531256474004763,1.0414715616201429,0.8885061002563693
289,FCU_024,FCU,2024-10-08 14:41:01.800467,Coil fouling,1,LOW,2.243930581074725,2.243930581074725,2024-10-08 16:55:39.950559,0.9877623730470062,0.9685845398645538,0.9567313635932543
289,FCU_017,FCU,2024-11-12 11:36:18.711580,Fan motor failure,2,MEDIUM,3.8273422225452642,3.8273422225452642,2024-11-12 15:25:57.143581,0.9374253149948057,1.1452742630171349,1.0736090867642816
290,FCU_011,FCU,2024-09-23 04:44:04.579866,Fan motor failure,2,MEDIUM,3.6445232318284653,3.6445232318284653,2024-09-23 08:22:44.863501,0.9711426430758141,0.9544049727405437,0.9268633677919519
290,HP_001,HeatPump,2025-05-17 12:32:33.362300,Heat exchanger fouling,2,MEDIUM,3.984468019332747,3.984468019332747,2025-05-17 16:31:37.447170,1.135914391264263,1.05130484434784,1.1941923023005476
291,FCU_018,FCU,2024-05-01 06:46:37.538195,Filter blockage,1,LOW,0.9552916046743798,0.9552916046743798,2024-05-01 07:43:56.587972,0.8776704004094547,1.001465325478471,0.8789564732088744
291,HWP_001,HW_Pump,2025-01-27 13:15:17.540978,Bearing wear,3,HIGH,7.5703625589043195,7.5703625589043195,2025-01-27 20:49:30.846190,0.8728671261611954,1.1087671862474,0.967806427441603
291,HWP_002,HW_Pump,2025-04-01 13:02:41.841769,Impeller damage,4,CRITICAL,6.890856564641642,6.890856564641642,2025-04-01 19:56:08.925402,1.1620534389988546,1.1166775769107538,1.2976390185020494
292,FCU_027,FCU,2024-01-08 15:05:55.690910,Coil fouling,1,LOW,1.8518427224090335,1.8518427224090335,2024-01-08 16:57:02.324711,1.0469227546043698,1.030177041163586,1.0785157856651606
292,FCU_042,FCU,2024-12-14 18:30:22.016478,Filter blockage,1,LOW,0.6429818035869543,0.6429818035869543,2024-12-14 19:08:56.750971,0.9435532724590856,0.9361343696382479,0.8832926479335921
292,FCU_018,FCU,2025-01-10 15:37:10.194975,Filter blockage,1,LOW,1.0372347996500726,1.0372347996500726,2025-01-10 16:39:24.240254,1.0138796593682204,1.0226539901036351,1.036848079137825
292,FCU_033,FCU,2025-01-31 01:48:52.085909,Valve actuator,2,MEDIUM,3.4506404972152147,3.4506404972152147,2025-01-31 05:15:54.391699,0.9880103268353865,1.0739558919222554,1.0610795117848966
292,FCU_002,FCU,2025-05-09 12:48:05.202389,Fan motor failure,2,MEDIUM,3.394010821854774,3.394010821854774,2025-05-09 16:11:43.641348,0.8545962438000124,0.9402330971540137,0.8035196731242723
292,FCU_024,FCU,2025-05-25 17:10:25.957853,Coil fouling,1,LOW,1.3335023576109226,1.3335023576109226,2025-05-25 18:30:26.566340,1.1046875970453618,0.9631009398907027,1.0639256629999898
293,CT_001,CoolingTower,2024-07-22 11:41:43.948623,Fill media degradation,2,MEDIUM,4.350550283759867,4.350550283759867,2024-07-22 16:02:45.929645,1.2191811113130124,1.002980643372743,1.2228150554126211
293,FCU_024,FCU,2025-04-19 22:03:44.266840,Fan motor failure,2,MEDIUM,4.943539681444667,4.943539681444667,2025-04-20 03:00:21.009693,0.981176344775722,1.111262214360446,1.0903441975735573
294,FCU_020,FCU,2024-01-29 04:12:22.760383,Coil fouling,1,LOW,1.4218401412396628,1.4218401412396628,2024-01-29 05:37:41.384891,1.2868796881495275,0.9175463439300077,1.1807717529393873
294,FCU_027,FCU,2024-05-09 04:59:09.578836,Fan motor failure,2,MEDIUM,3.0140073900422624,3.0140073900422624,2024-05-09 08:00:00.005440,0.9932595157764649,0.9736372067015253,0.9670744204703069
294,FCU_044,FCU,2024-09-09 03:13:37.435719,Fan motor failure,2,MEDIUM,4.456795017956066,4.456795017956066,2024-09-09 07:41:01.897784,0.9897641702882739,0.9719128697731376,0.9619645351435048
294,CHWP_003,CHW_Pump,2025-01-30 09:43:46.663179,Bearing wear,3,HIGH,7.5868863453669,7.5868863453669,2025-01-30 17:18:59.454022,1.1620749875599672,0.9994494591455559,1.1614352178033878
294,FCU_012,FCU,2025-05-08 04:42:36.926229,Fan motor failure,2,MEDIUM,4.206251570355415,4.206251570355415,2025-05-08 08:54:59.431882,1.179111907953407,1.0113478395415532,1.1924922806863967
295,FCU_012,FCU,2024-01-03 07:10:17.579337,Fan motor failure,2,MEDIUM,5.213370815234203,5.213370815234203,2024-01-03 12:23:05.714272,0.8186901407169005,1.1274699176273892,0.9230485055164395
295,CHWP_002,CHW_Pump,2024-04-12 20:41:10.235309,Seal leakage,2,MEDIUM,4.002976828100876,4.002976828100876,2024-04-13 00:41:20.951890,1.1114362066942696,1.1063420195170348,1.2296285774784907
295,FCU_023,FCU,2024-06-10 12:03:52.860408,Fan motor failure,2,MEDIUM,4.551064289177035,4.551064289177035,2024-06-10 16:36:56.691849,0.9930708951988467,0.9936720640838177,0.9867868062138027
295,HP_002,HeatPump,2024-09-19 16:09:03.271936,Compressor degradation,4,CRITICAL,12.80299998148659,12.80299998148659,2024-09-20 04:57:14.071869,0.82828803255933,0.9853887186125266,0.8161856830457289
295,FCU_007,FCU,2024-12-19 20:47:53.549483,Coil fouling,1,LOW,1.95237642801461,1.95237642801461,2024-12-19 22:45:02.104624,0.8874814322275748,0.9496749657469177,0.8428188987517475
295,HP_001,HeatPump,2025-01-14 19:26:02.372715,Refrigerant leak,3,HIGH,7.049212644234824,7.049212644234824,2025-01-15 02:28:59.538234,0.9357083259771551,1.047747271102419,0.980385845090377
295,FCU_040,FCU,2025-05-06 23:06:28.213472,Filter blockage,1,LOW,1.0608384769686707,1.0608384769686707,2025-05-07 00:10:07.231989,1.0275946049181022,0.9574884731206892,0.9839099892500915
295,FCU_047,FCU,2025-05-29 01:27:08.542635,Coil fouling,1,LOW,1.3092144719399512,1.3092144719399512,2025-05-29 02:45:41.714734,0.9990777111271166,0.93208710202118,0.9312274484584278
296,HP_002,HeatPump,2024-05-11 16:42:53.736355,Compressor degradation,4,CRITICAL,8.915369288892727,8.915369288892727,2024-05-12 01:37:49.065795,1.0951292533304713,1.0975255366493573,1.2019323214619355
296,FCU_020,FCU,2024-10-20 07:42:13.812680,Fan motor failure,2,MEDIUM,4.129633145585007,4.129633145585007,2024-10-20 11:50:00.492004,0.9939559281185882,1.103332388058515,1.0966637677959996
296,FCU_044,FCU,2024-11-05 14:34:41.809051,Coil fouling,1,LOW,3.021074014993724,3.021074014993724,2024-11-05 17:35:57.675505,1.0043491756702854,1.0431112174439727,1.0476478913722818
296,FCU_013,FCU,2024-11-07 16:26:23.558722,Fan motor failure,2,MEDIUM,5.257682341529276,5.257682341529276,2024-11-07 21:41:51.215152,1.23221585393097,0.9996677310312794,1.2318064268399431
297,FCU_035,FCU,2024-08-22 03:31:39.635968,Fan motor failure,2,MEDIUM,2.213067022459608,2.213067022459608,2024-08-22 05:44:26.677249,1.0425689111516028,1.0606018894384552,1.1057505570371828
297,FCU_010,FCU,2024-12-26 06:09:36.661706,Coil fouling,1,LOW,2.0362105341576218,2.0362105341576218,2024-12-26 08:11:47.019629,1.1670629458141353,0.9369863257214495,1.0935220214840378
297,FCU_026,FCU,2025-01-20 17:04:56.054571,Fan motor failure,2,MEDIUM,5.5797389974472695,5.5797389974472695,2025-01-20 22:39:43.114962,0.9565883953638342,1.1406294904254288,1.0911129339507288
297,FCU_036,FCU,2025-01-21 04:05:18.156049,Fan motor failure,2,MEDIUM,3.29917036885043,3.29917036885043,2025-01-21 07:23:15.169377,0.9420696760644511,1.121974388029927,1.0569780482839641
297,FCU_024,FCU,2025-02-20 04:07:13.805247,Valve actuator,2,MEDIUM,4.683909850657594,4.683909850657594,2025-02-20 08:48:15.880709,1.0055457863270243,0.9523687891413135,0.9576504229504181
297,FCU_003,FCU,2025-05-25 22:59:20.548361,Thermostat failure,1,LOW,2.5115470829205226,2.5115470829205226,2025-05-26 01:30:02.117860,1.094789952769807,0.9981193080138668,1.0927309900791338
298,FCU_014,FCU,2024-06-25 06:04:13.293599,Fan motor failure,2,MEDIUM,3.8545626816952927,3.8545626816952927,2024-06-25 09:55:29.719253,0.9783454568284286,0.9635710639765658,0.9427053727728082
298,FCU_012,FCU,2025-02-21 09:11:54.758720,Coil fouling,1,LOW,1.7971776159510782,1.7971776159510782,2025-02-21 10:59:44.598137,1.1534283860032333,0.919784431862997,1.0609054727146374
298,FCU_013,FCU,2025-03-27 22:22:32.770208,Fan motor failure,2,MEDIUM,5.391129775364525,5.391129775364525,2025-03-28 03:46:00.837399,0.9731731150888362,0.9682884409187226,0.9423122783533857
299,CHWP_001,CHW_Pump,2024-04-24 20:03:23.426192,VFD malfunction,2,MEDIUM,3.577587443517902,3.577587443517902,2024-04-24 23:38:02.740989,0.921870053776651,0.9687763928233012,0.8930859453495666
299,FCU_032,FCU,2024-07-23 07:50:47.971839,Coil fouling,1,LOW,2.2853870169546,2.2853870169546,2024-07-23 10:07:55.365100,0.9649598535121858,0.9598584496088656,0.9262248689270047
299,FCU_006,FCU,2025-01-06 02:27:49.634646,Valve actuator,2,MEDIUM,2.9655903541614115,2.9655903541614115,2025-01-06 05:25:45.759921,1.1078221558760364,1.0147394612270877,1.12415085758908
299,FCU_028,FCU,2025-03-04 08:56:35.733121,Filter blockage,1,LOW,0.9013241773612041,0.9013241773612041,2025-03-04 09:50:40.500160,1.0914250201590994,1.1269265341147023,1.229955815213963
299,FCU_020,FCU,2025-03-09 07:03:30.740719,Filter blockage,1,LOW,1.0610290773261097,1.0610290773261097,2025-03-09 08:07:10.445397,1.0181096134787428,1.1470169387535836,1.1677889721679817
299,FCU_015,FCU,2025-03-29 07:23:46.953104,Filter blockage,1,LOW,1.2291769755123811,1.2291769755123811,2025-03-29 08:37:31.990216,0.9649400317245492,0.9074052636876055,0.8755916639297411
299,FCU_035,FCU,2025-04-01 11:03:46.874010,Fan motor failure,2,MEDIUM,4.852931074909043,4.852931074909043,2025-04-01 15:54:57.425880,1.0107770114913734,0.9149893656538204,0.9248502165619561
300,CHWP_003,CHW_Pump,2024-09-17 05:24:08.875392,Bearing wear,3,HIGH,7.196193917441943,7.196193917441943,2024-09-17 12:35:55.173495,0.8737239259542506,1.0384851514959828,0.9073493236102648
300,CHWP_001,CHW_Pump,2025-05-11 07:17:14.349786,Seal leakage,2,MEDIUM,3.236383169431277,3.236383169431277,2025-05-11 10:31:25.329196,1.1168193300456895,0.9246886807897177,1.0327101929804048
301,FCU_018,FCU,2024-04-26 14:06:56.537650,Valve actuator,2,MEDIUM,2.295906805890933,2.295906805890933,2024-04-26 16:24:41.802151,1.0544913263982059,1.1082466670788171,1.1686364979443327
301,FCU_045,FCU,2024-08-07 09:17:23.851418,Coil fouling,1,LOW,1.6398957530526581,1.6398957530526581,2024-08-07 10:55:47.476129,1.0121407140925678,0.9318538688780036,0.9431672402761045
302,FCU_030,FCU,2025-01-20 08:05:50.451152,Filter blockage,1,LOW,0.7957695792626543,0.7957695792626543,2025-01-20 08:53:35.221637,1.0370873026684118,1.1450981825693969,1.1875667854513963
303,HP_001,HeatPump,2023-06-18 07:08:46.439487,Control valve failure,3,HIGH,3.104751441344363,3.104751441344363,2023-06-18 10:15:03.544676,1.0558617745806158,1.102350594678553,1.163929855107294
303,FCU_007,FCU,2023-08-10 14:56:11.529071,Fan motor failure,2,MEDIUM,4.335842430647337,4.335842430647337,2023-08-10 19:16:20.561821,0.8966513274397626,0.9172736479132931,0.8224746340269677
303,CHWP_001,CHW_Pump,2024-07-24 22:56:02.545468,VFD malfunction,2,MEDIUM,2.3966051565453075,2.3966051565453075,2024-07-25 01:19:50.324032,0.9986850372935563,0.9955215878830712,0.9942125141215453
304,FCU_050,FCU,2024-03-09 07:35:05.645185,Valve actuator,2,MEDIUM,3.1483481841022054,3.1483481841022054,2024-03-09 10:43:59.698648,0.8923311362925164,0.952496659266112,0.8499424262777555
304,FCU_026,FCU,2025-02-19 02:27:20.715857,Filter blockage,1,LOW,0.7402681955303424,0.7402681955303424,2025-02-19 03:11:45.681361,0.8352172949319593,1.0071078221020824,0.8411538708809181
304,FCU_009,FCU,2025-03-12 04:47:11.755719,Fan motor failure,2,MEDIUM,4.668691136898705,4.668691136898705,2025-03-12 09:27:19.043812,1.030635980310935,1.0557707512638639,1.0881153232124448
304,CHWP_003,CHW_Pump,2025-05-07 13:21:27.795524,Bearing wear,3,HIGH,7.9470703795781406,7.9470703795781406,2025-05-07 21:18:17.248890,1.1492222785984851,0.9200842166561837,1.0573812799681217
305,HP_001,HeatPump,2024-04-02 10:04:06.994863,Heat exchanger fouling,2,MEDIUM,4.110505035785575,4.110505035785575,2024-04-02 14:10:44.812992,0.9592974086313351,1.0790047955171365,1.0350865042403725
305,FCU_014,FCU,2024-10-15 16:06:00.617289,Valve actuator,2,MEDIUM,2.0948797039275053,2.0948797039275053,2024-10-15 18:11:42.184223,1.117833345751454,0.9670729044707397,1.0810263403901033
305,FCU_047,FCU,2024-10-21 22:03:22.401576,Filter blockage,1,LOW,0.8374083021972504,0.8374083021972504,2024-10-21 22:53:37.071464,1.0585319835054459,0.9147615276373262,0.9683043342844107
305,CHWP_002,CHW_Pump,2025-02-22 18:31:12.730750,Bearing wear,3,HIGH,12.759651341821725,12.759651341821725,2025-02-23 07:16:47.475581,1.305389122384176,0.9326757598450118,1.2175047916130746
305,FCU_018,FCU,2025-03-10 00:46:10.773694,Coil fouling,1,LOW,2.0801634216578506,2.0801634216578506,2025-03-10 02:50:59.362012,1.0424441903493482,1.0590866218691763,1.1040386960442399
306,FCU_050,FCU,2023-12-13 06:23:04.047655,Coil fouling,1,LOW,2.1144474064084613,2.1144474064084613,2023-12-13 08:29:56.058318,1.0976603482357874,1.0597962868057489,1.1632963612341927
306,FCU_026,FCU,2024-07-30 22:21:11.626703,Thermostat failure,1,LOW,1.2374329282258474,1.2374329282258474,2024-07-30 23:35:26.385245,1.0492200268668244,1.0655859155235539,1.1180340829145328
306,FCU_007,FCU,2024-08-05 17:20:22.453037,Fan motor failure,2,MEDIUM,3.9571462795454218,3.9571462795454218,2024-08-05 21:17:48.179643,1.1507166301343656,1.0828714874833847,1.2460782289454684
306,FCU_047,FCU,2024-10-03 09:30:16.908178,Filter blockage,1,LOW,1.0316444148666704,1.0316444148666704,2024-10-03 10:32:10.828072,0.9455380768909474,0.9570575066752137,0.9049343143357266
306,FCU_049,FCU,2025-04-03 12:33:24.621611,Filter blockage,1,LOW,0.7221307035632661,0.7221307035632661,2025-04-03 13:16:44.292144,1.16915764404148,0.9321657296456611,1.0898486883287284
307,FCU_050,FCU,2023-08-14 03:01:58.463900,Coil fouling,1,LOW,1.9339626372151122,1.9339626372151122,2023-08-14 04:58:00.729394,0.8580755110272379,1.1475243842563585,0.9846625724369913
307,FCU_021,FCU,2024-07-22 19:39:18.039681,Fan motor failure,2,MEDIUM,3.8689538580326532,3.8689538580326532,2024-07-22 23:31:26.273570,1.0064372861471262,0.9055635068931949,0.9113928783114615
307,CHWP_003,CHW_Pump,2024-09-01 04:05:46.629611,Impeller damage,4,CRITICAL,9.020866897700301,9.020866897700301,2024-09-01 13:07:01.750443,0.9642591024237798,1.1215659400017222,1.0814801666151435
307,FCU_011,FCU,2024-10-30 09:25:13.481774,Valve actuator,2,MEDIUM,4.910882437833149,4.910882437833149,2024-10-30 14:19:52.658550,1.1749754521779137,1.0862549116086702,1.2763228559478768
307,FCU_045,FCU,2025-03-12 14:14:39.100167,Fan motor failure,2,MEDIUM,3.9126807107474297,3.9126807107474297,2025-03-12 18:09:24.750726,1.1928593569243895,0.9972315071466652,1.1895569343197108
307,FCU_022,FCU,2025-04-26 16:43:04.631798,Coil fouling,1,LOW,2.2933571386584553,2.2933571386584553,2025-04-26 19:00:40.717497,1.039179086135353,1.0439646132643112,1.0848661927696541
308,HP_001,HeatPump,2023-12-20 19:37:18.004207,Heat exchanger fouling,2,MEDIUM,3.570181288193795,3.570181288193795,2023-12-20 23:11:30.656844,0.8,0.901588656971132,0.7212709255769056
308,FCU_044,FCU,2024-12-29 22:56:13.695593,Fan motor failure,2,MEDIUM,2.2969940663774584,2.2969940663774584,2024-12-30 01:14:02.874232,1.1666549289054762,1.0873362673270153,1.268546215654745
308,CHWP_002,CHW_Pump,2025-01-18 16:25:24.486866,Seal leakage,2,MEDIUM,4.094740372050761,4.094740372050761,2025-01-18 20:31:05.552205,1.0301855978284238,1.024207238694544,1.055123546494738
308,FCU_038,FCU,2025-02-10 14:33:49.915429,Fan motor failure,2,MEDIUM,3.562756376310227,3.562756376310227,2025-02-10 18:07:35.838384,0.8,0.9303977966377581,0.7443182373102065
308,FCU_016,FCU,2025-02-19 09:36:00.773690,Thermostat failure,1,LOW,1.669400492031021,1.669400492031021,2025-02-19 11:16:10.615461,1.0674257273808125,0.9317455684425827,0.9945691911286725
308,FCU_043,FCU,2025-03-25 15:52:00.563274,Filter blockage,1,LOW,1.212517157609005,1.212517157609005,2025-03-25 17:04:45.625041,1.0261605675448593,0.9558322765585341,0.9808373913910002
308,FCU_017,FCU,2025-03-29 03:23:23.142997,Valve actuator,2,MEDIUM,5.703834429068606,5.703834429068606,2025-03-29 09:05:36.946942,0.9809060929131203,0.9300991696384493,0.9123399425117887
309,CHWP_001,CHW_Pump,2024-08-28 21:57:29.121569,Bearing wear,3,HIGH,9.871236337521891,9.871236337521891,2024-08-29 07:49:45.572384,1.1321767231995041,1.1145018189929536,1.2618130174273292
309,FCU_047,FCU,2025-03-03 03:39:28.958136,Fan motor failure,2,MEDIUM,3.6735681551097366,3.6735681551097366,2025-03-03 07:19:53.803494,0.9414399691404997,1.0305127121098576,0.970165855887597
310,FCU_025,FCU,2024-11-14 05:12:29.005632,Thermostat failure,1,LOW,2.0710128550575746,2.0710128550575746,2024-11-14 07:16:44.651910,1.1662061384899547,0.9093709643250967,1.0605140007604574
310,FCU_050,FCU,2025-02-15 21:18:58.187705,Fan motor failure,2,MEDIUM,3.228116768746157,3.228116768746157,2025-02-16 00:32:39.408072,0.9171665544156024,1.122759491796823,1.029757454528705
311,FCU_041,FCU,2024-07-30 04:52:07.953085,Filter blockage,1,LOW,1.0105112038138782,1.0105112038138782,2024-07-30 05:52:45.793419,1.0662329683097496,1.0729339813258991,1.1439975837095109
311,HWP_002,HW_Pump,2024-09-12 20:25:32.602359,Motor overheating,3,HIGH,8.011766227837988,8.011766227837988,2024-09-13 04:26:14.960779,0.8514787568976224,1.1018235622184245,0.9381793570782542
311,FCU_013,FCU,2025-01-09 17:54:27.543217,Fan motor failure,2,MEDIUM,6.68088078292921,6.68088078292921,2025-01-10 00:35:18.714036,1.0548247369734371,0.9813008360337392,1.035100396261103
311,CHWP_003,CHW_Pump,2025-02-15 11:34:15.802455,Seal leakage,2,MEDIUM,2.85716931843734,2.85716931843734,2025-02-15 14:25:41.612001,0.8110722500398001,0.9167940165142521,0.7435861857972401
311,FCU_049,FCU,2025-04-28 19:19:22.083313,Fan motor failure,2,MEDIUM,3.4735113106577216,3.4735113106577216,2025-04-28 22:47:46.724031,1.0426351722816878,1.1493338725803366,1.1983359202469785
311,FCU_004,FCU,2025-05-25 20:57:39.260947,Valve actuator,2,MEDIUM,2.918024275175431,2.918024275175431,2025-05-25 23:52:44.148338,0.8861031750557208,1.1485296799950246,1.0177157960893224
312,FCU_049,FCU,2024-05-25 17:04:49.497464,Fan motor failure,2,MEDIUM,5.4865092275536105,5.4865092275536105,2024-05-25 22:34:00.930683,0.8,1.1374110615761228,0.9099288492608983
312,FCU_041,FCU,2024-06-13 05:23:25.960755,Coil fouling,1,LOW,4.4006410728660335,4.4006410728660335,2024-06-13 09:47:28.268617,0.8649073013828021,0.9819158366615659,0.8492661764719913
312,FCU_029,FCU,2024-06-20 22:58:52.953256,Valve actuator,2,MEDIUM,2.644874709567387,2.644874709567387,2024-06-21 01:37:34.502210,1.0032842852015529,1.0333901980617792,1.0367841461967033
312,FCU_015,FCU,2024-08-05 12:44:27.492263,Filter blockage,1,LOW,0.7578258810933189,0.7578258810933189,2024-08-05 13:29:55.665435,0.962949932947098,1.009035947915778,0.9716510983867098
312,FCU_011,FCU,2025-05-24 11:52:36.234791,Coil fouling,1,LOW,2.926882425525804,2.926882425525804,2025-05-24 14:48:13.011523,0.9444801715858253,1.0795820433787546,1.019643833571342
313,FCU_042,FCU,2023-04-03 19:37:40.297716,Valve actuator,2,MEDIUM,3.544010094310875,3.544010094310875,2023-04-03 23:10:18.734056,0.984592806200055,1.1295822369190183,1.1121785444818315
313,FCU_024,FCU,2023-10-20 08:43:06.487633,Fan motor failure,2,MEDIUM,2.434864038144199,2.434864038144199,2023-10-20 11:09:11.998170,0.8639439091786111,0.9720731580023134,0.8398166841321163
313,HP_002,HeatPump,2024-04-10 02:59:25.161955,Refrigerant leak,3,HIGH,7.98149787254005,7.98149787254005,2024-04-10 10:58:18.554296,1.0765158223585167,1.0862091596415793,1.1693213467449082
313,CT_001,CoolingTower,2024-06-06 14:09:02.767203,Fill media degradation,2,MEDIUM,8.769415192743566,8.769415192743566,2024-06-06 22:55:12.661897,0.8991318315811135,0.9613288625271152,0.8643613809157936
313,FCU_001,FCU,2024-06-29 22:09:31.439171,Valve actuator,2,MEDIUM,1.6695374080743692,1.6695374080743692,2024-06-29 23:49:41.773840,1.1151440137569204,0.9278631953508262,1.0347010878808418
313,FCU_016,FCU,2024-11-08 02:05:17.531452,Fan motor failure,2,MEDIUM,4.98354368626078,4.98354368626078,2024-11-08 07:04:18.288723,0.9800658612500811,0.9064849042065437,0.8884149083513835
314,FCU_040,FCU,2023-07-07 11:14:36.508392,Coil fouling,1,LOW,3.071768222242268,3.071768222242268,2023-07-07 14:18:54.873992,1.050127447889916,1.1083545227362914,1.1639135063183077
314,CHWP_001,CHW_Pump,2023-09-25 16:57:15.643028,Seal leakage,2,MEDIUM,3.3414782056277823,3.3414782056277823,2023-09-25 20:17:44.964568,1.1636426340798591,1.0460082777537234,1.2171798275946797
314,HWP_002,HW_Pump,2024-01-05 22:36:37.493573,Seal leakage,2,MEDIUM,2.8650400648620127,2.8650400648620127,2024-01-06 01:28:31.637807,0.9082530650922302,0.988888780194655,0.8981612656471122
314,FCU_048,FCU,2024-05-06 07:43:32.454462,Fan motor failure,2,MEDIUM,4.847171068178814,4.847171068178814,2024-05-06 12:34:22.270307,0.9643818161858131,0.9538137314506088,0.9198406186393054
314,FCU_015,FCU,2024-11-06 06:48:45.898460,Coil fouling,1,LOW,1.6154046054626126,1.6154046054626126,2024-11-06 08:25:41.355040,0.9496275248988689,0.9532900131267842,0.9052704356763983
314,FCU_025,FCU,2025-01-04 23:15:58.345150,Coil fouling,1,LOW,1.2313659178324963,1.2313659178324963,2025-01-05 00:29:51.262454,0.889967827567686,1.0994798729151904,0.9785017139527276
314,FCU_035,FCU,2025-01-12 13:28:29.552181,Coil fouling,1,LOW,1.6533343341894806,1.6533343341894806,2025-01-12 15:07:41.555784,0.8,1.0347240811278555,0.8277792649022845
315,FCU_022,FCU,2024-01-05 19:18:00.826279,Filter blockage,1,LOW,0.7725082098742324,0.7725082098742324,2024-01-05 20:04:21.855835,1.0610377822054835,0.971622527821432,1.0309282120605379
315,FCU_025,FCU,2024-06-19 19:14:35.719074,Coil fouling,1,LOW,2.1106784979446123,2.1106784979446123,2024-06-19 21:21:14.161667,0.9644153774254608,0.9216852200282832,0.8888873993410457
315,FCU_035,FCU,2024-10-30 11:39:54.273273,Valve actuator,2,MEDIUM,5.160681457260971,5.160681457260971,2024-10-30 16:49:32.726519,1.0190751845204966,1.053063979689032,1.0731513694134887
315,FCU_004,FCU,2025-05-25 09:45:18.220264,Coil fouling,1,LOW,1.970714515166665,1.970714515166665,2025-05-25 11:43:32.792519,0.9973372152883221,0.918949746544444,0.9165027812085451
317,HWP_001,HW_Pump,2024-02-07 19:28:59.136852,VFD malfunction,2,MEDIUM,2.39333255848666,2.39333255848666,2024-02-07 21:52:35.134063,0.9422802021035802,0.9394722788836889,0.8852461288172334
317,FCU_043,FCU,2024-04-19 16:51:50.245999,Fan motor failure,2,MEDIUM,7.744197579255883,7.744197579255883,2024-04-20 00:36:29.357284,0.9990717326369082,1.109700730079422,1.10867063110889
317,HP_001,HeatPump,2025-02-26 08:11:27.953569,Control valve failure,3,HIGH,5.771584905326808,5.771584905326808,2025-02-26 13:57:45.659228,1.0456118410603945,0.9037289444210199,0.9449496853956296
317,FCU_050,FCU,2025-03-19 20:39:40.337262,Valve actuator,2,MEDIUM,4.81853014013818,4.81853014013818,2025-03-20 01:28:47.045766,0.9263174969226221,1.043798607520043,0.9668889134092846
318,HWP_002,HW_Pump,2024-03-05 17:18:57.688001,Impeller damage,4,CRITICAL,15.486147794420038,15.486147794420038,2024-03-06 08:48:07.820061,1.1190482192278541,0.9495547537905934,1.0625975562887071
318,HP_002,HeatPump,2025-04-10 23:44:07.344956,Compressor degradation,4,CRITICAL,11.511018671624752,11.511018671624752,2025-04-11 11:14:47.012174,1.062581969121209,0.9762292686475708,1.0373236185932935
318,FCU_034,FCU,2025-05-17 10:20:19.903589,Fan motor failure,2,MEDIUM,5.5894573915365715,5.5894573915365715,2025-05-17 15:55:41.950199,0.9840643668281583,1.0078435298651034,0.991782905078559
319,HWP_002,HW_Pump,2024-04-14 10:52:42.824571,Motor overheating,3,HIGH,4.167533185590809,4.167533185590809,2024-04-14 15:02:45.944039,1.1647392627980746,1.009591975262338,1.1759114129939074
320,HP_001,HeatPump,2024-02-13 09:28:09.646861,Refrigerant leak,3,HIGH,3.2969511857457854,3.2969511857457854,2024-02-13 12:45:58.671130,1.1715906850109497,1.0979952279924703,1.2864009813024522
320,FCU_006,FCU,2025-02-09 05:53:09.352433,Valve actuator,2,MEDIUM,4.884939441792281,4.884939441792281,2025-02-09 10:46:15.134423,1.0362613500904392,1.1009228420747408,1.1408437906737743
320,FCU_034,FCU,2025-03-14 05:51:06.645449,Fan motor failure,2,MEDIUM,4.183246722706781,4.183246722706781,2025-03-14 10:02:06.333651,1.0360235636839292,1.0152715435690847,1.0518452426753266
320,FCU_044,FCU,2025-04-23 18:32:50.778071,Valve actuator,2,MEDIUM,1.756529423865427,1.756529423865427,2025-04-23 20:18:14.283997,1.007343222076494,0.9834550029472198,0.9906767314361002
321,FCU_041,FCU,2024-12-05 05:24:02.782289,Coil fouling,1,LOW,2.5951570155892907,2.5951570155892907,2024-12-05 07:59:45.347545,1.0319342428898914,0.981692414113868,1.0130420181093442
321,FCU_026,FCU,2025-03-31 01:10:02.502042,Fan motor failure,2,MEDIUM,6.761078049901677,6.761078049901677,2025-03-31 07:55:42.383022,0.9615762119751367,1.0391095239943633,0.9991829999097872
321,FCU_029,FCU,2025-05-17 18:29:46.454240,Fan motor failure,2,MEDIUM,5.287018427134302,5.287018427134302,2025-05-17 23:46:59.720578,0.8317226697765293,0.9370752236917069,0.7793867068303049
322,HWP_001,HW_Pump,2024-04-30 12:55:26.600951,Bearing wear,3,HIGH,9.500908868765986,9.500908868765986,2024-04-30 22:25:29.872879,1.1289041758623632,0.9620034491467933,1.0860097109358116
322,FCU_014,FCU,2024-10-12 23:36:53.679358,Valve actuator,2,MEDIUM,1.2274704322404684,1.2274704322404684,2024-10-13 00:50:32.572914,1.045222922124243,0.9979191171467615,1.0430479356677829
322,FCU_010,FCU,2025-01-22 22:00:04.770385,Fan motor failure,2,MEDIUM,3.174959673024857,3.174959673024857,2025-01-23 01:10:34.625208,0.8927617822576829,1.1181334252541593,0.9982267895317909
322,FCU_011,FCU,2025-04-04 04:14:41.936907,Fan motor failure,2,MEDIUM,4.830500955015406,4.830500955015406,2025-04-04 09:04:31.740345,0.9503848857786334,0.993004544505844,0.9437365106078505
322,FCU_013,FCU,2025-04-30 21:35:09.439986,Thermostat failure,1,LOW,3.0056066975665723,3.0056066975665723,2025-05-01 00:35:29.624097,1.12528284924925,1.1270268538196975,1.2682239892466471
322,FCU_036,FCU,2025-05-15 01:40:34.454122,Fan motor failure,2,MEDIUM,4.7218699316838375,4.7218699316838375,2025-05-15 06:23:53.185876,1.069169394027699,1.0964938030623106,1.1723376149752578
323,HP_002,HeatPump,2023-10-07 18:21:20.989418,Control valve failure,3,HIGH,1.7412129468794528,1.7412129468794528,2023-10-07 20:05:49.356027,0.9591927166133254,0.9233844241776137,0.8857036143053565
323,FCU_044,FCU,2024-03-13 04:27:41.608214,Filter blockage,1,LOW,1.6795198054514848,1.6795198054514848,2024-03-13 06:08:27.879514,1.1174848359819818,0.9924065576749964,1.1089992793308865
324,HP_001,HeatPump,2023-10-05 21:09:05.959124,Sensor malfunction,1,LOW,1.5875115600386074,1.5875115600386074,2023-10-05 22:44:21.000740,1.1152686080022094,1.0371280439204356,1.1566763498631984
324,FCU_012,FCU,2024-10-08 19:28:34.205686,Fan motor failure,2,MEDIUM,4.490027851668974,4.490027851668974,2024-10-08 23:57:58.305952,0.9926477118850735,0.910490888916708,0.9037966975753768
324,FCU_050,FCU,2025-04-11 00:18:20.484252,Filter blockage,1,LOW,0.7103076685456841,0.7103076685456841,2025-04-11 01:00:57.591859,1.0877176394991215,1.0528206568339826,1.1451715996673741
325,FCU_014,FCU,2024-04-28 21:59:31.492228,Filter blockage,1,LOW,0.8813791036193734,0.8813791036193734,2024-04-28 22:52:24.457001,0.9161135364864743,0.9323899483789416,0.8541750529938734
325,FCU_049,FCU,2024-12-12 09:59:25.434336,Coil fouling,1,LOW,2.3444100949426905,2.3444100949426905,2024-12-12 12:20:05.310678,0.8133349597415659,1.0829435237888192,0.8807958273231687
325,HWP_001,HW_Pump,2025-02-02 16:52:18.625152,Bearing wear,3,HIGH,7.135525039662614,7.135525039662614,2025-02-03 00:00:26.515295,0.8516126760105585,1.0333118780821087,0.8799814936470005
325,FCU_003,FCU,2025-02-02 17:43:27.954107,Thermostat failure,1,LOW,2.2801244011169097,2.2801244011169097,2025-02-02 20:00:16.401951,1.1060664791773378,1.0490365697019528,1.1603041851785107
325,CHWP_001,CHW_Pump,2025-03-20 08:20:45.223502,Impeller damage,4,CRITICAL,10.496255039608538,10.496255039608538,2025-03-20 18:50:31.741645,1.146032994277723,1.0643379465838514,1.2197664038468945
326,FCU_029,FCU,2024-06-24 04:43:58.238101,Valve actuator,2,MEDIUM,3.5111404287217227,3.5111404287217227,2024-06-24 08:14:38.343644,1.10701773614624,1.1145962303454366,1.2338777956341385
327,CHWP_003,CHW_Pump,2024-05-06 01:09:42.539434,Bearing wear,3,HIGH,6.940403778104476,6.940403778104476,2024-05-06 08:06:07.993035,1.0045192976569197,1.040764347788568,1.0454678716669343
327,FCU_023,FCU,2024-07-12 15:37:26.475933,Coil fouling,1,LOW,1.9503049188634038,1.9503049188634038,2024-07-12 17:34:27.573641,0.9214286173259407,1.1435941521248099,1.053740378374395
327,HP_001,HeatPump,2025-03-14 04:46:11.434092,Control valve failure,3,HIGH,3.5055975314329806,3.5055975314329806,2025-03-14 08:16:31.585205,0.9810238567536669,1.0589950589164976,1.0388994169813393
328,FCU_017,FCU,2024-03-02 02:10:19.580393,Fan motor failure,2,MEDIUM,3.0034473076768027,3.0034473076768027,2024-03-02 05:10:31.990701,0.8291065667214444,1.1027897583362722,0.9143302303497581
328,FCU_032,FCU,2024-03-18 04:20:46.760356,Fan motor failure,2,MEDIUM,3.5322044875847225,3.5322044875847225,2024-03-18 07:52:42.696511,0.9826368196107331,0.9510532317927068,0.9345399229692948
328,FCU_037,FCU,2024-07-05 09:10:14.408425,Coil fouling,1,LOW,1.5247530798787705,1.5247530798787705,2024-07-05 10:41:43.519513,0.9262067424850933,0.9096390364593325,0.8425138087962774
328,FCU_002,FCU,2025-05-15 13:15:20.037787,Valve actuator,2,MEDIUM,2.791042331470418,2.791042331470418,2025-05-15 16:02:47.790180,1.0391827783065963,1.0301440395155026,1.0705079450397001
329,FCU_045,FCU,2023-11-13 16:13:52.885306,Thermostat failure,1,LOW,1.4306298638618256,1.4306298638618256,2023-11-13 17:39:43.152816,0.8278280657784465,0.9434961903215743,0.7810526263032418
329,FCU_001,FCU,2025-01-08 00:03:54.615363,Filter blockage,1,LOW,0.9497143659606477,0.9497143659606477,2025-01-08 01:00:53.587080,1.2736135178801928,1.0923051945023015,1.3911746613688845
329,FCU_041,FCU,2025-04-24 17:08:27.732154,Filter blockage,1,LOW,0.6081060272391628,0.6081060272391628,2025-04-24 17:44:56.913852,1.1579067595570225,0.956416347939383,1.1074409542298527
329,FCU_045,FCU,2025-05-13 22:46:41.165947,Thermostat failure,1,LOW,1.5438630290727977,1.5438630290727977,2025-05-14 00:19:19.072852,0.9551797556484223,0.9584452151342776,0.9154874663943589
330,FCU_047,FCU,2024-08-27 00:50:42.006701,Valve actuator,2,MEDIUM,3.2409763534398115,3.2409763534398115,2024-08-27 04:05:09.521573,1.139287747171043,1.0824334502653787,1.2332031670154224
330,FCU_050,FCU,2024-12-20 16:46:12.684299,Coil fouling,1,LOW,2.77762705852706,2.77762705852706,2024-12-20 19:32:52.141710,0.9609416859545097,0.9883142913895269,0.9497124014207885
331,FCU_012,FCU,2024-05-19 00:17:21.671405,Filter blockage,1,LOW,1.081431231323284,1.081431231323284,2024-05-19 01:22:14.823838,1.0103953480817036,0.9017724831298051,0.9111467219824416
331,FCU_023,FCU,2024-06-10 11:18:22.105532,Valve actuator,2,MEDIUM,2.2310879869649654,2.2310879869649654,2024-06-10 13:32:14.022285,0.9521917652970804,1.1409270564181249,1.0863813479259758
331,FCU_006,FCU,2024-08-22 16:21:57.147377,Fan motor failure,2,MEDIUM,3.2114367483407813,3.2114367483407813,2024-08-22 19:34:38.319671,0.9867950332787605,1.0109940828344555,0.9976439396152564
332,FCU_041,FCU,2024-09-19 20:43:43.670155,Thermostat failure,1,LOW,1.5440247967650242,1.5440247967650242,2024-09-19 22:16:22.159423,0.8,0.9346627281653742,0.7477301825322994
332,FCU_011,FCU,2025-01-19 01:04:48.412620,Fan motor failure,2,MEDIUM,5.217842844207426,5.217842844207426,2025-01-19 06:17:52.646859,0.9993466664831834,1.0806630508956787,1.0799570175041433
332,FCU_046,FCU,2025-01-24 17:47:13.852890,Valve actuator,2,MEDIUM,4.40874688336288,4.40874688336288,2025-01-24 22:11:45.341670,0.9724651887075746,1.1243114059800403,1.0933537035824583
333,HP_001,HeatPump,2024-02-15 00:35:33.080886,Heat exchanger fouling,2,MEDIUM,4.143267761469198,4.143267761469198,2024-02-15 04:44:08.844827,1.1007938332006024,1.0820958598240273,1.1911644494261928
333,FCU_035,FCU,2025-01-04 06:58:53.672509,Valve actuator,2,MEDIUM,4.713350266006658,4.713350266006658,2025-01-04 11:41:41.733467,1.1315371029794186,1.0173505347179304,1.1511698767692893
333,FCU_015,FCU,2025-02-18 13:40:39.184849,Fan motor failure,2,MEDIUM,3.3331830709548225,3.3331830709548225,2025-02-18 17:00:38.643904,0.8569742466564404,1.0866698548176816,0.9312480801966462
334,FCU_043,FCU,2024-12-16 02:09:35.041190,Filter blockage,1,LOW,0.8141195083157247,0.8141195083157247,2024-12-16 02:58:25.871420,1.0490759189461267,0.9386698958616273,0.9847359835881018
334,FCU_019,FCU,2025-05-05 23:11:38.635844,Filter blockage,1,LOW,0.6636458392282949,0.6636458392282949,2025-05-05 23:51:27.760865,0.8950649668562918,1.0316255525577867,0.923371891008239
335,FCU_018,FCU,2024-01-24 22:25:53.625963,Valve actuator,2,MEDIUM,3.2517425809530094,3.2517425809530094,2024-01-25 01:40:59.899254,0.9554192651767085,0.9767960575327734,0.9332497715154683
335,HP_001,HeatPump,2025-04-21 05:46:36.677837,Sensor malfunction,1,LOW,2.643566217283227,2.643566217283227,2025-04-21 08:25:13.516219,1.0709194496661378,0.9321780940364819,0.9982876514563784
335,HWP_002,HW_Pump,2025-05-28 15:12:06.248346,Impeller damage,4,CRITICAL,7.93871258385515,7.93871258385515,2025-05-28 23:08:25.613648,0.8,1.1157032317627502,0.8925625854102002
336,FCU_044,FCU,2024-01-22 08:09:19.415980,Fan motor failure,2,MEDIUM,3.7766762457266427,3.7766762457266427,2024-01-22 11:55:55.450465,0.9633147691095373,1.0888706083826103,1.0489251387042555
336,HP_001,HeatPump,2025-02-23 14:46:45.041278,Control valve failure,3,HIGH,3.004717746559756,3.004717746559756,2025-02-23 17:47:02.025166,0.9390937280307048,0.9003998703897134,0.8455598710026393
336,FCU_018,FCU,2025-04-18 15:00:43.342308,Valve actuator,2,MEDIUM,3.834790962977103,3.834790962977103,2025-04-18 18:50:48.589775,1.0896236281269578,1.1401662174017844,1.242352050473122
336,CHWP_001,CHW_Pump,2025-04-19 20:27:05.801088,Seal leakage,2,MEDIUM,4.677562157541291,4.677562157541291,2025-04-20 01:07:45.024855,1.0013809533740035,1.1100181990125941,1.1115510823897259
336,FCU_015,FCU,2025-05-07 23:28:18.983706,Fan motor failure,2,MEDIUM,5.1567961591283975,5.1567961591283975,2025-05-08 04:37:43.449879,0.9933686473763522,1.1181126870964044,1.1106980875952939
337,CHWP_003,CHW_Pump,2024-03-12 13:26:54.096787,Seal leakage,2,MEDIUM,3.0032248967102806,3.0032248967102806,2024-03-12 16:27:05.706415,1.0529794062873177,1.1333988825756216,1.1934456824611872
337,FCU_018,FCU,2024-05-10 02:15:55.737479,Filter blockage,1,LOW,1.2320387120646679,1.2320387120646679,2024-05-10 03:29:51.076842,0.9574062357774804,1.0506514113883374,1.005900212891605
337,FCU_006,FCU,2024-10-12 04:19:01.277027,Filter blockage,1,LOW,1.3611798369451156,1.3611798369451156,2024-10-12 05:40:41.524440,1.1310425280732301,0.9797258726250498,1.1081116277925878
337,CHWP_002,CHW_Pump,2024-12-21 15:09:41.724219,Bearing wear,3,HIGH,13.282503388835762,13.282503388835762,2024-12-22 04:26:38.736419,0.9363499660045849,0.9258037475627552,0.866876307557303
337,FCU_042,FCU,2025-02-12 13:37:17.263177,Coil fouling,1,LOW,2.724061341386866,2.724061341386866,2025-02-12 16:20:43.884006,1.0456695121154265,1.0745798912013595,1.1236554305615738
337,FCU_021,FCU,2025-02-25 20:34:04.544807,Coil fouling,1,LOW,3.1865295017168176,3.1865295017168176,2025-02-25 23:45:16.051013,0.8551746713211673,0.9759217730535524,0.8345835815062426
337,FCU_014,FCU,2025-03-03 18:42:54.970369,Coil fouling,1,LOW,1.6048759371683228,1.6048759371683228,2025-03-03 20:19:12.523743,0.986333219284566,1.0852466173230677,1.0704147897819467
338,FCU_013,FCU,2024-04-04 03:17:20.832580,Fan motor failure,2,MEDIUM,4.295248235886776,4.295248235886776,2024-04-04 07:35:03.726229,1.1149159034476,0.9868264600693967,1.1002285142742683
338,FCU_019,FCU,2024-06-13 22:08:33.388528,Coil fouling,1,LOW,2.2429953328359016,2.2429953328359016,2024-06-14 00:23:08.171726,0.8,0.9498058501734135,0.7598446801387309
338,FCU_020,FCU,2024-12-20 02:48:36.780831,Fan motor failure,2,MEDIUM,4.385935477436576,4.385935477436576,2024-12-20 07:11:46.148550,1.0557502341594631,1.0934497754503665,1.1544098564733367
338,CHWP_003,CHW_Pump,2025-01-21 00:25:21.876879,Bearing wear,3,HIGH,8.34523430101066,8.34523430101066,2025-01-21 08:46:04.720363,1.0031526357809277,0.9771307045435328,0.9802112417653198
339,CHWP_002,CHW_Pump,2023-09-07 06:44:07.640597,Motor overheating,3,HIGH,8.276268245949534,8.276268245949534,2023-09-07 15:00:42.206282,0.8831721911150052,1.1326980194485123,1.0003673917079694
339,FCU_029,FCU,2024-04-07 01:29:08.623885,Fan motor failure,2,MEDIUM,4.460825523090854,4.460825523090854,2024-04-07 05:56:47.595768,1.098964023788972,0.9674113043239002,1.063150219658731
339,FCU_049,FCU,2024-04-07 21:26:22.492406,Fan motor failure,2,MEDIUM,3.831504510258673,3.831504510258673,2024-04-08 01:16:15.908643,0.901808015055019,1.1465376795701026,1.0339568689989016
339,FCU_027,FCU,2025-05-25 21:21:27.972291,Coil fouling,1,LOW,2.2151145430648045,2.2151145430648045,2025-05-25 23:34:22.384646,0.9890950215642512,1.0666656101501781,1.0550336446733357
340,FCU_046,FCU,2025-02-19 00:55:06.334372,Fan motor failure,2,MEDIUM,5.436792176671396,5.436792176671396,2025-02-19 06:21:18.786208,0.8652657487738384,1.1092808088907549,0.9598226897053082
340,FCU_006,FCU,2025-03-22 11:05:08.257493,Fan motor failure,2,MEDIUM,3.599645604852336,3.599645604852336,2025-03-22 14:41:06.981670,1.1383825214860408,1.0397063415016468,1.1835835266436712
340,HWP_002,HW_Pump,2025-04-08 09:35:32.692081,Bearing wear,3,HIGH,8.657084655365486,8.657084655365486,2025-04-08 18:14:58.196840,1.0805855570209122,0.9770785725099612,1.0558169935288741
341,FCU_017,FCU,2024-12-24 20:46:08.845656,Valve actuator,2,MEDIUM,1.6424425251483383,1.6424425251483383,2024-12-24 22:24:41.638747,0.9442683706371333,1.0946475934631237,1.0336410995012828
341,FCU_016,FCU,2025-01-26 17:56:53.096512,Filter blockage,1,LOW,0.7458016434452586,0.7458016434452586,2025-01-26 18:41:37.982428,0.8,0.9373084200342963,0.749846736027437
341,FCU_037,FCU,2025-04-07 04:49:06.975243,Filter blockage,1,LOW,0.7599422039116237,0.7599422039116237,2025-04-07 05:34:42.767177,0.9309546639044057,1.023535158910524,0.9528648298578893
342,FCU_049,FCU,2024-02-11 07:43:55.047666,Valve actuator,2,MEDIUM,3.438190164831918,3.438190164831918,2024-02-11 11:10:12.532259,0.8534271443854816,1.108234988247627,0.9457978213282501
342,HP_002,HeatPump,2025-02-20 00:19:08.805820,Sensor malfunction,1,LOW,2.435286546598116,2.435286546598116,2025-02-20 02:45:15.837388,0.9290070587068029,0.9122516240922014,0.8474881980984
342,FCU_011,FCU,2025-03-14 11:31:32.966165,Valve actuator,2,MEDIUM,3.992115329611209,3.992115329611209,2025-03-14 15:31:04.581352,0.9083231511771501,0.9725494051086673,0.8833891403237674
343,FCU_033,FCU,2023-09-30 15:26:05.450538,Filter blockage,1,LOW,0.7919363376506439,0.7919363376506439,2023-09-30 16:13:36.421354,1.0956973362069513,1.033722090739687,1.1326465412017555
343,FCU_027,FCU,2024-03-03 09:34:05.799026,Fan motor failure,2,MEDIUM,4.046511586324038,4.046511586324038,2024-03-03 13:36:53.240737,1.1380267717415924,1.0822764521279802,1.2316595769471494
343,FCU_018,FCU,2024-08-29 19:45:47.287842,Fan motor failure,2,MEDIUM,5.29830987532808,5.29830987532808,2024-08-30 01:03:41.203393,1.0078796833261974,1.03072594308163,1.0388477371092093
343,FCU_029,FCU,2025-02-04 03:06:24.221086,Fan motor failure,2,MEDIUM,3.1844047260755675,3.1844047260755675,2025-02-04 06:17:28.078100,1.0617290094678455,1.0303959496003041,1.094001270928811
343,FCU_039,FCU,2025-03-30 08:31:36.125178,Fan motor failure,2,MEDIUM,3.1493905478471342,3.1493905478471342,2025-03-30 11:40:33.931150,1.0870022404743431,0.9828319445766556,1.06834052576458
344,FCU_014,FCU,2024-09-09 18:05:06.472119,Thermostat failure,1,LOW,1.2447442530531,1.2447442530531,2024-09-09 19:19:47.551430,0.9575139007226593,0.9348972874328386,0.8951771484648505
344,HP_002,HeatPump,2025-01-28 07:35:03.775504,Heat exchanger fouling,2,MEDIUM,5.088173335636603,5.088173335636603,2025-01-28 12:40:21.199512,1.0238602609160095,0.9748404806735861,0.9981004288939459
344,CHWP_001,CHW_Pump,2025-01-29 08:11:53.169844,Motor overheating,3,HIGH,4.499482615082144,4.499482615082144,2025-01-29 12:41:51.307258,0.9042089596013813,0.9837268836971507,0.8894946620397096
344,HWP_002,HW_Pump,2025-02-23 08:54:25.904298,Bearing wear,3,HIGH,6.660432991569654,6.660432991569654,2025-02-23 15:34:03.463068,1.0584623909699302,1.0131375474559174,1.0723679908616015
345,FCU_044,FCU,2024-05-12 16:48:48.325123,Valve actuator,2,MEDIUM,3.4128239279589767,3.4128239279589767,2024-05-12 20:13:34.491264,0.9815622992852586,0.9810629617834433,0.9629744165117624
345,FCU_030,FCU,2024-06-19 20:27:23.839495,Fan motor failure,2,MEDIUM,2.8763211512357123,2.8763211512357123,2024-06-19 23:19:58.595639,1.1288343787257396,1.125319632870441,1.2702994886391814
345,CHWP_003,CHW_Pump,2024-08-10 13:45:40.069474,Bearing wear,3,HIGH,6.716170789547383,6.716170789547383,2024-08-10 20:28:38.284316,0.9411001751581165,1.1162843693824194,1.0505354155520625
345,FCU_008,FCU,2024-09-29 20:31:28.977621,Coil fouling,1,LOW,2.4300553708762074,2.4300553708762074,2024-09-29 22:57:17.176956,0.9385166867096733,1.0610520728135802,0.9958150758034322
345,FCU_034,FCU,2025-05-11 21:52:07.998279,Coil fouling,1,LOW,2.4992550736312764,2.4992550736312764,2025-05-12 00:22:05.316544,1.0517743333140757,1.1273315477654318,1.185698387074912
346,HP_001,HeatPump,2023-08-22 02:11:32.665190,Heat exchanger fouling,2,MEDIUM,2.607850713160951,2.607850713160951,2023-08-22 04:48:00.927757,0.9005295980023569,1.0516577719292566,0.9470489505915077
346,FCU_049,FCU,2025-05-12 14:02:11.892302,Coil fouling,1,LOW,1.9288956827740913,1.9288956827740913,2025-05-12 15:57:55.916760,0.8878612613985519,1.1373134789451171,1.009776580021787
347,HP_001,HeatPump,2025-01-03 16:42:02.346099,Refrigerant leak,3,HIGH,6.80265189747623,6.80265189747623,2025-01-03 23:30:11.892930,0.9549693360106702,1.1275399739645855,1.0767661002624487
347,FCU_048,FCU,2025-02-28 06:43:12.515956,Coil fouling,1,LOW,2.4865093126092868,2.4865093126092868,2025-02-28 09:12:23.949481,1.0199792640304486,1.0097619498820805,1.0299362504866751
347,FCU_028,FCU,2025-04-07 03:42:48.567410,Filter blockage,1,LOW,0.5970810848358652,0.5970810848358652,2025-04-07 04:18:38.059315,1.3102999110251,1.0251778117757828,1.3432903955547149
348,HP_001,HeatPump,2024-05-31 04:45:10.317542,Refrigerant leak,3,HIGH,3.8616475725684025,3.8616475725684025,2024-05-31 08:36:52.248803,1.0203456373737816,1.0204216282028313,1.0411827566186098
348,FCU_044,FCU,2025-03-24 16:14:36.364028,Fan motor failure,2,MEDIUM,3.7421350713227635,3.7421350713227635,2025-03-24 19:59:08.050285,0.829649195076658,0.9520076141166095,0.7898323507586947
348,HP_002,HeatPump,2025-05-02 17:05:49.207432,Compressor degradation,4,CRITICAL,13.309341434598576,13.309341434598576,2025-05-03 06:24:22.836597,1.0191352601076338,1.0084271798258313,1.0277236962114062
348,FCU_004,FCU,2025-05-27 16:31:51.657343,Filter blockage,1,LOW,1.2035997547923618,1.2035997547923618,2025-05-27 17:44:04.616460,1.0303245024510748,0.9341686883577682,0.9624968890375907
349,FCU_022,FCU,2024-08-08 18:12:37.899609,Coil fouling,1,LOW,1.3662430772708742,1.3662430772708742,2024-08-08 19:34:36.374687,1.0490665163643629,1.1333491846066006,1.1889586809196377
349,FCU_021,FCU,2024-11-19 18:11:34.687735,Valve actuator,2,MEDIUM,2.893943765558589,2.893943765558589,2024-11-19 21:05:12.885291,0.9605266472824918,1.0405883395170106,0.9995128289575295
349,FCU_006,FCU,2025-05-09 12:41:47.072233,Thermostat failure,1,LOW,2.305383019259723,2.305383019259723,2025-05-09 15:00:06.451102,0.8650938972350481,0.9361739526560826,0.80987837319319
350,FCU_041,FCU,2024-02-21 03:33:57.394511,Thermostat failure,1,LOW,1.3965946256337818,1.3965946256337818,2024-02-21 04:57:45.135163,0.8921971698889191,1.1494332867599066,1.025521125423307
350,FCU_006,FCU,2024-03-15 12:18:38.139378,Coil fouling,1,LOW,2.070030733851438,2.070030733851438,2024-03-15 14:22:50.250020,1.0260739047075265,1.0940159447616749,1.1225412122539054
350,FCU_031,FCU,2024-07-27 01:33:04.417988,Coil fouling,1,LOW,2.280328928241064,2.280328928241064,2024-07-27 03:49:53.602130,0.9177941586061654,1.0666314358772078,0.978948101233808
350,FCU_020,FCU,2024-10-06 00:16:21.751755,Valve actuator,2,MEDIUM,3.180134815267135,3.180134815267135,2024-10-06 03:27:10.237090,1.1243750162354258,0.979117580077388,1.100895344995904
351,FCU_013,FCU,2024-07-27 05:16:03.015931,Fan motor failure,2,MEDIUM,5.130846995136261,5.130846995136261,2024-07-27 10:23:54.065113,1.1087013464491469,1.035328033595428,1.1478695848637985
351,FCU_007,FCU,2025-04-10 11:18:20.565023,Fan motor failure,2,MEDIUM,4.396922414703633,4.396922414703633,2025-04-10 15:42:09.485716,1.0728264825690368,1.1420691646344254,1.2252420447453087
351,FCU_016,FCU,2025-05-05 17:36:52.379126,Valve actuator,2,MEDIUM,2.3754436645503314,2.3754436645503314,2025-05-05 19:59:23.976318,1.02300055163117,1.0151159470220286,1.0384641737731328
352,CHWP_001,CHW_Pump,2023-12-26 21:52:42.527033,Motor overheating,3,HIGH,3.6415779641635986,3.6415779641635986,2023-12-27 01:31:12.207704,0.9644052998537124,0.9865016324856415,0.9513874026834919
352,CHWP_002,CHW_Pump,2024-05-27 22:59:09.930216,Seal leakage,2,MEDIUM,5.300694491773294,5.300694491773294,2024-05-28 04:17:12.430386,0.9251346784599905,1.009356680673311,0.9337908682261469
352,FCU_001,FCU,2025-01-23 09:41:56.446006,Filter blockage,1,LOW,1.6154562083144197,1.6154562083144197,2025-01-23 11:18:52.088356,0.9328580931360776,1.0967566138773783,1.0231182834560324
352,HWP_001,HW_Pump,2025-03-09 01:01:47.362501,Motor overheating,3,HIGH,7.001884403457454,7.001884403457454,2025-03-09 08:01:54.146353,1.1439511369132491,0.9655626706121354,1.1045565148077454
353,HWP_002,HW_Pump,2023-06-17 17:03:22.683888,Bearing wear,3,HIGH,10.376759641236195,10.376759641236195,2023-06-18 03:25:59.018596,0.9224549488477348,1.0467216586012094,0.9655535740427947
353,FCU_033,FCU,2024-01-10 12:14:56.365401,Coil fouling,1,LOW,1.7951280353334325,1.7951280353334325,2024-01-10 14:02:38.826328,1.126200741351121,1.0971349774969992,1.2355942250193659
353,FCU_044,FCU,2024-04-05 13:40:30.235097,Fan motor failure,2,MEDIUM,4.544598156924871,4.544598156924871,2024-04-05 18:13:10.788462,1.1269539569530853,1.1264854941958857,1.2694972851343052
353,HP_002,HeatPump,2024-07-17 13:32:16.440219,Compressor degradation,4,CRITICAL,8.571034330891301,8.571034330891301,2024-07-17 22:06:32.163810,1.0888522647897039,0.9234177470425983,1.005465505214339
353,FCU_041,FCU,2024-12-11 07:42:55.277423,Coil fouling,1,LOW,1.77371900560334,1.77371900560334,2024-12-11 09:29:20.665843,1.0493416320821751,1.0682492927390599,1.1209584563134343
353,FCU_012,FCU,2024-12-27 15:42:49.779718,Fan motor failure,2,MEDIUM,2.190949170394725,2.190949170394725,2024-12-27 17:54:17.196731,1.060621994031647,0.9317457704993056,0.9882300570375269
353,FCU_029,FCU,2025-02-23 08:39:01.099488,Filter blockage,1,LOW,0.5417040148115708,0.5417040148115708,2025-02-23 09:11:31.233941,1.018037298244896,0.9236467586826934,0.9403068507419846
353,FCU_004,FCU,2025-03-20 12:31:20.955000,Coil fouling,1,LOW,2.1038908501952123,2.1038908501952123,2025-03-20 14:37:34.962061,1.145247378250291,0.9535541374710333,1.0920553759584184
354,FCU_043,FCU,2024-02-10 10:01:11.672895,Filter blockage,1,LOW,1.0157994827700478,1.0157994827700478,2024-02-10 11:02:08.551033,1.2100669459774058,0.916604629119466,1.109152964227345
354,CHWP_002,CHW_Pump,2024-07-19 09:35:15.049323,Impeller damage,4,CRITICAL,8.253205907301176,8.253205907301176,2024-07-19 17:50:26.590589,0.9670394474870136,0.9481210445446742,0.9168704510672919
354,FCU_045,FCU,2024-08-12 03:36:50.246242,Coil fouling,1,LOW,2.117819866378902,2.117819866378902,2024-08-12 05:43:54.397761,1.0185646244447981,1.1275022947100237,1.1484339513719635
354,FCU_010,FCU,2024-11-05 23:13:31.555058,Filter blockage,1,LOW,1.0159371692113386,1.0159371692113386,2024-11-06 00:14:28.928867,1.253112141787487,1.1217210034771439,1.405642209155253
355,FCU_009,FCU,2023-11-26 00:26:59.243419,Filter blockage,1,LOW,1.0870538647968693,1.0870538647968693,2023-11-26 01:32:12.637332,1.1759079541883477,1.0725679769655239,1.261241215521464
355,HP_001,HeatPump,2024-08-09 22:54:24.221430,Compressor degradation,4,CRITICAL,15.554047513813874,15.554047513813874,2024-08-10 14:27:38.792480,1.035643117715276,1.0362318412817924,1.0731663747809166
355,FCU_047,FCU,2024-11-22 17:25:25.922366,Filter blockage,1,LOW,1.241232299442764,1.241232299442764,2024-11-22 18:39:54.358644,1.0888176366358122,0.9340676002711942,1.0170292769853662
355,FCU_020,FCU,2025-04-01 19:46:37.931344,Fan motor failure,2,MEDIUM,3.8466257867819493,3.8466257867819493,2025-04-01 23:37:25.784176,1.0178347799191063,1.1365947466843258,1.1568656638486532
355,FCU_010,FCU,2025-05-13 01:25:48.781172,Coil fouling,1,LOW,2.2952332174395584,2.2952332174395584,2025-05-13 03:43:31.620755,0.9845992958333025,1.0493879108007653,1.033226598030414
356,FCU_019,FCU,2023-10-13 19:43:30.588732,Fan motor failure,2,MEDIUM,3.3272331208412504,3.3272331208412504,2023-10-13 23:03:08.627967,0.9628836736511446,1.0967287028957458,1.0560221624429103
356,FCU_012,FCU,2024-04-05 11:17:09.916786,Filter blockage,1,LOW,1.054161057959132,1.054161057959132,2024-04-05 12:20:24.896595,1.0526484981850646,1.0810351217930834,1.1379499974407976
356,HWP_002,HW_Pump,2024-10-25 01:07:37.132542,Bearing wear,3,HIGH,8.396036851963542,8.396036851963542,2024-10-25 09:31:22.865209,0.9254660177265914,0.9974401989970941,0.9230970088862596
356,FCU_044,FCU,2025-04-21 02:01:59.574971,Fan motor failure,2,MEDIUM,3.6598737794421385,3.6598737794421385,2025-04-21 05:41:35.120577,0.8,1.040054012414351,0.8320432099314807
356,FCU_009,FCU,2025-04-28 19:17:05.192873,Filter blockage,1,LOW,0.5068465702114521,0.5068465702114521,2025-04-28 19:47:29.840526,0.8810746262631735,1.0148260305014203,0.8941374655461788
357,FCU_048,FCU,2024-05-27 16:59:03.935187,Coil fouling,1,LOW,2.0989376657902725,2.0989376657902725,2024-05-27 19:05:00.110784,1.0961875811938964,0.9815082780325217,1.0759171852182563
357,HP_001,HeatPump,2024-10-04 17:05:19.202296,Heat exchanger fouling,2,MEDIUM,4.263853047081264,4.263853047081264,2024-10-04 21:21:09.073265,1.0197136806561296,1.1191978279583674,1.1412613365297726
357,FCU_028,FCU,2024-11-02 21:10:19.946652,Valve actuator,2,MEDIUM,3.3794765875630053,3.3794765875630053,2024-11-03 00:33:06.062367,1.0835149978322611,1.1443692236114333,1.2399412168406485
357,HWP_002,HW_Pump,2025-03-08 23:02:21.784753,Bearing wear,3,HIGH,8.320222984525163,8.320222984525163,2025-03-09 07:21:34.587497,0.9673655269772188,0.9394641755486761,0.9088052572558635
357,FCU_005,FCU,2025-05-01 01:01:21.548092,Fan motor failure,2,MEDIUM,3.796578423734278,3.796578423734278,2025-05-01 04:49:09.230417,0.9050789922230607,1.118877389159243,1.0126724198014168
358,FCU_023,FCU,2024-12-07 16:52:08.913074,Coil fouling,1,LOW,2.3678174760184003,2.3678174760184003,2024-12-07 19:14:13.055988,1.0302405809955473,1.0539399528445756,1.0858117093530153
359,CHWP_003,CHW_Pump,2023-12-12 10:22:57.319204,Bearing wear,3,HIGH,9.047136643879893,9.047136643879893,2023-12-12 19:25:47.011122,1.0844662667437313,1.070937979805084,1.1613961128732928
359,FCU_028,FCU,2024-10-01 14:34:27.716010,Fan motor failure,2,MEDIUM,2.911702357407885,2.911702357407885,2024-10-01 17:29:09.844497,1.0580032320047759,1.0331055983439805,1.0930290620501593
359,FCU_041,FCU,2024-11-02 08:41:15.673034,Fan motor failure,2,MEDIUM,3.744809219237281,3.744809219237281,2024-11-02 12:25:56.986223,0.979746043933458,0.998077281190681,0.9778622677864311
359,CHWP_001,CHW_Pump,2024-12-08 22:15:15.845865,Motor overheating,3,HIGH,7.777235147056835,7.777235147056835,2024-12-09 06:01:53.892394,1.1458140531332446,1.0377681695009517,1.1890893525085535
359,FCU_031,FCU,2024-12-26 22:58:30.442496,Coil fouling,1,LOW,2.176476526013633,2.176476526013633,2024-12-27 01:09:05.757990,1.0271287601305963,1.0073462892478857,1.034674345097338
359,FCU_036,FCU,2025-05-16 10:41:22.094530,Coil fouling,1,LOW,1.802670794680274,1.802670794680274,2025-05-16 12:29:31.709391,1.187485549506326,1.0646173711412992,1.2642177439837057
360,FCU_024,FCU,2024-10-18 03:51:45.915440,Filter blockage,1,LOW,0.8694386712909634,0.8694386712909634,2024-10-18 04:43:55.894657,1.0180552204013424,0.9455253748151994,0.9625970438525497
360,FCU_016,FCU,2025-01-04 00:59:09.378747,Fan motor failure,2,MEDIUM,5.402743377877888,5.402743377877888,2025-01-04 06:23:19.254907,0.9819492299212984,1.113466204335273,1.0933672818904123
361,HP_001,HeatPump,2024-04-14 00:14:12.274708,Sensor malfunction,1,LOW,2.447477333807485,2.447477333807485,2024-04-14 02:41:03.193110,0.8943529641657816,1.1358514436233187,1.0158521054564973
361,CHWP_002,CHW_Pump,2024-06-22 01:27:21.013413,Impeller damage,4,CRITICAL,7.405642690169514,7.405642690169514,2024-06-22 08:51:41.327098,1.018986756141731,1.1174057898713716,1.1386217011150177
361,FCU_015,FCU,2024-10-30 12:05:55.193059,Coil fouling,1,LOW,1.4136290172808712,1.4136290172808712,2024-10-30 13:30:44.257521,0.8315379236977577,0.9223331313163067,0.766954976972413
361,HWP_001,HW_Pump,2025-03-20 22:54:56.008506,Bearing wear,3,HIGH,8.7900493292607,8.7900493292607,2025-03-21 07:42:20.186091,1.0141729760100895,1.0757665778379764,1.0910133917381302
362,FCU_017,FCU,2023-08-26 05:29:54.403109,Fan motor failure,2,MEDIUM,3.7970308027455353,3.7970308027455353,2023-08-26 09:17:43.713999,0.990458809777755,0.9390553595191765,0.9300956537047854
362,FCU_049,FCU,2023-11-27 08:26:33.214819,Thermostat failure,1,LOW,2.1519349743483054,2.1519349743483054,2023-11-27 10:35:40.180727,1.0020227949889169,1.0004401359836022,1.002463821277381
362,FCU_009,FCU,2024-07-19 11:05:13.932656,Coil fouling,1,LOW,2.8012087835819064,2.8012087835819064,2024-07-19 13:53:18.284277,1.0498126917862902,0.9813978158418242,1.0302838827620913
362,FCU_029,FCU,2024-09-27 09:34:18.433886,Fan motor failure,2,MEDIUM,5.385611197288918,5.385611197288918,2024-09-27 14:57:26.634196,1.0854757059430276,1.0791798688109542,1.1714235299370743
363,HP_001,HeatPump,2024-05-29 03:46:36.033970,Heat exchanger fouling,2,MEDIUM,3.2557189705075555,3.2557189705075555,2024-05-29 07:01:56.622264,1.0509734863315403,0.950819608974417,0.999286199316235
363,FCU_009,FCU,2024-11-04 07:06:46.094094,Filter blockage,1,LOW,1.4124642864201613,1.4124642864201613,2024-11-04 08:31:30.965525,1.007190033241765,0.9393808484998853,0.9461350280272769
363,FCU_027,FCU,2024-12-25 07:42:08.917558,Filter blockage,1,LOW,0.8837462550199519,0.8837462550199519,2024-12-25 08:35:10.404076,1.0325399772743933,1.0477367861245548,1.0818301173345937
363,FCU_024,FCU,2025-05-01 14:16:55.289343,Coil fouling,1,LOW,1.4279897112302848,1.4279897112302848,2025-05-01 15:42:36.052303,1.1207400179062237,0.9124528112144159,1.0226223799790286
363,FCU_007,FCU,2025-05-18 05:02:49.598057,Filter blockage,1,LOW,0.8466542589243699,0.8466542589243699,2025-05-18 05:53:37.553389,0.8890315217508838,1.120204180692085,0.9958968274323864
364,FCU_003,FCU,2023-07-24 04:10:05.492796,Filter blockage,1,LOW,1.256982655697206,1.256982655697206,2023-07-24 05:25:30.630357,1.1335730833960862,1.040589734806776,1.1795845142352328
364,HP_001,HeatPump,2024-03-26 21:06:51.568422,Compressor degradation,4,CRITICAL,21.583848207615187,21.583848207615187,2024-03-27 18:41:53.421969,0.921904934220952,0.9139235442335352,0.8425506249295965
364,FCU_044,FCU,2024-09-08 08:15:53.767192,Fan motor failure,2,MEDIUM,3.4149660074576484,3.4149660074576484,2024-09-08 11:40:47.644819,1.171257484813909,0.910410526616168,1.0663251435525591
364,FCU_015,FCU,2024-10-04 22:03:46.753783,Fan motor failure,2,MEDIUM,4.6847968230676384,4.6847968230676384,2024-10-05 02:44:52.022346,0.9277195220442571,1.066605054105855,0.9895103310050727
364,HWP_001,HW_Pump,2025-01-27 15:03:43.328942,Seal leakage,2,MEDIUM,3.143359791024329,3.143359791024329,2025-01-27 18:12:19.424190,0.9090167717657942,1.0187394203841271,0.9260512191881356
364,FCU_006,FCU,2025-03-29 20:50:51.908535,Fan motor failure,2,MEDIUM,4.833931851689629,4.833931851689629,2025-03-30 01:40:54.063201,1.2646743516672376,1.126659909333628,1.4248578903859748
364,FCU_020,FCU,2025-04-04 14:28:26.729653,Coil fouling,1,LOW,2.1545662388242146,2.1545662388242146,2025-04-04 16:37:43.168113,0.95445180450978,1.1372675338632692,1.0854670499061845
365,FCU_018,FCU,2024-10-14 12:15:53.794089,Coil fouling,1,LOW,2.113945619642991,2.113945619642991,2024-10-14 14:22:43.998320,0.9955944687764032,0.9912075776650766,0.9868407817326074
365,HWP_002,HW_Pump,2025-02-11 23:18:38.241629,Impeller damage,4,CRITICAL,7.504669209696131,7.504669209696131,2025-02-12 06:48:55.050784,0.8873309597479547,0.9598412597431004,0.8516968662135312
365,FCU_010,FCU,2025-04-30 03:31:29.122158,Coil fouling,1,LOW,2.1755903894969655,2.1755903894969655,2025-04-30 05:42:01.247560,1.0531549449951552,1.0358980877972956,1.0909611936747472
366,FCU_028,FCU,2023-09-24 18:22:11.391593,Coil fouling,1,LOW,1.0346862851707934,1.0346862851707934,2023-09-24 19:24:16.262220,1.0580891827510166,1.0177904866721548,1.0769131042546998
366,CHWP_001,CHW_Pump,2024-01-02 04:21:13.571484,Bearing wear,3,HIGH,10.578418685666387,10.578418685666387,2024-01-02 14:55:55.878752,0.9969134963848999,1.0238430465814883,1.0206829513169193
366,HP_002,HeatPump,2024-12-24 15:34:54.673021,Compressor degradation,4,CRITICAL,12.013663618606456,12.013663618606456,2024-12-25 03:35:43.862048,1.1293264671618068,0.9272502040308146,1.0471681970931845
366,FCU_040,FCU,2025-01-16 20:08:41.366725,Coil fouling,1,LOW,1.6826935848830185,1.6826935848830185,2025-01-16 21:49:39.063631,0.9715356415691574,1.1150013288025815,1.0832635313286791
367,HP_001,HeatPump,2023-07-08 18:58:54.487548,Refrigerant leak,3,HIGH,4.038629053854697,4.038629053854697,2023-07-08 23:01:13.552142,1.1108622130286212,1.0435239684934694,1.1592113449890646
367,HP_001,HeatPump,2024-02-10 09:42:11.793890,Refrigerant leak,3,HIGH,6.712317002128406,6.712317002128406,2024-02-10 16:24:56.135098,0.9655813377211454,1.0666489070963052,1.029936278592848
367,FCU_034,FCU,2024-02-22 21:38:35.079586,Coil fouling,1,LOW,1.8226705328751909,1.8226705328751909,2024-02-22 23:27:56.693504,1.0111575581635197,0.913683112602933,0.923877585074826
367,FCU_027,FCU,2024-04-02 15:17:00.802375,Fan motor failure,2,MEDIUM,4.46665819276937,4.46665819276937,2024-04-02 19:45:00.771869,0.9219267568386352,0.9870468790209208,0.9099849280234542
367,FCU_015,FCU,2024-06-12 12:52:26.353625,Coil fouling,1,LOW,3.1757994273835437,3.1757994273835437,2024-06-12 16:02:59.231564,1.0411650499363991,1.007223738522355,1.0486861540157544
367,CHWP_001,CHW_Pump,2024-08-07 22:47:50.900673,Motor overheating,3,HIGH,5.601637066360321,5.601637066360321,2024-08-08 04:23:56.794112,1.0359962520828516,1.0026358528945472,1.0387269858026442
367,FCU_001,FCU,2024-08-19 06:48:54.216572,Filter blockage,1,LOW,0.7441394528751876,0.7441394528751876,2024-08-19 07:33:33.118602,1.0058661426077797,1.0825214775391616,1.0888717029023907
367,FCU_047,FCU,2024-09-18 13:47:06.171468,Fan motor failure,2,MEDIUM,5.613037564706446,5.613037564706446,2024-09-18 19:23:53.106701,1.0017398595419194,0.9278868685383223,0.9295012613603704
367,FCU_009,FCU,2025-02-14 21:48:24.418987,Fan motor failure,2,MEDIUM,3.2034671492177997,3.2034671492177997,2025-02-15 01:00:36.900724,1.1724439839363734,1.1466053846878161,1.3443305852262812
367,CHWP_002,CHW_Pump,2025-05-23 00:13:39.237092,Motor overheating,3,HIGH,6.432944433241949,6.432944433241949,2025-05-23 06:39:37.837052,0.9685617460540312,0.9762031126315212,0.9455129912737662
368,FCU_048,FCU,2024-10-05 13:28:24.254273,Thermostat failure,1,LOW,1.444697823075415,1.444697823075415,2024-10-05 14:55:05.166436,0.952203405815238,0.9714510810491982,0.9250190279579413
368,FCU_002,FCU,2024-12-31 21:32:12.965815,Fan motor failure,2,MEDIUM,3.626337930524333,3.626337930524333,2025-01-01 01:09:47.782365,1.019426766174728,1.086203990084263,1.1073054210176867
368,HWP_001,HW_Pump,2025-03-05 22:47:47.032506,Impeller damage,4,CRITICAL,11.240669154747193,11.240669154747193,2025-03-06 10:02:13.441463,1.1383983514924632,0.9340837955244499,1.0633594529808568
369,FCU_044,FCU,2024-03-04 18:05:11.449562,Coil fouling,1,LOW,2.408488393444478,2.408488393444478,2024-03-04 20:29:42.007778,0.9676147506545625,1.0536536552465772,1.019530818897685
369,FCU_021,FCU,2025-01-25 17:26:11.531916,Coil fouling,1,LOW,2.249078876410837,2.249078876410837,2025-01-25 19:41:08.215871,1.0042728125664486,1.1106316582893467,1.115377179195581
369,FCU_003,FCU,2025-02-19 07:34:54.488328,Valve actuator,2,MEDIUM,2.925514599312685,2.925514599312685,2025-02-19 10:30:26.340886,0.9982591304092342,0.9696696659422328,0.967981597507706
369,FCU_012,FCU,2025-02-28 09:27:59.706311,Filter blockage,1,LOW,0.777229438309084,0.777229438309084,2025-02-28 10:14:37.732289,0.9371967757901117,1.1052697221209886,1.0358552199502233
369,CHWP_001,CHW_Pump,2025-03-05 01:48:58.975677,Bearing wear,3,HIGH,9.888269436021915,9.888269436021915,2025-03-05 11:42:16.745647,1.1434351899638013,0.9571760667043718,1.0944687976609175
369,FCU_016,FCU,2025-04-04 23:42:45.397046,Valve actuator,2,MEDIUM,1.7963478173458929,1.7963478173458929,2025-04-05 01:30:32.249188,1.2498090334946332,1.0512132620959762,1.3138158310969126
369,FCU_009,FCU,2025-05-19 15:53:19.532421,Filter blockage,1,LOW,1.3838720942309202,1.3838720942309202,2025-05-19 17:16:21.471960,1.1694027110079108,1.008214552965413,1.1790088315153828
369,FCU_024,FCU,2025-05-21 03:50:43.010958,Fan motor failure,2,MEDIUM,2.653095734243035,2.653095734243035,2025-05-21 06:29:54.155601,1.1050349040940648,1.046176554126678,1.156061608154833
370,CHWP_001,CHW_Pump,2024-06-15 16:15:49.268289,Impeller damage,4,CRITICAL,10.958036803812016,10.958036803812016,2024-06-16 03:13:18.200783,1.0365762141352888,0.9780915614838509,1.0138664478806032
370,FCU_046,FCU,2024-07-14 17:31:33.738562,Coil fouling,1,LOW,1.5212732458923566,1.5212732458923566,2024-07-14 19:02:50.322247,0.9360993740204122,0.9219717067492049,0.8630571375524618
370,CHWP_003,CHW_Pump,2025-03-27 09:54:48.636384,Bearing wear,3,HIGH,6.579377223589448,6.579377223589448,2025-03-27 16:29:34.394389,1.170139414257236,0.9574642855428245,1.1203666982573037
371,CHWP_003,CHW_Pump,2024-06-15 12:10:21.948785,Impeller damage,4,CRITICAL,9.944055157242634,9.944055157242634,2024-06-15 22:07:00.547351,0.963459391335537,1.0980474927694566,1.0579241690411731
371,FCU_021,FCU,2024-11-26 11:58:28.330220,Coil fouling,1,LOW,3.6604855378184444,3.6604855378184444,2024-11-26 15:38:06.078156,1.050690529883216,1.0594825275951916,1.1131882583210009
371,FCU_029,FCU,2025-04-01 17:12:32.083440,Fan motor failure,2,MEDIUM,2.900555697891722,2.900555697891722,2025-04-01 20:06:34.083952,1.1300922525769013,1.093407038338079,1.2356508229389178
372,FCU_020,FCU,2024-10-19 21:11:35.179180,Valve actuator,2,MEDIUM,2.2185463767016373,2.2185463767016373,2024-10-19 23:24:41.946136,1.049010177985923,1.11120295271452,1.165663207205542
372,FCU_041,FCU,2025-02-27 12:48:04.244551,Fan motor failure,2,MEDIUM,3.691780949498763,3.691780949498763,2025-02-27 16:29:34.655969,0.9588034624399446,0.9145761305521277,0.8768987606383069
372,FCU_005,FCU,2025-02-28 16:41:03.332428,Filter blockage,1,LOW,0.9516714470597348,0.9516714470597348,2025-02-28 17:38:09.349637,0.8889508169401645,1.0669912125024517,0.9485027100220311
373,FCU_028,FCU,2024-02-04 10:34:30.609963,Thermostat failure,1,LOW,1.7005220486502455,1.7005220486502455,2024-02-04 12:16:32.489338,1.0375480553211258,1.0931237499267705,1.1341684209618574
373,FCU_038,FCU,2025-03-20 09:34:35.702649,Filter blockage,1,LOW,1.1800855043647955,1.1800855043647955,2025-03-20 10:45:24.010465,1.076874417216049,0.921269028952446,0.9920910486523606
373,FCU_009,FCU,2025-04-12 03:50:08.125819,Fan motor failure,2,MEDIUM,2.7227814929983754,2.7227814929983754,2025-04-12 06:33:30.139194,0.9854441176407644,1.125138178519443,1.1087607995550295
373,FCU_032,FCU,2025-04-22 22:50:19.089617,Fan motor failure,2,MEDIUM,3.9820344774278538,3.9820344774278538,2025-04-23 02:49:14.413736,1.151827900162798,0.9535300618106795,1.098302528837498
374,FCU_020,FCU,2024-01-13 19:39:47.919317,Filter blockage,1,LOW,0.9207267161307029,0.9207267161307029,2024-01-13 20:35:02.535495,1.0115100664115575,1.0676482084417818,1.079936910225127
374,FCU_015,FCU,2024-01-23 19:36:50.937798,Thermostat failure,1,LOW,2.4744175948375213,2.4744175948375213,2024-01-23 22:05:18.841139,1.0898382578646222,1.015632214184892,1.1068748429384514
374,FCU_032,FCU,2025-01-10 23:29:35.438335,Valve actuator,2,MEDIUM,3.3449603349946617,3.3449603349946617,2025-01-11 02:50:17.295541,1.059569163353203,1.0027354277467517,1.0624675382422417
374,CHWP_001,CHW_Pump,2025-01-30 15:45:33.495545,Impeller damage,4,CRITICAL,7.593619950247445,7.593619950247445,2025-01-30 23:21:10.527366,0.9679142031514286,0.9593789512008322,0.9285965130718068
374,FCU_011,FCU,2025-04-15 13:38:35.909980,Fan motor failure,2,MEDIUM,2.9317863003218245,2.9317863003218245,2025-04-15 16:34:30.340661,0.947211343452665,1.0531462000448903,0.9975520269965896
375,FCU_011,FCU,2023-09-02 13:59:49.567709,Filter blockage,1,LOW,1.0401002932706238,1.0401002932706238,2023-09-02 15:02:13.928765,0.9793362118734196,0.9277580043709639,0.9085870095359032
375,FCU_041,FCU,2024-07-28 08:32:03.188512,Thermostat failure,1,LOW,2.427895505679091,2.427895505679091,2024-07-28 10:57:43.612332,1.032286245859237,1.1210519789657796,1.157246538779653
375,FCU_004,FCU,2025-01-13 13:56:38.145851,Thermostat failure,1,LOW,1.8726352543330966,1.8726352543330966,2025-01-13 15:48:59.632767,1.0610815704699936,0.9400751635265555,0.9974964308745936
376,FCU_019,FCU,2024-02-26 12:08:16.544664,Coil fouling,1,LOW,2.1150779481088455,2.1150779481088455,2024-02-26 14:15:10.825277,0.983608227441475,1.1081318265223377,1.0899675816571206
376,FCU_045,FCU,2024-06-05 13:32:35.265654,Coil fouling,1,LOW,1.3751936393461,1.3751936393461,2024-06-05 14:55:05.962756,1.1034568219641523,0.9130651628111279,1.0075279828017485
376,CHWP_001,CHW_Pump,2024-09-11 14:29:25.340743,Seal leakage,2,MEDIUM,5.455503487372756,5.455503487372756,2024-09-11 19:56:45.153298,0.9848259793981297,1.1038873705280488,1.0871369608255117
376,FCU_040,FCU,2025-03-13 21:26:08.963044,Valve actuator,2,MEDIUM,3.059607106436449,3.059607106436449,2025-03-14 00:29:43.548627,1.000462042373197,1.076802762524176,1.0773002910280378
377,HP_002,HeatPump,2023-06-13 21:57:25.314699,Refrigerant leak,3,HIGH,5.421267305800962,5.421267305800962,2023-06-14 03:22:41.877000,1.0241666165738772,1.0880037314784334,1.1142971004880204
377,FCU_001,FCU,2024-05-19 00:06:22.343328,Fan motor failure,2,MEDIUM,3.4650505643281138,3.4650505643281138,2024-05-19 03:34:16.525360,0.9815856477471088,0.9084609986884913,0.891732277850628
377,FCU_037,FCU,2024-07-31 14:49:00.777921,Valve actuator,2,MEDIUM,3.9076110858867867,3.9076110858867867,2024-07-31 18:43:28.177830,1.0459269571067968,1.069836251363225,1.11897057499088
377,FCU_006,FCU,2024-09-29 14:17:00.610700,Coil fouling,1,LOW,2.234865870565739,2.234865870565739,2024-09-29 16:31:06.127834,0.9707332394107173,0.9328460498473261,0.9055446678397864
377,FCU_021,FCU,2024-12-22 21:16:18.337129,Thermostat failure,1,LOW,1.738151089417455,1.738151089417455,2024-12-22 23:00:35.681051,1.0819019479941367,1.0720480798968188,1.1598509059837423
377,HP_001,HeatPump,2025-05-27 03:58:39.811881,Compressor degradation,4,CRITICAL,10.465052952800423,10.465052952800423,2025-05-27 14:26:34.002511,0.9304939484505496,1.09397498916893,1.017937107177945
378,FCU_007,FCU,2023-09-13 08:49:20.007006,Fan motor failure,2,MEDIUM,3.4771497843210346,3.4771497843210346,2023-09-13 12:17:57.746230,0.9901635802289787,1.0677228910217054,1.0572203204664874
378,FCU_039,FCU,2024-09-15 17:36:29.157668,Thermostat failure,1,LOW,3.4542763196344533,3.4542763196344533,2024-09-15 21:03:44.552419,0.8861435079843336,1.0630878354642004,0.9420483838137186
378,FCU_046,FCU,2024-10-13 14:39:23.903396,Coil fouling,1,LOW,1.8966024999870918,1.8966024999870918,2024-10-13 16:33:11.672396,1.1957234831238963,0.9779083892969271,1.169308025426201
378,FCU_032,FCU,2025-01-26 15:58:18.394218,Coil fouling,1,LOW,2.111017094647779,2.111017094647779,2025-01-26 18:04:58.055759,0.9096722121561249,1.0876730630972022,0.9894259614102604
378,HP_002,HeatPump,2025-01-28 01:39:08.131671,Heat exchanger fouling,2,MEDIUM,5.480042422972412,5.480042422972412,2025-01-28 07:07:56.284394,1.0002487468297554,0.9515444862512874,0.9517811799256136
379,CT_001,CoolingTower,2024-11-10 15:17:26.363589,Water distribution system,3,HIGH,7.854957201184028,7.854957201184028,2024-11-10 23:08:44.209513,1.1045851987258513,1.0038336640432757,1.1088198072849411
380,CHWP_001,CHW_Pump,2023-08-24 18:04:29.931451,Seal leakage,2,MEDIUM,3.340282291415046,3.340282291415046,2023-08-24 21:24:54.947700,1.0876802847390166,1.0042474157310657,1.0923001150907872
380,FCU_030,FCU,2024-04-07 12:09:55.774689,Filter blockage,1,LOW,1.485266251864773,1.485266251864773,2024-04-07 13:39:02.733196,0.8,0.9423226388934668,0.7538581111147735
380,FCU_024,FCU,2024-11-30 14:00:52.289578,Fan motor failure,2,MEDIUM,3.1220419683489147,3.1220419683489147,2024-11-30 17:08:11.640664,1.0711336712130228,0.9976871393963407,1.0686562883436213
380,FCU_010,FCU,2024-12-14 23:59:05.102114,Coil fouling,1,LOW,2.7320874357572467,2.7320874357572467,2024-12-15 02:43:00.616883,0.9131328212045529,1.0715721164992522,0.978487669863096
380,CHWP_003,CHW_Pump,2025-01-02 07:16:17.700987,Impeller damage,4,CRITICAL,8.797104834886985,8.797104834886985,2025-01-02 16:04:07.278393,1.0418017305865956,1.0746434636643747,1.1195654202091188
380,CT_001,CoolingTower,2025-04-14 21:23:52.532494,Fan motor failure,4,CRITICAL,9.183496438770517,9.183496438770517,2025-04-15 06:34:53.119674,0.970497455835045,1.146135006957291,1.1123211082955327
381,CHWP_003,CHW_Pump,2024-11-02 19:36:30.019585,Motor overheating,3,HIGH,4.849072805182146,4.849072805182146,2024-11-03 00:27:26.681684,1.10253030179101,1.0520441489912713,1.1599105530848126
381,FCU_050,FCU,2025-01-08 08:11:27.802183,Fan motor failure,2,MEDIUM,3.178638055095063,3.178638055095063,2025-01-08 11:22:10.899181,1.0872670796080124,1.1333179914936578,1.2322193428785275
381,FCU_008,FCU,2025-02-11 18:07:45.578002,Thermostat failure,1,LOW,2.6181189529869555,2.6181189529869555,2025-02-11 20:44:50.806233,1.1623621280524572,0.9315941486505245,1.0828497571066409
381,FCU_040,FCU,2025-03-23 10:27:35.874877,Coil fouling,1,LOW,2.1575837168916503,2.1575837168916503,2025-03-23 12:37:03.176258,1.022836179341225,1.1449816300332039,1.1711286358790503
381,CHWP_001,CHW_Pump,2025-04-28 16:43:57.628110,Bearing wear,3,HIGH,7.07701304656973,7.07701304656973,2025-04-28 23:48:34.875078,1.1383986848016607,0.9851615112907375,1.121506568770592
382,FCU_003,FCU,2023-11-25 17:57:32.656988,Coil fouling,1,LOW,2.9620470443282643,2.9620470443282643,2023-11-25 20:55:16.026348,0.8675392817448773,1.14516139167781,0.9934724912181314
382,FCU_038,FCU,2024-03-26 15:09:15.267804,Valve actuator,2,MEDIUM,4.319172493055211,4.319172493055211,2024-03-26 19:28:24.288779,0.8670123859439092,1.0820964560628323,0.9381910301924847
382,FCU_012,FCU,2024-07-12 03:35:09.916661,Fan motor failure,2,MEDIUM,3.685274822515024,3.685274822515024,2024-07-12 07:16:16.906022,0.9305338307725229,0.9992376378230812,0.9298244269755985
382,FCU_018,FCU,2025-01-07 18:49:50.902053,Coil fouling,1,LOW,2.340172809110832,2.340172809110832,2025-01-07 21:10:15.524166,1.1251171695297577,1.0598922867181315,1.1925030096387266
382,FCU_037,FCU,2025-02-23 11:34:39.438213,Filter blockage,1,LOW,1.3403276814504377,1.3403276814504377,2025-02-23 12:55:04.617866,1.0480884187036907,0.9154965896307314,0.959521372954695
382,FCU_028,FCU,2025-04-07 19:45:46.119810,Coil fouling,1,LOW,1.7662694694127696,1.7662694694127696,2025-04-07 21:31:44.689900,0.9949058884164758,1.0853559555084669,1.079827031163264
383,FCU_023,FCU,2023-09-17 11:46:22.685763,Fan motor failure,2,MEDIUM,4.471413725064692,4.471413725064692,2023-09-17 16:14:39.775173,1.0201754435454986,1.1418270237914736,1.1648638904487032
383,FCU_019,FCU,2024-11-09 10:51:54.305653,Coil fouling,1,LOW,2.2841230113273507,2.2841230113273507,2024-11-09 13:08:57.148494,1.0376467712885007,1.0472816018562034,1.0867083727959386
384,FCU_022,FCU,2024-07-01 14:55:52.498175,Thermostat failure,1,LOW,1.2237347158424927,1.2237347158424927,2024-07-01 16:09:17.943152,0.9123542378837023,0.955289282150003,0.871562224974435
384,FCU_006,FCU,2024-08-15 08:02:03.469929,Thermostat failure,1,LOW,2.5471021516930934,2.5471021516930934,2024-08-15 10:34:53.037675,1.094765751915342,0.9274434371821614,1.0153333118656782
384,CHWP_003,CHW_Pump,2025-05-10 16:40:19.378225,Seal leakage,2,MEDIUM,3.3919657365668745,3.3919657365668745,2025-05-10 20:03:50.454877,0.911921455692563,0.9384788412409232,0.8558189910410924
384,FCU_036,FCU,2025-05-18 13:07:54.085230,Coil fouling,1,LOW,2.4518729897224683,2.4518729897224683,2025-05-18 15:35:00.827993,1.2343802386964506,0.9485004587109388,1.1708102226273016
385,FCU_042,FCU,2024-06-18 21:25:35.433053,Fan motor failure,2,MEDIUM,3.967876434624223,3.967876434624223,2024-06-19 01:23:39.788218,0.9681794809522742,1.0068373524246435,0.9747992652738533
385,FCU_037,FCU,2025-03-15 11:18:36.624344,Coil fouling,1,LOW,2.2504505625564395,2.2504505625564395,2025-03-15 13:33:38.246369,0.9800248512539166,1.1017690386543693,1.0797610382234188
386,FCU_038,FCU,2023-09-15 18:55:48.687799,Valve actuator,2,MEDIUM,3.281406079163494,3.281406079163494,2023-09-15 22:12:41.749684,1.0257169812387539,1.1206360837260905,1.1494554608667449
386,FCU_025,FCU,2024-08-02 02:19:19.557104,Valve actuator,2,MEDIUM,2.3865157725470874,2.3865157725470874,2024-08-02 04:42:31.013885,0.8713925935600897,0.9498316637997128,0.827676276963927
386,FCU_047,FCU,2024-12-18 17:39:35.837507,Filter blockage,1,LOW,0.7027498874083219,0.7027498874083219,2024-12-18 18:21:45.737102,1.255518207126729,1.1322824840708683,1.4216012743616557
386,FCU_044,FCU,2025-03-16 06:55:57.506885,Thermostat failure,1,LOW,1.7045695447197458,1.7045695447197458,2025-03-16 08:38:13.957246,1.1190211555270488,1.032136865386061,1.154982987766376
387,FCU_013,FCU,2024-04-15 04:20:16.861174,Coil fouling,1,LOW,1.8840272012613333,1.8840272012613333,2024-04-15 06:13:19.359099,0.8879473561167976,1.0958734308400468,0.9730779155530639
387,CHWP_003,CHW_Pump,2025-02-02 19:50:17.073620,Seal leakage,2,MEDIUM,3.5973670552749746,3.5973670552749746,2025-02-02 23:26:07.595019,1.1808887235664471,0.9618800916359058,1.135873353635902
388,FCU_034,FCU,2023-09-05 01:17:39.516857,Fan motor failure,2,MEDIUM,4.909954199267707,4.909954199267707,2023-09-05 06:12:15.351974,1.0472240109946318,1.0819845017101102,1.1330801497148897
388,FCU_038,FCU,2024-05-03 15:51:49.676217,Coil fouling,1,LOW,1.4251017492153597,1.4251017492153597,2024-05-03 17:17:20.042514,1.1504860625524456,0.9548018788949656,1.098486254167546
388,FCU_045,FCU,2024-10-28 07:11:59.380869,Fan motor failure,2,MEDIUM,3.4865108378258487,3.4865108378258487,2024-10-28 10:41:10.819885,0.9851490546450095,1.1345638905139421,1.117714544174174
388,FCU_044,FCU,2025-02-04 23:27:01.446750,Coil fouling,1,LOW,1.5020426287639628,1.5020426287639628,2025-02-05 00:57:08.800214,0.919950541669699,1.1291747302316635,1.038784904716355
389,HP_002,HeatPump,2023-10-09 06:34:57.269796,Heat exchanger fouling,2,MEDIUM,4.957169767405273,4.957169767405273,2023-10-09 11:32:23.080959,0.9001878089715051,1.1019713887296283,0.9919812099698108
389,FCU_018,FCU,2024-03-16 19:02:53.699264,Fan motor failure,2,MEDIUM,5.1932388251503765,5.1932388251503765,2024-03-17 00:14:29.359035,1.047212113321882,0.9652304157594463,1.0108009835300085
389,FCU_024,FCU,2025-05-03 00:24:35.949316,Fan motor failure,2,MEDIUM,4.690142951846617,4.690142951846617,2025-05-03 05:06:00.463943,1.1529773230265663,1.059368287629385,1.221427612370166
390,FCU_022,FCU,2024-01-03 18:19:20.932546,Thermostat failure,1,LOW,1.6940051742680813,1.6940051742680813,2024-01-03 20:00:59.351173,1.0464218330046249,0.9615831897887972,1.0062216440452272
390,FCU_046,FCU,2024-06-03 14:26:24.420387,Thermostat failure,1,LOW,2.107001436560143,2.107001436560143,2024-06-03 16:32:49.625559,1.0416338912403553,0.9483541136925845,0.9878377857194052
390,FCU_017,FCU,2025-04-04 03:42:50.246138,Fan motor failure,2,MEDIUM,5.317424233609854,5.317424233609854,2025-04-04 09:01:52.973379,1.0068050523751955,1.0220144488694838,1.028969310722247
391,CHWP_002,CHW_Pump,2023-09-28 11:25:23.159463,Impeller damage,4,CRITICAL,9.531154893734737,9.531154893734737,2023-09-28 20:57:15.317080,0.8927810639678639,0.9179416770481921,0.8195209470955302
391,FCU_047,FCU,2023-11-30 19:36:43.002985,Fan motor failure,2,MEDIUM,5.122857718371586,5.122857718371586,2023-12-01 00:44:05.290771,0.850840190571976,1.0863956191841626,0.9243490556632128
391,FCU_020,FCU,2024-07-12 06:45:19.304966,Fan motor failure,2,MEDIUM,3.589387863123658,3.589387863123658,2024-07-12 10:20:41.101273,0.91631807626323,1.133496937192616,1.0386437329386011
391,HWP_002,HW_Pump,2024-12-30 09:04:00.426455,Motor overheating,3,HIGH,3.0563631515239975,3.0563631515239975,2024-12-30 12:07:23.333800,1.0115112504564303,0.9540682988859366,0.965050818026953
391,HP_001,HeatPump,2025-01-26 10:12:27.292648,Compressor degradation,4,CRITICAL,10.39953686588505,10.39953686588505,2025-01-26 20:36:25.625365,0.9833109616262781,1.1111157596293466,1.0925723060792452
391,FCU_045,FCU,2025-04-20 19:28:26.655462,Fan motor failure,2,MEDIUM,3.650282432421453,3.650282432421453,2025-04-20 23:07:27.672219,0.9742655073246609,1.0207589226105727,0.9944902095933639
392,FCU_026,FCU,2024-08-09 08:06:38.366022,Fan motor failure,2,MEDIUM,5.554027489086968,5.554027489086968,2024-08-09 13:39:52.864983,0.9877844549747857,0.9466832152018162,0.9351189637619038
392,FCU_020,FCU,2025-01-13 08:56:43.489651,Fan motor failure,2,MEDIUM,3.687529337572736,3.687529337572736,2025-01-13 12:37:58.595266,0.9609961991117771,1.135768245728176,1.091468967216628
392,FCU_025,FCU,2025-02-22 19:36:37.619031,Valve actuator,2,MEDIUM,2.6332368111288655,2.6332368111288655,2025-02-22 22:14:37.271551,1.102248938831364,0.9316116208416627,1.0268679204756899
392,CHWP_002,CHW_Pump,2025-04-13 23:20:50.081445,VFD malfunction,2,MEDIUM,3.687517002236421,3.687517002236421,2025-04-14 03:02:05.142653,1.0809615354747308,0.9437975447586722,1.0202088431596152
392,FCU_030,FCU,2025-05-11 07:59:33.000454,Coil fouling,1,LOW,2.4328649038329972,2.4328649038329972,2025-05-11 10:25:31.314108,0.9773644434381094,0.9553922341716629,0.9337663992162791
393,FCU_030,FCU,2023-12-14 05:12:13.630167,Coil fouling,1,LOW,1.1939566486758832,1.1939566486758832,2023-12-14 06:23:51.874102,1.291343533151115,1.0756000139129003,1.388969122223673
393,FCU_034,FCU,2024-03-02 00:50:41.013515,Fan motor failure,2,MEDIUM,3.891327307391876,3.891327307391876,2024-03-02 04:44:09.791822,1.2201050005957548,1.0146184580645818,1.2379410543813505
393,FCU_043,FCU,2025-01-11 21:31:37.105261,Filter blockage,1,LOW,1.178732203129197,1.178732203129197,2025-01-11 22:42:20.541192,1.072427297312251,0.9528041334170598,1.021813161668399
393,FCU_014,FCU,2025-04-27 19:13:02.938658,Valve actuator,2,MEDIUM,3.142919623954534,3.142919623954534,2025-04-27 22:21:37.449304,1.018906050884489,1.049612590076105,1.069456619113084
394,HP_002,HeatPump,2024-03-21 11:04:32.005784,Heat exchanger fouling,2,MEDIUM,4.944789610438008,4.944789610438008,2024-03-21 16:01:13.248382,0.9584610652937464,1.1307404900564828,1.0837707346703094
394,FCU_016,FCU,2025-01-20 09:59:20.619264,Fan motor failure,2,MEDIUM,3.6493323943790426,3.6493323943790426,2025-01-20 13:38:18.215884,1.0324601426239741,1.0142211045357252,1.0471428662411995
394,FCU_011,FCU,2025-04-15 13:11:59.165218,Coil fouling,1,LOW,1.4313763613781803,1.4313763613781803,2025-04-15 14:37:52.120119,1.0039034400528584,1.0333232359861433,1.0373567512930408
395,CT_001,CoolingTower,2025-02-15 04:36:12.010218,Water distribution system,3,HIGH,9.028987486561995,9.028987486561995,2025-02-15 13:37:56.365170,0.9875897411456562,1.0915998368476165,1.0780528003069783
396,FCU_012,FCU,2023-08-24 07:03:29.865748,Filter blockage,1,LOW,1.337002736681369,1.337002736681369,2023-08-24 08:23:43.075600,0.8410999754966948,0.9446134867052124,0.7945143805216016
396,FCU_021,FCU,2023-11-14 16:48:34.392879,Coil fouling,1,LOW,2.7194517505203093,2.7194517505203093,2023-11-14 19:31:44.419181,0.8450240887078022,1.1396765467689773,0.96305413535511
396,FCU_032,FCU,2024-05-17 23:23:26.006173,Filter blockage,1,LOW,0.7027173972647999,0.7027173972647999,2024-05-18 00:05:35.788803,1.15642604434945,0.9029988666485069,1.0442514074103695
396,FCU_042,FCU,2024-08-15 14:43:54.876737,Thermostat failure,1,LOW,2.00237637902095,2.00237637902095,2024-08-15 16:44:03.431701,0.9488283219849833,1.041436756043311,0.9881446896900593
396,FCU_003,FCU,2024-10-16 17:29:46.774736,Filter blockage,1,LOW,0.764672023331466,0.764672023331466,2024-10-16 18:15:39.594020,1.0058294650325454,0.9571689869953928,0.9627487701353193
396,FCU_031,FCU,2024-12-16 23:49:21.675849,Fan motor failure,2,MEDIUM,3.778229366924286,3.778229366924286,2024-12-17 03:36:03.301570,0.9981403682558116,0.9048980146975987,0.903215237624214
396,FCU_009,FCU,2025-02-01 18:51:04.507935,Fan motor failure,2,MEDIUM,3.585379013480955,3.585379013480955,2025-02-01 22:26:11.872384,0.9690497570380835,1.054154779937529,1.021528433378997
396,FCU_021,FCU,2025-03-02 07:00:46.508606,Valve actuator,2,MEDIUM,2.2689146966050853,2.2689146966050853,2025-03-02 09:16:54.601514,1.0469580146070094,1.1429265831275048,1.1965961463127457
396,FCU_011,FCU,2025-05-09 10:01:30.601118,Fan motor failure,2,MEDIUM,4.726286722939153,4.726286722939153,2025-05-09 14:45:05.233321,0.9552365439249288,1.0289642047753507,0.9829042107920687
397,FCU_035,FCU,2025-02-01 13:33:05.223504,Fan motor failure,2,MEDIUM,3.5879999383295367,3.5879999383295367,2025-02-01 17:08:22.023282,0.8158989290935136,0.9065401228194725,0.7396451153887099
397,FCU_047,FCU,2025-02-21 21:58:35.641360,Filter blockage,1,LOW,1.0830177203764046,1.0830177203764046,2025-02-21 23:03:34.505153,0.8,1.0507868861190184,0.8406295088952147
397,CT_001,CoolingTower,2025-03-04 14:33:23.131831,Control system fault,3,HIGH,3.344733243210867,3.344733243210867,2025-03-04 17:54:04.171507,0.9516630052135799,0.9487897824176387,0.9029281356515086
398,CT_001,CoolingTower,2024-11-09 06:54:23.165760,Control system fault,3,HIGH,3.42144216584705,3.42144216584705,2024-11-09 10:19:40.357557,0.9198658220875947,1.0556183676368236,0.9710272575570115
398,FCU_004,FCU,2025-03-26 04:28:43.050598,Coil fouling,1,LOW,2.5228822175199457,2.5228822175199457,2025-03-26 07:00:05.426581,1.024660969076668,1.1403645327032184,1.1684870271803414
399,FCU_024,FCU,2024-03-19 02:05:12.260356,Coil fouling,1,LOW,2.065553900338367,2.065553900338367,2024-03-19 04:09:08.254397,1.0004841334340278,1.0543136559095938,1.0548240844003716
399,CHWP_003,CHW_Pump,2024-04-01 21:00:32.355400,Seal leakage,2,MEDIUM,3.8326213297118135,3.8326213297118135,2024-04-02 00:50:29.792187,0.8556170415897221,1.1353988260823278,0.9714665845970046
399,FCU_014,FCU,2024-11-29 00:06:00.777631,Valve actuator,2,MEDIUM,4.080964717044699,4.080964717044699,2024-11-29 04:10:52.250612,0.9369574554949732,1.0255432089453018,0.9608903555535396
399,FCU_033,FCU,2024-12-31 06:23:11.204221,Fan motor failure,2,MEDIUM,3.280343089876177,3.280343089876177,2024-12-31 09:40:00.439345,0.9870637862033284,1.083366675151599,1.0693520122216484
399,FCU_022,FCU,2025-01-22 06:44:00.107770,Fan motor failure,2,MEDIUM,4.463270647483732,4.463270647483732,2025-01-22 11:11:47.882101,1.088226904338312,1.0726712389678945,1.1673097017547736
399,FCU_050,FCU,2025-05-03 05:06:28.271033,Filter blockage,1,LOW,1.0831985067991838,1.0831985067991838,2025-05-03 06:11:27.785657,1.0690663710007489,1.0406389938155134,1.1125121526402217
399,CT_001,CoolingTower,2025-05-15 10:48:31.148357,Drift eliminator damage,2,MEDIUM,2.473141898533436,2.473141898533436,2025-05-15 13:16:54.459192,0.8573290324341606,0.9256906264983066,0.7936214491491651
400,FCU_031,FCU,2023-11-11 15:25:08.017937,Fan motor failure,2,MEDIUM,4.612099295770375,4.612099295770375,2023-11-11 20:01:51.575402,0.9584067429224408,1.013197840414448,0.9710556421676619
400,FCU_027,FCU,2023-12-29 20:20:31.143367,Filter blockage,1,LOW,0.968551777231942,0.968551777231942,2023-12-29 21:18:37.929765,0.9597548978240379,1.0850346738467644,1.0413673425333396
400,FCU_004,FCU,2024-04-03 20:35:15.611325,Thermostat failure,1,LOW,2.204873667206393,2.204873667206393,2024-04-03 22:47:33.156527,1.0357585541775305,1.0981668328742882,1.1374356910635905
400,FCU_049,FCU,2024-07-19 19:49:06.930140,Fan motor failure,2,MEDIUM,5.625293558855157,5.625293558855157,2024-07-20 01:26:37.986952,0.8298788782182389,1.0611780867667826,0.8806492802357946
400,FCU_033,FCU,2024-07-30 05:20:09.090668,Coil fouling,1,LOW,2.145870018013647,2.145870018013647,2024-07-30 07:28:54.222733,1.0107757886993718,1.1221458043528552,1.134237810430448
400,CHWP_001,CHW_Pump,2025-01-20 14:48:15.116347,Bearing wear,3,HIGH,9.585906214311416,9.585906214311416,2025-01-21 00:23:24.378719,1.1506063745123953,1.0116547922381691,1.1640164527552503
400,FCU_017,FCU,2025-04-18 20:25:36.628884,Thermostat failure,1,LOW,2.2805549181140927,2.2805549181140927,2025-04-18 22:42:26.626589,1.0850139603422797,0.9340758963663055,1.01348538757667
400,FCU_036,FCU,2025-05-09 14:53:03.772762,Coil fouling,1,LOW,2.355737677338873,2.355737677338873,2025-05-09 17:14:24.428400,0.9201122857729761,0.912721227714593,0.8398060151059912
401,FCU_037,FCU,2023-05-28 04:36:15.032711,Thermostat failure,1,LOW,1.784716337783784,1.784716337783784,2023-05-28 06:23:20.011527,0.9990198604856181,1.1036819174596424,1.1026001552010314
401,FCU_030,FCU,2023-08-16 17:54:09.192133,Filter blockage,1,LOW,0.6125046359945001,0.6125046359945001,2023-08-16 18:30:54.208823,0.9548807725083415,0.9205365051054337,0.8790026091172054
401,HP_002,HeatPump,2024-01-14 17:33:39.107712,Heat exchanger fouling,2,MEDIUM,5.204136885686135,5.204136885686135,2024-01-14 22:45:54.000500,0.9117137806710602,0.9185372266441827,0.8374430475908783
401,FCU_042,FCU,2024-02-04 19:43:32.618644,Valve actuator,2,MEDIUM,2.910408531937846,2.910408531937846,2024-02-04 22:38:10.089359,1.108408693216001,1.034492221744424,1.1466401716458545
401,FCU_003,FCU,2024-04-04 01:05:27.767522,Valve actuator,2,MEDIUM,2.6396389706537495,2.6396389706537495,2024-04-04 03:43:50.467816,0.99860353202351,1.0402345107436564,1.0387818565613631
402,FCU_030,FCU,2023-10-07 23:11:29.180628,Coil fouling,1,LOW,1.4317047777457255,1.4317047777457255,2023-10-08 00:37:23.317828,1.043632285945975,1.1156802731371227,1.164359953838925
402,FCU_040,FCU,2025-01-03 04:01:28.412122,Valve actuator,2,MEDIUM,4.49427558893349,4.49427558893349,2025-01-03 08:31:07.804242,1.1038301135998028,0.9775475040466727,1.0790463724410424
402,FCU_032,FCU,2025-02-02 02:04:58.791228,Filter blockage,1,LOW,1.2803827051916288,1.2803827051916288,2025-02-02 03:21:48.168967,1.0011133754800494,1.0509227600907927,1.0520928317233036
403,FCU_029,FCU,2024-11-16 09:31:03.476720,Valve actuator,2,MEDIUM,1.6954406392832644,1.6954406392832644,2024-11-16 11:12:47.063021,0.9046675815159104,1.044574817372271,0.9449929737445963
403,FCU_019,FCU,2024-12-24 23:18:10.236670,Coil fouling,1,LOW,2.3942735383135467,2.3942735383135467,2024-12-25 01:41:49.621408,0.989550577699802,0.9205610299461757,0.910941698991163
404,FCU_040,FCU,2023-09-25 11:04:42.831996,Fan motor failure,2,MEDIUM,4.550867025843151,4.550867025843151,2023-09-25 15:37:45.953289,1.0314994674459794,0.9476675352123012,0.9775185578873327
404,FCU_035,FCU,2023-11-08 21:49:19.900690,Filter blockage,1,LOW,1.1060330024724632,1.1060330024724632,2023-11-08 22:55:41.619499,1.1350876049003058,0.9151488049524539,1.038774065140858
404,FCU_026,FCU,2024-07-12 01:53:56.021544,Filter blockage,1,LOW,1.4104585805104692,1.4104585805104692,2024-07-12 03:18:33.672434,1.0845222957919247,1.020851885455665,1.1071366304778927
404,FCU_011,FCU,2024-10-07 22:52:51.478402,Coil fouling,1,LOW,2.4283237799699164,2.4283237799699164,2024-10-08 01:18:33.444010,1.0322873467037983,0.9630198827534755,0.9941132395905882
404,FCU_022,FCU,2024-12-06 01:23:33.125600,Valve actuator,2,MEDIUM,4.1153726210413275,4.1153726210413275,2024-12-06 05:30:28.467036,0.9040005668916353,0.945247053862035,0.8545038725439278
404,FCU_016,FCU,2024-12-14 03:43:10.646268,Filter blockage,1,LOW,1.104688167650419,1.104688167650419,2024-12-14 04:49:27.523672,1.0229016557960628,0.9169057539488379,0.9379044139232037
404,FCU_041,FCU,2025-04-19 01:33:53.417958,Fan motor failure,2,MEDIUM,3.8671697544512265,3.8671697544512265,2025-04-19 05:25:55.229074,1.0766279614966423,1.098694347464016,1.1828850556180672
405,HP_002,HeatPump,2023-06-04 02:01:13.104898,Refrigerant leak,3,HIGH,8.980730780003487,8.980730780003487,2023-06-04 11:00:03.735706,0.8926187788108495,0.9019508958645629,0.8050983072139778
405,FCU_028,FCU,2023-06-08 09:10:42.191047,Coil fouling,1,LOW,2.690814388873837,2.690814388873837,2023-06-08 11:52:09.122847,1.0051238667095177,0.9370491940731819,0.9418505092438738
405,FCU_003,FCU,2024-07-12 04:58:28.324797,Thermostat failure,1,LOW,2.417562615766266,2.417562615766266,2024-07-12 07:23:31.550214,0.8900239638002035,1.1411156119228845,1.0156202400779004
405,FCU_014,FCU,2024-08-23 14:09:53.672137,Coil fouling,1,LOW,1.8525225174223678,1.8525225174223678,2024-08-23 16:01:02.753200,1.038231546416544,0.9311915988170048,0.9667924936498729
405,FCU_004,FCU,2024-12-19 13:56:49.515723,Thermostat failure,1,LOW,2.3276095207091028,2.3276095207091028,2024-12-19 16:16:28.909998,0.9513595498581672,0.9487921975526161,0.9026425179725981
405,FCU_008,FCU,2025-01-04 19:43:03.053886,Coil fouling,1,LOW,1.9454551064555399,1.9454551064555399,2025-01-04 21:39:46.692269,0.8547684738581465,0.9553220573068469,0.8165791769671983
405,HWP_002,HW_Pump,2025-01-27 00:24:49.235694,Seal leakage,2,MEDIUM,3.9876912138624614,3.9876912138624614,2025-01-27 04:24:04.924064,1.1337509146501192,1.039987417005358,1.1790866852544397
405,FCU_001,FCU,2025-04-28 16:13:04.240854,Filter blockage,1,LOW,1.9766318464104933,1.9766318464104933,2025-04-28 18:11:40.115501,0.9435955469348788,1.0860913226589664,1.0248309356256133
406,FCU_006,FCU,2024-04-04 21:17:42.705656,Coil fouling,1,LOW,1.85750433278414,1.85750433278414,2024-04-04 23:09:09.721254,0.8,1.0733165369650925,0.8586532295720741
406,FCU_029,FCU,2024-04-26 11:54:59.340625,Coil fouling,1,LOW,1.7399430563827454,1.7399430563827454,2024-04-26 13:39:23.135628,0.910675520957252,1.0281573415211906,0.9363177226158336
406,CT_001,CoolingTower,2024-12-08 15:11:10.216322,Water distribution system,3,HIGH,6.489869051732666,6.489869051732666,2024-12-08 21:40:33.744908,1.0424634485709499,1.0629223593610415,1.1080577083026817
406,FCU_016,FCU,2025-02-03 19:20:09.525700,Filter blockage,1,LOW,0.6083208017490142,0.6083208017490142,2025-02-03 19:56:39.480586,0.8529979709857501,0.9936172643464356,0.8475535104239214
406,HWP_001,HW_Pump,2025-04-24 04:58:07.327275,Impeller damage,4,CRITICAL,12.939594911337982,12.939594911337982,2025-04-24 17:54:29.868956,1.0022335624007772,1.0057245908434183,1.007970939475063
406,FCU_047,FCU,2025-05-12 02:28:27.841067,Fan motor failure,2,MEDIUM,4.977392425192024,4.977392425192024,2025-05-12 07:27:06.453798,1.302390947689195,1.1336850198231416,1.4765011073485053
407,FCU_023,FCU,2023-11-22 03:58:37.634795,Fan motor failure,2,MEDIUM,3.9621102432702378,3.9621102432702378,2023-11-22 07:56:21.231671,1.0930850358892423,1.0763537802982663,1.176546210566852
407,HP_001,HeatPump,2024-01-13 17:47:01.223882,Heat exchanger fouling,2,MEDIUM,3.7758187839223254,3.7758187839223254,2024-01-13 21:33:34.171504,0.9133525615251978,1.148109835433269,1.0486290591052496
407,FCU_044,FCU,2024-10-14 18:00:44.053498,Valve actuator,2,MEDIUM,2.742735923151418,2.742735923151418,2024-10-14 20:45:17.902821,0.9796671788585667,1.0501305950103634,1.0287784774468707
407,FCU_010,FCU,2024-12-22 20:58:55.920540,Valve actuator,2,MEDIUM,3.82947744961589,3.82947744961589,2024-12-23 00:48:42.039359,1.0498139823666675,1.063279015950794,1.1162451781022145
407,FCU_035,FCU,2025-02-20 19:37:06.880980,Coil fouling,1,LOW,3.220647918656807,3.220647918656807,2025-02-20 22:50:21.213487,1.002200629281072,0.9863008767943753,0.9884713593837958
407,FCU_001,FCU,2025-02-24 07:04:13.152746,Coil fouling,1,LOW,1.2081279428776437,1.2081279428776437,2025-02-24 08:16:42.413340,1.0365503332053942,1.0213644607104897,1.0586956720736058
407,FCU_015,FCU,2025-05-12 07:28:19.650822,Coil fouling,1,LOW,2.1963874542434008,2.1963874542434008,2025-05-12 09:40:06.645657,0.9349432155802327,1.0356741799398814,0.9682965480864133
407,FCU_005,FCU,2025-05-18 10:15:38.167143,Valve actuator,2,MEDIUM,3.0861279786373554,3.0861279786373554,2025-05-18 13:20:48.227866,1.0845796595762258,1.1282843896077472,1.2237142991859402
408,FCU_027,FCU,2024-02-15 19:10:01.625007,Fan motor failure,2,MEDIUM,4.119382080436432,4.119382080436432,2024-02-15 23:17:11.400497,0.9967422078839097,1.0700948373982153,1.0666086908734704
408,FCU_002,FCU,2024-02-18 16:50:31.874988,Filter blockage,1,LOW,1.3714861747066267,1.3714861747066267,2024-02-18 18:12:49.225217,0.9885201523919795,0.9995111466035219,0.9880369109579957
408,HP_002,HeatPump,2024-05-01 17:29:06.007424,Heat exchanger fouling,2,MEDIUM,3.8932336506319425,3.8932336506319425,2024-05-01 21:22:41.648566,1.1945799537873067,0.931990910667012,1.1133376589947892
408,FCU_001,FCU,2024-08-01 01:06:03.625263,Coil fouling,1,LOW,2.1944531701781105,2.1944531701781105,2024-08-01 03:17:43.656676,1.027404729631552,0.9026642786968054,0.9274015492025514
408,HWP_002,HW_Pump,2024-12-20 04:15:43.787075,Bearing wear,3,HIGH,7.651050323736765,7.651050323736765,2024-12-20 11:54:47.568240,0.9470555756091547,1.0233168861660662,0.9691379626585717
408,FCU_022,FCU,2025-01-04 19:56:16.911983,Filter blockage,1,LOW,1.1505940070483816,1.1505940070483816,2025-01-04 21:05:19.050408,1.1189585465945382,0.9480487802628412,1.0608272852636336
409,FCU_038,FCU,2024-06-09 21:06:43.459098,Fan motor failure,2,MEDIUM,4.503650412722952,4.503650412722952,2024-06-10 01:36:56.600584,1.172585484192205,0.9031007088763067,1.0589627819920475
409,HP_002,HeatPump,2024-06-18 20:29:06.611341,Heat exchanger fouling,2,MEDIUM,4.464253056972334,4.464253056972334,2024-06-19 00:56:57.922346,1.125239450138376,0.9281637951039545,1.044406518441122
409,FCU_018,FCU,2024-07-14 22:28:26.718637,Coil fouling,1,LOW,1.9198435286616775,1.9198435286616775,2024-07-15 00:23:38.155340,0.823786704694874,0.9709363388791312,0.799844447073745
409,FCU_035,FCU,2024-08-22 13:57:16.558358,Thermostat failure,1,LOW,1.5731831648329742,1.5731831648329742,2024-08-22 15:31:40.017751,1.1074732238723748,1.1313745526976038,1.2529670232831813
410,FCU_048,FCU,2024-05-22 07:23:51.437370,Filter blockage,1,LOW,1.1896417500514327,1.1896417500514327,2024-05-22 08:35:14.147670,0.9887191078662538,1.0802991051945996,1.0681123675167168
411,FCU_022,FCU,2024-06-18 17:42:31.966785,Coil fouling,1,LOW,2.0566914083688324,2.0566914083688324,2024-06-18 19:45:56.055855,1.0755226861030758,1.0984479777228864,1.1814057195450103
411,FCU_041,FCU,2024-09-23 11:31:11.418579,Filter blockage,1,LOW,0.9488008042766349,0.9488008042766349,2024-09-23 12:28:07.101474,0.9695273033679591,1.061242699619708,1.0289037727812285
412,CHWP_003,CHW_Pump,2023-10-18 14:45:22.894579,Seal leakage,2,MEDIUM,2.993580870183971,2.993580870183971,2023-10-18 17:44:59.785712,0.8210182382130834,1.0802776073219307,0.8869276179444966
412,HP_002,HeatPump,2024-10-26 18:02:46.281705,Refrigerant leak,3,HIGH,9.507521260846898,9.507521260846898,2024-10-27 03:33:13.358244,0.8477443563441959,1.037656804660294,0.879667699972916
412,FCU_047,FCU,2025-03-04 19:15:34.362306,Fan motor failure,2,MEDIUM,4.578223587113287,4.578223587113287,2025-03-04 23:50:15.967220,0.9092780890599202,1.0934970482411617,0.9942929064173869
412,CT_001,CoolingTower,2025-05-09 02:42:51.947379,Fill media degradation,2,MEDIUM,5.772926895370254,5.772926895370254,2025-05-09 08:29:14.484202,0.8480377087629323,0.9463938657202571,0.802577685472701
413,FCU_041,FCU,2024-05-08 23:48:13.669168,Valve actuator,2,MEDIUM,3.8359502376615042,3.8359502376615042,2024-05-09 03:38:23.090024,1.0929659240435692,0.9900078416359519,1.0820448354440177
413,HWP_001,HW_Pump,2025-04-26 21:24:05.492815,Impeller damage,4,CRITICAL,13.018485102080273,13.018485102080273,2025-04-27 10:25:12.039182,1.1260147684455943,1.081172517359729,1.2174162217845557
413,FCU_037,FCU,2025-05-29 07:49:28.031984,Coil fouling,1,LOW,2.0667342762238023,2.0667342762238023,2025-05-29 09:53:28.275378,1.1071106364154262,0.9909761347785507,1.0971202192471805
414,CT_001,CoolingTower,2023-06-23 17:09:58.102985,Fan motor failure,4,CRITICAL,12.317487937223028,12.317487937223028,2023-06-24 05:29:01.059559,0.9616606695955611,1.1375132206007434,1.093901725396714
414,FCU_007,FCU,2024-09-20 01:30:34.550255,Coil fouling,1,LOW,2.822334611449994,2.822334611449994,2024-09-20 04:19:54.954856,0.9684734106576988,0.9711131597621143,0.9404972739693895
414,CHWP_002,CHW_Pump,2024-10-01 16:20:39.655363,Seal leakage,2,MEDIUM,5.8614920293266035,5.8614920293266035,2024-10-01 22:12:21.026669,1.1245793269252051,0.9275946786031009,1.0431537993228772
414,FCU_049,FCU,2025-04-16 20:44:39.477718,Filter blockage,1,LOW,0.7413481443450602,0.7413481443450602,2025-04-16 21:29:08.331038,1.025383444627516,1.0625750103559775,1.0895468242939308
415,FCU_050,FCU,2024-12-06 19:08:28.516044,Coil fouling,1,LOW,2.155181605056529,2.155181605056529,2024-12-06 21:17:47.169822,0.8298662094734117,1.1149163278218148,0.9252313868495051
415,FCU_027,FCU,2025-04-23 16:05:14.667442,Coil fouling,1,LOW,2.090627222728613,2.090627222728613,2025-04-23 18:10:40.925444,0.9604677496744034,1.1085238068571366,1.064701366232577
415,FCU_017,FCU,2025-04-30 17:14:37.977262,Thermostat failure,1,LOW,1.6694951459632026,1.6694951459632026,2025-04-30 18:54:48.159787,1.1195310632815578,0.9349252268331733,1.0466778332852942
415,FCU_020,FCU,2025-05-26 07:09:10.793646,Fan motor failure,2,MEDIUM,3.5875098610863074,3.5875098610863074,2025-05-26 10:44:25.829146,1.124828580356669,1.1163674891922275,1.2557220580244324
416,FCU_034,FCU,2025-01-09 06:26:53.408320,Coil fouling,1,LOW,1.7220132089734284,1.7220132089734284,2025-01-09 08:10:12.655872,1.1193660463346349,0.9124829546016225,1.0214024372401644
416,FCU_027,FCU,2025-02-18 22:48:23.097792,Thermostat failure,1,LOW,1.7820233103765215,1.7820233103765215,2025-02-19 00:35:18.381709,0.8369819545304348,0.9022961005579393,0.7552055538101737
416,FCU_009,FCU,2025-03-31 09:04:04.122174,Filter blockage,1,LOW,1.3031844127411796,1.3031844127411796,2025-03-31 10:22:15.586060,1.125989600744484,1.0361185906850372,1.1666587582493826
417,CHWP_001,CHW_Pump,2024-04-18 16:32:52.709715,Bearing wear,3,HIGH,5.921238793872487,5.921238793872487,2024-04-18 22:28:09.169373,1.0347927944795297,1.0778301638973589,1.1153308872736774
417,FCU_047,FCU,2024-11-24 16:38:32.398324,Fan motor failure,2,MEDIUM,4.369797359019168,4.369797359019168,2024-11-24 21:00:43.668816,1.174629275001147,0.9193518307280473,1.0798975743990635
417,FCU_027,FCU,2025-02-04 23:22:47.370799,Filter blockage,1,LOW,1.0551431625559837,1.0551431625559837,2025-02-05 00:26:05.886184,1.007395464023149,0.9495969246594388,0.9566196345522506
417,FCU_049,FCU,2025-02-27 14:10:01.980965,Thermostat failure,1,LOW,2.1815708238585523,2.1815708238585523,2025-02-27 16:20:55.635931,1.028541651070549,0.9400389669943823,0.9668692311830552
417,FCU_018,FCU,2025-03-10 01:54:35.470518,Fan motor failure,2,MEDIUM,6.467161474063853,6.467161474063853,2025-03-10 08:22:37.251825,1.1801710054103074,0.9508045111632412,1.1221119158881783
417,FCU_035,FCU,2025-04-25 22:04:56.020916,Fan motor failure,2,MEDIUM,5.5831224761001454,5.5831224761001454,2025-04-26 03:39:55.261830,1.0051727354077293,0.9155464974344218,0.9202823772191234
417,HP_001,HeatPump,2025-05-14 21:49:28.993326,Sensor malfunction,1,LOW,1.5384537189632037,1.5384537189632037,2025-05-14 23:21:47.426714,0.9581555396870755,1.0685818578532067,1.023867626711157
418,CHWP_003,CHW_Pump,2024-06-09 10:44:30.941781,Seal leakage,2,MEDIUM,4.881863951073598,4.881863951073598,2024-06-09 15:37:25.652005,1.108260414076929,0.9752488046245852,1.0808296440412728
418,FCU_018,FCU,2024-09-10 05:02:55.622904,Fan motor failure,2,MEDIUM,6.000002046172466,6.000002046172466,2024-09-10 11:02:55.630270,1.021353964964795,1.0877124239950002,1.1109393969887615
418,FCU_028,FCU,2024-12-01 23:43:54.339634,Fan motor failure,2,MEDIUM,3.6549345487847873,3.6549345487847873,2024-12-02 03:23:12.104010,0.9756162123651868,1.001488970920744,0.9770688765352049
418,FCU_039,FCU,2025-04-06 02:13:38.826420,Filter blockage,1,LOW,0.6180848772906219,0.6180848772906219,2025-04-06 02:50:43.931978,1.0972697232997477,0.964775002173935,1.0586183996819072
418,FCU_011,FCU,2025-04-17 16:12:20.170227,Fan motor failure,2,MEDIUM,2.9878079150491312,2.9878079150491312,2025-04-17 19:11:36.278721,1.0324101550533968,1.133964219989394,1.1707161761842544
418,CHWP_001,CHW_Pump,2025-05-23 03:03:29.977925,Motor overheating,3,HIGH,4.371479201980648,4.371479201980648,2025-05-23 07:25:47.303052,1.1627299860508864,1.0806727936225842,1.2565306622543597
419,FCU_034,FCU,2024-07-27 13:08:34.996720,Fan motor failure,2,MEDIUM,3.094644139080149,3.094644139080149,2024-07-27 16:14:15.715621,1.0264676493516882,0.9807011936276467,1.0066580489393653
419,FCU_044,FCU,2024-10-08 21:10:50.950842,Coil fouling,1,LOW,3.1843594038168193,3.1843594038168193,2024-10-09 00:21:54.644696,0.974208042429124,1.0335663352621407,1.0069086361963737
419,FCU_023,FCU,2024-12-18 13:23:57.650561,Fan motor failure,2,MEDIUM,4.196099128521879,4.196099128521879,2024-12-18 17:35:43.607424,1.0279520389014718,0.9414631583614772,0.9677789731882998
419,FCU_035,FCU,2025-02-27 16:00:00.342968,Filter blockage,1,LOW,1.4591817214911709,1.4591817214911709,2025-02-27 17:27:33.397165,1.1181701901962027,1.0215858169280212,1.1423068072161486
419,FCU_024,FCU,2025-03-29 00:30:15.438094,Fan motor failure,2,MEDIUM,3.2544214854713767,3.2544214854713767,2025-03-29 03:45:31.355442,1.0434329538142046,1.0606157837391386,1.106681460088897
420,FCU_003,FCU,2024-04-22 23:50:01.203811,Fan motor failure,2,MEDIUM,4.665640494259362,4.665640494259362,2024-04-23 04:29:57.509590,1.0579908707578756,1.0748310251464819,1.1371614122123064
420,CHWP_001,CHW_Pump,2024-09-24 08:36:37.368989,Motor overheating,3,HIGH,6.739485185999534,6.739485185999534,2024-09-24 15:20:59.515659,0.9698050950577075,1.1264196706730567,1.0924075357919554
420,FCU_023,FCU,2025-01-01 17:27:32.778492,Filter blockage,1,LOW,1.0757401689798245,1.0757401689798245,2025-01-01 18:32:05.443100,1.0472787905936125,1.1046834948959152,1.1569115945233193
420,FCU_040,FCU,2025-02-15 19:12:57.162445,Filter blockage,1,LOW,0.6254922289758028,0.6254922289758028,2025-02-15 19:50:28.934469,0.9566331181685025,1.041645603839161,0.9964726820271693
420,FCU_037,FCU,2025-05-02 19:41:11.888635,Fan motor failure,2,MEDIUM,3.6835184398453897,3.6835184398453897,2025-05-02 23:22:12.555018,0.9666404265097447,0.9116790305027381,0.8812658068851573
421,FCU_036,FCU,2023-12-16 18:21:05.645828,Valve actuator,2,MEDIUM,2.61680652508881,2.61680652508881,2023-12-16 20:58:06.149318,1.1244006797651982,0.9115398344418342,1.0249360094794546
421,FCU_039,FCU,2024-12-04 07:33:02.002256,Coil fouling,1,LOW,1.8896251173062024,1.8896251173062024,2024-12-04 09:26:24.652678,1.2285665720347547,1.1004984332948031,1.3520355877226145
422,FCU_010,FCU,2024-08-13 03:45:47.961327,Filter blockage,1,LOW,1.205081297211997,1.205081297211997,2024-08-13 04:58:06.253997,0.9894718124161731,0.9325890899402227,0.9227706170627016
422,FCU_001,FCU,2024-10-26 04:15:30.282153,Fan motor failure,2,MEDIUM,4.281711260401113,4.281711260401113,2024-10-26 08:32:24.442690,0.9448770416472905,1.0251018924703372,0.9685952435444111
422,FCU_002,FCU,2025-04-18 18:58:44.309985,Valve actuator,2,MEDIUM,2.3088507929510813,2.3088507929510813,2025-04-18 21:17:16.172840,0.8330548268666964,1.0747385765391515,0.8953161588057826
423,FCU_050,FCU,2023-05-06 01:30:14.271223,Valve actuator,2,MEDIUM,3.7687281326263897,3.7687281326263897,2023-05-06 05:16:21.692500,1.0869132300961284,1.10426754823725,1.2002430077448816
423,CHWP_002,CHW_Pump,2024-01-02 01:24:33.023587,Bearing wear,3,HIGH,6.507776802014229,6.507776802014229,2024-01-02 07:55:01.020074,0.9940523105811114,1.0566250131457688,1.0503405357353488
423,FCU_043,FCU,2024-03-17 03:07:58.120167,Valve actuator,2,MEDIUM,3.5277545750622123,3.5277545750622123,2024-03-17 06:39:38.036637,0.8607289052799533,0.9348900778029172,0.8046869132243952
423,HP_001,HeatPump,2024-07-16 22:54:55.168505,Control valve failure,3,HIGH,5.135223641469413,5.135223641469413,2024-07-17 04:03:01.973614,1.071806993410513,0.927539948106515,0.9941438030481871
423,FCU_024,FCU,2025-01-25 16:55:16.816573,Valve actuator,2,MEDIUM,2.188229901431566,2.188229901431566,2025-01-25 19:06:34.444218,0.9809130381492834,1.1094331113212241,1.088257403849514
424,FCU_012,FCU,2024-10-20 06:17:28.841031,Fan motor failure,2,MEDIUM,3.2578966681991353,3.2578966681991353,2024-10-20 09:32:57.269037,1.127804213311881,0.9933650276808739,1.120321263575163
424,FCU_045,FCU,2024-10-23 03:17:04.413808,Coil fouling,1,LOW,2.6344960145918863,2.6344960145918863,2024-10-23 05:55:08.599461,1.1499459554086662,1.1110881165997064,1.2776912857864648
424,FCU_002,FCU,2025-03-09 04:51:15.602382,Coil fouling,1,LOW,2.4715827266103974,2.4715827266103974,2025-03-09 07:19:33.300198,0.8138861695919997,0.9729393916760819,0.7918619147364165
424,FCU_009,FCU,2025-04-22 16:38:40.582133,Fan motor failure,2,MEDIUM,4.463172856962082,4.463172856962082,2025-04-22 21:06:28.004418,0.9733623130183806,1.0502843756188984,1.0223072291794766
425,HP_002,HeatPump,2025-01-02 08:53:07.210915,Refrigerant leak,3,HIGH,6.849648771964907,6.849648771964907,2025-01-02 15:44:05.946494,0.9365672500652831,0.9639108028182961,0.9027672899037509
425,HWP_001,HW_Pump,2025-02-11 22:14:36.790912,Impeller damage,4,CRITICAL,11.991236049626693,11.991236049626693,2025-02-12 10:14:05.240691,0.9177053516019626,0.9537268942421825,0.8752402748127699
426,FCU_041,FCU,2024-02-27 08:06:39.456519,Fan motor failure,2,MEDIUM,4.672801035766782,4.672801035766782,2024-02-27 12:47:01.540248,0.9863674730386834,1.1419323316792904,1.1263649083796734
426,HP_001,HeatPump,2025-02-21 22:14:42.541929,Heat exchanger fouling,2,MEDIUM,5.300622928725698,5.300622928725698,2025-02-22 03:32:44.784472,0.8241532987889498,1.122878738652453,0.9254242166003942
427,FCU_039,FCU,2024-03-21 10:42:03.543462,Thermostat failure,1,LOW,1.6088533032894878,1.6088533032894878,2024-03-21 12:18:35.415354,1.0191601871535854,1.0226607499240141,1.0422551212871842
427,FCU_011,FCU,2024-09-10 04:53:44.428887,Coil fouling,1,LOW,1.3619217168625082,1.3619217168625082,2024-09-10 06:15:27.347068,1.0188141817443697,1.0393844526552551,1.0589396206497832
427,CHWP_001,CHW_Pump,2024-10-27 01:17:31.725152,Impeller damage,4,CRITICAL,14.58988274451543,14.58988274451543,2024-10-27 15:52:55.303032,0.8865072891754189,0.9734244617951191,0.8629478808430321
427,HP_001,HeatPump,2024-11-22 08:11:03.070865,Refrigerant leak,3,HIGH,10.660352205550753,10.660352205550753,2024-11-22 18:50:40.338805,0.9393902373048677,0.9506599141575667,0.8930406423567018
427,FCU_001,FCU,2025-03-07 14:40:23.733891,Fan motor failure,2,MEDIUM,3.0564850037133557,3.0564850037133557,2025-03-07 17:43:47.079904,0.9613092145883337,0.9144403398415284,0.8790599248809486
427,HP_002,HeatPump,2025-04-16 22:37:44.352816,Heat exchanger fouling,2,MEDIUM,3.799836753928731,3.799836753928731,2025-04-17 02:25:43.765130,0.9830555215470307,1.0800144155174092,1.0617141345247783
428,FCU_048,FCU,2023-07-04 19:07:41.576316,Fan motor failure,2,MEDIUM,3.11246327293621,3.11246327293621,2023-07-04 22:14:26.444099,0.9192236762575088,0.9955829144202105,0.9151633866125106
428,CHWP_001,CHW_Pump,2024-08-28 06:34:18.891086,Impeller damage,4,CRITICAL,9.268583799554444,9.268583799554444,2024-08-28 15:50:25.792764,0.8899288706895798,0.943071273562291,0.8392663534610735
428,HP_002,HeatPump,2024-10-29 15:40:02.012016,Sensor malfunction,1,LOW,1.2439989986016435,1.2439989986016435,2024-10-29 16:54:40.408411,1.06300872791665,0.9394693418467268,0.9986641099931814
428,FCU_022,FCU,2025-01-31 00:32:02.964228,Filter blockage,1,LOW,1.5213417756010936,1.5213417756010936,2025-01-31 02:03:19.794620,1.054446950499931,1.0300774628539184,1.0861620394850202
428,FCU_005,FCU,2025-04-19 23:07:30.355139,Coil fouling,1,LOW,1.9498109612455785,1.9498109612455785,2025-04-20 01:04:29.674599,1.0096354194594834,0.9834253188368829,0.9929010342909524
429,FCU_031,FCU,2023-06-15 01:46:05.860076,Fan motor failure,2,MEDIUM,3.284611874447976,3.284611874447976,2023-06-15 05:03:10.462824,1.0218440619482592,1.0618547020277047,1.085049921918848
429,FCU_029,FCU,2024-06-13 17:14:09.590774,Fan motor failure,2,MEDIUM,4.62318242559902,4.62318242559902,2024-06-13 21:51:33.047506,1.1266528576318249,0.9138008898845902,1.029536383894978
429,FCU_028,FCU,2024-11-02 05:11:33.363494,Thermostat failure,1,LOW,1.9666427483461937,1.9666427483461937,2024-11-02 07:09:33.277388,0.985331746857802,1.148941156642446,1.1320881969113248
429,CHWP_001,CHW_Pump,2024-11-07 21:15:13.169053,Seal leakage,2,MEDIUM,4.751895384715849,4.751895384715849,2024-11-08 02:00:19.992438,0.8611378902285911,0.9948337214323977,0.8566890120025529
429,HP_001,HeatPump,2025-02-04 05:40:31.374037,Compressor degradation,4,CRITICAL,12.997397532699727,12.997397532699727,2025-02-04 18:40:22.005155,1.1399421682604354,1.0576570659371909,1.2056678890204116
429,HP_002,HeatPump,2025-04-14 06:02:12.556341,Refrigerant leak,3,HIGH,7.856494454296558,7.856494454296558,2025-04-14 13:53:35.936376,0.960670552984812,0.9161257382844036,0.8800950196012971
430,CHWP_003,CHW_Pump,2023-11-24 12:24:49.661867,Impeller damage,4,CRITICAL,3.959446089631976,3.959446089631976,2023-11-24 16:22:23.667790,1.1856002222054864,0.9173743248172512,1.0876392033489413
430,FCU_031,FCU,2024-04-10 22:57:38.252573,Filter blockage,1,LOW,1.3273151797573788,1.3273151797573788,2024-04-11 00:17:16.587220,0.9479945156220303,1.0394053005561679,0.9853505244357151
430,FCU_030,FCU,2024-05-17 15:33:05.841650,Coil fouling,1,LOW,2.0056034695571423,2.0056034695571423,2024-05-17 17:33:26.014140,0.9402024024528929,1.0879049919227821,1.0228508870462947
430,FCU_029,FCU,2024-06-27 21:14:28.810436,Filter blockage,1,LOW,0.6687033219171342,0.6687033219171342,2024-06-27 21:54:36.142395,1.019929646908443,1.0967050446109472,1.1185619889127516
430,HP_002,HeatPump,2024-09-01 10:19:58.559315,Control valve failure,3,HIGH,1.5949463052620498,1.5949463052620498,2024-09-01 11:55:40.366014,1.0821858561115396,1.1436714800635017,1.2376650997628722
430,FCU_037,FCU,2024-09-23 16:44:31.804666,Filter blockage,1,LOW,1.1696298884518492,1.1696298884518492,2024-09-23 17:54:42.472264,1.0200627086837715,0.9672993258375305,0.9867059704218174
430,FCU_036,FCU,2025-02-24 10:45:58.807426,Fan motor failure,2,MEDIUM,3.9072569520527587,3.9072569520527587,2025-02-24 14:40:24.932453,0.830835368027802,0.9294831225416624,0.7722474521925327
431,FCU_039,FCU,2023-11-12 15:16:22.182493,Coil fouling,1,LOW,2.9371759316141146,2.9371759316141146,2023-11-12 18:12:36.015847,0.8214849912235018,1.1280673826824728,0.9266904239624298
431,FCU_005,FCU,2023-12-07 03:46:44.152003,Fan motor failure,2,MEDIUM,4.141475995815889,4.141475995815889,2023-12-07 07:55:13.465588,0.91204425024149,1.0128659172075993,0.9237785360547641
431,FCU_044,FCU,2024-06-06 07:28:35.994355,Coil fouling,1,LOW,2.117732925733563,2.117732925733563,2024-06-06 09:35:39.832888,0.946774403978711,0.9093607600663451,0.8609594916134415
431,CHWP_001,CHW_Pump,2024-08-15 03:17:26.340913,Seal leakage,2,MEDIUM,3.9892601136709915,3.9892601136709915,2024-08-15 07:16:47.677322,0.8968046699317475,0.9994708098420886,0.8963300897268506
431,FCU_050,FCU,2024-09-08 23:03:34.617378,Coil fouling,1,LOW,2.51544473020765,2.51544473020765,2024-09-09 01:34:30.218407,0.8,1.1215510113776679,0.8972408091021343
431,FCU_030,FCU,2024-11-21 19:54:24.896888,Filter blockage,1,LOW,1.2550861695993385,1.2550861695993385,2024-11-21 21:09:43.207099,1.007574384850552,1.0630777433538152,1.0711299033080335
431,FCU_021,FCU,2025-04-12 03:29:51.379993,Coil fouling,1,LOW,1.3337571761221858,1.3337571761221858,2025-04-12 04:49:52.905827,1.187122420408031,1.044912282428844,1.2404387978310094
432,FCU_011,FCU,2023-11-29 15:55:56.905158,Valve actuator,2,MEDIUM,2.553645911267371,2.553645911267371,2023-11-29 18:29:10.030439,0.8396285621926863,1.0327967017540511,0.8671656097311027
432,FCU_034,FCU,2024-08-13 17:46:22.120649,Coil fouling,1,LOW,1.7961685618029641,1.7961685618029641,2024-08-13 19:34:08.327471,1.1037683005736176,0.9809885106002987,1.082784021227536
432,FCU_027,FCU,2024-09-09 15:02:23.155421,Coil fouling,1,LOW,2.5668212307939027,2.5668212307939027,2024-09-09 17:36:23.711852,0.8479554695520204,0.9880722382204027,0.8378412587114973
432,FCU_042,FCU,2024-10-29 05:49:02.806413,Coil fouling,1,LOW,2.610908086124975,2.610908086124975,2024-10-29 08:25:42.075523,0.8744810765916261,0.9637270371497884,0.8427610569872049
432,FCU_024,FCU,2024-12-24 03:45:19.564731,Filter blockage,1,LOW,1.0356302684483472,1.0356302684483472,2024-12-24 04:47:27.833697,1.0469868924954553,1.0716359534380255,1.1219887967764828
432,HP_001,HeatPump,2025-02-01 00:01:16.155299,Sensor malfunction,1,LOW,1.9513879605238889,1.9513879605238889,2025-02-01 01:58:21.151957,0.9936627154235281,1.1245988902987096,1.1174719870965022
432,HP_002,HeatPump,2025-04-12 06:32:51.396048,Refrigerant leak,3,HIGH,6.608592122351616,6.608592122351616,2025-04-12 13:09:22.327688,1.0279263527053142,0.9884631344672614,1.0160673045965947
432,FCU_014,FCU,2025-05-04 03:56:59.388107,Fan motor failure,2,MEDIUM,4.3262304600520975,4.3262304600520975,2025-05-04 08:16:33.817763,0.8,0.9606741362442629,0.7685393089954103
432,CHWP_001,CHW_Pump,2025-05-07 02:47:01.742119,Impeller damage,4,CRITICAL,11.304457299812194,11.304457299812194,2025-05-07 14:05:17.788398,1.0140002144298264,1.0051746762704286,1.0192473372776458
433,FCU_023,FCU,2025-02-13 03:03:19.235361,Coil fouling,1,LOW,1.8643129829381178,1.8643129829381178,2025-02-13 04:55:10.762100,0.9628778323012507,0.975779790125829,0.9395567291197277
433,FCU_003,FCU,2025-03-21 04:53:57.594698,Coil fouling,1,LOW,3.345005673868041,3.345005673868041,2025-03-21 08:14:39.615124,1.0979246127664644,0.9731844067794637,1.068483112963704
433,FCU_015,FCU,2025-05-01 22:14:37.393004,Fan motor failure,2,MEDIUM,5.392708335180128,5.392708335180128,2025-05-02 03:38:11.143011,1.0333087174656042,0.9800774517706403,1.012722574706078
434,FCU_015,FCU,2023-08-16 20:06:18.697620,Thermostat failure,1,LOW,1.9331451477660064,1.9331451477660064,2023-08-16 22:02:18.020152,0.947295902975583,0.9832067784408522,0.9313877529948411
434,FCU_046,FCU,2023-12-18 05:44:12.808071,Valve actuator,2,MEDIUM,2.016315190458558,2.016315190458558,2023-12-18 07:45:11.542757,1.0520037031956713,0.9048137090145354,0.9518673725855018
434,HP_002,HeatPump,2025-04-27 19:53:25.610871,Control valve failure,3,HIGH,2.428574530150937,2.428574530150937,2025-04-27 22:19:08.479180,1.1269419605871351,1.0326843695136594,1.163775348047413
435,FCU_023,FCU,2024-12-17 00:26:53.150243,Fan motor failure,2,MEDIUM,5.232590959338581,5.232590959338581,2024-12-17 05:40:50.477697,0.962681447124815,0.9098795930386017,0.8759242033357387
435,CHWP_002,CHW_Pump,2025-05-23 23:43:26.344996,Impeller damage,4,CRITICAL,9.740580504975213,9.740580504975213,2025-05-24 09:27:52.434814,1.0068553899916286,0.916385021108661,0.9226671978108477
436,FCU_034,FCU,2024-04-12 23:13:17.463921,Filter blockage,1,LOW,1.340905587809098,1.340905587809098,2024-04-13 00:33:44.724037,1.100407751610509,0.9166245915396141,1.008660805847008
437,FCU_047,FCU,2023-12-25 21:46:07.656294,Filter blockage,1,LOW,1.1720589073812657,1.1720589073812657,2023-12-25 22:56:27.068361,0.9818746715596219,1.124121963040067,1.1037468832529231
437,HP_002,HeatPump,2024-08-25 19:28:20.550608,Heat exchanger fouling,2,MEDIUM,2.1660789733954804,2.1660789733954804,2024-08-25 21:38:18.434912,1.1764289333257019,1.0564816103050763,1.2428755338894206
437,FCU_003,FCU,2024-09-24 19:23:22.333566,Coil fouling,1,LOW,2.474584223068883,2.474584223068883,2024-09-24 21:51:50.836769,0.8962535507130059,1.080583715355726,0.9684769917302216
437,FCU_040,FCU,2025-02-21 03:14:35.334173,Filter blockage,1,LOW,1.8339398814114853,1.8339398814114853,2025-02-21 05:04:37.517746,1.0412726338909943,0.9403584405078039,0.9791695101491888
438,FCU_003,FCU,2023-12-02 18:16:36.835840,Coil fouling,1,LOW,1.627257742585277,1.627257742585277,2023-12-02 19:54:14.963713,1.06573831335987,0.909098037045747,0.9688606086799029
438,CHWP_001,CHW_Pump,2024-05-29 08:51:02.264833,Impeller damage,4,CRITICAL,15.195532828268622,15.195532828268622,2024-05-30 00:02:46.183015,1.034727748520262,0.949983042631751,0.9829738148347797
438,FCU_035,FCU,2024-11-15 05:44:39.392348,Fan motor failure,2,MEDIUM,4.5397358763660955,4.5397358763660955,2024-11-15 10:17:02.441503,0.8634310788722548,1.115804274724362,0.9634200887355296
439,FCU_026,FCU,2023-07-28 03:16:00.037315,Thermostat failure,1,LOW,1.5565872959547957,1.5565872959547957,2023-07-28 04:49:23.751580,0.9547184633427563,0.9520767645450621,0.9089652656308049
439,FCU_030,FCU,2024-01-29 20:59:11.868295,Valve actuator,2,MEDIUM,3.093780996954508,3.093780996954508,2024-01-30 00:04:49.479884,0.9851807509477883,1.019443032638169,1.004335652442962
439,FCU_017,FCU,2024-02-11 06:09:20.801848,Filter blockage,1,LOW,0.5512734420772561,0.5512734420772561,2024-02-11 06:42:25.386239,0.8283125486626352,0.9370184876089321,0.7761441716153624
439,FCU_013,FCU,2024-05-19 19:11:09.485521,Valve actuator,2,MEDIUM,3.5903782583565875,3.5903782583565875,2024-05-19 22:46:34.847251,1.1461245977888654,1.037865744756357,1.189523459267721
439,FCU_007,FCU,2024-11-06 00:32:17.585459,Filter blockage,1,LOW,1.195218234798531,1.195218234798531,2024-11-06 01:44:00.371104,0.8392785233733963,1.1124524448899606,0.9336574452703706
439,FCU_045,FCU,2024-12-25 08:44:34.057597,Fan motor failure,2,MEDIUM,4.557703691798372,4.557703691798372,2024-12-25 13:18:01.790887,0.9977646326611864,0.9501950362593998,0.9480710013098428
439,FCU_035,FCU,2025-03-05 04:09:08.415507,Fan motor failure,2,MEDIUM,4.121796479412541,4.121796479412541,2025-03-05 08:16:26.882833,0.8944357878447533,1.1315181460455994,1.0120703244189304
439,FCU_016,FCU,2025-04-27 23:48:43.103907,Fan motor failure,2,MEDIUM,2.866030568598079,2.866030568598079,2025-04-28 02:40:40.813954,1.0992432199366868,1.0750946386747677,1.1817904923535205
440,HP_002,HeatPump,2023-11-09 01:33:32.142322,Compressor degradation,4,CRITICAL,16.395337012929335,16.395337012929335,2023-11-09 17:57:15.355569,0.9070115252540415,1.1212688752562774,1.0170037927660798
440,FCU_021,FCU,2024-04-09 20:49:22.324474,Thermostat failure,1,LOW,1.699570462215257,1.699570462215257,2024-04-09 22:31:20.778138,1.0100030995844644,0.9931009554905975,1.0030350432457968
440,FCU_027,FCU,2024-12-19 10:16:35.718461,Filter blockage,1,LOW,0.7208262582179217,0.7208262582179217,2024-12-19 10:59:50.692991,0.9479328736744638,0.9936112683308553,0.9418767849041965
440,HP_001,HeatPump,2025-01-22 13:16:34.299402,Refrigerant leak,3,HIGH,10.805764722046437,10.805764722046437,2025-01-23 00:04:55.052401,1.1709934550898884,1.1320092035187952,1.3255753684220266
440,FCU_036,FCU,2025-03-16 00:29:46.424479,Coil fouling,1,LOW,2.0886107151905886,2.0886107151905886,2025-03-16 02:35:05.423054,0.9845902066447416,1.1286654054703704,1.111272904804843
440,FCU_040,FCU,2025-04-02 09:47:25.288433,Valve actuator,2,MEDIUM,2.1471923697720765,2.1471923697720765,2025-04-02 11:56:15.180964,0.9601378713367843,0.9275111729672654,0.8905386032538741
441,FCU_026,FCU,2024-10-23 19:22:41.732207,Thermostat failure,1,LOW,2.0665751584468053,2.0665751584468053,2024-10-23 21:26:41.402777,1.0031034790241078,1.0096975639706014,1.012831139181077
441,HWP_001,HW_Pump,2025-05-19 05:11:22.500860,Bearing wear,3,HIGH,5.3754986758736445,5.3754986758736445,2025-05-19 10:33:54.296093,0.8813235100792294,0.9778003128772437,0.8617584039015411
442,FCU_023,FCU,2024-10-31 02:00:42.770374,Fan motor failure,2,MEDIUM,5.261178076070951,5.261178076070951,2024-10-31 07:16:23.011448,0.9678078499257732,1.09479059141372,1.059546928395078
442,CHWP_002,CHW_Pump,2024-12-18 16:56:40.963993,Impeller damage,4,CRITICAL,9.482293669094089,9.482293669094089,2024-12-19 02:25:37.221202,0.9210194973480708,0.9405373777314961,0.8662532628753351
442,FCU_018,FCU,2025-05-05 22:36:47.188143,Coil fouling,1,LOW,2.010493164503396,2.010493164503396,2025-05-06 00:37:24.963535,0.8478003644873768,1.0765354825700657,0.9126871745064958
442,FCU_038,FCU,2025-05-21 09:53:13.458428,Thermostat failure,1,LOW,1.9364544001068607,1.9364544001068607,2025-05-21 11:49:24.694268,0.9932393959970469,1.1341586077382941,1.126491010514835
443,FCU_017,FCU,2024-02-10 16:38:19.353665,Fan motor failure,2,MEDIUM,3.478802860474213,3.478802860474213,2024-02-10 20:07:03.043963,1.260192774097023,0.9423978071374628,1.1876029068795104
443,FCU_032,FCU,2024-04-16 02:09:00.250088,Valve actuator,2,MEDIUM,3.7962975990110053,3.7962975990110053,2024-04-16 05:56:46.921444,1.1936047852714302,1.0398271773155012,1.2411426946990662
443,FCU_028,FCU,2024-09-22 20:16:58.766518,Valve actuator,2,MEDIUM,4.918418005501721,4.918418005501721,2024-09-23 01:12:05.071338,1.1227448234414719,1.0913304191896622,1.2252855788094048
443,FCU_037,FCU,2025-01-12 23:04:11.048851,Filter blockage,1,LOW,0.8883466372774955,0.8883466372774955,2025-01-12 23:57:29.096745,1.0661304861922323,1.0094865708262655,1.0762444085595357
443,FCU_026,FCU,2025-04-11 05:24:00.490745,Coil fouling,1,LOW,3.462889664224077,3.462889664224077,2025-04-11 08:51:46.893536,0.922914816421804,0.9469240214501529,0.8739302094220642
444,CHWP_001,CHW_Pump,2023-12-12 01:39:57.096385,Bearing wear,3,HIGH,9.991292396773199,9.991292396773199,2023-12-12 11:39:25.749013,0.9811888714131111,0.9114311416077496,0.8942860932048713
444,HP_002,HeatPump,2024-04-02 02:17:56.533135,Heat exchanger fouling,2,MEDIUM,3.8451255029551215,3.8451255029551215,2024-04-02 06:08:38.984946,1.0722286425642724,1.0626559037773213,1.1394100972200674
444,FCU_004,FCU,2025-02-08 14:52:18.483499,Fan motor failure,2,MEDIUM,2.736742916602481,2.736742916602481,2025-02-08 17:36:30.757999,0.9780399415528482,0.9240433582280233,0.9037513120736335
444,CT_001,CoolingTower,2025-05-24 20:08:11.103019,Fill media degradation,2,MEDIUM,11.269644002116983,11.269644002116983,2025-05-25 07:24:21.821427,1.0810873536309902,1.0627960865176669,1.1489754086227573
445,FCU_047,FCU,2024-08-31 10:57:13.314703,Fan motor failure,2,MEDIUM,4.750724389765415,4.750724389765415,2024-08-31 15:42:15.922506,0.9121145956689394,1.1029457170069785,1.0060128867126086
445,FCU_008,FCU,2024-12-10 14:15:40.828250,Coil fouling,1,LOW,1.8425707370254445,1.8425707370254445,2024-12-10 16:06:14.082903,1.0228944379092908,1.0581469301450772,1.0823726093361903
446,HWP_002,HW_Pump,2024-09-10 07:40:25.112767,Bearing wear,3,HIGH,12.57524805564812,12.57524805564812,2024-09-10 20:14:56.005767,1.0009681006556383,1.126715535626199,1.1278063096749567
446,FCU_019,FCU,2024-12-02 10:28:29.244478,Fan motor failure,2,MEDIUM,6.072872331484129,6.072872331484129,2024-12-02 16:32:51.584871,1.067906038706612,0.944923100050446,1.0090890846572433
446,HP_001,HeatPump,2025-01-03 07:40:06.956497,Compressor degradation,4,CRITICAL,8.610576975777647,8.610576975777647,2025-01-03 16:16:45.033610,1.0666350423417266,1.1424846734399172,1.2186141880293597
446,FCU_018,FCU,2025-05-18 03:35:57.858416,Filter blockage,1,LOW,0.8625469811773261,0.8625469811773261,2025-05-18 04:27:43.027548,1.06806752956492,1.0986564596221853,1.1734392906692088
446,FCU_028,FCU,2025-05-25 20:01:51.498105,Fan motor failure,2,MEDIUM,4.303349347903458,4.303349347903458,2025-05-26 00:20:03.555757,1.0020519217560184,0.935205845109951,0.9371248143298877
447,FCU_007,FCU,2025-04-23 11:59:31.260710,Fan motor failure,2,MEDIUM,3.7912889550488678,3.7912889550488678,2025-04-23 15:46:59.900948,1.0215527260091997,0.9883649188230419,1.0096668771155397
448,FCU_034,FCU,2024-04-27 21:37:10.060530,Filter blockage,1,LOW,0.6675049658443407,0.6675049658443407,2024-04-27 22:17:13.078407,1.0075100631325062,0.9144236527717043,0.9212910321338768
448,FCU_043,FCU,2024-07-10 14:18:05.282389,Filter blockage,1,LOW,0.9199197233672712,0.9199197233672712,2024-07-10 15:13:16.993393,0.9789509473728689,1.1030242275652569,1.0798066125502352
448,FCU_039,FCU,2024-08-12 02:13:17.930634,Fan motor failure,2,MEDIUM,4.899428304416117,4.899428304416117,2024-08-12 07:07:15.872530,0.9160931908786396,0.9635366767371708,0.8826893887207551
448,FCU_002,FCU,2024-08-23 21:15:25.450063,Coil fouling,1,LOW,1.827580292927815,1.827580292927815,2024-08-23 23:05:04.739118,0.9037131287512017,1.1168764448640207,1.0093359064165832
448,FCU_032,FCU,2025-01-14 06:49:18.808552,Valve actuator,2,MEDIUM,3.1578860135086115,3.1578860135086115,2025-01-14 09:58:47.198201,0.8659099138448703,1.042857819794993,0.9030209248911315
449,HP_002,HeatPump,2023-06-15 02:23:45.491939,Control valve failure,3,HIGH,3.774924905469032,3.774924905469032,2023-06-15 06:10:15.221599,1.1309909287954594,0.9469732164528558,1.071018117620439
449,FCU_046,FCU,2024-09-22 03:36:31.258324,Coil fouling,1,LOW,1.7429478130485947,1.7429478130485947,2024-09-22 05:21:05.870451,1.0087031681707816,0.987402059696547,0.9959955858742623
449,FCU_031,FCU,2025-04-11 15:07:45.893219,Coil fouling,1,LOW,1.2698395253709132,1.2698395253709132,2025-04-11 16:23:57.315510,1.0446050192277843,0.9649653434383741,1.0080076411365884
450,FCU_031,FCU,2023-03-27 22:41:43.190457,Coil fouling,1,LOW,1.371513074868293,1.371513074868293,2023-03-28 00:04:00.637527,1.1692845464383685,1.0765548799422857,1.258798984509328
450,FCU_047,FCU,2023-11-25 22:34:52.289740,Thermostat failure,1,LOW,2.745800654980789,2.745800654980789,2023-11-26 01:19:37.172098,0.9120840278711225,0.9264633013624586,0.8450123795814488
450,FCU_022,FCU,2024-03-26 16:16:00.823279,Coil fouling,1,LOW,3.1216240429854825,3.1216240429854825,2024-03-26 19:23:18.669834,0.9088304499170122,1.0681177578439438,0.9707379424256618
450,HP_002,HeatPump,2024-05-16 05:38:55.264214,Heat exchanger fouling,2,MEDIUM,5.080907456246562,5.080907456246562,2024-05-16 10:43:46.531056,0.8,0.9294158990391234,0.7435327192312987
450,FCU_050,FCU,2025-03-23 10:02:51.636635,Filter blockage,1,LOW,1.6035589125002911,1.6035589125002911,2025-03-23 11:39:04.448720,0.9338169021086914,0.9284668786943171,0.8670180643728533
451,FCU_042,FCU,2024-08-17 14:37:15.560966,Fan motor failure,2,MEDIUM,4.56932722655546,4.56932722655546,2024-08-17 19:11:25.138982,1.0684173058827002,1.0188753911091908,1.0885841003990642
451,HP_001,HeatPump,2024-09-06 07:09:15.352792,Heat exchanger fouling,2,MEDIUM,4.473819922883553,4.473819922883553,2024-09-06 11:37:41.104514,0.8687424042015479,0.934018592193073,0.8114215573507554
451,FCU_020,FCU,2025-05-02 19:02:18.873868,Filter blockage,1,LOW,1.926300502217173,1.926300502217173,2025-05-02 20:57:53.555676,1.1656498520722591,1.1222402295133151,1.308139157521734
452,FCU_035,FCU,2024-03-31 06:00:44.787681,Filter blockage,1,LOW,2.356111332211456,2.356111332211456,2024-03-31 08:22:06.788477,1.0050578795070393,0.9465691271686598,0.9513567597589623
452,FCU_039,FCU,2024-06-06 08:24:18.590741,Fan motor failure,2,MEDIUM,4.734468455482825,4.734468455482825,2024-06-06 13:08:22.677181,0.838867490208867,1.0844345528507233,0.9096968916456611
452,FCU_001,FCU,2024-07-03 17:44:41.919455,Valve actuator,2,MEDIUM,1.4265178733936545,1.4265178733936545,2024-07-03 19:10:17.383799,1.1076107337846812,0.9993939722589564,1.10693949095373
452,CHWP_003,CHW_Pump,2024-12-10 16:42:47.894883,Impeller damage,4,CRITICAL,5.375383535176208,5.375383535176208,2024-12-10 22:05:19.275610,1.0075587902022607,1.147200396530975,1.1558718436483029
453,HP_001,HeatPump,2023-12-04 07:51:26.809441,Refrigerant leak,3,HIGH,2.5220874454899085,2.5220874454899085,2023-12-04 10:22:46.324245,0.9137182258173651,1.1394829434559626,1.041166333443731
453,FCU_032,FCU,2024-10-11 18:40:52.479566,Coil fouling,1,LOW,2.917683150008332,2.917683150008332,2024-10-11 21:35:56.138906,1.1871128925537169,0.9179611755571708,1.0897235463676833
453,FCU_029,FCU,2024-12-01 13:41:35.068008,Valve actuator,2,MEDIUM,1.689435124234683,1.689435124234683,2024-12-01 15:22:57.034455,1.0347330272750734,0.9727031900593772,1.0064881164902606
453,FCU_039,FCU,2025-02-13 02:51:46.686046,Coil fouling,1,LOW,2.3056580128135984,2.3056580128135984,2025-02-13 05:10:07.054892,1.246636280082509,1.108348785108269,1.3817078065013406
454,HP_001,HeatPump,2024-03-29 02:08:36.894743,Control valve failure,3,HIGH,4.053153457469231,4.053153457469231,2024-03-29 06:11:48.247190,0.9813309744402615,1.0103077842728978,0.9914463224251043
454,HP_002,HeatPump,2024-11-04 20:05:38.033930,Control valve failure,3,HIGH,5.205152755828537,5.205152755828537,2024-11-05 01:17:56.583851,0.9521514243670804,1.1084951933378864,1.0554552772407306
454,FCU_016,FCU,2025-01-13 18:46:32.335308,Thermostat failure,1,LOW,2.6171673656195042,2.6171673656195042,2025-01-13 21:23:34.137824,0.8617760677265005,1.1147621364049103,0.9606753303614164
454,FCU_003,FCU,2025-05-02 23:07:55.041242,Filter blockage,1,LOW,1.2981657723589954,1.2981657723589954,2025-05-03 00:25:48.438022,0.9629963980199021,0.920533333774519,0.8864702846821141
454,CHWP_001,CHW_Pump,2025-05-09 12:01:27.771459,Motor overheating,3,HIGH,4.975059467507427,4.975059467507427,2025-05-09 16:59:57.985542,0.9896752454830395,0.9238328896675753,0.9142945418670633
454,FCU_018,FCU,2025-05-26 15:06:56.213099,Fan motor failure,2,MEDIUM,4.060793383119064,4.060793383119064,2025-05-26 19:10:35.069278,0.867346835005513,1.030352205765849,0.8936727246119582
455,HWP_001,HW_Pump,2024-06-26 07:30:17.515523,Seal leakage,2,MEDIUM,4.07850540310388,4.07850540310388,2024-06-26 11:35:00.134974,1.0965533466446789,1.1334316667484725,1.242868287366094
455,FCU_034,FCU,2024-09-07 02:48:24.473176,Fan motor failure,2,MEDIUM,3.816558063735731,3.816558063735731,2024-09-07 06:37:24.082205,1.1168490455716777,0.921732978718551,1.0294365975537532
455,FCU_028,FCU,2024-10-06 22:45:34.274770,Thermostat failure,1,LOW,1.5965412453507977,1.5965412453507977,2024-10-07 00:21:21.823253,1.0747522670716718,1.1155310381785677,1.1989195122712313
455,FCU_041,FCU,2025-01-06 17:31:24.088974,Filter blockage,1,LOW,0.7260195134897016,0.7260195134897016,2025-01-06 18:14:57.759223,1.0257041290245648,1.0569760807399038,1.084144730295121
455,FCU_015,FCU,2025-02-15 15:08:38.965658,Filter blockage,1,LOW,1.5131241546713097,1.5131241546713097,2025-02-15 16:39:26.212615,1.0700052014173667,1.126849567141174,1.2057348980559643
455,FCU_016,FCU,2025-04-01 23:44:34.375974,Fan motor failure,2,MEDIUM,3.7746389575672175,3.7746389575672175,2025-04-02 03:31:03.076221,0.8331127884122109,1.1308057551500816,0.9420887358256603
456,FCU_026,FCU,2024-02-27 11:02:47.380000,Filter blockage,1,LOW,1.0592533630074388,1.0592533630074388,2024-02-27 12:06:20.692107,0.9755596880020491,1.068092978513619,1.0419884528759256
456,FCU_010,FCU,2024-10-26 17:29:23.327923,Fan motor failure,2,MEDIUM,3.052557025034315,3.052557025034315,2024-10-26 20:32:32.533213,1.0323142654049067,0.9174718830104192,0.9471193129395573
456,FCU_036,FCU,2025-04-22 06:29:21.514659,Valve actuator,2,MEDIUM,3.427729308171213,3.427729308171213,2025-04-22 09:55:01.340168,0.9080506327308965,0.9801488641474538,0.890024796259565
457,FCU_030,FCU,2024-03-12 14:06:17.662889,Fan motor failure,2,MEDIUM,3.61232803021928,3.61232803021928,2024-03-12 17:43:02.043798,1.005715365501242,1.1123740356926515,1.1187316598807266
457,FCU_026,FCU,2024-06-24 10:50:31.861393,Coil fouling,1,LOW,2.472437129839256,2.472437129839256,2024-06-24 13:18:52.635060,0.8438061182012084,1.0523283658103337,0.887961113427439
457,HWP_001,HW_Pump,2025-03-16 17:38:32.958291,Seal leakage,2,MEDIUM,4.127701527548051,4.127701527548051,2025-03-16 21:46:12.683790,0.8450089529477929,0.9494039788358404,0.802254862080542
458,CT_001,CoolingTower,2023-08-02 01:18:28.339016,Drift eliminator damage,2,MEDIUM,7.884337407915759,7.884337407915759,2023-08-02 09:11:31.953684,1.0853207206807833,1.1104488952328637,1.2051931952533113
458,FCU_030,FCU,2023-12-13 18:13:41.065265,Thermostat failure,1,LOW,1.6702130811327733,1.6702130811327733,2023-12-13 19:53:53.832357,1.0176229322018238,0.9342603260210385,0.950724732405361
458,HWP_001,HW_Pump,2023-12-26 11:59:18.070843,Impeller damage,4,CRITICAL,7.33733170670165,7.33733170670165,2023-12-26 19:19:32.464987,0.8746547979358533,1.0962195146011533,0.958813658036811
458,FCU_028,FCU,2025-01-14 07:45:42.509374,Coil fouling,1,LOW,1.7332207609459533,1.7332207609459533,2025-01-14 09:29:42.104113,0.9003979563220812,0.9508202388679659,0.8561165999063896
459,FCU_039,FCU,2024-05-01 06:33:49.597760,Valve actuator,2,MEDIUM,5.348487835254287,5.348487835254287,2024-05-01 11:54:44.153967,1.0226548972596736,1.1247518306596749,1.1502329678258996
459,HP_002,HeatPump,2024-07-03 06:30:07.611030,Heat exchanger fouling,2,MEDIUM,3.9414047018058223,3.9414047018058223,2024-07-03 10:26:36.667957,0.8737668318906862,1.044439993205705,0.9125970239632786
460,FCU_037,FCU,2024-05-11 03:59:03.787866,Valve actuator,2,MEDIUM,3.0006932085151266,3.0006932085151266,2024-05-11 06:59:06.283417,0.8,1.0877346028512118,0.8701876822809695
461,CHWP_001,CHW_Pump,2024-01-08 06:10:05.583848,Bearing wear,3,HIGH,9.892453826149852,9.892453826149852,2024-01-08 16:03:38.417622,1.0264326836627176,0.9365436111750192,0.9612989721855476
461,CHWP_003,CHW_Pump,2024-03-18 04:05:50.106856,Impeller damage,4,CRITICAL,14.270757572719628,14.270757572719628,2024-03-18 18:22:04.834118,1.0295859839436743,0.9361183067170191,0.9638142879089284
461,FCU_008,FCU,2024-05-20 10:28:38.820122,Coil fouling,1,LOW,1.236996515438013,1.236996515438013,2024-05-20 11:42:52.007578,1.0957168893449016,0.9462334791456557,1.0368040043634816
461,FCU_039,FCU,2024-11-07 05:49:02.452514,Fan motor failure,2,MEDIUM,5.291682964285683,5.291682964285683,2024-11-07 11:06:32.511185,0.8986548094449814,0.95922325685782,0.8620105931067586
461,HP_001,HeatPump,2025-01-29 11:27:32.896623,Compressor degradation,4,CRITICAL,15.290101580126525,15.290101580126525,2025-01-30 02:44:57.262311,0.8836287181495771,0.9488235922144111,0.8384077745384972
461,FCU_049,FCU,2025-03-05 19:06:55.879240,Thermostat failure,1,LOW,2.428373930387457,2.428373930387457,2025-03-05 21:32:38.025389,1.067949747117405,1.0820402876723367,1.1555646515905162
461,FCU_045,FCU,2025-05-10 21:36:12.749132,Fan motor failure,2,MEDIUM,6.180778118072568,6.180778118072568,2025-05-11 03:47:03.550357,1.1295208164604396,1.0244664498625586,1.1571561808850852
461,FCU_002,FCU,2025-05-15 00:27:59.188301,Coil fouling,1,LOW,1.4213405925339995,1.4213405925339995,2025-05-15 01:53:16.014434,1.3215093287336108,1.025595122263287,1.355333521574622
462,HP_002,HeatPump,2023-07-04 15:29:08.183535,Sensor malfunction,1,LOW,1.5311674901047143,1.5311674901047143,2023-07-04 17:01:00.386499,0.9033907416521576,0.9830752999740546,0.8881011243434785
462,CHWP_002,CHW_Pump,2023-09-17 02:02:06.127681,Motor overheating,3,HIGH,4.7138965300953615,4.7138965300953615,2023-09-17 06:44:56.155189,0.911550231442781,1.0844555821149426,0.9885357368662918
462,HP_001,HeatPump,2024-01-05 13:15:10.108108,Refrigerant leak,3,HIGH,6.829300731898202,6.829300731898202,2024-01-05 20:04:55.590743,1.1031283458066072,1.1235869546958037,1.2394606187034654
462,FCU_011,FCU,2024-11-23 11:36:02.754792,Filter blockage,1,LOW,0.958028929998255,0.958028929998255,2024-11-23 12:33:31.658940,0.9635220604645467,1.1028492962257797,1.0626196262813383
462,FCU_004,FCU,2024-12-16 21:31:05.269886,Valve actuator,2,MEDIUM,2.1607741167410457,2.1607741167410457,2024-12-16 23:40:44.056706,0.943487265059928,1.0942030166474148,1.0323666115969923
462,FCU_050,FCU,2025-05-26 13:05:09.527101,Fan motor failure,2,MEDIUM,2.8636412216467186,2.8636412216467186,2025-05-26 15:56:58.635499,0.804570344045764,0.9276054925905866,0.7463238703123486
463,HP_002,HeatPump,2024-01-16 10:00:09.814200,Heat exchanger fouling,2,MEDIUM,3.200564296466672,3.200564296466672,2024-01-16 13:12:11.845667,1.040402626126044,1.1187497859889008,1.1639502153208021
463,FCU_011,FCU,2024-03-15 04:52:01.547957,Filter blockage,1,LOW,0.902706406959827,0.902706406959827,2024-03-15 05:46:11.291022,1.0073490616249228,1.1267921788633037,1.1350730440242511
463,FCU_031,FCU,2024-09-21 23:00:08.290024,Fan motor failure,2,MEDIUM,4.109175699850949,4.109175699850949,2024-09-22 03:06:41.322543,0.9883754295852634,0.9985916574137081,0.9869834583765339
463,HP_002,HeatPump,2025-01-25 12:58:52.897361,Control valve failure,3,HIGH,2.6226498051481673,2.6226498051481673,2025-01-25 15:36:14.436660,1.1116707493683335,0.934023226605277,1.0383263002477172
463,FCU_022,FCU,2025-01-29 11:59:43.629189,Coil fouling,1,LOW,1.9762344979840645,1.9762344979840645,2025-01-29 13:58:18.073382,1.0228464206473922,1.1169263706277368,1.1424441403232632
464,FCU_001,FCU,2023-10-04 11:00:48.969623,Filter blockage,1,LOW,1.2055074883735646,1.2055074883735646,2023-10-04 12:13:08.796581,0.9621771193589188,1.0276076736128563,0.9887405912279381
464,FCU_024,FCU,2023-11-14 17:07:16.874930,Thermostat failure,1,LOW,2.4609476568919137,2.4609476568919137,2023-11-14 19:34:56.286495,1.1828184566807627,1.1273635982641728,1.3334664714169002
464,HWP_002,HW_Pump,2024-09-11 22:43:27.674459,Motor overheating,3,HIGH,8.240694842463961,8.240694842463961,2024-09-12 06:57:54.175892,0.8745336919573006,1.1413968253689268,0.9981899796782299
464,FCU_013,FCU,2024-11-02 19:57:07.845303,Filter blockage,1,LOW,1.0839555411651156,1.0839555411651156,2024-11-02 21:02:10.085251,1.0679114051039698,0.9840166913790398,1.0508426475363497
464,FCU_008,FCU,2024-11-10 09:27:50.826258,Valve actuator,2,MEDIUM,2.2742225524462403,2.2742225524462403,2024-11-10 11:44:18.027447,1.0362745139876801,1.0583427836173396,1.096733653725427
464,CHWP_002,CHW_Pump,2024-11-26 19:00:00.884218,Seal leakage,2,MEDIUM,5.595031435884301,5.595031435884301,2024-11-27 00:35:42.997387,0.9343560728184337,1.0925621560224186,1.0208420854111477
464,FCU_049,FCU,2024-11-27 00:14:27.893247,Filter blockage,1,LOW,0.9454371089614676,0.9454371089614676,2024-11-27 01:11:11.466839,0.8777617447366023,1.013941168622079,0.8899987692299854
465,FCU_001,FCU,2024-01-24 00:04:26.684296,Coil fouling,1,LOW,1.8394289465100255,1.8394289465100255,2024-01-24 01:54:48.628503,0.9071419770268349,1.1292504671928953,1.02439050136784
465,FCU_033,FCU,2024-02-27 19:36:03.434544,Thermostat failure,1,LOW,2.170945734874591,2.170945734874591,2024-02-27 21:46:18.839190,0.9578389720843,1.080249931282025,1.0347054837733107
465,FCU_019,FCU,2024-06-24 09:19:31.658741,Coil fouling,1,LOW,1.825365106334621,1.825365106334621,2024-06-24 11:09:02.973124,0.9361101742752228,1.1146078454751156,1.0433957444762412
465,FCU_015,FCU,2024-09-09 09:54:09.695123,Coil fouling,1,LOW,1.736640882136574,1.736640882136574,2024-09-09 11:38:21.602299,1.0633986642070736,0.9262708150564116,0.9849951474249855
465,HP_002,HeatPump,2025-03-21 19:36:29.887980,Compressor degradation,4,CRITICAL,11.939784862987507,11.939784862987507,2025-03-22 07:32:53.113487,1.2350481860879519,1.1465363982832846,1.416027698983584
465,FCU_012,FCU,2025-05-15 23:40:30.192243,Filter blockage,1,LOW,0.8375014279543214,0.8375014279543214,2025-05-16 00:30:45.197384,1.2156574427638525,1.1090626252519615,1.3482402348787643
466,CHWP_002,CHW_Pump,2023-12-13 12:14:55.771032,Motor overheating,3,HIGH,6.885632008446737,6.885632008446737,2023-12-13 19:08:04.046262,0.9865176770378306,1.1130957507849808,1.0980886343850793
466,FCU_008,FCU,2024-09-01 03:59:19.708426,Valve actuator,2,MEDIUM,1.6087543455133417,1.6087543455133417,2024-09-01 05:35:51.224070,0.9124333533587873,1.1073001179149595,1.0103375597637272
466,FCU_034,FCU,2024-10-11 03:36:34.390225,Fan motor failure,2,MEDIUM,6.7065067884179665,6.7065067884179665,2024-10-11 10:18:57.814663,0.897343946986557,0.9161495620199399,0.8221012640129783
466,FCU_041,FCU,2024-11-10 22:37:37.093051,Coil fouling,1,LOW,2.0624477893483686,2.0624477893483686,2024-11-11 00:41:21.905093,0.9866674830808406,1.0149200371054015,1.0013885985390998
466,FCU_043,FCU,2025-02-10 12:21:53.636866,Fan motor failure,2,MEDIUM,3.7111715091468445,3.7111715091468445,2025-02-10 16:04:33.854299,1.0480044032814468,0.9327593952121989,0.9775359533845237
466,FCU_033,FCU,2025-02-12 12:57:59.415675,Thermostat failure,1,LOW,2.344644457640936,2.344644457640936,2025-02-12 15:18:40.135723,1.0301894200193615,0.9258356991112069,0.9537861419005943
466,FCU_036,FCU,2025-05-06 03:42:20.389322,Filter blockage,1,LOW,1.2127784654752718,1.2127784654752718,2025-05-06 04:55:06.391798,0.9370298722034727,0.9862766969387724,0.9241707272898011
467,FCU_001,FCU,2024-02-08 18:32:25.593717,Valve actuator,2,MEDIUM,3.3015755883955737,3.3015755883955737,2024-02-08 21:50:31.265835,0.9884301315331413,1.0494581192063062,1.0373160268056123
467,CT_001,CoolingTower,2025-02-09 08:15:23.071352,Fan motor failure,4,CRITICAL,5.501039810038891,5.501039810038891,2025-02-09 13:45:26.814668,0.8,1.0545949521991813,0.8436759617593451
467,FCU_010,FCU,2025-02-13 08:31:48.764860,Coil fouling,1,LOW,1.5261495932402551,1.5261495932402551,2025-02-13 10:03:22.903396,1.0627901727837479,1.058948666462454,1.1254402361987508
467,FCU_046,FCU,2025-04-12 19:34:57.806801,Coil fouling,1,LOW,1.9037245593204362,1.9037245593204362,2025-04-12 21:29:11.215215,0.9434637867750643,1.0995010735153008,1.037339446381994
468,FCU_006,FCU,2024-12-24 18:47:03.793793,Fan motor failure,2,MEDIUM,3.298602745896273,3.298602745896273,2024-12-24 22:04:58.763678,0.9392998270963262,1.03673635010843,0.9738062744013245
468,FCU_039,FCU,2025-05-15 04:45:43.480763,Filter blockage,1,LOW,0.5141407000621481,0.5141407000621481,2025-05-15 05:16:34.387283,1.0668177516966155,1.1076597933798564,1.1816711304182361
468,CHWP_001,CHW_Pump,2025-05-19 13:58:13.555630,VFD malfunction,2,MEDIUM,3.183489602256049,3.183489602256049,2025-05-19 17:09:14.118198,0.9236963938385344,1.0665174634376178,0.9851383349431485
469,HP_002,HeatPump,2024-01-05 21:57:19.110220,Sensor malfunction,1,LOW,1.716524506332099,1.716524506332099,2024-01-05 23:40:18.598443,0.9045893265775171,1.0300974133666527,0.9318151254665826
469,FCU_037,FCU,2024-02-15 02:47:53.974221,Fan motor failure,2,MEDIUM,5.8179849217474136,5.8179849217474136,2024-02-15 08:36:58.719939,0.827361974949386,0.9918743375466357,0.8206391108141984
469,FCU_028,FCU,2024-03-21 07:44:12.510616,Filter blockage,1,LOW,0.5931464227205954,0.5931464227205954,2024-03-21 08:19:47.837738,0.9398597552104898,1.0623861210309349,0.9984939596511563
469,FCU_033,FCU,2024-08-26 22:21:28.288126,Valve actuator,2,MEDIUM,4.176767584397887,4.176767584397887,2024-08-27 02:32:04.651430,1.2055170621995563,1.090371280219137,1.3144611824365433
469,FCU_044,FCU,2024-09-15 02:20:19.876635,Filter blockage,1,LOW,0.8261563145477755,0.8261563145477755,2024-09-15 03:09:54.039367,1.127304047189793,0.9252055784186113,1.042987993033874
469,CHWP_001,CHW_Pump,2024-12-28 02:41:14.619508,Bearing wear,3,HIGH,6.681243938620185,6.681243938620185,2024-12-28 09:22:07.097687,0.9996119376375903,0.9088708011412286,0.9085181025910125
469,HP_001,HeatPump,2025-04-05 15:59:13.071932,Compressor degradation,4,CRITICAL,22.863440734049515,22.863440734049515,2025-04-06 14:51:01.458575,0.9598362656397753,0.9619106117422165,0.9232766894539208
469,FCU_012,FCU,2025-04-28 06:22:54.473970,Coil fouling,1,LOW,1.8798511260855073,1.8798511260855073,2025-04-28 08:15:41.938024,0.9810593362223238,0.9535197066742664,0.9354594105047607
471,HP_002,HeatPump,2023-11-18 10:44:10.720938,Control valve failure,3,HIGH,1.2623654428094087,1.2623654428094087,2023-11-18 11:59:55.236532,1.0510487790979721,0.9907425768065321,1.0413187757528843
471,FCU_035,FCU,2024-03-14 14:56:25.637407,Fan motor failure,2,MEDIUM,4.429225529419989,4.429225529419989,2024-03-14 19:22:10.849313,0.9088289112119797,1.0333941383484095,0.939178469608027
471,FCU_004,FCU,2024-12-08 23:04:20.440292,Filter blockage,1,LOW,0.8847498423885349,0.8847498423885349,2024-12-08 23:57:25.539725,0.9483432560106891,1.0789588161800003,1.0232233168375802
471,HP_001,HeatPump,2024-12-23 21:42:35.429398,Control valve failure,3,HIGH,4.162458137854951,4.162458137854951,2024-12-24 01:52:20.278694,0.8743680532377784,1.0533638163842032,0.9210276694829724
471,CHWP_001,CHW_Pump,2025-02-14 07:22:11.231070,Bearing wear,3,HIGH,9.259717950426177,9.259717950426177,2025-02-14 16:37:46.215692,1.0718239177576105,0.9665515648179724,1.0359730849179483
472,FCU_018,FCU,2023-08-06 02:31:05.160214,Filter blockage,1,LOW,1.42735784677658,1.42735784677658,2023-08-06 03:56:43.648462,0.9764254223882366,0.9957605259079226,0.972285892107176
472,FCU_029,FCU,2023-08-28 10:32:34.452186,Filter blockage,1,LOW,0.7666765042517678,0.7666765042517678,2023-08-28 11:18:34.487601,0.9500398976077704,1.1014305912500175,1.0464030061332326
472,FCU_001,FCU,2023-11-24 20:50:07.925827,Valve actuator,2,MEDIUM,3.8827201265626177,3.8827201265626177,2023-11-25 00:43:05.718283,1.07322086642355,1.025822536421547,1.1009341513351365
472,FCU_025,FCU,2024-10-21 21:41:28.527488,Coil fouling,1,LOW,2.0429986539662144,2.0429986539662144,2024-10-21 23:44:03.322642,1.1127019363229294,1.0693218080643896,1.1898364463855822
472,FCU_027,FCU,2024-12-31 05:23:33.248502,Filter blockage,1,LOW,1.2058105463043516,1.2058105463043516,2024-12-31 06:35:54.166469,1.0333932858037733,1.1193034403969928,1.1566806600833164
473,FCU_003,FCU,2023-12-11 21:15:23.283018,Fan motor failure,2,MEDIUM,4.34471162540671,4.34471162540671,2023-12-12 01:36:04.244869,0.9468280351541807,1.0457931073295441,0.9901862329906175
473,FCU_021,FCU,2024-06-28 22:46:54.676151,Filter blockage,1,LOW,0.7157403226152408,0.7157403226152408,2024-06-28 23:29:51.341312,0.9440597876179608,1.1020588865550016,1.0404094783836013
473,FCU_038,FCU,2024-07-03 16:18:56.485042,Filter blockage,1,LOW,1.0141026055083053,1.0141026055083053,2024-07-03 17:19:47.254422,0.9208396133137868,1.115923599781285,1.0275866561103275
474,FCU_018,FCU,2024-09-24 22:02:22.902194,Coil fouling,1,LOW,1.471354750310559,1.471354750310559,2024-09-24 23:30:39.779295,0.9898954249461235,0.9631614026309077,0.9534290659490267
474,HWP_002,HW_Pump,2024-12-12 13:22:23.371505,Motor overheating,3,HIGH,3.9770477489643463,3.9770477489643463,2024-12-12 17:21:00.743401,1.2388273379748982,1.0690435042022317,1.3243603184902075
474,CHWP_002,CHW_Pump,2025-01-08 17:55:51.098025,Bearing wear,3,HIGH,8.986095724885537,8.986095724885537,2025-01-09 02:55:01.042635,0.9829530766170111,0.9195573711463407,0.9038817470941464
474,FCU_036,FCU,2025-04-26 20:25:27.097360,Fan motor failure,2,MEDIUM,5.410315690463589,5.410315690463589,2025-04-27 01:50:04.233846,1.149859800574165,0.915700278065137,1.0529269391216858
475,FCU_007,FCU,2024-11-12 07:41:11.356872,Fan motor failure,2,MEDIUM,3.680347187621247,3.680347187621247,2024-11-12 11:22:00.606747,1.1509995272868965,1.0555787000923125,1.2149705848203682
475,FCU_047,FCU,2025-02-04 16:52:10.215657,Fan motor failure,2,MEDIUM,3.9324103390144143,3.9324103390144143,2025-02-04 20:48:06.892877,1.043681662610592,0.9162029289709712,0.9562241961971174
475,FCU_008,FCU,2025-04-06 16:26:39.473791,Coil fouling,1,LOW,2.1734966562317033,2.1734966562317033,2025-04-06 18:37:04.061753,0.8,1.1049159126570924,0.883932730125674
475,FCU_049,FCU,2025-05-10 09:02:57.399202,Thermostat failure,1,LOW,2.15500564531274,2.15500564531274,2025-05-10 11:12:15.419525,1.1392843328026054,0.9085758411350784,1.0351262209681438
476,HP_002,HeatPump,2023-02-10 10:49:48.749329,Heat exchanger fouling,2,MEDIUM,3.423929733025785,3.423929733025785,2023-02-10 14:15:14.896368,1.0422810870965658,1.106609341119814,1.153397987053574
476,FCU_036,FCU,2024-07-23 16:02:51.294541,Filter blockage,1,LOW,0.9766547462852441,0.9766547462852441,2024-07-23 17:01:27.251628,0.9953263997683953,0.9576055616859593,0.9531300961110779
476,HP_002,HeatPump,2025-01-19 11:05:21.484667,Heat exchanger fouling,2,MEDIUM,4.076067672925077,4.076067672925077,2025-01-19 15:09:55.328290,1.0480391814567216,1.1481537923914358,1.203310160764351
476,FCU_031,FCU,2025-05-13 22:41:09.194943,Thermostat failure,1,LOW,2.0034974012772175,2.0034974012772175,2025-05-14 00:41:21.785588,1.1083154811748335,0.9727185788239426,1.078079059736958
477,FCU_025,FCU,2024-11-04 14:21:02.504324,Fan motor failure,2,MEDIUM,2.7530511922939813,2.7530511922939813,2024-11-04 17:06:13.488616,1.104333490358864,0.9375790418749446,1.035399935801077
477,FCU_022,FCU,2025-01-05 03:20:35.338898,Filter blockage,1,LOW,1.1948494284121183,1.1948494284121183,2025-01-05 04:32:16.796840,1.2028100893236433,1.0185546958557583,1.225127864703281
477,FCU_018,FCU,2025-04-06 12:43:18.600261,Valve actuator,2,MEDIUM,1.9780020882024223,1.9780020882024223,2025-04-06 14:41:59.407779,0.905508761023701,1.1170153700661627,1.011467203793042
478,FCU_035,FCU,2024-09-17 06:29:09.513246,Filter blockage,1,LOW,1.6813200469293414,1.6813200469293414,2024-09-17 08:10:02.265415,0.9668489375663608,1.0088012733782605,0.9753584393813631
478,FCU_033,FCU,2024-11-30 00:12:39.818580,Filter blockage,1,LOW,1.3186449592035754,1.3186449592035754,2024-11-30 01:31:46.940433,0.943638821623469,1.1242010300521745,1.0608397352663241
478,FCU_003,FCU,2025-03-20 05:34:03.027869,Filter blockage,1,LOW,0.9973633826018594,0.9973633826018594,2025-03-20 06:33:53.536046,1.0355699098667264,0.9296064665207311,0.9626724847463994
479,HP_001,HeatPump,2023-05-28 21:53:06.990227,Compressor degradation,4,CRITICAL,10.979302852401167,10.979302852401167,2023-05-29 08:51:52.480496,1.0977587948140508,1.0774515280146304,1.182781890863898
479,CHWP_001,CHW_Pump,2024-07-05 06:18:16.674179,Bearing wear,3,HIGH,6.741965802814303,6.741965802814303,2024-07-05 13:02:47.751069,1.0177903886892397,1.0960453742088976,1.115544447437117
479,CHWP_002,CHW_Pump,2024-10-20 12:02:21.922148,Seal leakage,2,MEDIUM,3.8128125072258308,3.8128125072258308,2024-10-20 15:51:08.047174,1.038356222449495,1.0505792848386926,1.0908755375887969
479,FCU_022,FCU,2024-11-02 09:54:23.846257,Fan motor failure,2,MEDIUM,3.936460052941767,3.936460052941767,2024-11-02 13:50:35.102448,0.9983555372827521,1.1421975570780138,1.1403192557796673
479,FCU_038,FCU,2024-11-15 06:16:26.754366,Valve actuator,2,MEDIUM,4.840403896704656,4.840403896704656,2024-11-15 11:06:52.208394,0.9324892135968701,1.0707865833512988,0.998496939039332
479,FCU_007,FCU,2025-05-28 11:23:15.701288,Fan motor failure,2,MEDIUM,4.6581286856411905,4.6581286856411905,2025-05-28 16:02:44.964556,1.0690424899894824,0.9113993019109384,0.9743245790895456
480,HP_001,HeatPump,2023-05-28 05:51:42.730421,Refrigerant leak,3,HIGH,5.55797337185443,5.55797337185443,2023-05-28 11:25:11.434560,0.9984516473665486,1.0148780266200115,1.0133066375548623
480,FCU_008,FCU,2024-04-01 19:48:57.619299,Fan motor failure,2,MEDIUM,4.6120508199875365,4.6120508199875365,2024-04-02 00:25:41.002251,0.908381311804615,1.084253122171089,0.9849152734460233
480,FCU_030,FCU,2025-04-13 11:33:04.521688,Fan motor failure,2,MEDIUM,3.6139050782098048,3.6139050782098048,2025-04-13 15:09:54.579970,0.9621547768096531,1.0521644468148714,1.0123450484922147
481,FCU_013,FCU,2023-09-03 16:45:08.847437,Valve actuator,2,MEDIUM,2.112924183812795,2.112924183812795,2023-09-03 18:51:55.374499,0.9679699409989775,0.9594667960813261,0.9287350179933193
481,CHWP_002,CHW_Pump,2024-10-21 17:09:39.712442,Seal leakage,2,MEDIUM,6.249597062490141,6.249597062490141,2024-10-21 23:24:38.261867,1.1236849432903613,1.0267194994396003,1.1537092425028954
481,FCU_040,FCU,2024-10-22 18:37:58.912496,Coil fouling,1,LOW,1.4494397446969483,1.4494397446969483,2024-10-22 20:04:56.895577,0.9392951873207852,1.0722729711319758,1.0071808412784242
481,FCU_045,FCU,2024-12-26 17:53:01.815625,Coil fouling,1,LOW,1.2888770039124682,1.2888770039124682,2024-12-26 19:10:21.772839,1.1308063776583306,1.1428470105684028,1.2923386882385073
481,FCU_003,FCU,2025-02-15 10:49:30.495738,Filter blockage,1,LOW,1.1375915201148636,1.1375915201148636,2025-02-15 11:57:45.825210,0.9166884786072491,1.0958596884030691,1.0045619505292236
481,FCU_047,FCU,2025-03-30 00:45:05.814743,Fan motor failure,2,MEDIUM,4.126282544948042,4.126282544948042,2025-03-30 04:52:40.431905,1.1233671131690983,0.9205500709938396,1.034115675779958
482,HP_002,HeatPump,2024-07-06 20:59:35.220973,Sensor malfunction,1,LOW,2.5520583533204766,2.5520583533204766,2024-07-06 23:32:42.631045,1.1498027508427007,1.0245236896651164,1.1780001566804643
482,FCU_041,FCU,2024-11-10 17:54:10.261329,Coil fouling,1,LOW,1.8959333628416526,1.8959333628416526,2024-11-10 19:47:55.621435,1.0667440581634975,1.1415863390924108,1.217780444107449
483,FCU_001,FCU,2024-01-27 04:05:36.461153,Filter blockage,1,LOW,0.8239024246025355,0.8239024246025355,2024-01-27 04:55:02.509882,0.8293078172245263,1.0877856443995872,0.9021091383651965
483,FCU_029,FCU,2024-08-19 22:56:56.424868,Filter blockage,1,LOW,0.8625134646314709,0.8625134646314709,2024-08-19 23:48:41.473341,1.0293835943263672,0.9595918647299024,0.9877881228020081
483,FCU_040,FCU,2025-01-16 09:16:42.090492,Coil fouling,1,LOW,1.5195859893251664,1.5195859893251664,2025-01-16 10:47:52.600054,0.9394129967552626,1.0708091244860158,1.005932008586287
483,HWP_001,HW_Pump,2025-02-04 17:58:57.535506,Impeller damage,4,CRITICAL,12.62060046777252,12.62060046777252,2025-02-05 06:36:11.697190,1.1209677085807173,1.1118779736583184,1.2463793043531364
485,FCU_040,FCU,2024-03-31 23:08:28.201042,Valve actuator,2,MEDIUM,2.9860603192720423,2.9860603192720423,2024-04-01 02:07:38.018191,0.9103088127231675,0.9782428609250411,0.8905030972835889
485,FCU_002,FCU,2024-04-11 13:04:41.112844,Coil fouling,1,LOW,1.6846793458875386,1.6846793458875386,2024-04-11 14:45:45.958489,1.0995247626581193,0.9060651272354678,0.9962410439763764
485,FCU_048,FCU,2025-04-30 00:30:16.130426,Fan motor failure,2,MEDIUM,4.793473282579961,4.793473282579961,2025-04-30 05:17:52.634243,0.9501915846639891,1.0042971652518768,0.954274714924233
486,FCU_032,FCU,2025-02-22 20:12:58.095948,Filter blockage,1,LOW,1.2602086020791166,1.2602086020791166,2025-02-22 21:28:34.846915,0.8331102389975955,1.08533475944923,0.9042035008371458
486,FCU_012,FCU,2025-05-16 13:56:54.180126,Filter blockage,1,LOW,0.7559878713433745,0.7559878713433745,2025-05-16 14:42:15.736463,1.0104158978801652,0.9506497869282527,0.9605516580286982
488,FCU_019,FCU,2024-12-06 02:53:29.835490,Fan motor failure,2,MEDIUM,4.533878123064232,4.533878123064232,2024-12-06 07:25:31.796733,1.1617476736493308,0.9925029286066953,1.1530379683989762
489,FCU_024,FCU,2024-04-01 10:48:58.249319,Fan motor failure,2,MEDIUM,3.866829907144837,3.866829907144837,2024-04-01 14:40:58.836985,1.0051064437130213,0.9990233804643179,1.0041248371246512
489,FCU_002,FCU,2024-04-12 21:33:01.514814,Fan motor failure,2,MEDIUM,5.019186879261515,5.019186879261515,2024-04-13 02:34:10.587579,0.8732491147122,1.0536108163836633,0.9200647126582323
489,FCU_026,FCU,2024-10-15 01:05:45.049764,Fan motor failure,2,MEDIUM,2.359232586811942,2.359232586811942,2024-10-15 03:27:18.287077,1.1403022185308214,0.9877001036537757,1.1262766194395226
489,FCU_030,FCU,2025-01-10 20:13:14.488681,Filter blockage,1,LOW,1.3581164486620219,1.3581164486620219,2025-01-10 21:34:43.707896,0.9644877429450697,0.9190702722647276,0.8864320125045178
489,FCU_036,FCU,2025-02-19 18:17:39.069837,Filter blockage,1,LOW,0.7939471924542003,0.7939471924542003,2025-02-19 19:05:17.279730,0.92416641988973,1.0809546735484004,0.998982010716297
490,FCU_032,FCU,2024-02-11 16:15:13.161779,Valve actuator,2,MEDIUM,2.2421170867153806,2.2421170867153806,2024-02-11 18:29:44.783291,1.0463648311849931,1.0240967829601026,1.0715788574191423
491,HP_001,HeatPump,2023-10-17 17:43:31.823302,Compressor degradation,4,CRITICAL,16.267666941673493,16.267666941673493,2023-10-18 09:59:35.424292,0.8333971828458345,1.1496931390520704,0.9581510232231798
491,FCU_021,FCU,2024-06-15 11:07:27.996368,Fan motor failure,2,MEDIUM,4.5644091460531095,4.5644091460531095,2024-06-15 15:41:19.869294,1.183528431467437,0.9167101333957723,1.0849525062882035
491,FCU_035,FCU,2024-09-13 12:09:50.823448,Thermostat failure,1,LOW,1.579757424485771,1.579757424485771,2024-09-13 13:44:37.950176,1.0780888911023874,1.1415981345077293,1.230744266915992
491,FCU_003,FCU,2025-03-14 13:58:41.706438,Valve actuator,2,MEDIUM,2.477348194176121,2.477348194176121,2025-03-14 16:27:20.159937,0.9668911153022617,1.088843980915982,1.0527935710980083
491,FCU_024,FCU,2025-04-05 23:30:19.606586,Coil fouling,1,LOW,2.33200456051401,2.33200456051401,2025-04-06 01:50:14.823004,0.9013242683368697,1.0414686824686448,0.938700998221815
491,HP_002,HeatPump,2025-05-26 05:29:27.878797,Compressor degradation,4,CRITICAL,8.108686793637228,8.108686793637228,2025-05-26 13:35:59.151254,0.9651675867979918,0.9432510881623675,0.910395376506252
492,FCU_019,FCU,2024-02-28 18:50:05.646987,Fan motor failure,2,MEDIUM,4.746792656810406,4.746792656810406,2024-02-28 23:34:54.100552,1.1594320571514933,0.9202884011353539,1.0670118741010222
492,FCU_022,FCU,2024-12-18 18:15:45.334429,Fan motor failure,2,MEDIUM,5.325188527517581,5.325188527517581,2024-12-18 23:35:16.013128,1.083925470149081,1.1242640657707306,1.2186184560622564
492,FCU_003,FCU,2025-02-10 09:10:19.392374,Valve actuator,2,MEDIUM,4.759923509613298,4.759923509613298,2025-02-10 13:55:55.117009,0.8934717070169321,1.0137999209107877,0.9058015459097923
492,FCU_047,FCU,2025-03-19 15:35:41.344308,Fan motor failure,2,MEDIUM,5.644989181239894,5.644989181239894,2025-03-19 21:14:23.305360,0.9034805831764254,0.9363787261264631,0.8459999975547352
492,FCU_026,FCU,2025-04-22 20:51:18.836466,Valve actuator,2,MEDIUM,2.3912867822746997,2.3912867822746997,2025-04-22 23:14:47.468882,1.0226588800035734,0.9388212690530954,0.960093907533372
493,FCU_010,FCU,2023-12-11 06:22:29.735905,Thermostat failure,1,LOW,2.3825828687530057,2.3825828687530057,2023-12-11 08:45:27.034233,1.0525627721285895,1.0955608089412985,1.153146522094693
493,CHWP_001,CHW_Pump,2024-10-31 13:06:00.241725,Seal leakage,2,MEDIUM,3.218199856947934,3.218199856947934,2024-10-31 16:19:05.761210,0.943961437739287,1.0634460809137294,1.0038520914975342
493,FCU_021,FCU,2024-12-22 04:24:34.823327,Filter blockage,1,LOW,1.3754253353289008,1.3754253353289008,2024-12-22 05:47:06.354534,1.0058807417794715,0.9626967086789535,0.9683580794346416
493,FCU_024,FCU,2024-12-31 06:51:30.614036,Valve actuator,2,MEDIUM,4.387132040119959,4.387132040119959,2024-12-31 11:14:44.289380,1.0230033517404793,1.110712288033286,1.1362623934773883
493,FCU_004,FCU,2025-01-20 09:10:57.854475,Filter blockage,1,LOW,0.7045401573580279,0.7045401573580279,2025-01-20 09:53:14.199041,1.0456122987755723,0.946466853710878,0.9896373826235144
493,FCU_049,FCU,2025-02-24 17:17:01.630406,Coil fouling,1,LOW,1.3289639010160539,1.3289639010160539,2025-02-24 18:36:45.900450,0.92221970954177,0.9480741323167268,0.8743326509291974
493,CHWP_002,CHW_Pump,2025-03-14 05:24:25.835609,Impeller damage,4,CRITICAL,10.342284475271812,10.342284475271812,2025-03-14 15:44:58.059720,0.9996376808818647,1.0469707445365817,1.0465914070197078
493,FCU_020,FCU,2025-04-30 16:24:38.544909,Filter blockage,1,LOW,1.095237087451082,1.095237087451082,2025-04-30 17:30:21.398424,1.0704009291544536,0.9947041352709338,1.0647322306277849
493,FCU_042,FCU,2025-05-21 02:04:42.042208,Fan motor failure,2,MEDIUM,5.857327428949224,5.857327428949224,2025-05-21 07:56:08.420952,1.0203900582816328,1.1261441107536843,1.1491062548054694
494,FCU_037,FCU,2024-12-28 08:20:08.346340,Thermostat failure,1,LOW,1.8728829938506637,1.8728829938506637,2024-12-28 10:12:30.725118,0.9788633734482778,1.1258375270895824,1.1020411197215754
495,FCU_025,FCU,2024-09-18 21:19:36.532689,Coil fouling,1,LOW,2.624223059539614,2.624223059539614,2024-09-18 23:57:03.735703,1.0484812435168762,0.9501596278377495,0.996224548134856
495,CHWP_001,CHW_Pump,2025-05-03 03:50:59.163867,Seal leakage,2,MEDIUM,3.611570572584733,3.611570572584733,2025-05-03 07:27:40.817928,1.0813206120957517,1.0076666190097985,1.089610685256132
495,FCU_007,FCU,2025-05-05 02:53:30.446240,Thermostat failure,1,LOW,1.778631489984911,1.778631489984911,2025-05-05 04:40:13.519604,0.8734727944831581,1.1117119153177615,0.9710501133328291
495,FCU_044,FCU,2025-05-13 12:22:25.848472,Filter blockage,1,LOW,1.3202870519185923,1.3202870519185923,2025-05-13 13:41:38.881859,0.9355258974198949,0.9183065102936614,0.8590995221490095
496,FCU_037,FCU,2024-06-22 04:21:37.472620,Coil fouling,1,LOW,1.9358894700144882,1.9358894700144882,2024-06-22 06:17:46.674712,0.9746774150012267,1.1342569541027494,1.1055346359720328
496,FCU_009,FCU,2024-09-06 00:26:03.306682,Valve actuator,2,MEDIUM,4.925408968586012,4.925408968586012,2024-09-06 05:21:34.778969,1.0502007125856307,1.0605594270618857,1.1138002660398005
496,HP_002,HeatPump,2024-10-06 23:52:46.619488,Heat exchanger fouling,2,MEDIUM,2.6209911800931143,2.6209911800931143,2024-10-07 02:30:02.187736,0.9677080787135103,1.0520134261788217,1.0180418914283247
497,FCU_047,FCU,2023-11-13 04:22:32.342288,Filter blockage,1,LOW,0.7479083565010933,0.7479083565010933,2023-11-13 05:07:24.812371,0.9048520262005232,0.906367805318987,0.8201287451258067
497,FCU_045,FCU,2024-06-16 13:06:48.923790,Fan motor failure,2,MEDIUM,3.266736254915458,3.266736254915458,2024-06-16 16:22:49.174308,0.8913564440707854,1.050573522105293,0.9364354788986946
498,FCU_021,FCU,2023-12-18 16:13:51.524326,Coil fouling,1,LOW,2.6466775530859383,2.6466775530859383,2023-12-18 18:52:39.563517,0.9085921409631219,1.1048362212616911,1.0038455076897654
498,CHWP_001,CHW_Pump,2024-12-18 01:55:20.117608,Bearing wear,3,HIGH,9.67745720354254,9.67745720354254,2024-12-18 11:35:58.963541,0.9836062537222378,0.9825582747961641,0.9664504637360399
498,HP_001,HeatPump,2025-03-06 18:39:16.057055,Compressor degradation,4,CRITICAL,11.68829087125123,11.68829087125123,2025-03-07 06:20:33.904192,0.9018747163452326,1.0307513058634992,0.9296085415981215
498,FCU_008,FCU,2025-05-02 01:08:45.347145,Fan motor failure,2,MEDIUM,5.2148961904442865,5.2148961904442865,2025-05-02 06:21:38.973431,1.1222923187631884,0.9288087980314134,1.042394979630325
499,FCU_050,FCU,2024-05-11 04:59:26.547588,Valve actuator,2,MEDIUM,2.9470541437874527,2.9470541437874527,2024-05-11 07:56:15.942506,1.0086649164220074,0.9832752960832567,0.9917952943436427
499,FCU_025,FCU,2025-05-10 13:19:37.216987,Valve actuator,2,MEDIUM,3.047557171231683,3.047557171231683,2025-05-10 16:22:28.422803,0.8294197951052165,0.9809602349911328,0.8136278371127104
500,CT_001,CoolingTower,2023-06-28 23:53:39.324169,Fan motor failure,4,CRITICAL,10.449413092259684,10.449413092259684,2023-06-29 10:20:37.211301,0.917029494026512,1.0616052166099477,0.973523294643726
500,FCU_028,FCU,2024-05-20 10:31:43.346381,Filter blockage,1,LOW,1.2302951335286612,1.2302951335286612,2024-05-20 11:45:32.408862,0.8796569261861654,0.9482587227803536,0.834142353310185
500,FCU_041,FCU,2024-08-06 22:07:40.904406,Thermostat failure,1,LOW,1.4445856630792335,1.4445856630792335,2024-08-06 23:34:21.412793,0.949409223098872,0.9637747727936923,0.9150166582803513
500,FCU_042,FCU,2024-09-29 21:07:49.947150,Fan motor failure,2,MEDIUM,4.424575283766327,4.424575283766327,2024-09-30 01:33:18.418172,1.0632532276525748,1.0793485089562735,1.1476207859097518
500,HP_001,HeatPump,2024-09-29 22:09:15.779743,Refrigerant leak,3,HIGH,6.099535782678362,6.099535782678362,2024-09-30 04:15:14.108561,1.0658805630948271,0.9305198746602559,0.9918230479738015
500,FCU_030,FCU,2025-04-29 18:36:35.180192,Coil fouling,1,LOW,1.3290923322631583,1.3290923322631583,2025-04-29 19:56:19.912588,1.0374157265575206,0.91448342192123,0.9486994835772204
501,CHWP_001,CHW_Pump,2023-09-08 17:34:50.030384,Seal leakage,2,MEDIUM,5.132769645325699,5.132769645325699,2023-09-08 22:42:48.001107,1.0286720159860214,1.0153163981416444,1.0444275661400313
501,HP_001,HeatPump,2024-02-07 08:10:29.733657,Refrigerant leak,3,HIGH,6.263890078758168,6.263890078758168,2024-02-07 14:26:19.737941,0.9220620761256427,1.1129112483593948,1.0261732562058443
501,FCU_040,FCU,2024-09-25 10:20:26.666166,Filter blockage,1,LOW,1.4242603928164912,1.4242603928164912,2024-09-25 11:45:54.003580,0.9646002980259464,1.0498484559072838,1.0126841334502457
501,HWP_001,HW_Pump,2024-09-25 16:42:47.018745,Seal leakage,2,MEDIUM,3.3949823756375896,3.3949823756375896,2024-09-25 20:06:28.955297,0.9790572032258472,0.9801048885613549,0.9595787510628608
501,FCU_035,FCU,2025-01-25 01:42:41.862290,Valve actuator,2,MEDIUM,1.394416271764005,1.394416271764005,2025-01-25 03:06:21.760868,1.0397554510347076,0.994294679614943,1.0338233130644452
502,FCU_023,FCU,2024-11-12 21:21:10.277885,Valve actuator,2,MEDIUM,3.2430526658446563,3.2430526658446563,2024-11-13 00:35:45.267482,1.0880455475421418,1.022392832366653,1.112409969095536
502,HWP_002,HW_Pump,2025-01-01 15:41:10.691890,Bearing wear,3,HIGH,5.523780567926456,5.523780567926456,2025-01-01 21:12:36.301935,1.0800138475723733,1.1336176867900771,1.2243227995862447
502,FCU_013,FCU,2025-01-14 14:47:53.516716,Thermostat failure,1,LOW,1.8892513359018133,1.8892513359018133,2025-01-14 16:41:14.821525,1.134016681560549,1.017091834890611,1.1533991074449805
502,FCU_048,FCU,2025-05-26 18:39:56.693270,Fan motor failure,2,MEDIUM,2.755523515136716,2.755523515136716,2025-05-26 21:25:16.577924,0.8852786863297437,1.060231857404427,0.9386006659279352
503,FCU_022,FCU,2024-12-22 11:46:07.048607,Filter blockage,1,LOW,1.3238348854405972,1.3238348854405972,2024-12-22 13:05:32.854195,1.0189969673359804,1.0831331459759792,1.1037093909706026
503,FCU_019,FCU,2025-01-05 04:12:56.043226,Valve actuator,2,MEDIUM,2.029651157659573,2.029651157659573,2025-01-05 06:14:42.787394,0.9400135686153486,1.032267895404706,0.970345828126433
503,FCU_012,FCU,2025-04-11 00:59:59.301743,Fan motor failure,2,MEDIUM,6.192429965966771,6.192429965966771,2025-04-11 07:11:32.049620,1.048223659751512,0.9882662182814392,1.0359240321357568
503,FCU_033,FCU,2025-05-08 07:23:08.118634,Valve actuator,2,MEDIUM,3.2012105488157165,3.2012105488157165,2025-05-08 10:35:12.476610,0.9364062128457578,0.9021330305624932,0.8447629746320905
504,FCU_007,FCU,2024-12-03 21:51:41.707405,Filter blockage,1,LOW,0.8254643764527085,0.8254643764527085,2024-12-03 22:41:13.379160,1.058562727945737,1.0587018348956356,1.1207023024282814
504,FCU_050,FCU,2025-01-05 16:29:02.554564,Coil fouling,1,LOW,1.8436896699681162,1.8436896699681162,2025-01-05 18:19:39.837376,0.8902559895223798,1.1260550034384553,1.002477211342729
505,HP_001,HeatPump,2024-07-19 20:47:43.638390,Heat exchanger fouling,2,MEDIUM,4.201809055249752,4.201809055249752,2024-07-20 00:59:50.150989,0.9853178572654755,1.0243036417075957,1.0092646694365515
505,CHWP_003,CHW_Pump,2024-09-13 21:45:01.131483,Impeller damage,4,CRITICAL,14.219793709596772,14.219793709596772,2024-09-14 11:58:12.388838,1.0034621244923922,1.0807730203480361,1.0845147910924997
505,FCU_017,FCU,2024-11-09 18:57:59.895409,Fan motor failure,2,MEDIUM,3.2768197827170793,3.2768197827170793,2024-11-09 22:14:36.446627,0.9622706879127793,1.01503003263745,0.9767336477581697
506,FCU_046,FCU,2024-05-28 04:37:15.310321,Fan motor failure,2,MEDIUM,4.898208570669862,4.898208570669862,2024-05-28 09:31:08.861175,0.949479775948846,0.9585475234111431,0.9101214877647335
506,FCU_006,FCU,2024-10-30 13:10:52.616023,Filter blockage,1,LOW,1.3086184442263473,1.3086184442263473,2024-10-30 14:29:23.642422,1.0804926183066603,1.0719955881693148,1.1582833198742513
506,FCU_038,FCU,2024-11-11 16:45:45.454236,Coil fouling,1,LOW,2.168953130336709,2.168953130336709,2024-11-11 18:55:53.685505,0.9589120253957039,0.95546458380273,0.916206479248139
506,CHWP_003,CHW_Pump,2024-12-16 16:10:21.222709,Seal leakage,2,MEDIUM,2.7427215300261585,2.7427215300261585,2024-12-16 18:54:55.020217,1.0859616587785546,0.9622788939506431,1.0449979838822332
506,CHWP_002,CHW_Pump,2025-01-31 06:45:33.407573,Bearing wear,3,HIGH,9.439584385839739,9.439584385839739,2025-01-31 16:11:55.911362,1.220441177353714,1.0152134277424172,1.2390082710192554
506,FCU_009,FCU,2025-04-04 20:01:05.565687,Fan motor failure,2,MEDIUM,4.640800992792883,4.640800992792883,2025-04-05 00:39:32.449261,1.0954638349114512,0.9115092807302837,0.9985254522261751
506,FCU_040,FCU,2025-05-19 14:13:58.197360,Valve actuator,2,MEDIUM,4.71842260924735,4.71842260924735,2025-05-19 18:57:04.518753,0.8531357520112122,1.013050368028329,0.8642694875530836
507,FCU_046,FCU,2024-01-13 23:51:37.215461,Coil fouling,1,LOW,2.9149934000382136,2.9149934000382136,2024-01-14 02:46:31.191701,1.0277935313322308,1.0809261174249651,1.1109688713374426
507,FCU_030,FCU,2024-09-04 18:30:50.560572,Valve actuator,2,MEDIUM,2.8053722962355323,2.8053722962355323,2024-09-04 21:19:09.900838,0.9332356827357775,1.0585782589029171,0.9879030041765146
507,FCU_037,FCU,2024-10-08 11:37:35.786733,Valve actuator,2,MEDIUM,2.9124373775307317,2.9124373775307317,2024-10-08 14:32:20.561292,0.8746974190375004,1.097042468841389,0.9595802160700904
507,CHWP_003,CHW_Pump,2024-10-10 23:51:22.883298,Bearing wear,3,HIGH,6.809640730258377,6.809640730258377,2024-10-11 06:39:57.589927,1.0398672650419938,0.971827714248715,1.0105718273078235
507,FCU_042,FCU,2024-12-23 09:24:47.552717,Thermostat failure,1,LOW,1.676770283628899,1.676770283628899,2024-12-23 11:05:23.925738,1.0861462412653873,0.948564490277603,1.0302797557128365
508,HWP_001,HW_Pump,2024-04-10 05:17:41.984948,Seal leakage,2,MEDIUM,3.9536383472867827,3.9536383472867827,2024-04-10 09:14:55.082998,1.0156560988599863,0.9897126386942388,1.0052076776086136
508,FCU_015,FCU,2024-08-30 17:14:52.560892,Coil fouling,1,LOW,2.0647391747497776,2.0647391747497776,2024-08-30 19:18:45.621921,1.3295486913652967,1.0714183617387594,1.4245028807545177
508,FCU_036,FCU,2025-03-28 08:30:55.881447,Valve actuator,2,MEDIUM,1.8060553621265831,1.8060553621265831,2025-03-28 10:19:17.680751,1.0141470213522352,1.0288483689843984,1.043403508828633
508,FCU_026,FCU,2025-05-19 23:54:43.211347,Filter blockage,1,LOW,0.8054200704478028,0.8054200704478028,2025-05-20 00:43:02.723601,0.9305609638155097,1.106866026025834,1.030006315993243
509,FCU_010,FCU,2023-09-23 00:39:13.074528,Filter blockage,1,LOW,0.8938444433534346,0.8938444433534346,2023-09-23 01:32:50.914524,0.9587497017447258,0.9993828010623327,0.9581579624473201
509,CHWP_001,CHW_Pump,2023-11-12 19:42:30.631847,Bearing wear,3,HIGH,4.8128658116790906,4.8128658116790906,2023-11-13 00:31:16.948769,1.052419716016007,0.9006908837073186,0.9479048440494626
509,FCU_038,FCU,2024-07-31 05:54:41.564875,Fan motor failure,2,MEDIUM,4.243420917816,4.243420917816,2024-07-31 10:09:17.880179,1.0028701095777866,1.0712259519903806,1.0743004878551616
509,HP_002,HeatPump,2024-08-25 15:32:35.591079,Control valve failure,3,HIGH,4.352452431978774,4.352452431978774,2024-08-25 19:53:44.419834,1.1355937155278937,0.9122324192928841,1.0359254024498057
509,FCU_043,FCU,2024-09-02 08:09:03.364151,Valve actuator,2,MEDIUM,3.1211374332069903,3.1211374332069903,2024-09-02 11:16:19.458911,1.0031931358141022,1.1460011642999064,1.1496605016606352
509,FCU_021,FCU,2025-01-17 20:53:50.192343,Filter blockage,1,LOW,0.9511634080248985,0.9511634080248985,2025-01-17 21:50:54.380612,1.0089801425116882,1.1369189897298275,1.147128684281846
509,CHWP_003,CHW_Pump,2025-03-07 12:22:46.099765,Impeller damage,4,CRITICAL,10.701721564025911,10.701721564025911,2025-03-07 23:04:52.297395,1.0042538805977845,1.015488217751186,1.0198079833779565
510,FCU_034,FCU,2024-03-24 03:31:00.927976,Fan motor failure,2,MEDIUM,6.973344741217284,6.973344741217284,2024-03-24 10:29:24.969044,0.9122215057310197,1.0231839663212914,0.9333704183974454
510,FCU_012,FCU,2024-05-19 12:59:57.081146,Thermostat failure,1,LOW,1.6973384950640027,1.6973384950640027,2024-05-19 14:41:47.499728,1.067569533992071,1.0150689093139056,1.083656642486086
510,FCU_003,FCU,2025-03-13 10:47:22.322238,Filter blockage,1,LOW,1.1583078424247124,1.1583078424247124,2025-03-13 11:56:52.230471,0.9366108190209377,1.0518150759496327,0.9851413797437553
510,HP_002,HeatPump,2025-03-15 01:57:43.547669,Heat exchanger fouling,2,MEDIUM,5.116331548463641,5.116331548463641,2025-03-15 07:04:42.341243,1.0766991973622084,1.1197198372557273,1.2056014500437842
510,FCU_011,FCU,2025-04-16 01:50:12.876747,Coil fouling,1,LOW,3.699632230484285,3.699632230484285,2025-04-16 05:32:11.552777,0.8587920659630477,1.0942898606022156,0.9397674501489922
511,FCU_023,FCU,2024-05-26 01:29:40.555862,Filter blockage,1,LOW,0.5,0.5,2024-05-26 01:59:40.555862,1.083453509022471,0.9717578558603726,1.0528544588520732
511,FCU_019,FCU,2024-09-27 04:57:07.205232,Coil fouling,1,LOW,1.7899534971770537,1.7899534971770537,2024-09-27 06:44:31.037822,1.0418127103598898,0.9755798976058697,1.016371537297395
511,FCU_009,FCU,2024-10-26 22:01:14.386830,Valve actuator,2,MEDIUM,2.2582128833590454,2.2582128833590454,2024-10-27 00:16:43.953210,0.9887786411764928,1.0514878995538068,1.0396887765343377
511,FCU_020,FCU,2024-12-23 02:25:05.482716,Filter blockage,1,LOW,1.6063201866884014,1.6063201866884014,2024-12-23 04:01:28.235388,1.0257860158444707,0.9847020569646873,1.0100935998076617
511,FCU_034,FCU,2025-02-15 01:38:30.313864,Fan motor failure,2,MEDIUM,5.071662740810047,5.071662740810047,2025-02-15 06:42:48.299731,1.1426218423390617,0.9373224163286124,1.0710050662111001
511,FCU_004,FCU,2025-04-21 20:25:32.017298,Fan motor failure,2,MEDIUM,4.871059416359938,4.871059416359938,2025-04-22 01:17:47.831197,1.0370444958728746,0.9188306629979053,0.9528682817012019
511,FCU_022,FCU,2025-05-17 15:29:25.414453,Thermostat failure,1,LOW,2.9822176349269442,2.9822176349269442,2025-05-17 18:28:21.397939,1.0087067650419403,1.0366715410012854,1.04569759653445
512,HWP_001,HW_Pump,2024-04-02 19:08:51.993817,Seal leakage,2,MEDIUM,3.099037587533522,3.099037587533522,2024-04-02 22:14:48.529132,1.0593018373911147,1.1370248724505785,1.2044525365462957
512,FCU_003,FCU,2024-04-04 08:05:29.224704,Valve actuator,2,MEDIUM,2.5187216536088433,2.5187216536088433,2024-04-04 10:36:36.622657,0.8764465859721293,1.0002313183219937,0.8766493241257135
512,FCU_023,FCU,2024-05-20 18:53:55.816094,Valve actuator,2,MEDIUM,2.8057795058178643,2.8057795058178643,2024-05-20 21:42:16.622315,0.8699657860156091,1.001822169847225,0.8715510114390042
512,FCU_002,FCU,2024-11-10 09:19:02.921535,Fan motor failure,2,MEDIUM,4.208554808915143,4.208554808915143,2024-11-10 13:31:33.718847,0.9012011951815145,1.010634535472799,0.9107850512598012
512,FCU_035,FCU,2025-03-10 08:55:50.810684,Fan motor failure,2,MEDIUM,5.628002851101688,5.628002851101688,2025-03-10 14:33:31.620948,1.078317684644406,1.0181320418563358,1.0978697860368054
513,FCU_022,FCU,2024-01-30 14:50:45.401764,Fan motor failure,2,MEDIUM,3.993793812705204,3.993793812705204,2024-01-30 18:50:23.059490,1.039256938709701,1.0873063961201204,1.129990716671274
513,FCU_027,FCU,2024-08-08 20:13:55.591487,Filter blockage,1,LOW,0.7380598284614099,0.7380598284614099,2024-08-08 20:58:12.606869,0.9943767943751667,0.9209997672079846,0.9158207961365504
513,HP_001,HeatPump,2025-02-11 11:34:00.989298,Compressor degradation,4,CRITICAL,22.070815574748007,22.070815574748007,2025-02-12 09:38:15.925367,1.0280826593170291,1.0325590367507014,1.061556040404491
513,FCU_035,FCU,2025-05-10 00:20:18.323101,Filter blockage,1,LOW,1.333502016452542,1.333502016452542,2025-05-10 01:40:18.930360,0.9433818380513483,0.9804281926883558,0.9249181504957026
514,HWP_002,HW_Pump,2025-03-14 07:36:55.653263,Impeller damage,4,CRITICAL,5.742755594144388,5.742755594144388,2025-03-14 13:21:29.573402,1.0309698676778123,1.0540865190336217,1.0867314390490588
514,FCU_027,FCU,2025-05-10 08:45:50.804543,Valve actuator,2,MEDIUM,3.1546872357165814,3.1546872357165814,2025-05-10 11:55:07.678592,1.0062885403097246,0.9917347763789486,0.9979713404967633
515,FCU_030,FCU,2024-01-12 11:16:32.004022,Fan motor failure,2,MEDIUM,5.863922883222794,5.863922883222794,2024-01-12 17:08:22.126402,0.9632825461595167,1.1356624500862769,1.093963816496864
515,FCU_043,FCU,2025-02-13 21:19:55.826854,Fan motor failure,2,MEDIUM,4.331705481347916,4.331705481347916,2025-02-14 01:39:49.966587,0.9245230897105778,0.9073134557054932,0.838832239404824
516,FCU_045,FCU,2024-09-18 04:58:44.998543,Fan motor failure,2,MEDIUM,7.7410481167306395,7.7410481167306395,2024-09-18 12:43:12.771763,1.0122270187751874,1.1179169111401668,1.131585702201777
516,FCU_032,FCU,2024-12-02 00:07:43.292476,Coil fouling,1,LOW,1.8377430020094834,1.8377430020094834,2024-12-02 01:57:59.167283,1.1448721989065733,1.0863070728608535,1.2436827671939685
516,FCU_042,FCU,2025-05-01 01:47:09.847417,Coil fouling,1,LOW,2.150012126426027,2.150012126426027,2025-05-01 03:56:09.891072,0.8683797327247441,1.1498358482153963,0.9984941465506153
517,FCU_032,FCU,2025-02-21 07:33:55.419393,Filter blockage,1,LOW,1.5587827573832183,1.5587827573832183,2025-02-21 09:07:27.037320,1.0245529058863583,1.0364215295209225,1.0618686897938452
517,FCU_016,FCU,2025-04-26 09:39:14.170509,Filter blockage,1,LOW,0.7249779442687379,0.7249779442687379,2025-04-26 10:22:44.091108,1.0158851308322736,1.0889413738193199,1.1062393500111156
518,HP_002,HeatPump,2024-08-24 22:44:11.483880,Sensor malfunction,1,LOW,2.80995898405489,2.80995898405489,2024-08-25 01:32:47.336223,0.8993891428463263,1.1101117421482414,0.9984224482343488
518,FCU_049,FCU,2024-10-10 00:58:13.388517,Coil fouling,1,LOW,1.870665435758473,1.870665435758473,2024-10-10 02:50:27.784086,1.035060660477136,1.0281543522009513,1.0642021228615586
518,FCU_032,FCU,2025-03-17 18:34:28.261571,Filter blockage,1,LOW,0.752166864737552,0.752166864737552,2025-03-17 19:19:36.062284,0.9241535557239255,1.020078553765768,0.9427092225803541
519,FCU_021,FCU,2023-11-11 00:36:16.587153,Filter blockage,1,LOW,1.100289066555195,1.100289066555195,2023-11-11 01:42:17.627793,0.9819161158900016,0.9158366827655617,0.899274798330744
519,CHWP_001,CHW_Pump,2024-08-01 09:30:07.259805,Bearing wear,3,HIGH,11.096027306934722,11.096027306934722,2024-08-01 20:35:52.958110,1.0051124625194428,0.996640986142272,1.001736275829265
519,FCU_045,FCU,2024-10-04 01:27:36.471798,Thermostat failure,1,LOW,1.6257059981537405,1.6257059981537405,2024-10-04 03:05:09.013391,0.9100047527311691,1.058877199780077,0.9635832843585417
519,FCU_009,FCU,2024-12-29 14:35:13.334874,Filter blockage,1,LOW,0.9083960858820892,0.9083960858820892,2024-12-29 15:29:43.560783,1.162288703980984,0.9323523269075227,1.0836625776949993
520,FCU_048,FCU,2024-08-07 18:15:10.419500,Filter blockage,1,LOW,1.8694656979736088,1.8694656979736088,2024-08-07 20:07:20.496013,1.0902574071999622,1.026436227858837,1.1190797004414852
521,FCU_048,FCU,2023-06-06 07:46:36.678322,Filter blockage,1,LOW,1.1537605642388598,1.1537605642388598,2023-06-06 08:55:50.216353,0.9604934598119734,0.9719437512007959,0.9335456163334803
521,FCU_011,FCU,2024-11-09 03:03:46.873175,Fan motor failure,2,MEDIUM,4.5697425663656706,4.5697425663656706,2024-11-09 07:37:57.946414,0.9024635892835429,1.1161204769149227,1.0072580916695009
521,FCU_015,FCU,2025-04-08 08:06:15.688255,Valve actuator,2,MEDIUM,3.1869899776415256,3.1869899776415256,2025-04-08 11:17:28.852175,1.1044181946128786,1.0624534978088291,1.173392973910165
522,HP_002,HeatPump,2023-09-15 21:58:32.785697,Refrigerant leak,3,HIGH,4.553171638975461,4.553171638975461,2023-09-16 02:31:44.203597,0.9620915994687593,1.1223403223267683,1.0797941958556434
522,FCU_011,FCU,2024-11-21 09:31:52.468418,Filter blockage,1,LOW,0.894104407214543,0.894104407214543,2024-11-21 10:25:31.244284,0.9618128749160028,1.0014616257609839,0.9632186853912259
522,FCU_045,FCU,2025-02-18 15:25:01.914879,Filter blockage,1,LOW,0.9698570905840024,0.9698570905840024,2025-02-18 16:23:13.400405,0.9364699832222834,1.128961203019058,1.057238278849866
522,FCU_025,FCU,2025-03-20 03:38:09.283067,Fan motor failure,2,MEDIUM,4.4873986633325,4.4873986633325,2025-03-20 08:07:23.918255,0.9990203502052795,1.0556474847731967,1.0546133199314414
522,CHWP_001,CHW_Pump,2025-04-02 02:39:32.545858,Impeller damage,4,CRITICAL,16.459131013861594,16.459131013861594,2025-04-02 19:07:05.417508,1.0629033754130008,1.0986727128834795,1.1677829349980091
522,FCU_046,FCU,2025-05-11 00:17:16.988686,Coil fouling,1,LOW,2.011925452523826,2.011925452523826,2025-05-11 02:17:59.920315,0.95588730941882,1.10764135189656,1.058780311665427
522,FCU_026,FCU,2025-05-22 23:23:45.176561,Filter blockage,1,LOW,0.8910098445775375,0.8910098445775375,2025-05-23 00:17:12.812001,0.9288361479397482,1.092567828606918,1.0148164932861448
523,FCU_032,FCU,2024-02-02 01:22:16.724683,Fan motor failure,2,MEDIUM,3.658287025798508,3.658287025798508,2024-02-02 05:01:46.557976,1.122191560367696,1.1013400137630964,1.2359144685401888
523,FCU_002,FCU,2024-08-07 19:40:43.309294,Valve actuator,2,MEDIUM,5.929813833517088,5.929813833517088,2024-08-08 01:36:30.639095,0.9505651062543042,0.9060283471697075,0.8612389320967846
523,FCU_013,FCU,2024-12-25 11:08:24.542536,Filter blockage,1,LOW,1.0782729587635584,1.0782729587635584,2024-12-25 12:13:06.325188,0.8761835729475497,0.9808091317118046,0.8593688494028329
524,FCU_042,FCU,2024-05-31 03:42:59.822021,Filter blockage,1,LOW,1.036648812440472,1.036648812440472,2024-05-31 04:45:11.757746,1.02556480611684,0.9405489564895004,0.9645939082055508
524,FCU_001,FCU,2024-06-12 01:54:34.023057,Coil fouling,1,LOW,2.6579533765646106,2.6579533765646106,2024-06-12 04:34:02.655213,0.9442100628200563,0.9736732064699798,0.9193520394472252
524,HP_001,HeatPump,2024-07-02 23:46:21.512277,Compressor degradation,4,CRITICAL,11.152090184247877,11.152090184247877,2024-07-03 10:55:29.036940,0.8,1.1383947541081234,0.9107158032864988
524,CHWP_001,CHW_Pump,2025-03-21 01:30:23.368704,Bearing wear,3,HIGH,15.034083122874462,15.034083122874462,2025-03-21 16:32:26.067946,0.8978331392034941,1.1283007199581006,1.0130257773655438
524,FCU_036,FCU,2025-04-23 07:34:33.874816,Thermostat failure,1,LOW,1.5850640347138538,1.5850640347138538,2025-04-23 09:09:40.105341,1.3151785235865052,1.0157595384975302,1.3359051301600917
524,FCU_005,FCU,2025-04-30 15:28:57.950679,Thermostat failure,1,LOW,2.3828622927946617,2.3828622927946617,2025-04-30 17:51:56.254933,1.0621476277616158,0.9341919080417804,0.9922497190006746
524,FCU_017,FCU,2025-05-14 07:34:21.729777,Valve actuator,2,MEDIUM,3.982942367544684,3.982942367544684,2025-05-14 11:33:20.322300,1.1080441714131015,1.000095208091151,1.1081496661835726
524,HWP_002,HW_Pump,2025-05-17 14:11:46.735900,Impeller damage,4,CRITICAL,8.27053362311438,8.27053362311438,2025-05-17 22:28:00.656943,1.077508509709118,1.01470853901243,1.0933570856603998
525,FCU_003,FCU,2024-11-11 04:19:00.828603,Filter blockage,1,LOW,0.8926986973167753,0.8926986973167753,2024-11-11 05:12:34.543913,0.8919648169182854,1.0606499566562393,0.9460624444032699
525,FCU_022,FCU,2025-02-23 09:33:33.331324,Fan motor failure,2,MEDIUM,3.4186307806656764,3.4186307806656764,2025-02-23 12:58:40.402134,1.0164152914284863,0.961945072000012,0.9777356806950884
525,FCU_007,FCU,2025-02-23 14:54:12.843205,Fan motor failure,2,MEDIUM,3.7980553506794674,3.7980553506794674,2025-02-23 18:42:05.842467,0.9515684033884445,1.1334770479258516,1.07858094477225
526,HP_001,HeatPump,2025-01-18 11:16:06.192330,Refrigerant leak,3,HIGH,6.555726454795603,6.555726454795603,2025-01-18 17:49:26.807567,0.9926891219393412,0.9039670420221757,0.8973582492070972
527,FCU_019,FCU,2023-12-14 05:22:52.377385,Filter blockage,1,LOW,0.9505790811114625,0.9505790811114625,2023-12-14 06:19:54.462077,0.9989916420630707,1.0795819978713408,1.0784933927952212
527,CHWP_002,CHW_Pump,2024-07-23 12:05:44.328007,Seal leakage,2,MEDIUM,5.798625947986271,5.798625947986271,2024-07-23 17:53:39.381420,0.9739621963730314,0.9129794412221985,0.8892074618161954
527,FCU_019,FCU,2024-09-12 08:09:49.204690,Fan motor failure,2,MEDIUM,3.8599533327011035,3.8599533327011035,2024-09-12 12:01:25.036688,0.975017172418355,0.9852581774816309,0.9606436423102015
527,FCU_032,FCU,2024-09-29 07:44:12.145626,Coil fouling,1,LOW,2.084056424370582,2.084056424370582,2024-09-29 09:49:14.748754,0.875666247866408,1.0648499842574963,0.9324531902553654
527,FCU_028,FCU,2024-11-11 11:42:54.596951,Coil fouling,1,LOW,1.7541038282918988,1.7541038282918988,2024-11-11 13:28:09.370733,1.0783394896226304,0.9386624249917659,1.0121967602935613
527,FCU_011,FCU,2025-05-15 20:03:12.262990,Fan motor failure,2,MEDIUM,3.7244203106353253,3.7244203106353253,2025-05-15 23:46:40.176108,1.052940675216025,1.0939749512876458,1.1518907238782319
528,FCU_009,FCU,2024-04-14 04:45:20.798007,Fan motor failure,2,MEDIUM,8.254666342904668,8.254666342904668,2024-04-14 13:00:37.596841,1.050595897168404,1.1330078769015774,1.1903334269322814
528,FCU_002,FCU,2025-01-28 06:18:55.376502,Filter blockage,1,LOW,0.8614530356638965,0.8614530356638965,2025-01-28 07:10:36.607430,1.2120295595227768,0.9089685582531005,1.101696761279559
528,FCU_004,FCU,2025-02-25 22:06:39.290352,Coil fouling,1,LOW,1.7097325321081238,1.7097325321081238,2025-02-25 23:49:14.327468,1.1605973787355561,1.0341404873576932,1.2002207388716493
528,FCU_050,FCU,2025-04-27 15:13:08.688686,Valve actuator,2,MEDIUM,3.5316955567297192,3.5316955567297192,2025-04-27 18:45:02.792690,1.0221716872273492,0.9701277176724874,0.9916370859993039
529,FCU_043,FCU,2024-11-09 23:22:00.570406,Coil fouling,1,LOW,3.3787205715798585,3.3787205715798585,2024-11-10 02:44:43.964464,1.0200092781209644,1.0635313756843174,1.0848118707707568
529,FCU_005,FCU,2025-01-19 00:01:35.758483,Fan motor failure,2,MEDIUM,4.453781532792609,4.453781532792609,2025-01-19 04:28:49.372001,0.8915811858178582,0.921597477555432,0.821678971885619
529,FCU_050,FCU,2025-03-13 15:16:46.000590,Filter blockage,1,LOW,1.0827394474845866,1.0827394474845866,2025-03-13 16:21:43.862601,1.025185286890688,1.0714387304035107,1.0984232222145178
529,CHWP_002,CHW_Pump,2025-04-18 13:47:55.353700,Bearing wear,3,HIGH,6.859759911265355,6.859759911265355,2025-04-18 20:39:30.489381,0.8859403244361677,1.1236805458630976,0.9955139073645627
530,FCU_016,FCU,2023-10-24 09:33:07.984074,Coil fouling,1,LOW,2.079522411933613,2.079522411933613,2023-10-24 11:37:54.264757,1.0222587945876478,1.057185506856813,1.0807171818949772
530,HP_002,HeatPump,2024-09-07 02:04:02.920793,Control valve failure,3,HIGH,3.5882866756122143,3.5882866756122143,2024-09-07 05:39:20.752825,0.9870872981539442,1.099005548961952,1.0848144179810455
530,FCU_001,FCU,2024-10-24 10:38:57.902886,Valve actuator,2,MEDIUM,4.548483240454903,4.548483240454903,2024-10-24 15:11:52.442552,0.9607638090065419,1.0453712414087273,1.004354855721746
530,FCU_028,FCU,2024-10-24 16:43:41.281629,Coil fouling,1,LOW,1.952659089314179,1.952659089314179,2024-10-24 18:40:50.854351,0.941059924802424,0.9901670205955926,0.9318065019435285
530,FCU_003,FCU,2024-11-29 03:17:21.895327,Fan motor failure,2,MEDIUM,2.62852202009443,2.62852202009443,2024-11-29 05:55:04.574599,1.0098924847273971,1.0710200572301949,1.0816151067890807
530,HWP_001,HW_Pump,2024-12-06 01:39:37.371410,Impeller damage,4,CRITICAL,12.979465973378131,12.979465973378131,2024-12-06 14:38:23.448914,1.162752094198556,1.065738756397705,1.2391899708699963
530,FCU_020,FCU,2025-01-24 08:25:44.500413,Fan motor failure,2,MEDIUM,4.131647473724273,4.131647473724273,2025-01-24 12:33:38.431318,1.160642485946615,1.0089285734170774,1.1710053675933685
531,FCU_010,FCU,2024-10-06 03:12:40.159301,Valve actuator,2,MEDIUM,4.93237018952494,4.93237018952494,2024-10-06 08:08:36.691983,1.0997037885304262,1.0969909837221368,1.2063651407829528
531,FCU_003,FCU,2024-10-16 07:48:37.284497,Filter blockage,1,LOW,1.6198973836207493,1.6198973836207493,2024-10-16 09:25:48.915078,0.924418932582292,0.9940823110968993,0.9189485089231335
531,FCU_008,FCU,2025-05-29 13:39:22.556474,Valve actuator,2,MEDIUM,1.8595922214355909,1.8595922214355909,2025-05-29 15:30:57.088471,1.1393113791792497,1.050146011069827,1.1964433002115524
532,FCU_007,FCU,2024-06-15 23:08:37.188854,Coil fouling,1,LOW,1.8485061308714446,1.8485061308714446,2024-06-16 00:59:31.810925,1.0341693947910668,1.1045121452851625,1.1422526568289395
532,FCU_048,FCU,2024-08-23 23:15:21.332178,Valve actuator,2,MEDIUM,3.674220763436783,3.674220763436783,2024-08-24 02:55:48.526926,0.9764510612289634,0.9437793996808185,0.9215543963843692
532,HWP_002,HW_Pump,2024-11-30 14:44:21.539105,Bearing wear,3,HIGH,8.855938127442277,8.855938127442277,2024-11-30 23:35:42.916364,1.032706708429707,1.0264980159340322,1.0600713872448593
532,FCU_008,FCU,2025-01-29 10:05:40.880892,Coil fouling,1,LOW,1.608355358697227,1.608355358697227,2025-01-29 11:42:10.960183,0.966350579967926,1.0258024553041882,0.9912847976157247
532,CHWP_002,CHW_Pump,2025-02-17 11:58:38.567596,Impeller damage,4,CRITICAL,9.056717005160724,9.056717005160724,2025-02-17 21:02:02.748815,1.1714516956106102,0.9255178328285177,1.0841994345848245
532,FCU_035,FCU,2025-02-27 14:54:49.701382,Fan motor failure,2,MEDIUM,5.6196800424838536,5.6196800424838536,2025-02-27 20:32:00.549535,1.0526464262474327,1.0360177598978866,1.090560392485381
532,FCU_002,FCU,2025-03-26 20:58:19.637851,Filter blockage,1,LOW,1.0635481632662165,1.0635481632662165,2025-03-26 22:02:08.411239,0.9064255819527345,1.0921074148386958,0.9899140990500612
532,FCU_005,FCU,2025-04-09 03:45:41.040797,Coil fouling,1,LOW,1.2157456616840145,1.2157456616840145,2025-04-09 04:58:37.725179,0.9220922220970211,0.9831748263783902,0.9065778603651027
533,FCU_041,FCU,2024-02-04 14:46:35.654208,Thermostat failure,1,LOW,3.6074046051611726,3.6074046051611726,2024-02-04 18:23:02.310787,0.940454488136781,0.987908500624653,0.9290829832809328
533,FCU_031,FCU,2024-11-08 15:18:52.365173,Fan motor failure,2,MEDIUM,3.455658633556627,3.455658633556627,2024-11-08 18:46:12.736254,0.940363947938588,1.05122760496748,0.9885365407892459
533,FCU_012,FCU,2024-11-26 23:38:24.554405,Filter blockage,1,LOW,0.745720478258563,0.745720478258563,2024-11-27 00:23:09.148127,0.9215817577640416,0.9937756569853293,0.915845516787655
533,FCU_014,FCU,2024-12-21 19:31:34.202320,Coil fouling,1,LOW,3.869076100993034,3.869076100993034,2024-12-21 23:23:42.876284,1.130135287065471,1.1253639573465954,1.2718135189890292
533,FCU_005,FCU,2025-01-03 19:00:14.927603,Valve actuator,2,MEDIUM,1.4752983702772202,1.4752983702772202,2025-01-03 20:28:46.001736,1.0073863152332554,1.1138597824933616,1.122087101972503
533,FCU_047,FCU,2025-04-01 14:13:58.918239,Valve actuator,2,MEDIUM,2.849840908981754,2.849840908981754,2025-04-01 17:04:58.345511,0.9992405585328892,1.0355573886699279,1.0347709434473988
534,FCU_008,FCU,2024-10-20 17:54:03.806341,Fan motor failure,2,MEDIUM,3.6307249826561487,3.6307249826561487,2024-10-20 21:31:54.416279,0.9043051770477031,1.0217554960110635,0.9239787847197485
534,FCU_007,FCU,2024-10-26 15:41:18.388383,Coil fouling,1,LOW,2.462975741353736,2.462975741353736,2024-10-26 18:09:05.101052,1.1119030924215363,1.1114302242466336,1.2358027033505934
535,FCU_022,FCU,2024-04-17 18:49:33.405343,Filter blockage,1,LOW,1.3435205264604515,1.3435205264604515,2024-04-17 20:10:10.079238,1.0057983451568249,0.956479159804879,0.9620251561087375
535,FCU_044,FCU,2024-08-10 22:20:34.512840,Fan motor failure,2,MEDIUM,3.267591950114427,3.267591950114427,2024-08-11 01:36:37.843860,0.9883828165611264,0.9000991711900721,0.8896425540051789
535,FCU_007,FCU,2025-01-12 01:20:25.004342,Fan motor failure,2,MEDIUM,4.263026760053822,4.263026760053822,2025-01-12 05:36:11.900678,1.08122414987243,1.0642594614954022,1.1507030314990563
535,FCU_050,FCU,2025-03-25 01:31:46.347373,Fan motor failure,2,MEDIUM,5.271266163430653,5.271266163430653,2025-03-25 06:48:02.905561,1.0316778974427954,1.0110825672175314,1.0431115370880466
535,HWP_002,HW_Pump,2025-04-18 02:46:50.790790,Bearing wear,3,HIGH,6.693170004968163,6.693170004968163,2025-04-18 09:28:26.202808,1.0714051296546379,1.133558083459472,1.2144999453799585
535,CHWP_001,CHW_Pump,2025-05-09 11:50:21.433473,Seal leakage,2,MEDIUM,3.1083260875484524,3.1083260875484524,2025-05-09 14:56:51.407388,0.9971791629279668,0.9813763256960912,0.978608022974952
535,FCU_025,FCU,2025-05-09 12:04:17.506798,Thermostat failure,1,LOW,1.9936034017586026,1.9936034017586026,2025-05-09 14:03:54.479044,0.9685674242660274,1.0394653687153699,1.0067922947903822
535,FCU_035,FCU,2025-05-17 15:23:51.018078,Filter blockage,1,LOW,0.8387416488491012,0.8387416488491012,2025-05-17 16:14:10.488014,0.8034403148936998,1.0468696114768545,0.8410972502976092
536,CHWP_003,CHW_Pump,2024-03-26 08:41:09.464803,Seal leakage,2,MEDIUM,4.714611673760764,4.714611673760764,2024-03-26 13:24:02.066829,0.9341408795849346,0.9703783375409762,0.9064700737606941
536,FCU_014,FCU,2024-11-07 22:24:17.272648,Fan motor failure,2,MEDIUM,5.425189914606573,5.425189914606573,2024-11-08 03:49:47.956341,0.9139727410959334,0.9464787667730183,0.8650557928566343
536,FCU_047,FCU,2024-12-08 21:23:42.462627,Fan motor failure,2,MEDIUM,3.70615998921027,3.70615998921027,2024-12-09 01:06:04.638588,0.9814785614182676,1.011902525738447,0.9931606352572826
536,FCU_018,FCU,2025-01-15 03:02:55.530118,Fan motor failure,2,MEDIUM,3.801155104230605,3.801155104230605,2025-01-15 06:50:59.688493,0.8707182949136356,0.9806975104199727,0.853911264098926
536,HP_002,HeatPump,2025-03-24 03:34:44.849913,Compressor degradation,4,CRITICAL,8.443151737862555,8.443151737862555,2025-03-24 12:01:20.196169,0.804678354109235,1.0897366193411664,0.8768874692640117
536,FCU_043,FCU,2025-04-09 17:53:37.987565,Coil fouling,1,LOW,2.244698428806626,2.244698428806626,2025-04-09 20:08:18.901909,1.1505049009956927,1.0772490626250053,1.2393803261430845
536,FCU_013,FCU,2025-04-11 02:30:57.161294,Filter blockage,1,LOW,0.9454554487819425,0.9454554487819425,2025-04-11 03:27:40.800910,1.054253520704151,1.0483594827405613,1.1052366756428194
536,FCU_002,FCU,2025-04-17 16:18:52.310122,Coil fouling,1,LOW,1.6543578250785476,1.6543578250785476,2025-04-17 17:58:07.998292,1.0528051602462905,0.9293384196771567,0.9784122838512432
537,FCU_019,FCU,2024-08-27 23:41:05.206148,Fan motor failure,2,MEDIUM,4.15667368344426,4.15667368344426,2024-08-28 03:50:29.231408,0.9982597672173719,0.9038528436066817,0.9022799292575657
537,CT_001,CoolingTower,2024-11-01 22:19:21.208145,Fill media degradation,2,MEDIUM,11.150423710973843,11.150423710973843,2024-11-02 09:28:22.733505,0.9589707712137207,1.138522712895597,1.0918100040298282
537,FCU_027,FCU,2024-12-21 02:11:04.046911,Fan motor failure,2,MEDIUM,4.193597858837642,4.193597858837642,2024-12-21 06:22:40.999203,0.8464067179560656,1.0898226589471236,0.9224332199135875
537,CHWP_001,CHW_Pump,2025-05-27 03:32:48.733129,Bearing wear,3,HIGH,9.68945677706149,9.68945677706149,2025-05-27 13:14:10.777526,1.0049390446108044,1.0463056536139521,1.0514734039136884
538,FCU_036,FCU,2023-12-01 11:11:50.358587,Coil fouling,1,LOW,2.818470625063933,2.818470625063933,2023-12-01 14:00:56.852837,0.846006450527486,1.1373496945341364,0.9622051780813452
538,FCU_029,FCU,2024-11-30 00:10:20.852235,Valve actuator,2,MEDIUM,3.0705343238588347,3.0705343238588347,2024-11-30 03:14:34.775801,1.1955015216434677,0.9137642860736946,1.092406594424559
538,CHWP_002,CHW_Pump,2025-04-13 22:23:28.460838,Bearing wear,3,HIGH,6.5044679912997925,6.5044679912997925,2025-04-14 04:53:44.545607,0.9536769395333722,1.1477727821371653,1.0946044341482757
538,FCU_003,FCU,2025-05-16 09:28:18.728662,Thermostat failure,1,LOW,2.2677161714108114,2.2677161714108114,2025-05-16 11:44:22.506879,0.8898150567112847,0.9642292282543878,0.8579856854218564
539,FCU_004,FCU,2024-05-22 06:36:18.828024,Coil fouling,1,LOW,3.180739305181798,3.180739305181798,2024-05-22 09:47:09.489523,1.077281282262213,1.0532451052859906,1.1346412375588915
539,FCU_046,FCU,2024-09-16 14:51:36.036292,Coil fouling,1,LOW,1.9930218758776241,1.9930218758776241,2024-09-16 16:51:10.915045,1.0819817977557573,1.0988032863789283,1.1888851551762072
539,FCU_026,FCU,2024-12-22 02:00:23.283170,Fan motor failure,2,MEDIUM,2.495706246243423,2.495706246243423,2024-12-22 04:30:07.825656,1.087232555501993,0.9118540074992705,0.9913973628181654
539,FCU_048,FCU,2025-02-20 07:10:28.596497,Valve actuator,2,MEDIUM,3.2664374454351512,3.2664374454351512,2025-02-20 10:26:27.771301,1.0093719145350237,0.9647699982716131,0.9738117402413697
540,FCU_046,FCU,2024-09-13 19:22:54.841661,Fan motor failure,2,MEDIUM,4.853202647948399,4.853202647948399,2024-09-14 00:14:06.371194,0.8131472777718884,1.1053933348894056,0.8988475811325096
540,CHWP_003,CHW_Pump,2024-12-22 09:31:00.407284,Motor overheating,3,HIGH,8.667353013788832,8.667353013788832,2024-12-22 18:11:02.878134,1.0096249235378818,1.1231275032112635,1.133937519552964
540,FCU_021,FCU,2025-05-27 00:20:18.517399,Valve actuator,2,MEDIUM,2.4332072193853787,2.4332072193853787,2025-05-27 02:46:18.063389,1.0013150292438722,0.9548644290237193,0.9561201036718188
541,FCU_050,FCU,2024-04-07 11:49:39.675574,Coil fouling,1,LOW,1.8422158590641864,1.8422158590641864,2024-04-07 13:40:11.652667,1.019269364980096,0.9122859023454372,0.9298650723639276
541,FCU_027,FCU,2024-08-17 21:36:19.338888,Coil fouling,1,LOW,2.4302674967401963,2.4302674967401963,2024-08-18 00:02:08.301876,0.8,1.035122608013793,0.8280980864110344
541,FCU_033,FCU,2024-08-20 01:32:57.010293,Valve actuator,2,MEDIUM,5.122939296307427,5.122939296307427,2024-08-20 06:40:19.591760,1.0200144910715416,1.0774442404781253,1.0990087386092586
541,FCU_032,FCU,2024-12-15 19:07:50.301495,Fan motor failure,2,MEDIUM,4.64550651754219,4.64550651754219,2024-12-15 23:46:34.124958,0.8717911155856469,1.1250584659741814,0.9808159751507082
541,FCU_022,FCU,2025-02-04 13:27:47.627364,Filter blockage,1,LOW,0.8752402275420008,0.8752402275420008,2025-02-04 14:20:18.492183,1.0624171229940091,0.9907279331094364,1.0525663203639286
541,CHWP_002,CHW_Pump,2025-03-24 18:11:12.307235,VFD malfunction,2,MEDIUM,5.198190878320177,5.198190878320177,2025-03-24 23:23:05.794397,0.9607360839821727,1.0839675751554028,1.0414067633184532
541,FCU_016,FCU,2025-05-07 03:33:54.843115,Thermostat failure,1,LOW,2.6489232917287566,2.6489232917287566,2025-05-07 06:12:50.966965,1.0662619493234464,1.103755936503382,1.1768929564334223
542,FCU_013,FCU,2023-12-28 08:38:24.536143,Coil fouling,1,LOW,2.630459094361618,2.630459094361618,2023-12-28 11:16:14.188883,1.0970288347879456,1.1057531628042565,1.213043103754239
542,FCU_010,FCU,2024-02-11 15:44:55.322707,Valve actuator,2,MEDIUM,3.9240140842343427,3.9240140842343427,2024-02-11 19:40:21.773410,1.0358760437885617,1.0480532434500234,1.0856532475047804
542,FCU_014,FCU,2024-04-25 21:12:21.308535,Coil fouling,1,LOW,1.4922329623411192,1.4922329623411192,2024-04-25 22:41:53.347199,1.01821611828307,1.0801604704319194,1.0998368013260038
542,CT_001,CoolingTower,2024-11-28 15:23:21.547011,Drift eliminator damage,2,MEDIUM,2.5430672982255733,2.5430672982255733,2024-11-28 17:55:56.589285,0.922863763493281,0.9027445444180315,0.833110227734652
542,FCU_032,FCU,2025-03-16 08:05:26.563502,Fan motor failure,2,MEDIUM,3.7315432702480043,3.7315432702480043,2025-03-16 11:49:20.119275,0.9752294404384899,1.0929536795667008,1.0658806053490222
542,CHWP_001,CHW_Pump,2025-05-18 21:16:46.829271,Motor overheating,3,HIGH,2.3547630561599378,2.3547630561599378,2025-05-18 23:38:03.976273,0.905974192244546,1.1338349247045785,1.0272251800478862
543,FCU_006,FCU,2024-06-28 08:06:14.231792,Fan motor failure,2,MEDIUM,4.404230741170968,4.404230741170968,2024-06-28 12:30:29.462460,1.013280158471124,1.0818496761595764,1.0962168113009096
543,FCU_043,FCU,2024-08-13 09:28:20.127331,Coil fouling,1,LOW,3.0296200254373002,3.0296200254373002,2024-08-13 12:30:06.759423,1.0563810418178294,1.0668471095685477,1.1269970610663624
543,HP_001,HeatPump,2025-04-27 07:47:15.207140,Heat exchanger fouling,2,MEDIUM,4.858598821045405,4.858598821045405,2025-04-27 12:38:46.162896,1.041885436369964,1.0004120290087108,1.0423147233935017
544,FCU_025,FCU,2025-04-18 16:18:32.783190,Valve actuator,2,MEDIUM,3.3848424161351476,3.3848424161351476,2025-04-18 19:41:38.215888,1.059259650774527,0.9986300757728909,1.0578085453161319
544,HWP_002,HW_Pump,2025-04-23 10:56:18.178744,Motor overheating,3,HIGH,5.617493179872313,5.617493179872313,2025-04-23 16:33:21.154192,0.9911485282280676,1.12832911099075,1.118341737715366
544,FCU_020,FCU,2025-05-10 09:20:22.647552,Filter blockage,1,LOW,1.0585827193663435,1.0585827193663435,2025-05-10 10:23:53.545342,1.099723329284119,1.0252761145845375,1.1275200621663934
545,FCU_033,FCU,2023-10-10 11:23:41.218989,Filter blockage,1,LOW,1.5663873621819477,1.5663873621819477,2023-10-10 12:57:40.213493,0.9477639030757736,1.0962176164940445,1.038955486828817
545,CT_001,CoolingTower,2024-09-04 01:10:01.160337,Control system fault,3,HIGH,2.6337785454537896,2.6337785454537896,2024-09-04 03:48:02.763101,1.0875178457712327,1.012433376317017,1.101039364399178
545,FCU_041,FCU,2024-12-15 04:44:24.881317,Fan motor failure,2,MEDIUM,3.562061662115902,3.562061662115902,2024-12-15 08:18:08.303301,0.98706939612913,0.9895129841155401,0.9767179836928597
546,FCU_026,FCU,2024-02-14 00:02:21.923256,Fan motor failure,2,MEDIUM,2.960408468304571,2.960408468304571,2024-02-14 02:59:59.393742,1.0404514451787297,0.9935681451936519,1.033759412550285
546,HP_002,HeatPump,2024-05-18 23:21:35.686571,Compressor degradation,4,CRITICAL,10.8962783914289,10.8962783914289,2024-05-19 10:15:22.288780,0.8859212846676748,1.1049263551526676,0.9788777760200228
546,FCU_048,FCU,2024-12-30 04:17:52.800798,Fan motor failure,2,MEDIUM,4.312772107166366,4.312772107166366,2024-12-30 08:36:38.780384,0.8,1.1374407426073927,0.9099525940859142
547,CHWP_002,CHW_Pump,2023-08-30 00:20:59.110531,Bearing wear,3,HIGH,9.047135678272106,9.047135678272106,2023-08-30 09:23:48.798973,0.9495143451605685,0.9191347701189527,0.8727316493638071
547,HP_001,HeatPump,2024-05-28 18:25:48.742127,Compressor degradation,4,CRITICAL,15.268647999518347,15.268647999518347,2024-05-29 09:41:55.874925,1.0666743041903974,0.9191706703783414,0.9804557352580385
547,FCU_028,FCU,2024-08-14 07:03:51.975993,Filter blockage,1,LOW,1.2181712291772646,1.2181712291772646,2024-08-14 08:16:57.392418,0.9653775623838561,0.9782687972506707,0.9443987468460392
547,FCU_016,FCU,2025-02-22 12:29:17.376569,Filter blockage,1,LOW,1.0159163579770218,1.0159163579770218,2025-02-22 13:30:14.675458,0.9637882424840167,0.9667287191839999,0.9317217732211719
548,FCU_011,FCU,2023-10-13 21:50:00.632390,Filter blockage,1,LOW,0.9237116886777978,0.9237116886777978,2023-10-13 22:45:25.994469,0.8734346531475079,0.9498909682040546,0.8296676883412589
548,CHWP_002,CHW_Pump,2024-04-18 20:07:50.373105,Bearing wear,3,HIGH,6.148243561709102,6.148243561709102,2024-04-19 02:16:44.049927,1.022475522866322,1.1201808740527825,1.1453575249019725
548,FCU_025,FCU,2024-07-30 07:12:47.986049,Thermostat failure,1,LOW,2.642797207248694,2.642797207248694,2024-07-30 09:51:22.055995,0.8173470648030862,0.9030103145695483,0.7380728301003318
548,HP_002,HeatPump,2024-11-04 22:57:43.807899,Sensor malfunction,1,LOW,1.318705473569825,1.318705473569825,2024-11-05 00:16:51.147604,0.9806734033950806,1.0207352442453534,1.0010079059393997
549,FCU_007,FCU,2023-11-15 18:10:15.884321,Filter blockage,1,LOW,1.6422205353248764,1.6422205353248764,2023-11-15 19:48:47.878248,1.0428501472602307,0.9996426379092913,1.04247747215131
549,HP_001,HeatPump,2024-02-07 06:45:09.213091,Refrigerant leak,3,HIGH,6.226235283500277,6.226235283500277,2024-02-07 12:58:43.660112,1.0052589128619474,1.0914333903839133,1.097173143478562
549,FCU_004,FCU,2024-02-17 14:01:25.880239,Valve actuator,2,MEDIUM,3.4294350047355575,3.4294350047355575,2024-02-17 17:27:11.846256,1.1077682631489183,0.9272755647480373,1.0272064418213656
549,FCU_046,FCU,2024-02-18 00:57:10.480493,Fan motor failure,2,MEDIUM,4.17050027284858,4.17050027284858,2024-02-18 05:07:24.281475,0.9742936032893833,1.0192207083014875,0.9930202164382137
549,FCU_008,FCU,2024-03-31 05:52:52.189169,Valve actuator,2,MEDIUM,2.1106217652611163,2.1106217652611163,2024-03-31 07:59:30.427524,1.070420760802138,0.9608179718436424,1.0284795044132389
549,FCU_029,FCU,2024-04-23 21:08:11.462782,Valve actuator,2,MEDIUM,1.7553648029099196,1.7553648029099196,2024-04-23 22:53:30.776072,1.027701375190046,1.0279486388395565,1.056424229760148
549,HWP_002,HW_Pump,2024-07-30 01:33:57.580086,Seal leakage,2,MEDIUM,3.518118270499911,3.518118270499911,2024-07-30 05:05:02.805860,0.9379770092713684,0.9169854402163855,0.8601112607595545
549,FCU_021,FCU,2025-02-07 13:09:30.590758,Coil fouling,1,LOW,2.946229130427829,2.946229130427829,2025-02-07 16:06:17.015628,0.8575011286437659,1.0089421434198518,0.8651690267187833
549,FCU_009,FCU,2025-03-06 03:36:21.016957,Fan motor failure,2,MEDIUM,2.702780835204333,2.702780835204333,2025-03-06 06:18:31.027964,1.069891750849123,1.0589539814183309,1.1329661292483078
550,HP_001,HeatPump,2024-01-04 00:22:36.924918,Control valve failure,3,HIGH,2.3085194676943073,2.3085194676943073,2024-01-04 02:41:07.595002,1.0819137700465744,0.9570357080938567,1.0354301110130175
550,HWP_002,HW_Pump,2024-04-21 12:17:57.217093,Bearing wear,3,HIGH,6.0635991567723195,6.0635991567723195,2024-04-21 18:21:46.174057,0.8745890403116309,1.1135709826860565,0.9739169770662779
550,FCU_014,FCU,2024-06-24 13:55:10.186665,Coil fouling,1,LOW,2.8389095748449913,2.8389095748449913,2024-06-24 16:45:30.261134,1.04688683314056,1.0390350027369029,1.0877520635374294
550,FCU_043,FCU,2024-09-19 10:38:49.066744,Valve actuator,2,MEDIUM,2.117916062722549,2.117916062722549,2024-09-19 12:45:53.564570,1.1065599659476266,0.989709959490606,1.095173419071952
550,HP_002,HeatPump,2024-10-03 06:15:22.012888,Refrigerant leak,3,HIGH,7.0053665272362435,7.0053665272362435,2024-10-03 13:15:41.332386,0.956388081884401,1.090826614921809,1.0432535739135231
550,FCU_017,FCU,2025-05-15 22:56:42.917531,Fan motor failure,2,MEDIUM,3.1762908245153674,3.1762908245153674,2025-05-16 02:07:17.564499,1.0843003907158044,1.0019688280992214,1.0864351917930424
551,FCU_014,FCU,2025-01-05 17:38:37.915653,Valve actuator,2,MEDIUM,7.076854562825508,7.076854562825508,2025-01-06 00:43:14.592079,0.9162862327089468,1.0992778235992604,1.0072531356862564
551,FCU_001,FCU,2025-01-23 21:08:09.107092,Coil fouling,1,LOW,2.412297365971134,2.412297365971134,2025-01-23 23:32:53.377609,1.165428595350507,0.9476328612798359,1.1043984344293412
551,FCU_025,FCU,2025-05-28 11:23:49.322381,Fan motor failure,2,MEDIUM,5.290684964068479,5.290684964068479,2025-05-28 16:41:15.788252,1.01938386211005,0.9788464518323814,0.9978202764816119
552,CHWP_002,CHW_Pump,2023-05-23 21:07:19.995662,Bearing wear,3,HIGH,13.122946564548755,13.122946564548755,2023-05-24 10:14:42.603294,0.9924246393606174,0.9342489888658715,0.927171715848234
552,FCU_041,FCU,2025-05-02 03:11:13.908838,Coil fouling,1,LOW,1.6567720711877523,1.6567720711877523,2025-05-02 04:50:38.288294,1.056571662072906,1.0472606288218644,1.106505903217834
553,FCU_046,FCU,2024-04-04 10:59:34.312377,Coil fouling,1,LOW,1.7062904057666108,1.7062904057666108,2024-04-04 12:41:56.957838,1.1216003028002492,1.1007546508916928,1.2346067497489053
553,FCU_009,FCU,2024-10-14 20:00:44.302179,Fan motor failure,2,MEDIUM,4.416549597849423,4.416549597849423,2024-10-15 00:25:43.880731,1.1523076961739864,0.971970754711594,1.1200093811102076
553,FCU_003,FCU,2024-12-30 01:42:03.592233,Filter blockage,1,LOW,1.2615421461920053,1.2615421461920053,2024-12-30 02:57:45.143959,1.0437608187897678,0.9654128453753519,1.0076601019591367
553,FCU_015,FCU,2025-04-24 13:43:41.080655,Coil fouling,1,LOW,3.639184734460944,3.639184734460944,2025-04-24 17:22:02.145699,0.9356782093635377,0.9482918934096691,0.8872960607795181
553,FCU_040,FCU,2025-05-19 03:15:04.407786,Fan motor failure,2,MEDIUM,4.597630302510423,4.597630302510423,2025-05-19 07:50:55.876875,0.9233142926487653,1.0760382277059786,0.9935214750773766
554,FCU_032,FCU,2023-08-18 15:33:03.829753,Filter blockage,1,LOW,1.4440242853289067,1.4440242853289067,2023-08-18 16:59:42.317180,0.986934423089427,1.1455093729251107,1.1305426321113754
554,FCU_029,FCU,2024-08-08 16:19:32.963388,Thermostat failure,1,LOW,2.374201426618328,2.374201426618328,2024-08-08 18:42:00.088524,1.0059145143309793,0.9887171741529677,0.9945649560487808
554,HP_001,HeatPump,2024-11-11 13:50:44.064132,Compressor degradation,4,CRITICAL,10.711801665614455,10.711801665614455,2024-11-12 00:33:26.550128,1.0289758268161675,0.9906517069636773,1.0193566592597976
554,FCU_038,FCU,2025-05-24 17:39:34.373629,Coil fouling,1,LOW,1.4082180574611411,1.4082180574611411,2025-05-24 19:04:03.958636,1.0785591307690958,1.0068375363716207,1.0859338180546732
555,FCU_010,FCU,2024-07-25 19:58:20.733333,Fan motor failure,2,MEDIUM,2.3512208230051574,2.3512208230051574,2024-07-25 22:19:25.128296,0.9933535165200411,1.0399972268800792,1.0330849024924178
555,FCU_035,FCU,2025-02-04 12:59:59.167832,Coil fouling,1,LOW,1.6654156093319432,1.6654156093319432,2025-02-04 14:39:54.664026,1.050174321406068,1.0614365976255593,1.1146934586269872
555,FCU_031,FCU,2025-03-10 07:02:35.620231,Coil fouling,1,LOW,1.9108168289012775,1.9108168289012775,2025-03-10 08:57:14.560815,1.1785191856554653,1.0213752020629165,1.2037102713838748
555,FCU_042,FCU,2025-05-15 15:46:35.840822,Coil fouling,1,LOW,2.377346926611152,2.377346926611152,2025-05-15 18:09:14.289758,1.2138452892690874,1.0670044451434328,1.2951783193665323
556,CHWP_002,CHW_Pump,2023-03-19 00:40:50.375144,Bearing wear,3,HIGH,7.673288695760619,7.673288695760619,2023-03-19 08:21:14.214449,1.119304982780685,0.9821913463080463,1.0993716679666654
556,FCU_006,FCU,2024-07-15 18:37:21.436871,Fan motor failure,2,MEDIUM,3.5017384596034806,3.5017384596034806,2024-07-15 22:07:27.695326,1.0284161239830938,1.0328425314777134,1.0621919129071966
556,FCU_050,FCU,2024-08-24 11:30:17.876878,Valve actuator,2,MEDIUM,5.482385209760678,5.482385209760678,2024-08-24 16:59:14.463633,0.9895975229837047,0.9050670650469621,0.8956521257046053
556,FCU_032,FCU,2024-12-14 19:18:19.402910,Valve actuator,2,MEDIUM,2.8596801814951807,2.8596801814951807,2024-12-14 22:09:54.251563,0.8195988317477647,0.9138334904080242,0.7489768611503987
556,FCU_044,FCU,2025-01-21 15:14:51.901585,Fan motor failure,2,MEDIUM,5.563554710086694,5.563554710086694,2025-01-21 20:48:40.698541,1.0680780256271252,1.0018992002499363,1.0701065196803476
556,FCU_048,FCU,2025-03-25 21:51:06.612623,Fan motor failure,2,MEDIUM,3.6195668168240376,3.6195668168240376,2025-03-26 01:28:17.053164,1.1065240069349747,0.905854562015426,1.0023498196616356
558,FCU_011,FCU,2025-02-22 06:46:00.384053,Valve actuator,2,MEDIUM,2.972854663064709,2.972854663064709,2025-02-22 09:44:22.660840,0.951695271536747,1.0669445942334819,1.015406125323698
559,HP_001,HeatPump,2023-09-16 01:44:12.529722,Heat exchanger fouling,2,MEDIUM,4.254556523649155,4.254556523649155,2023-09-16 05:59:28.933207,0.9295190263052392,0.9912723217918946,0.9214064833553356
559,FCU_012,FCU,2024-04-09 00:38:15.587223,Coil fouling,1,LOW,2.085328199261997,2.085328199261997,2024-04-09 02:43:22.768740,1.0412064944578392,1.0798121944754069,1.124307469682565
559,FCU_047,FCU,2024-06-22 03:53:13.056591,Fan motor failure,2,MEDIUM,3.4336708943992478,3.4336708943992478,2024-06-22 07:19:14.271811,0.9860127452649953,0.9526255115251795,0.9393008958284126
559,FCU_011,FCU,2025-01-04 18:47:02.866847,Coil fouling,1,LOW,1.5410797913399599,1.5410797913399599,2025-01-04 20:19:30.754096,0.9167500089205594,1.0773309269140992,0.9876431368588949
559,CHWP_002,CHW_Pump,2025-05-23 16:21:07.243977,Motor overheating,3,HIGH,4.985049885588644,4.985049885588644,2025-05-23 21:20:13.423565,1.0018724686761233,0.992227874456756,0.9940857900712526
560,FCU_027,FCU,2024-05-03 23:20:26.677458,Filter blockage,1,LOW,1.7273327753851648,1.7273327753851648,2024-05-04 01:04:05.075449,0.9807370048865353,0.9343694701918567,0.9163707156533804
560,HWP_001,HW_Pump,2024-10-26 15:14:31.820794,Motor overheating,3,HIGH,4.114810806344109,4.114810806344109,2024-10-26 19:21:25.139697,0.9768530156927215,1.1259674169011413,1.0999046667716237
560,FCU_007,FCU,2024-12-18 03:29:11.165794,Valve actuator,2,MEDIUM,2.642121286430401,2.642121286430401,2024-12-18 06:07:42.802425,1.0034032217213027,1.0895094468836628,1.0932172890988618
560,FCU_046,FCU,2025-02-10 15:02:36.153697,Filter blockage,1,LOW,0.5817690623025192,0.5817690623025192,2025-02-10 15:37:30.522321,1.1137147674915735,1.1065589825346058,1.2323910799492406
560,FCU_042,FCU,2025-03-17 00:28:05.236966,Filter blockage,1,LOW,1.253210120706304,1.253210120706304,2025-03-17 01:43:16.793401,0.9939557925071922,0.9425850227904784,0.9368878433331198
560,FCU_050,FCU,2025-03-23 17:56:41.447677,Filter blockage,1,LOW,1.2682987522563236,1.2682987522563236,2025-03-23 19:12:47.323185,1.0117957788863383,1.0331923129311766,1.0453796210015773
560,CHWP_002,CHW_Pump,2025-04-18 06:36:48.982007,Seal leakage,2,MEDIUM,5.804525535729939,5.804525535729939,2025-04-18 12:25:05.273936,0.9139325680181721,0.9910413906286892,0.9057450031495784
560,FCU_039,FCU,2025-05-14 05:56:23.933158,Coil fouling,1,LOW,2.2830348667849303,2.2830348667849303,2025-05-14 08:13:22.858678,1.1573525964965972,0.9287110755080672,1.074846174634409
561,FCU_004,FCU,2024-02-14 16:14:12.364164,Fan motor failure,2,MEDIUM,3.6316577466213036,3.6316577466213036,2024-02-14 19:52:06.332052,1.0706454461504473,1.1093964436464527,1.187770250365576
561,FCU_015,FCU,2024-04-26 06:01:09.070579,Fan motor failure,2,MEDIUM,3.48684354088856,3.48684354088856,2024-04-26 09:30:21.707326,1.2961255400824871,1.0863591262290175,1.408057809207124
561,FCU_019,FCU,2024-09-09 02:51:03.972669,Coil fouling,1,LOW,1.277560307423538,1.277560307423538,2024-09-09 04:07:43.189776,0.9434371417415955,1.0788140146301586,1.0177932104334526
561,FCU_017,FCU,2024-10-27 06:04:16.413057,Filter blockage,1,LOW,0.5066429229623454,0.5066429229623454,2024-10-27 06:34:40.327580,0.875576577653633,0.930031427072512,0.8143137340264743
561,FCU_032,FCU,2025-01-11 22:00:22.176144,Filter blockage,1,LOW,1.3334638673687358,1.3334638673687358,2025-01-11 23:20:22.646067,1.0325986959377444,1.0869697062984998,1.1224035012476639
561,HWP_001,HW_Pump,2025-02-21 20:05:43.720820,Bearing wear,3,HIGH,9.479958337649977,9.479958337649977,2025-02-22 05:34:31.570836,0.904318381828044,0.9178328197905798,0.8300130903816879
561,FCU_022,FCU,2025-04-23 22:08:54.466931,Fan motor failure,2,MEDIUM,3.710301595271628,3.710301595271628,2025-04-24 01:51:31.552674,0.9904594149481712,0.9043295132864546,0.8957016806500663
562,FCU_025,FCU,2024-12-22 05:15:09.318379,Fan motor failure,2,MEDIUM,5.196965116706237,5.196965116706237,2024-12-22 10:26:58.392799,1.0786090446130872,0.9460229674158239,1.0203889290664194
562,FCU_036,FCU,2025-02-26 06:34:39.976425,Fan motor failure,2,MEDIUM,3.267565840692807,3.267565840692807,2025-02-26 09:50:43.213451,1.1787342401351564,0.9294917251710714,1.0956237223814385
562,HP_001,HeatPump,2025-04-13 21:27:59.982735,Heat exchanger fouling,2,MEDIUM,7.013556496475494,7.013556496475494,2025-04-14 04:28:48.786122,0.9596697446640408,1.0046451515353556,0.9641275560519013
563,FCU_010,FCU,2024-08-29 01:06:24.577994,Coil fouling,1,LOW,1.6890689785470638,1.6890689785470638,2024-08-29 02:47:45.226317,1.0090106868343416,0.9888760241421489,0.9977864763136827
563,FCU_039,FCU,2025-03-12 02:24:03.062224,Fan motor failure,2,MEDIUM,4.816278976507291,4.816278976507291,2025-03-12 07:13:01.666539,1.024264495192202,1.030181577757716,1.0551784136983131
563,FCU_036,FCU,2025-04-27 23:09:14.950356,Thermostat failure,1,LOW,1.9756049970733989,1.9756049970733989,2025-04-28 01:07:47.128345,1.1325021358204945,1.080929921655271,1.2241554449468743
563,FCU_045,FCU,2025-05-27 11:08:19.153578,Fan motor failure,2,MEDIUM,3.625439233000307,3.625439233000307,2025-05-27 14:45:50.734817,1.080260732892716,1.1155098406247625,1.2050414779823428
564,CHWP_001,CHW_Pump,2024-06-05 07:42:08.651550,Motor overheating,3,HIGH,6.962248206646247,6.962248206646247,2024-06-05 14:39:52.745094,0.8729359373261372,1.1213010116512976,0.9788239496305713
564,FCU_035,FCU,2024-09-16 22:50:03.171455,Fan motor failure,2,MEDIUM,3.5311076260457517,3.5311076260457517,2024-09-17 02:21:55.158909,1.0068780417389407,0.9437657467978884,0.9502570069961468
564,HP_002,HeatPump,2025-03-12 19:37:14.960044,Refrigerant leak,3,HIGH,10.725318687434008,10.725318687434008,2025-03-13 06:20:46.107319,1.1007201343160802,1.1191459554382872,1.2318664863893294
564,FCU_044,FCU,2025-04-01 23:32:21.996344,Coil fouling,1,LOW,3.338856080911774,3.338856080911774,2025-04-02 02:52:41.878235,1.034270178324091,0.9800999808473939,1.0136881819664723
565,FCU_017,FCU,2024-01-07 17:34:41.094584,Fan motor failure,2,MEDIUM,2.5383389333291735,2.5383389333291735,2024-01-07 20:06:59.114744,1.026310615911098,1.0096159038182153,1.0361795200813124
565,FCU_025,FCU,2025-02-10 20:48:46.357794,Filter blockage,1,LOW,1.2129133653195165,1.2129133653195165,2025-02-10 22:01:32.845909,1.01383540396693,1.1187961433415585,1.1342751399413322
566,FCU_038,FCU,2024-04-21 23:20:38.587938,Fan motor failure,2,MEDIUM,3.96314699845664,3.96314699845664,2024-04-22 03:18:25.917132,0.9196713427614016,1.098764157189981,1.0105019078210096
566,FCU_043,FCU,2024-05-09 08:41:06.970800,Coil fouling,1,LOW,1.8927737598320444,1.8927737598320444,2024-05-09 10:34:40.956335,1.0724899239770094,1.0705237701944479,1.1481259569114248
566,FCU_048,FCU,2025-04-03 21:27:17.762493,Valve actuator,2,MEDIUM,3.35766631745674,3.35766631745674,2025-04-04 00:48:45.361236,0.9990884498534015,0.9137191520356955,0.9128862512087076
566,FCU_038,FCU,2025-04-10 16:31:32.572532,Fan motor failure,2,MEDIUM,5.938488842920923,5.938488842920923,2025-04-10 22:27:51.132367,0.9950016708057972,1.0310325379225431,1.0258790978880719
567,FCU_045,FCU,2024-10-05 04:05:50.905382,Coil fouling,1,LOW,2.2769903041231667,2.2769903041231667,2024-10-05 06:22:28.070477,0.9883484459546583,0.988951881003305,0.9774290547135527
567,FCU_027,FCU,2024-11-29 16:13:33.869175,Fan motor failure,2,MEDIUM,3.5419509065788755,3.5419509065788755,2024-11-29 19:46:04.892439,1.0001336358505022,1.0533688651458424,1.0535096329900286
567,FCU_029,FCU,2025-04-18 00:25:11.471127,Fan motor failure,2,MEDIUM,2.796048993472311,2.796048993472311,2025-04-18 03:12:57.247504,0.9669662223965345,0.9979659433265754,0.9649993582988927
568,HWP_001,HW_Pump,2023-12-31 01:47:32.962048,Bearing wear,3,HIGH,5.784421363354699,5.784421363354699,2023-12-31 07:34:36.878956,1.044313976463575,0.9706729530070697,1.0136873314004538
568,FCU_027,FCU,2024-08-08 15:32:42.411886,Fan motor failure,2,MEDIUM,6.143401062111866,6.143401062111866,2024-08-08 21:41:18.655710,0.970956875734051,1.126898084016697,1.0941694429275404
569,FCU_005,FCU,2024-10-21 00:45:31.218622,Filter blockage,1,LOW,0.5989668951844831,0.5989668951844831,2024-10-21 01:21:27.499445,1.0737154084071385,1.049870762117063,1.1272624141212362
569,HWP_002,HW_Pump,2024-10-31 12:06:47.647844,Bearing wear,3,HIGH,6.8000264887412,6.8000264887412,2024-10-31 18:54:47.743203,0.9100322030613022,1.017294112943127,0.925770402762927
569,FCU_022,FCU,2025-02-11 03:54:00.084263,Valve actuator,2,MEDIUM,1.5072912777746748,1.5072912777746748,2025-02-11 05:24:26.332863,0.8672524104111932,1.0259398114753133,0.8897487744387705
569,FCU_021,FCU,2025-02-17 06:27:19.648745,Coil fouling,1,LOW,1.889118173443374,1.889118173443374,2025-02-17 08:20:40.474169,1.076271749481089,1.1235129482638602,1.2092052463926009
570,FCU_029,FCU,2024-05-25 11:33:50.085430,Fan motor failure,2,MEDIUM,5.096009930360015,5.096009930360015,2024-05-25 16:39:35.721179,1.138869232671936,0.9683185109547725,1.1027881595530935
570,FCU_009,FCU,2024-11-19 04:26:48.890220,Fan motor failure,2,MEDIUM,5.265168944985511,5.265168944985511,2024-11-19 09:42:43.498422,0.9610451061040087,1.0807225046461886,1.0386230741466864
570,FCU_050,FCU,2025-04-27 00:58:45.968105,Fan motor failure,2,MEDIUM,3.6517396529323296,3.6517396529323296,2025-04-27 04:37:52.230856,0.9697557165630383,1.1104188813065379,1.0768350579265489
570,FCU_017,FCU,2025-05-09 12:29:15.664555,Fan motor failure,2,MEDIUM,4.365355760178798,4.365355760178798,2025-05-09 16:51:10.945292,0.8657691586881776,1.0463402091119565,0.9058890825444704
570,FCU_046,FCU,2025-05-16 23:24:19.730536,Thermostat failure,1,LOW,2.313213265752613,2.313213265752613,2025-05-17 01:43:07.298293,0.9455988041734209,1.0512825917906587,0.9940915616455815
570,HWP_001,HW_Pump,2025-05-19 13:40:32.018729,Impeller damage,4,CRITICAL,7.513508892806363,7.513508892806363,2025-05-19 21:11:20.650743,0.9180912207874204,0.951342921421383,0.8734195841152285
571,FCU_006,FCU,2024-06-30 16:41:54.184857,Filter blockage,1,LOW,1.134722061663132,1.134722061663132,2024-06-30 17:49:59.184279,1.0809647930797355,1.001660727937051,1.0827599815105717
571,FCU_050,FCU,2024-11-02 02:16:01.454984,Filter blockage,1,LOW,0.792210644670883,0.792210644670883,2024-11-02 03:03:33.413305,0.9682621461527204,0.9960835650521448,0.9644700104448426
571,FCU_001,FCU,2025-03-11 18:08:36.830684,Fan motor failure,2,MEDIUM,4.689262955764996,4.689262955764996,2025-03-11 22:49:58.177325,1.1365303254650265,0.933754338387985,1.0612401221124772
571,FCU_045,FCU,2025-05-08 16:15:45.742493,Coil fouling,1,LOW,2.7135574743514725,2.7135574743514725,2025-05-08 18:58:34.549401,0.8782304702898762,0.9023520261101676,0.7924730442577552
572,FCU_045,FCU,2023-11-15 10:06:08.131588,Filter blockage,1,LOW,0.930660190178829,0.930660190178829,2023-11-15 11:01:58.508273,1.0713658341478762,0.9914458186358714,1.0622011764952444
572,FCU_026,FCU,2024-03-10 02:48:46.394421,Filter blockage,1,LOW,0.8120371976781431,0.8120371976781431,2024-03-10 03:37:29.728333,1.0264971994895118,0.9047560703417651,0.9287295724269576
572,HP_001,HeatPump,2024-05-30 10:31:15.371658,Heat exchanger fouling,2,MEDIUM,3.9202598048289077,3.9202598048289077,2024-05-30 14:26:28.306955,0.9180145867877106,1.0257146942673239,0.9416210512199003
572,FCU_034,FCU,2024-06-21 18:41:36.955531,Coil fouling,1,LOW,1.8722802345302714,1.8722802345302714,2024-06-21 20:33:57.164375,0.8743907570932359,1.0743319908744073,0.9393859628701564
572,FCU_023,FCU,2024-12-25 01:47:34.066682,Fan motor failure,2,MEDIUM,3.856764594272501,3.856764594272501,2024-12-25 05:38:58.419221,0.9239824935370805,0.9249126890941557,0.8546031327733045
572,FCU_011,FCU,2025-03-19 16:42:59.900402,Fan motor failure,2,MEDIUM,4.292043592415417,4.292043592415417,2025-03-19 21:00:31.257335,1.1628360146910315,0.9123598331340479,1.0609248723257707
572,FCU_017,FCU,2025-03-23 13:19:55.314927,Fan motor failure,2,MEDIUM,3.556392520724808,3.556392520724808,2025-03-23 16:53:18.328002,1.145471092250077,0.9533341809482876,1.0920167455301675
573,HP_002,HeatPump,2024-02-21 06:58:31.668081,Refrigerant leak,3,HIGH,5.914512010932396,5.914512010932396,2024-02-21 12:53:23.911320,1.2044332829193864,0.9672136482402223,1.1649443096344076
573,FCU_024,FCU,2024-04-17 06:18:44.057299,Fan motor failure,2,MEDIUM,3.6367291374429978,3.6367291374429978,2024-04-17 09:56:56.282194,0.9585453811524062,1.1320306174378225,1.0851027196681313
573,FCU_004,FCU,2025-03-04 18:29:44.904066,Coil fouling,1,LOW,1.9601240119979273,1.9601240119979273,2025-03-04 20:27:21.350509,0.9941361793436315,1.0620093105539021,1.0557818784214206
574,CHWP_002,CHW_Pump,2023-06-26 19:57:05.909059,Bearing wear,3,HIGH,6.726608713517834,6.726608713517834,2023-06-27 02:40:41.700428,0.9309717943029802,1.0588936176802901,0.9858000912277936
574,FCU_045,FCU,2024-02-20 17:58:04.593461,Fan motor failure,2,MEDIUM,4.303294580230774,4.303294580230774,2024-02-20 22:16:16.453950,0.9480121789300596,1.025666476265227,0.9723443110197141
574,FCU_016,FCU,2024-03-06 00:37:53.934922,Filter blockage,1,LOW,0.7141802178463236,0.7141802178463236,2024-03-06 01:20:44.983706,1.0800167160942642,1.1367950422457058,1.2277576483984476
574,FCU_042,FCU,2024-05-02 20:51:02.352686,Fan motor failure,2,MEDIUM,5.232422649603803,5.232422649603803,2024-05-03 02:04:59.074225,0.9827734109622224,0.9243418135875019,0.9084185570343959
574,HWP_001,HW_Pump,2024-07-31 19:41:52.911162,Bearing wear,3,HIGH,7.815432146952199,7.815432146952199,2024-08-01 03:30:48.466891,1.0647853044354776,1.0443133894935839,1.1119695503579712
574,FCU_023,FCU,2024-08-26 06:58:38.897399,Filter blockage,1,LOW,1.0957329175420778,1.0957329175420778,2024-08-26 08:04:23.535902,1.0279011764951589,1.1312249451219911,1.1627874519715662
574,FCU_035,FCU,2024-12-20 13:35:33.210723,Coil fouling,1,LOW,2.7134951886958967,2.7134951886958967,2024-12-20 16:18:21.793402,1.0792911108422487,1.1095974441178478,1.197578658049672
575,FCU_003,FCU,2023-12-02 02:39:25.124407,Thermostat failure,1,LOW,1.7698381182773397,1.7698381182773397,2023-12-02 04:25:36.541633,1.1746405586600706,1.0737993618686437,1.261328282314211
575,FCU_028,FCU,2023-12-24 16:18:22.818380,Valve actuator,2,MEDIUM,3.1262833095855957,3.1262833095855957,2023-12-24 19:25:57.438295,1.1174553663937818,0.9394482051034991,1.0497914382419113
575,FCU_019,FCU,2024-09-05 21:25:42.810845,Valve actuator,2,MEDIUM,2.6411052662325876,2.6411052662325876,2024-09-06 00:04:10.789803,1.155654443649742,1.0463711094773256,1.209243422374182
575,FCU_050,FCU,2024-11-17 19:25:32.228842,Coil fouling,1,LOW,1.4197248326166727,1.4197248326166727,2024-11-17 20:50:43.238239,1.1492384187580629,1.063689737137156,1.2224331115566849
576,FCU_036,FCU,2024-03-10 18:43:02.456711,Valve actuator,2,MEDIUM,3.210226570765669,3.210226570765669,2024-03-10 21:55:39.272366,1.0578252600615432,1.0257950159821827,1.0851118795511874
576,FCU_042,FCU,2024-09-29 03:18:59.752799,Coil fouling,1,LOW,2.801146753510983,2.801146753510983,2024-09-29 06:07:03.881112,0.8344166859327982,0.9462966763834889,0.7896057366171324
576,HP_001,HeatPump,2024-11-18 09:01:56.319283,Compressor degradation,4,CRITICAL,11.039591214679263,11.039591214679263,2024-11-18 20:04:18.847656,0.9362366625090062,1.0884586848027977,1.0190549263387136
577,FCU_031,FCU,2025-03-01 22:51:52.705061,Filter blockage,1,LOW,1.4800977718695527,1.4800977718695527,2025-03-02 00:20:41.057040,1.0453759804083478,1.005883891250995,1.051526858993473
577,FCU_018,FCU,2025-03-23 05:14:26.213101,Filter blockage,1,LOW,0.8513994013247513,0.8513994013247513,2025-03-23 06:05:31.250946,0.9375401209159364,1.0120964617732975,0.9488810391495287
577,FCU_033,FCU,2025-04-21 10:46:40.374643,Coil fouling,1,LOW,2.920302808985153,2.920302808985153,2025-04-21 13:41:53.464755,0.8233392842558023,1.0052030066094053,0.8276231239935683
578,HP_001,HeatPump,2023-08-17 17:49:38.280581,Control valve failure,3,HIGH,4.995849888430083,4.995849888430083,2023-08-17 22:49:23.340179,1.0150404939490851,1.0021412466617075,1.0172139460182514
578,FCU_049,FCU,2023-12-07 00:28:29.186463,Filter blockage,1,LOW,0.6926910840038131,0.6926910840038131,2023-12-07 01:10:02.874365,1.0368711032455284,1.0474567089651021,1.0860775934265758
578,FCU_033,FCU,2024-06-23 06:44:33.948493,Filter blockage,1,LOW,1.2461274652505048,1.2461274652505048,2024-06-23 07:59:20.007368,1.0745043517037844,1.0871402233032554,1.1681369008515718
578,FCU_003,FCU,2024-07-26 06:32:03.124366,Fan motor failure,2,MEDIUM,4.5816144720009175,4.5816144720009175,2024-07-26 11:06:56.936465,1.0165921391312058,1.0343110388867234,1.051472471548874
578,FCU_012,FCU,2025-01-25 00:22:25.912329,Filter blockage,1,LOW,0.6694570776035004,0.6694570776035004,2025-01-25 01:02:35.957808,0.9010574473300798,0.9940297184793128,0.8956778807032074
578,FCU_005,FCU,2025-03-17 20:28:20.239160,Fan motor failure,2,MEDIUM,3.287230406731886,3.287230406731886,2025-03-17 23:45:34.268624,1.0459717772852357,1.008816470590201,1.0551935566978512
579,FCU_029,FCU,2024-02-14 03:48:52.510537,Fan motor failure,2,MEDIUM,5.11650524888975,5.11650524888975,2024-02-14 08:55:51.929433,0.9999865301637644,1.016780631261188,1.0167669353925974
579,HP_001,HeatPump,2024-07-13 19:40:19.858371,Refrigerant leak,3,HIGH,5.370713683609521,5.370713683609521,2024-07-14 01:02:34.427632,0.908237008332207,1.0454193124119726,0.9494885087577629
579,FCU_025,FCU,2024-08-28 17:06:04.512951,Valve actuator,2,MEDIUM,2.319568865756977,2.319568865756977,2024-08-28 19:25:14.960868,1.0250958613033996,1.1364221868627389,1.1649416804463522
579,FCU_005,FCU,2024-12-25 22:25:57.908815,Fan motor failure,2,MEDIUM,4.150009674150722,4.150009674150722,2024-12-26 02:34:57.943642,0.9175413466229131,0.9812782206727197,0.9003633400077834
579,FCU_024,FCU,2025-04-09 00:16:19.218535,Valve actuator,2,MEDIUM,6.258060033518304,6.258060033518304,2025-04-09 06:31:48.234656,1.079699757495537,1.0902546108430715,1.1771476389356552
579,FCU_019,FCU,2025-04-21 09:18:13.017850,Filter blockage,1,LOW,1.1695101162844743,1.1695101162844743,2025-04-21 10:28:23.254269,0.943701306181517,1.1035749449182979,1.0414451169885934
579,HP_001,HeatPump,2025-05-07 20:28:25.366940,Sensor malfunction,1,LOW,1.9805250888339399,1.9805250888339399,2025-05-07 22:27:15.257260,0.9533480074453387,1.1011952130974825,1.04982226221483
580,FCU_009,FCU,2023-06-29 00:43:55.426598,Fan motor failure,2,MEDIUM,6.541812102363276,6.541812102363276,2023-06-29 07:16:25.950167,0.9611269594356097,1.1169573228140428,1.0735377954955996
580,FCU_008,FCU,2024-06-16 02:38:45.557865,Valve actuator,2,MEDIUM,4.997289512525199,4.997289512525199,2024-06-16 07:38:35.800110,0.9680623869497519,1.0165735732067098,0.9841066397885259
580,FCU_007,FCU,2024-07-25 18:30:32.152735,Valve actuator,2,MEDIUM,3.5233069132981396,3.5233069132981396,2024-07-25 22:01:56.057623,0.9403782469251903,0.9537314056017439,0.8968682672372655
580,FCU_033,FCU,2025-01-07 22:42:04.342321,Coil fouling,1,LOW,1.6386897755615533,1.6386897755615533,2025-01-08 00:20:23.625513,1.1205334222164114,0.9338571993607745,1.0464182034611622
581,FCU_016,FCU,2024-08-25 07:56:32.710172,Valve actuator,2,MEDIUM,1.797804657601971,1.797804657601971,2024-08-25 09:44:24.806939,1.1611926756476032,1.093695985155236,1.2699917673474497
581,FCU_015,FCU,2024-11-10 22:37:31.589071,Fan motor failure,2,MEDIUM,3.4372978823790272,3.4372978823790272,2024-11-11 02:03:45.861448,1.083283941609974,1.095003726296793,1.1861999527003992
581,FCU_001,FCU,2025-04-22 22:47:05.594422,Fan motor failure,2,MEDIUM,5.445591429859173,5.445591429859173,2025-04-23 04:13:49.723569,1.061118667610713,1.0143519774294985,1.0763478187782813
581,FCU_034,FCU,2025-05-15 09:38:49.213711,Fan motor failure,2,MEDIUM,4.495884907955734,4.495884907955734,2025-05-15 14:08:34.399380,0.9586225819350876,1.1238139702294792,1.077313449756105
581,HP_002,HeatPump,2025-05-25 16:15:31.939789,Compressor degradation,4,CRITICAL,13.579573399013286,13.579573399013286,2025-05-26 05:50:18.404025,0.9855004168313571,1.1129508065915141,1.0968134838087322
582,FCU_009,FCU,2023-07-07 01:05:39.578299,Fan motor failure,2,MEDIUM,3.9952354210934553,3.9952354210934553,2023-07-07 05:05:22.425815,0.8,0.9400318019137563,0.7520254415310051
582,FCU_006,FCU,2024-05-20 07:16:23.002146,Coil fouling,1,LOW,2.325839458470781,2.325839458470781,2024-05-20 09:35:56.024196,0.9603883518618157,1.0116607032981277,0.9715871554838542
582,CHWP_003,CHW_Pump,2024-07-22 19:49:11.598121,Impeller damage,4,CRITICAL,12.058719490828613,12.058719490828613,2024-07-23 07:52:42.988288,1.2464870578050977,0.9347583122203792,1.1651641383584395
582,FCU_030,FCU,2024-08-01 23:47:34.213471,Valve actuator,2,MEDIUM,3.1889799687623657,3.1889799687623657,2024-08-02 02:58:54.541359,1.0822164768918896,0.9257830709374586,1.0018976933960908
582,FCU_007,FCU,2024-09-05 00:10:18.448383,Fan motor failure,2,MEDIUM,4.593207736635086,4.593207736635086,2024-09-05 04:45:53.996235,0.9472324119596943,1.004380870945098,0.9513821149115037
582,FCU_047,FCU,2024-12-24 10:51:39.024191,Valve actuator,2,MEDIUM,1.884892259051242,1.884892259051242,2024-12-24 12:44:44.636324,0.9296871763375981,1.0458555086299122,0.9723184546752656
582,FCU_030,FCU,2025-05-26 02:43:28.678027,Coil fouling,1,LOW,2.3090605912462467,2.3090605912462467,2025-05-26 05:02:01.296155,0.9166929308485594,0.9761547540413604,0.8948341624439293
584,FCU_027,FCU,2023-11-15 22:43:31.381950,Fan motor failure,2,MEDIUM,3.518721840513414,3.518721840513414,2023-11-16 02:14:38.780576,1.002494567719037,0.9949510361556911,0.9974330088925076
584,CHWP_001,CHW_Pump,2025-02-06 15:50:41.103084,Seal leakage,2,MEDIUM,4.161199163287203,4.161199163287203,2025-02-06 20:00:21.420072,0.9791704878256706,0.9047398104477655,0.8858945215514433
584,FCU_010,FCU,2025-03-05 19:01:33.911400,Fan motor failure,2,MEDIUM,4.400902382413119,4.400902382413119,2025-03-05 23:25:37.159977,0.9880640091648778,0.9013193741312516,0.8905612343421029
585,FCU_021,FCU,2024-02-11 05:07:04.283981,Filter blockage,1,LOW,0.9858521370795044,0.9858521370795044,2024-02-11 06:06:13.351674,1.0089013612752988,1.0969603387175937,1.1067247789971932
585,FCU_036,FCU,2024-05-29 12:21:37.717504,Fan motor failure,2,MEDIUM,3.8151155593878285,3.8151155593878285,2024-05-29 16:10:32.133518,0.854320292601415,1.026163902955545,0.8766726458299912
585,FCU_029,FCU,2024-06-23 12:00:35.190572,Fan motor failure,2,MEDIUM,3.314842874506016,3.314842874506016,2024-06-23 15:19:28.624920,1.0728814573228878,0.9668955324962836,1.0373642879836023
585,HWP_002,HW_Pump,2024-09-20 01:15:08.662471,Impeller damage,4,CRITICAL,8.73890295043612,8.73890295043612,2024-09-20 09:59:28.713093,1.1373813277563678,1.0712602169176577,1.2184313678903802
585,HP_001,HeatPump,2025-03-07 19:54:22.130578,Sensor malfunction,1,LOW,2.9283351283674364,2.9283351283674364,2025-03-07 22:50:04.137040,0.8730521470615701,1.0573667840017442,0.9231363410043102
586,FCU_014,FCU,2023-04-30 14:07:47.907327,Coil fouling,1,LOW,2.783325145470881,2.783325145470881,2023-04-30 16:54:47.877851,0.9129540089452999,1.1455298224291297,1.0458160437530715
586,FCU_050,FCU,2024-02-19 08:29:51.627654,Coil fouling,1,LOW,2.0242630752010804,2.0242630752010804,2024-02-19 10:31:18.974725,1.0734248422487833,0.9289881999619867,0.9971990119951767
586,FCU_042,FCU,2024-08-15 04:43:32.044610,Valve actuator,2,MEDIUM,4.610903032775547,4.610903032775547,2024-08-15 09:20:11.295528,1.1069896868642306,1.1157144173473337,1.2350843534892324
586,FCU_034,FCU,2024-12-16 06:11:47.360985,Valve actuator,2,MEDIUM,3.672369915605793,3.672369915605793,2024-12-16 09:52:07.892681,0.8428822639249833,0.9772712329018967,0.8237245892571103
586,FCU_035,FCU,2024-12-17 04:43:57.085859,Fan motor failure,2,MEDIUM,3.585978666155695,3.585978666155695,2024-12-17 08:19:06.609057,0.999256429540294,1.1295914483053555,1.128751517472859
586,FCU_031,FCU,2025-01-27 19:05:06.849672,Filter blockage,1,LOW,0.8699298577500866,0.8699298577500866,2025-01-27 19:57:18.597160,1.1454976443376141,0.9776049414984116,1.1198441575792415
586,FCU_048,FCU,2025-02-24 20:11:15.161160,Fan motor failure,2,MEDIUM,4.045852866405052,4.045852866405052,2025-02-25 00:14:00.231479,1.125426809340051,1.086100872657981,1.2223270397369166
587,FCU_004,FCU,2024-09-07 09:08:54.136761,Valve actuator,2,MEDIUM,2.432808604104987,2.432808604104987,2024-09-07 11:34:52.247736,0.8674229805318406,1.0590324519908476,0.9186290859858445
587,HP_001,HeatPump,2024-12-15 09:11:57.388696,Sensor malfunction,1,LOW,1.8338716796119134,1.8338716796119134,2024-12-15 11:01:59.326743,0.9633370956959361,1.0353846060323992,0.9974243993035324
587,FCU_020,FCU,2025-02-24 18:03:27.731319,Fan motor failure,2,MEDIUM,3.1823383625921093,3.1823383625921093,2025-02-24 21:14:24.149424,0.9819255192056877,0.9570211031646058,0.9397234436157055
587,FCU_010,FCU,2025-05-24 15:02:40.331668,Valve actuator,2,MEDIUM,2.730267507957237,2.730267507957237,2025-05-24 17:46:29.294697,0.9898830213489784,0.9997158967582529,0.9896017923736627
588,HP_002,HeatPump,2024-02-25 21:51:37.310743,Control valve failure,3,HIGH,1.800384068829567,1.800384068829567,2024-02-25 23:39:38.693391,1.0337393173518836,1.13314464671788,1.1713761735590826
588,FCU_034,FCU,2025-03-28 04:08:38.288088,Filter blockage,1,LOW,0.5965204400305725,0.5965204400305725,2025-03-28 04:44:25.761672,0.9882468078009969,1.0794317301572531,1.0667449615670126
588,FCU_041,FCU,2025-04-03 02:12:01.390578,Filter blockage,1,LOW,1.0561117030268896,1.0561117030268896,2025-04-03 03:15:23.392709,1.1172195969234413,0.9381855838711722,1.0481593198519346
588,FCU_038,FCU,2025-05-04 23:15:02.321522,Fan motor failure,2,MEDIUM,7.640968960935884,7.640968960935884,2025-05-05 06:53:29.809781,1.0546390909819625,1.0429938414898972,1.0999820768886903
589,FCU_048,FCU,2023-10-04 05:09:39.020976,Valve actuator,2,MEDIUM,2.235478435588391,2.235478435588391,2023-10-04 07:23:46.743344,0.9782460672339391,1.1303859317354,1.105795592176727
589,CHWP_002,CHW_Pump,2023-11-22 23:46:56.530311,Seal leakage,2,MEDIUM,2.449643596316867,2.449643596316867,2023-11-23 02:13:55.247258,0.9927455550749,0.9729210840661406,0.9658630816453143
589,FCU_037,FCU,2023-12-01 01:19:43.494763,Valve actuator,2,MEDIUM,1.5794867442112213,1.5794867442112213,2023-12-01 02:54:29.647042,1.1439263310699013,1.1499906020973425,1.3155045302220798
589,HP_001,HeatPump,2024-10-03 14:44:55.757573,Heat exchanger fouling,2,MEDIUM,2.8197596673151595,2.8197596673151595,2024-10-03 17:34:06.892375,0.8649728686975207,1.1239267527732426,0.9721661475521608
589,FCU_047,FCU,2024-10-14 22:15:58.394548,Filter blockage,1,LOW,0.8820546070092093,0.8820546070092093,2024-10-14 23:08:53.791133,0.9329340302783415,0.9884474626526073,0.9221562750508974
589,FCU_046,FCU,2024-11-16 08:35:49.192083,Filter blockage,1,LOW,1.4171990898032987,1.4171990898032987,2024-11-16 10:00:51.108806,1.083538200934068,1.0462545489537096,1.1336567716923873
589,FCU_038,FCU,2025-01-16 21:07:40.847865,Coil fouling,1,LOW,1.809527902915926,1.809527902915926,2025-01-16 22:56:15.148315,0.8596358694243377,1.1170150402101773,0.9602261952511373
589,FCU_020,FCU,2025-01-27 06:19:18.199726,Valve actuator,2,MEDIUM,3.312970475230917,3.312970475230917,2025-01-27 09:38:04.893437,0.920349539096557,0.9422344970597105,0.8671850850897808
590,FCU_024,FCU,2024-05-29 01:14:05.846284,Fan motor failure,2,MEDIUM,3.5866110295461007,3.5866110295461007,2024-05-29 04:49:17.645990,1.0404539605886143,0.9545288669706613,0.9931433401357871
590,FCU_046,FCU,2024-06-25 09:59:51.424304,Fan motor failure,2,MEDIUM,3.8401437403763103,3.8401437403763103,2024-06-25 13:50:15.941769,1.0457421855373217,1.0088370593433957,1.0549834712888073
590,FCU_039,FCU,2025-01-13 21:33:51.887155,Fan motor failure,2,MEDIUM,5.4831072403764365,5.4831072403764365,2025-01-14 03:02:51.073220,1.131151173633491,0.9992405764680068,1.130292150813992
590,FCU_008,FCU,2025-05-10 18:31:31.662995,Coil fouling,1,LOW,1.557371383823252,1.557371383823252,2025-05-10 20:04:58.199977,0.8236616353128992,1.0668433518860292,0.8787179398371415
591,CHWP_001,CHW_Pump,2024-07-01 07:18:39.163307,Impeller damage,4,CRITICAL,13.941164537247037,13.941164537247037,2024-07-01 21:15:07.355641,0.9878813640506546,1.0196517676742842,1.0072949791067332
591,FCU_037,FCU,2024-12-31 00:56:45.260934,Fan motor failure,2,MEDIUM,1.675458860880781,1.675458860880781,2024-12-31 02:37:16.912833,1.1841921846976051,0.9526511301789989,1.1281220231013114
592,FCU_027,FCU,2023-08-11 06:30:40.805309,Coil fouling,1,LOW,2.254652314411658,2.254652314411658,2023-08-11 08:45:57.553641,0.9356188864395077,0.9278050737658767,0.8680719499497549
592,FCU_011,FCU,2025-02-15 03:35:50.969056,Valve actuator,2,MEDIUM,3.113930772188493,3.113930772188493,2025-02-15 06:42:41.119836,0.9602386286832827,1.0733586556349768,1.030680443572262
592,FCU_001,FCU,2025-02-16 13:15:18.155115,Valve actuator,2,MEDIUM,5.434679597297156,5.434679597297156,2025-02-16 18:41:23.001665,0.9685766236342539,1.1186290423050942,1.0834779408950872
592,FCU_034,FCU,2025-02-23 20:55:09.119717,Fan motor failure,2,MEDIUM,6.758868830284767,6.758868830284767,2025-02-24 03:40:41.047506,1.117132116413657,1.0142181018743397,1.133015614651923
592,HP_001,HeatPump,2025-03-01 03:36:43.365924,Heat exchanger fouling,2,MEDIUM,2.318647314652874,2.318647314652874,2025-03-01 05:55:50.496257,1.0877375516231063,0.9466735612018097,1.0297323816479833
593,HP_001,HeatPump,2023-08-01 09:58:07.261513,Control valve failure,3,HIGH,4.133077095358737,4.133077095358737,2023-08-01 14:06:06.339056,0.997729084205124,1.0575121741589892,1.0551106530594179
593,FCU_027,FCU,2024-09-29 07:35:42.325331,Thermostat failure,1,LOW,1.1364353538113314,1.1364353538113314,2024-09-29 08:43:53.492605,0.9654703216857805,0.9224211980536352,0.8905702908146262
594,CHWP_003,CHW_Pump,2023-09-06 00:45:20.087200,Bearing wear,3,HIGH,7.079923105135169,7.079923105135169,2023-09-06 07:50:07.810378,1.0743053518470982,0.9708161325250131,1.0429529668311233
594,HWP_001,HW_Pump,2024-05-11 18:42:13.589284,Bearing wear,3,HIGH,5.743840950756589,5.743840950756589,2024-05-12 00:26:51.416707,1.1693128526320635,1.0662963562258159,1.2468340340495838
595,FCU_035,FCU,2023-08-20 17:04:49.118313,Thermostat failure,1,LOW,2.078047574738997,2.078047574738997,2023-08-20 19:09:30.089582,0.82309169804381,0.9006851079566058,0.741346434910775
595,FCU_017,FCU,2024-01-06 22:35:59.744145,Filter blockage,1,LOW,0.8913339119680073,0.8913339119680073,2024-01-06 23:29:28.546228,1.1830500406130766,1.0389611068631477,1.2291429796698539
595,FCU_003,FCU,2024-01-13 06:20:51.252723,Valve actuator,2,MEDIUM,2.6189096380136467,2.6189096380136467,2024-01-13 08:57:59.327420,1.107457444221422,1.0644327436283667,1.1788139658042671
595,FCU_039,FCU,2024-05-14 16:43:22.795204,Coil fouling,1,LOW,1.6778739771227302,1.6778739771227302,2024-05-14 18:24:03.141522,1.007253412408724,1.0535973215076755,1.0612394973932977
595,CT_001,CoolingTower,2024-05-19 14:51:57.304613,Water distribution system,3,HIGH,7.033275522638354,7.033275522638354,2024-05-19 21:53:57.096494,1.0829704818555461,0.9996972875817155,1.082642653242053
595,FCU_034,FCU,2024-11-19 18:30:29.701545,Valve actuator,2,MEDIUM,2.844289558340251,2.844289558340251,2024-11-19 21:21:09.143955,0.9336047664357786,1.0161311569413956,0.9486648914443891
595,FCU_016,FCU,2024-12-15 18:29:28.342936,Filter blockage,1,LOW,1.024011358586489,1.024011358586489,2024-12-15 19:30:54.783827,1.042988513290377,1.0979864983857326,1.145187305564242
595,FCU_008,FCU,2025-03-30 01:36:36.959750,Coil fouling,1,LOW,2.633256026170367,2.633256026170367,2025-03-30 04:14:36.681444,0.8869808795238467,0.9305592531110819,0.8253882647735213
595,FCU_020,FCU,2025-04-29 11:44:23.973115,Coil fouling,1,LOW,1.557737158124842,1.557737158124842,2025-04-29 13:17:51.826884,0.9756167706637912,1.1177725846497715,1.090517679372529
596,FCU_015,FCU,2024-04-19 13:34:29.633413,Coil fouling,1,LOW,1.674444815956365,1.674444815956365,2024-04-19 15:14:57.634750,1.1777128616535075,1.0795216037188327,1.2713664771324902
596,FCU_019,FCU,2024-06-17 10:50:27.627914,Coil fouling,1,LOW,1.8136658597688957,1.8136658597688957,2024-06-17 12:39:16.825009,0.985459997845676,0.9443715621172963,0.9306403975696285
596,FCU_008,FCU,2024-08-24 14:45:35.126494,Fan motor failure,2,MEDIUM,2.4431445723502625,2.4431445723502625,2024-08-24 17:12:10.446954,1.248135007845831,0.9340561600023441,1.1658281925929728
596,HP_001,HeatPump,2024-10-27 16:54:32.944738,Refrigerant leak,3,HIGH,6.33269614061949,6.33269614061949,2024-10-27 23:14:30.650844,1.0558719469912121,0.974160036097398,1.0285882539951892
597,FCU_013,FCU,2024-03-16 18:01:41.206273,Valve actuator,2,MEDIUM,3.1919192690830616,3.1919192690830616,2024-03-16 21:13:12.115642,1.174400965255559,1.0046991074142961,1.1799196015387479
597,HP_001,HeatPump,2024-07-02 16:53:57.856467,Control valve failure,3,HIGH,2.952906302086989,2.952906302086989,2024-07-02 19:51:08.319155,0.8676743843753804,0.9022327179371465,0.7828442180994398
597,CT_001,CoolingTower,2024-09-22 03:04:16.334618,Drift eliminator damage,2,MEDIUM,4.734316728442672,4.734316728442672,2024-09-22 07:48:19.874840,1.04979926664752,1.0094914815463834,1.0597634170143118
597,CHWP_001,CHW_Pump,2025-03-07 10:19:29.259954,Bearing wear,3,HIGH,4.591996152739802,4.591996152739802,2025-03-07 14:55:00.446104,0.9547950223468269,0.9778534759657229,0.9336496314366147
598,FCU_010,FCU,2024-09-22 07:33:46.520060,Fan motor failure,2,MEDIUM,3.300962942573758,3.300962942573758,2024-09-22 10:51:49.986653,0.9944791023322589,0.9504762708646826,0.9452287886376225
598,FCU_008,FCU,2024-12-01 05:52:12.382333,Fan motor failure,2,MEDIUM,5.181296831798451,5.181296831798451,2024-12-01 11:03:05.050927,1.13938486222436,1.0880705383183102,1.2397311003921931
598,FCU_029,FCU,2025-01-01 06:25:03.131463,Valve actuator,2,MEDIUM,3.820389624773314,3.820389624773314,2025-01-01 10:14:16.534112,1.0378798609644522,0.9339726621415383,0.969351416728059
598,FCU_024,FCU,2025-03-24 14:19:25.253441,Coil fouling,1,LOW,2.845020128009532,2.845020128009532,2025-03-24 17:10:07.325902,1.0781701454662993,1.1426070551534266,1.23192481486559
598,FCU_013,FCU,2025-05-14 11:44:00.022640,Fan motor failure,2,MEDIUM,3.909466847141414,3.909466847141414,2025-05-14 15:38:34.103290,0.946257667172541,0.9781137982888839,0.9255476809981126
599,FCU_025,FCU,2023-10-27 07:42:15.646661,Fan motor failure,2,MEDIUM,4.606370731924229,4.606370731924229,2023-10-27 12:18:38.581296,1.1011366364814104,1.0228101526568034,1.1262537312555503
599,FCU_021,FCU,2024-05-13 02:11:20.516702,Thermostat failure,1,LOW,1.3095361877583025,1.3095361877583025,2024-05-13 03:29:54.846978,1.1445796626118283,0.9790024430782066,1.1205462859946094
599,FCU_004,FCU,2024-11-29 09:04:32.374586,Fan motor failure,2,MEDIUM,2.8223169009673903,2.8223169009673903,2024-11-29 11:53:52.715429,0.833559724530149,0.9067617124277537,0.7558400432257646
599,FCU_020,FCU,2024-12-09 22:54:40.387641,Thermostat failure,1,LOW,1.8055801936081137,1.8055801936081137,2024-12-10 00:43:00.476338,0.8791288713099193,1.012903737696237,0.8904729196664916
599,FCU_002,FCU,2024-12-10 08:50:16.511525,Fan motor failure,2,MEDIUM,2.555481102512214,2.555481102512214,2024-12-10 11:23:36.243494,0.9833084784221371,1.1267176734513367,1.1079110410927642
599,FCU_003,FCU,2025-03-07 18:20:52.902772,Filter blockage,1,LOW,1.2941614888907609,1.2941614888907609,2025-03-07 19:38:31.884132,0.9657408507787147,1.0490543046349365,1.0131145966712165
599,FCU_022,FCU,2025-04-18 20:23:15.249416,Coil fouling,1,LOW,2.055446542476795,2.055446542476795,2025-04-18 22:26:34.856969,1.0508619626635585,0.9405675625838175,0.9884066748345097
600,HWP_001,HW_Pump,2024-02-14 03:00:48.823482,Impeller damage,4,CRITICAL,18.355019327102667,18.355019327102667,2024-02-14 21:22:06.893060,1.0608405893241888,1.0554153651001346,1.1196274578946306
600,FCU_019,FCU,2024-05-28 03:38:58.564922,Fan motor failure,2,MEDIUM,6.239209097667446,6.239209097667446,2024-05-28 09:53:19.717674,0.8719002044311785,1.011828343636003,0.8822133396654918
600,HP_001,HeatPump,2024-08-14 07:37:10.447400,Compressor degradation,4,CRITICAL,14.232299611554302,14.232299611554302,2024-08-14 21:51:06.726002,1.1574719724478244,0.9066017783126887,1.049366148568293
600,FCU_007,FCU,2024-08-22 11:50:40.693395,Valve actuator,2,MEDIUM,2.9402618883656317,2.9402618883656317,2024-08-22 14:47:05.636193,0.9367890938212873,1.0032660989240298,0.9398487396726599
600,CHWP_002,CHW_Pump,2024-10-13 11:21:00.055196,Seal leakage,2,MEDIUM,3.7626421683853266,3.7626421683853266,2024-10-13 15:06:45.567002,0.9473561378842581,1.0382153816237383,0.9835597142270959
600,FCU_013,FCU,2024-10-18 20:24:47.040260,Coil fouling,1,LOW,2.0142859891180596,2.0142859891180596,2024-10-18 22:25:38.469821,1.1958153039783066,0.9033109955406531,1.080193112719393
600,FCU_001,FCU,2024-11-16 18:27:32.753036,Fan motor failure,2,MEDIUM,4.075120086339879,4.075120086339879,2024-11-16 22:32:03.185347,1.1004652554545342,1.016157575669582,1.1182461060912867
600,FCU_023,FCU,2025-03-05 00:11:08.368363,Thermostat failure,1,LOW,1.6972379678668332,1.6972379678668332,2025-03-05 01:52:58.425047,0.8,0.9340630063732099,0.747250405098568
600,FCU_012,FCU,2025-04-28 14:48:58.519811,Filter blockage,1,LOW,1.244776319597717,1.244776319597717,2025-04-28 16:03:39.714562,0.9615943269983592,0.9252860453915663,0.8897498120992765
601,FCU_045,FCU,2024-03-03 01:43:29.818977,Filter blockage,1,LOW,1.599674482677104,1.599674482677104,2024-03-03 03:19:28.647115,0.8352589604968574,1.126311541351591,0.9407618072249431
601,FCU_020,FCU,2024-04-14 14:08:53.405830,Filter blockage,1,LOW,1.1795608260852297,1.1795608260852297,2024-04-14 15:19:39.824804,1.1845038140993214,1.0881706282901575,1.2889422596005464
601,HP_002,HeatPump,2024-10-27 13:18:50.646229,Refrigerant leak,3,HIGH,4.780731266114196,4.780731266114196,2024-10-27 18:05:41.278787,0.9452259230339721,0.9064169177936856,0.8567687677751445
601,FCU_013,FCU,2025-04-11 18:42:17.327402,Fan motor failure,2,MEDIUM,6.912981979030822,6.912981979030822,2025-04-12 01:37:04.062527,0.8452951551805448,1.1372468051050633,0.9613092145998632
602,FCU_019,FCU,2024-02-23 15:17:33.954552,Fan motor failure,2,MEDIUM,3.105679860613393,3.105679860613393,2024-02-23 18:23:54.402050,1.022392514345162,0.9195635794957988,0.940154920140947
602,HP_002,HeatPump,2024-04-25 02:34:53.026102,Heat exchanger fouling,2,MEDIUM,4.051163081593623,4.051163081593623,2024-04-25 06:37:57.213196,1.1637059866083934,1.012510792715685,1.1782648709888526
602,FCU_043,FCU,2024-08-17 12:09:53.155836,Filter blockage,1,LOW,0.5411240274582064,0.5411240274582064,2024-08-17 12:42:21.202335,0.9605106084528777,0.9671760286196562,0.9289828357305039
602,FCU_009,FCU,2024-12-12 20:13:18.032520,Thermostat failure,1,LOW,2.1864548068430727,2.1864548068430727,2024-12-12 22:24:29.269825,0.8958129512310654,0.9294574966160697,0.8326200630874794
602,FCU_021,FCU,2025-05-08 10:44:16.121334,Coil fouling,1,LOW,1.7588473369151432,1.7588473369151432,2025-05-08 12:29:47.971747,1.0304627415590457,1.146013516336475,1.1809242299078064
604,CHWP_002,CHW_Pump,2023-12-16 13:59:13.612434,Impeller damage,4,CRITICAL,7.940464934503729,7.940464934503729,2023-12-16 21:55:39.286198,1.1273391294947248,1.0574237949619278,1.192075220519388
604,FCU_046,FCU,2024-01-05 16:42:01.409597,Fan motor failure,2,MEDIUM,4.732616589920348,4.732616589920348,2024-01-05 21:25:58.829321,0.9016887705757033,0.9152704845690287,0.8252891179752757
604,FCU_023,FCU,2024-01-22 15:59:19.259609,Valve actuator,2,MEDIUM,4.336076228164797,4.336076228164797,2024-01-22 20:19:29.134030,0.8510045892286633,0.9996449849175901,0.8507024697642871
604,FCU_011,FCU,2024-07-28 13:17:13.461741,Fan motor failure,2,MEDIUM,4.655424833231191,4.655424833231191,2024-07-28 17:56:32.991141,0.8,1.0209890570430056,0.8167912456344045
604,FCU_012,FCU,2024-10-10 01:37:48.576165,Filter blockage,1,LOW,1.1126997536561576,1.1126997536561576,2024-10-10 02:44:34.295278,0.8988893312407731,0.9121169873074146,0.8198922287341106
604,FCU_033,FCU,2024-11-27 22:32:34.982560,Filter blockage,1,LOW,0.9222997297019385,0.9222997297019385,2024-11-27 23:27:55.261587,0.8451403498156858,0.9403749515361759,0.7947488154991922
604,HP_001,HeatPump,2025-04-03 06:25:27.682415,Heat exchanger fouling,2,MEDIUM,5.011845714892272,5.011845714892272,2025-04-03 11:26:10.326989,0.9335959259587314,0.9133411922677475,0.8526916161114594
605,HP_001,HeatPump,2024-09-12 11:51:38.115467,Control valve failure,3,HIGH,2.5592478100331437,2.5592478100331437,2024-09-12 14:25:11.407583,1.148511834472602,1.083617545444053,1.2445475749846475
605,FCU_022,FCU,2025-03-08 21:10:49.444007,Valve actuator,2,MEDIUM,5.5319886414920605,5.5319886414920605,2025-03-09 02:42:44.603116,1.1403259241233987,1.1492066655767164,1.3104701529325387
605,FCU_045,FCU,2025-05-13 18:35:11.363920,Filter blockage,1,LOW,0.9795102483765661,0.9795102483765661,2025-05-13 19:33:57.600814,1.076347394887924,1.0747576281003868,1.1568125731417755
605,FCU_026,FCU,2025-05-23 07:06:26.279482,Filter blockage,1,LOW,0.916574653240136,0.916574653240136,2025-05-23 08:01:25.948234,0.9032770623892337,1.0549790895422584,0.9529384128837994
606,FCU_043,FCU,2024-08-31 18:55:39.018930,Filter blockage,1,LOW,0.9944100059966969,0.9944100059966969,2024-08-31 19:55:18.894952,1.0500320414256634,0.957310572179317,1.0052067743838182
606,FCU_023,FCU,2024-11-07 13:51:02.085175,Coil fouling,1,LOW,1.7038449221457004,1.7038449221457004,2024-11-07 15:33:15.926895,0.8794183095216179,1.014530110178032,0.8921963544515457
606,FCU_022,FCU,2024-12-21 22:24:03.355147,Fan motor failure,2,MEDIUM,4.013096064218866,4.013096064218866,2024-12-22 02:24:50.500978,0.9646843980645108,0.9786436912562666,0.9440823002191825
606,FCU_004,FCU,2025-04-28 11:44:31.888927,Coil fouling,1,LOW,1.5139392196249817,1.5139392196249817,2025-04-28 13:15:22.070118,1.0939042223014266,1.132819771536683,1.239196331190515
606,FCU_001,FCU,2025-05-18 07:31:18.498155,Fan motor failure,2,MEDIUM,3.5074045020140314,3.5074045020140314,2025-05-18 11:01:45.154362,1.0654276098710724,1.0210987483041927,1.0879067988480797
606,FCU_020,FCU,2025-05-22 10:08:24.648249,Filter blockage,1,LOW,1.0344270660168606,1.0344270660168606,2025-05-22 11:10:28.585687,1.0244849682437929,1.010757739826058,1.035506110987867
607,FCU_032,FCU,2024-10-14 05:51:11.181529,Fan motor failure,2,MEDIUM,4.388075595831338,4.388075595831338,2024-10-14 10:14:28.253674,1.0438282861449621,1.1002796478738648,1.1485030191203587
607,FCU_022,FCU,2025-01-29 00:34:14.257060,Filter blockage,1,LOW,1.0706592845687237,1.0706592845687237,2025-01-29 01:38:28.630484,0.9168349810673729,1.0417932407217356,0.9551524861332296
608,FCU_047,FCU,2024-09-21 14:14:17.671036,Coil fouling,1,LOW,2.0896701311211854,2.0896701311211854,2024-09-21 16:19:40.483508,1.0954597840380935,1.0741103132162553,1.176644651748968
608,FCU_039,FCU,2024-09-25 15:19:29.970464,Filter blockage,1,LOW,1.3287734398046305,1.3287734398046305,2024-09-25 16:39:13.554847,1.082095624184624,1.1058951247430586,1.1966842752915727
608,FCU_018,FCU,2024-11-18 18:49:06.434922,Filter blockage,1,LOW,0.789476414352352,0.789476414352352,2024-11-18 19:36:28.550014,0.8999506055715829,0.9610458241030012,0.8648937713835368
608,FCU_004,FCU,2024-11-29 01:03:02.175637,Valve actuator,2,MEDIUM,2.493763702097473,2.493763702097473,2024-11-29 03:32:39.724965,0.8452192422442213,1.126706667454278,0.9523141556972168
608,FCU_028,FCU,2024-12-22 20:27:22.799089,Thermostat failure,1,LOW,2.8802253250342615,2.8802253250342615,2024-12-22 23:20:11.610259,1.0345553443420026,1.1379741675634414,1.1772972567759
608,FCU_038,FCU,2025-01-20 09:21:12.501545,Fan motor failure,2,MEDIUM,4.764973368722027,4.764973368722027,2025-01-20 14:07:06.405672,0.9847176582238619,0.9178480880875365,0.9038212199068079
608,FCU_032,FCU,2025-04-11 01:42:10.672372,Fan motor failure,2,MEDIUM,3.5108005681365335,3.5108005681365335,2025-04-11 05:12:49.554417,1.0375810873898708,0.9829120894480522,1.01985099457816
608,FCU_044,FCU,2025-04-29 00:46:18.327985,Filter blockage,1,LOW,0.8987424111325175,0.8987424111325175,2025-04-29 01:40:13.800665,1.1712096066140492,0.9466312644287229,1.1087036308201246
609,FCU_036,FCU,2024-11-29 00:37:16.720942,Fan motor failure,2,MEDIUM,3.4954850677830103,3.4954850677830103,2024-11-29 04:07:00.467186,0.9822664046927132,1.109557611096351,1.0898811654510483
609,FCU_007,FCU,2025-05-16 13:15:32.672092,Coil fouling,1,LOW,2.324531526469358,2.324531526469358,2025-05-16 15:35:00.985587,0.9226345392222103,0.9434338307605692,0.8704446377304225
610,CHWP_001,CHW_Pump,2023-12-13 17:55:14.110092,Impeller damage,4,CRITICAL,11.428018999485131,11.428018999485131,2023-12-14 05:20:54.978490,0.8799958334364129,1.0722788648102755,0.943600933314969
610,FCU_042,FCU,2025-01-20 02:21:28.648646,Fan motor failure,2,MEDIUM,3.7139573617511172,3.7139573617511172,2025-01-20 06:04:18.895148,1.0505052198692653,1.0474981591266623,1.100402283966005
611,HP_002,HeatPump,2023-05-17 13:27:29.982551,Compressor degradation,4,CRITICAL,11.568331053799545,11.568331053799545,2023-05-18 01:01:35.974345,0.9193607556786919,0.9410851214401033,0.8651967284051468
611,CT_001,CoolingTower,2024-07-03 10:23:26.112339,Water distribution system,3,HIGH,5.297522792105132,5.297522792105132,2024-07-03 15:41:17.194391,0.917039444018042,0.9818015973405914,0.9003507909612415
611,FCU_028,FCU,2025-01-18 10:26:49.181758,Filter blockage,1,LOW,0.5689047224257957,0.5689047224257957,2025-01-18 11:00:57.238759,1.0304680927580645,0.9292946830576903,0.9576085196606681
611,FCU_049,FCU,2025-05-25 11:15:41.508050,Coil fouling,1,LOW,2.1752967901065006,2.1752967901065006,2025-05-25 13:26:12.576494,0.9321275543721502,1.1097314556603006,1.0344112677744823
612,FCU_001,FCU,2024-08-06 09:56:00.840239,Filter blockage,1,LOW,0.9397807537971188,0.9397807537971188,2024-08-06 10:52:24.050953,1.004181046329136,1.0591926497420083,1.0636211832820601
612,FCU_004,FCU,2024-11-27 03:51:39.349288,Fan motor failure,2,MEDIUM,2.407596842973346,2.407596842973346,2024-11-27 06:16:06.697923,1.0271607519281216,1.1131552085411938,1.1433893410178777
612,FCU_036,FCU,2025-02-19 23:09:09.480403,Fan motor failure,2,MEDIUM,5.830716015120075,5.830716015120075,2025-02-20 04:59:00.058057,0.9011195040217509,1.065484392163163,0.9601287670089861
613,FCU_014,FCU,2024-03-13 12:48:28.186103,Fan motor failure,2,MEDIUM,4.324863585630117,4.324863585630117,2024-03-13 17:07:57.695011,0.810423153304685,1.081053430398471,0.8761107299543756
613,CT_001,CoolingTower,2024-06-23 09:39:15.693635,Fill media degradation,2,MEDIUM,6.869922300892727,6.869922300892727,2024-06-23 16:31:27.413918,1.1368935025065163,1.0171546053889546,1.156396461911282
613,FCU_032,FCU,2025-01-11 09:12:13.526241,Coil fouling,1,LOW,2.4743215537300065,2.4743215537300065,2025-01-11 11:40:41.083834,1.1339465944601128,0.9902297505945397,1.122867653419765
613,FCU_050,FCU,2025-01-11 23:59:42.532522,Filter blockage,1,LOW,1.4985355617505418,1.4985355617505418,2025-01-12 01:29:37.260544,1.0953776330805798,1.073981609923655,1.1764154338502437
613,FCU_035,FCU,2025-05-07 13:12:12.614898,Fan motor failure,2,MEDIUM,4.309292352427402,4.309292352427402,2025-05-07 17:30:46.067367,1.0488569345850556,1.0453637886110854,1.096437058848843
614,FCU_012,FCU,2024-09-08 16:36:13.714500,Valve actuator,2,MEDIUM,2.6000143986895687,2.6000143986895687,2024-09-08 19:12:13.766335,1.046874646220502,1.0174955674771928,1.0651903122336153
614,FCU_010,FCU,2024-10-09 18:28:08.402964,Thermostat failure,1,LOW,2.1413947507880446,2.1413947507880446,2024-10-09 20:36:37.424067,0.8591759189732897,0.954195731306069,0.8198219943252821
614,CHWP_003,CHW_Pump,2025-02-23 03:38:28.134940,Impeller damage,4,CRITICAL,7.936132872997606,7.936132872997606,2025-02-23 11:34:38.213283,1.0018710128012214,0.9763031089314722,0.9781297845461552
614,FCU_033,FCU,2025-03-24 02:04:44.453673,Filter blockage,1,LOW,1.3359197034309638,1.3359197034309638,2025-03-24 03:24:53.764605,0.9468633874175477,1.0558330116089747,0.9997296219193448
614,FCU_016,FCU,2025-05-01 20:42:47.218981,Coil fouling,1,LOW,2.0936682501395913,2.0936682501395913,2025-05-01 22:48:24.424682,1.2344512349845966,1.1122940242367223,1.3730727318850087
614,FCU_030,FCU,2025-05-17 07:47:32.783511,Thermostat failure,1,LOW,2.498305809438203,2.498305809438203,2025-05-17 10:17:26.684425,0.820768498796381,1.1269204389075052,0.9249407969050718
615,FCU_027,FCU,2025-02-04 19:02:44.087801,Fan motor failure,2,MEDIUM,4.663178645744049,4.663178645744049,2025-02-04 23:42:31.530926,0.9279197927324402,1.0881903218201832,1.0097533378768317
615,FCU_048,FCU,2025-02-13 16:05:30.106977,Fan motor failure,2,MEDIUM,3.5223930843982063,3.5223930843982063,2025-02-13 19:36:50.722081,1.0726470214492256,0.9138362477114174,0.9802237291999886
615,CHWP_003,CHW_Pump,2025-04-01 01:43:23.507279,Impeller damage,4,CRITICAL,8.861050178070093,8.861050178070093,2025-04-01 10:35:03.287920,0.9242874164275574,0.9506928214350736,0.8787134117404494
616,HWP_001,HW_Pump,2023-11-25 07:14:06.053481,Impeller damage,4,CRITICAL,12.673441979852054,12.673441979852054,2023-11-25 19:54:30.444608,1.1308771195046474,1.0858766221673857,1.2279930266140895
616,HP_001,HeatPump,2024-02-28 02:08:34.918777,Refrigerant leak,3,HIGH,4.122327859658899,4.122327859658899,2024-02-28 06:15:55.299072,1.0255944785655875,1.0589064694268369,1.086008628361544
616,HP_002,HeatPump,2024-04-11 21:13:58.064424,Refrigerant leak,3,HIGH,11.097373343036677,11.097373343036677,2024-04-12 08:19:48.608459,0.8436913197951666,0.9742936331932385,0.8220030812568313
617,CHWP_001,CHW_Pump,2024-11-15 12:23:09.589675,Impeller damage,4,CRITICAL,20.414201496050726,20.414201496050726,2024-11-16 08:48:00.715061,1.1090965692146513,0.9814515203409221,1.0885245140606201
617,FCU_044,FCU,2025-04-05 07:46:07.430664,Valve actuator,2,MEDIUM,3.0439955747840814,3.0439955747840814,2025-04-05 10:48:45.814733,0.9810858329839749,0.9218195212388391,0.9043840728554955
618,HP_001,HeatPump,2024-02-28 11:16:50.966424,Sensor malfunction,1,LOW,1.6609739065054254,1.6609739065054254,2024-02-28 12:56:30.472487,1.0600303315849378,1.0731755136286014,1.1375985955605623
619,FCU_035,FCU,2024-11-03 20:16:03.276619,Coil fouling,1,LOW,1.91708082059509,1.91708082059509,2024-11-03 22:11:04.767573,1.0731657458290198,1.0486905862567475,1.1254188151440945
619,HWP_002,HW_Pump,2025-01-12 18:50:57.349977,Impeller damage,4,CRITICAL,7.683294466212094,7.683294466212094,2025-01-13 02:31:57.210055,0.8364722224631518,1.0262322105589439,0.858414737929513
619,FCU_036,FCU,2025-04-28 13:48:25.753981,Fan motor failure,2,MEDIUM,5.167448916408983,5.167448916408983,2025-04-28 18:58:28.570080,0.8450824921954818,1.0988138259394908,0.9285883264837973
620,FCU_050,FCU,2024-12-01 08:58:03.583043,Thermostat failure,1,LOW,2.6299250895582946,2.6299250895582946,2024-12-01 11:35:51.313365,1.0421484847938265,0.9024900045630825,0.9405285907969899
620,FCU_048,FCU,2025-02-07 10:53:44.525046,Valve actuator,2,MEDIUM,1.5489756259676277,1.5489756259676277,2025-02-07 12:26:40.837299,0.8820889901985762,0.9326879564591176,0.8227137776833967
621,FCU_046,FCU,2023-10-17 06:51:17.789358,Thermostat failure,1,LOW,2.079232940074508,2.079232940074508,2023-10-17 08:56:03.027942,1.0189477841055041,0.9019306599436226,0.9190202473663692
621,FCU_015,FCU,2024-01-12 01:17:53.188833,Fan motor failure,2,MEDIUM,5.001441071348106,5.001441071348106,2024-01-12 06:17:58.376690,1.13111278172954,0.911543409137217,1.0310584011764259
621,FCU_025,FCU,2024-04-12 16:12:59.548310,Fan motor failure,2,MEDIUM,5.878686931933897,5.878686931933897,2024-04-12 22:05:42.821265,1.0846693734795978,1.1136894805040343,1.2079848710691297
621,CHWP_001,CHW_Pump,2024-09-04 20:21:50.768014,Bearing wear,3,HIGH,5.486469421530315,5.486469421530315,2024-09-05 01:51:02.057932,0.9163479171754237,1.0434556559492831,0.9561684169940412
621,FCU_035,FCU,2025-02-17 13:08:29.824180,Fan motor failure,2,MEDIUM,2.8480305099090395,2.8480305099090395,2025-02-17 15:59:22.734016,1.071225434863035,0.9885314097140457,1.0589399892466977
622,FCU_035,FCU,2024-02-08 09:16:07.713512,Filter blockage,1,LOW,1.6199497359345163,1.6199497359345163,2024-02-08 10:53:19.532561,0.9629264616971775,0.9684223523376401,0.9325195091649412
622,FCU_027,FCU,2024-07-29 05:00:17.422990,Filter blockage,1,LOW,1.043472476564889,1.043472476564889,2024-07-29 06:02:53.923906,1.1328442105231011,0.915655935061437,1.0372955248654656
622,FCU_033,FCU,2025-05-13 21:47:23.629511,Filter blockage,1,LOW,1.346267172866355,1.346267172866355,2025-05-13 23:08:10.191333,1.0545977031031926,0.9046087416627397,0.9539983011645946
623,FCU_041,FCU,2024-04-18 22:21:55.243557,Coil fouling,1,LOW,1.996801258954465,1.996801258954465,2024-04-19 00:21:43.728089,0.9285001396343215,1.0934917356479494,1.0153072292380976
623,FCU_027,FCU,2024-07-26 09:39:39.374653,Filter blockage,1,LOW,0.8850109454149503,0.8850109454149503,2024-07-26 10:32:45.414056,1.0042110852498682,0.9576894700888813,0.9617223820903267
623,HP_001,HeatPump,2025-02-17 00:42:30.688380,Compressor degradation,4,CRITICAL,9.14257036910855,9.14257036910855,2025-02-17 09:51:03.941709,1.0724358099025588,1.0569219990012373,1.1334810000027233
623,FCU_006,FCU,2025-02-21 13:22:47.168441,Filter blockage,1,LOW,1.030916306351411,1.030916306351411,2025-02-21 14:24:38.467144,0.9412824858427571,1.066461569388249,1.0038415970895391
623,FCU_005,FCU,2025-03-12 23:21:48.367750,Valve actuator,2,MEDIUM,4.267527515060636,4.267527515060636,2025-03-13 03:37:51.466804,1.096801445807812,0.9318221345009896,1.0220238643564068
624,FCU_021,FCU,2024-02-28 05:04:22.674188,Fan motor failure,2,MEDIUM,2.202600650442329,2.202600650442329,2024-02-28 07:16:32.036530,1.0547800869664903,1.1200605492386981,1.181417563533729
624,FCU_012,FCU,2024-04-28 09:54:55.282188,Filter blockage,1,LOW,1.4689837390693625,1.4689837390693625,2024-04-28 11:23:03.623649,0.9154151216256889,1.1021497644421152,1.0089245606665034
624,FCU_044,FCU,2024-05-27 12:18:05.612305,Thermostat failure,1,LOW,1.5239757652939936,1.5239757652939936,2024-05-27 13:49:31.925060,1.054801289510345,0.9180783713141338,0.9683902499337056
624,FCU_040,FCU,2024-08-21 19:42:23.344723,Fan motor failure,2,MEDIUM,4.291526750883208,4.291526750883208,2024-08-21 23:59:52.841026,1.0093003436991432,1.0731883701287563,1.0831693908248772
624,HWP_001,HW_Pump,2024-10-17 17:35:12.683083,Impeller damage,4,CRITICAL,8.21753847649949,8.21753847649949,2024-10-18 01:48:15.821598,0.9310447816983439,0.9113316169365644,0.8484905463455024
624,FCU_018,FCU,2024-12-15 23:03:56.643430,Valve actuator,2,MEDIUM,2.4350161478253725,2.4350161478253725,2024-12-16 01:30:02.701562,0.853922524145732,0.9774881540792023,0.8346991518538647
624,HP_001,HeatPump,2025-03-03 07:20:49.837770,Refrigerant leak,3,HIGH,7.273459743684818,7.273459743684818,2025-03-03 14:37:14.292847,0.879717731237412,1.0211271201066048,0.8983036334051747
624,HWP_002,HW_Pump,2025-03-11 08:37:32.438577,Bearing wear,3,HIGH,7.239522605469605,7.239522605469605,2025-03-11 15:51:54.719957,0.985752401821436,0.9879987707869675,0.9739221612998796
624,CT_001,CoolingTower,2025-03-14 08:25:35.988386,Fill media degradation,2,MEDIUM,11.877753465100778,11.877753465100778,2025-03-14 20:18:15.900860,1.115887340138293,1.1141029780675291,1.243213408835926
624,FCU_016,FCU,2025-03-24 16:52:24.504115,Filter blockage,1,LOW,1.0888663741496056,1.0888663741496056,2025-03-24 17:57:44.423062,1.0048424089363446,0.9053870207341818,0.9097712749342354
625,FCU_049,FCU,2024-01-21 08:49:03.134845,Fan motor failure,2,MEDIUM,6.415959562895109,6.415959562895109,2024-01-21 15:14:00.589271,1.128326980255924,0.932233342772606,1.0518640325445003
625,FCU_024,FCU,2024-09-08 16:04:56.187959,Filter blockage,1,LOW,0.7768726747382166,0.7768726747382166,2024-09-08 16:51:32.929588,0.973488463971369,1.1119171490044861,1.082438517447801
625,FCU_010,FCU,2025-04-04 03:44:04.665380,Valve actuator,2,MEDIUM,4.348961136562616,4.348961136562616,2025-04-04 08:05:00.925472,0.8,1.1103202902469238,0.8882562321975391
626,FCU_003,FCU,2024-12-08 19:24:14.833000,Fan motor failure,2,MEDIUM,4.575466308979231,4.575466308979231,2024-12-08 23:58:46.511712,1.0090236839237945,1.1257880978285435,1.135946853788518
627,FCU_050,FCU,2024-02-11 10:18:18.942218,Fan motor failure,2,MEDIUM,5.947382721703725,5.947382721703725,2024-02-11 16:15:09.520016,1.0216264315645898,0.9079537359732545,0.9275895353080936
627,FCU_042,FCU,2024-12-17 21:50:57.432047,Fan motor failure,2,MEDIUM,4.426801436268335,4.426801436268335,2024-12-18 02:16:33.917218,0.9038444290419367,0.9039160407046342,0.8169994777125281
627,CHWP_003,CHW_Pump,2024-12-24 22:03:08.067113,Bearing wear,3,HIGH,7.384036404028981,7.384036404028981,2024-12-25 05:26:10.598168,1.0638304340550309,0.925073142674431,0.9841209629039914
627,FCU_043,FCU,2025-01-09 18:47:40.627128,Coil fouling,1,LOW,2.459749187145116,2.459749187145116,2025-01-09 21:15:15.724202,0.8613084890710597,0.9337812324832588,0.8042737024730676
627,CT_001,CoolingTower,2025-01-29 11:35:42.470623,Fill media degradation,2,MEDIUM,6.992827629949189,6.992827629949189,2025-01-29 18:35:16.650091,0.9197281140767427,1.112862687236007,1.0235311005579486
627,FCU_048,FCU,2025-03-30 01:33:56.854043,Fan motor failure,2,MEDIUM,3.6662421167539696,3.6662421167539696,2025-03-30 05:13:55.325663,1.0285103711931236,0.9690058860637972,0.9966326035637977
628,FCU_031,FCU,2023-09-23 04:15:57.957262,Fan motor failure,2,MEDIUM,2.1132736535328482,2.1132736535328482,2023-09-23 06:22:45.742415,0.9454520577220912,1.0526912717717338,0.9952691290426708
628,HP_001,HeatPump,2024-06-02 02:55:32.704592,Heat exchanger fouling,2,MEDIUM,3.449088472477601,3.449088472477601,2024-06-02 06:22:29.423093,1.1745239122041906,1.0782109838027951,1.2663845828775881
628,FCU_021,FCU,2024-07-05 02:01:15.946346,Fan motor failure,2,MEDIUM,3.6605695340545337,3.6605695340545337,2024-07-05 05:40:53.996669,0.9042331032300188,1.1427737230321084,1.0333338298670454
628,FCU_005,FCU,2024-08-05 07:06:05.421289,Valve actuator,2,MEDIUM,3.0594161699779994,3.0594161699779994,2024-08-05 10:09:39.319501,0.9951602703577042,1.0552217068343963,1.050114719060636
628,FCU_029,FCU,2024-08-09 17:40:44.434423,Thermostat failure,1,LOW,1.6249674445971607,1.6249674445971607,2024-08-09 19:18:14.317224,0.961556834497079,1.1360053071036462,1.0923336670704642
628,HP_002,HeatPump,2024-10-04 16:45:49.021140,Compressor degradation,4,CRITICAL,12.70346807804477,12.70346807804477,2024-10-05 05:28:01.506221,1.1401678714251995,0.9801706710508044,1.117559107645405
628,FCU_018,FCU,2024-11-05 14:53:59.169322,Fan motor failure,2,MEDIUM,3.945523517864142,3.945523517864142,2024-11-05 18:50:43.053986,1.0003357877220997,0.9429870344241348,0.9433036778923937
628,FCU_041,FCU,2025-01-19 06:03:45.861308,Fan motor failure,2,MEDIUM,8.19495931667167,8.19495931667167,2025-01-19 14:15:27.714848,1.0037140104798417,0.9941861872459001,0.9978786051642452
629,FCU_039,FCU,2025-02-05 19:27:15.402918,Valve actuator,2,MEDIUM,2.6740541835378644,2.6740541835378644,2025-02-05 22:07:41.997979,1.0120454241212868,0.9645197812311418,0.9761378310694417
629,FCU_040,FCU,2025-02-26 17:12:05.468998,Fan motor failure,2,MEDIUM,3.52457762636147,3.52457762636147,2025-02-26 20:43:33.948453,0.961125434396572,0.9938840057341535,0.9552471967510434
629,FCU_008,FCU,2025-05-07 07:36:50.344349,Filter blockage,1,LOW,1.2290639035652449,1.2290639035652449,2025-05-07 08:50:34.974402,0.8532558342834962,1.1057496048320776,0.9434873015796406
630,FCU_021,FCU,2024-04-28 20:58:31.657935,Filter blockage,1,LOW,0.8672969932228745,0.8672969932228745,2024-04-28 21:50:33.927111,0.9851514314995167,1.1227175847095716,1.1060468357463142
630,FCU_019,FCU,2024-09-21 06:21:13.830163,Thermostat failure,1,LOW,2.570534858822229,2.570534858822229,2024-09-21 08:55:27.755655,1.1055507614854696,0.9924191651099438,1.0971697637000724
630,FCU_003,FCU,2024-10-30 14:15:49.543878,Filter blockage,1,LOW,0.581160619005074,0.581160619005074,2024-10-30 14:50:41.722106,1.024236193289799,0.9791736510184721,1.002905092888834
630,HP_001,HeatPump,2024-12-31 18:20:02.480616,Control valve failure,3,HIGH,2.394801890703313,2.394801890703313,2024-12-31 20:43:43.767423,1.0150862868076644,0.9045414065985833,0.9181875776879377
630,FCU_037,FCU,2025-03-02 20:47:27.546816,Coil fouling,1,LOW,2.934676509123751,2.934676509123751,2025-03-02 23:43:32.382249,0.9779540238767785,0.9566553420183903,0.9355649411901006
630,FCU_024,FCU,2025-05-06 03:38:59.648396,Filter blockage,1,LOW,1.089075847184744,1.089075847184744,2025-05-06 04:44:20.321446,1.071222809246278,1.1307296469426635,1.2112633888959723
631,HP_002,HeatPump,2023-07-28 06:34:43.292852,Refrigerant leak,3,HIGH,6.287497661168162,6.287497661168162,2023-07-28 12:51:58.284432,1.1201664671613747,1.074503944226454,1.2036232871551096
631,FCU_037,FCU,2024-12-22 21:06:37.947543,Coil fouling,1,LOW,1.578020658701912,1.578020658701912,2024-12-22 22:41:18.821914,1.0386803883233457,1.140967984887848,1.1851010696078152
632,FCU_006,FCU,2023-06-14 20:26:32.621511,Valve actuator,2,MEDIUM,2.218138738357231,2.218138738357231,2023-06-14 22:39:37.920969,1.0299280015321386,1.009791209799143,1.040012242673152
632,FCU_013,FCU,2024-05-15 06:54:24.678905,Filter blockage,1,LOW,0.951489375785967,0.951489375785967,2024-05-15 07:51:30.040658,0.9845480053903093,1.0649808983617495,1.04852481926084
633,FCU_014,FCU,2024-02-08 13:34:36.001659,Filter blockage,1,LOW,0.7932790494317573,0.7932790494317573,2024-02-08 14:22:11.806237,1.1563319293412269,0.998415797288024,1.15450006516282
633,FCU_043,FCU,2024-04-27 04:02:10.261922,Coil fouling,1,LOW,2.6286402108943805,2.6286402108943805,2024-04-27 06:39:53.366681,0.9683174255577184,0.9033043703386907,0.8746853623813968
633,FCU_042,FCU,2024-10-09 04:08:59.215113,Fan motor failure,2,MEDIUM,3.521474227440437,3.521474227440437,2024-10-09 07:40:16.522332,1.0286826341981108,0.9470022094916933,0.9741647274513463
633,FCU_010,FCU,2024-12-29 23:54:35.651321,Coil fouling,1,LOW,1.217746892334506,1.217746892334506,2024-12-30 01:07:39.540133,0.8739204161112067,0.9503467264042122,0.8305274065890923
633,FCU_034,FCU,2025-03-03 22:04:04.763161,Coil fouling,1,LOW,2.701050009461253,2.701050009461253,2025-03-04 00:46:08.543195,0.9520002228983205,1.0858821186284802,1.0337600189756138
633,FCU_024,FCU,2025-03-05 09:59:05.434053,Filter blockage,1,LOW,0.8014258319266446,0.8014258319266446,2025-03-05 10:47:10.567048,0.8642021509701747,1.1350249849016107,0.9808910333568621
633,FCU_049,FCU,2025-05-07 16:41:42.482452,Thermostat failure,1,LOW,2.032234670784062,2.032234670784062,2025-05-07 18:43:38.527267,1.1145576809448443,1.129686176580778,1.2591004051653198
634,FCU_034,FCU,2024-08-22 12:51:42.703216,Filter blockage,1,LOW,0.953024741571422,0.953024741571422,2024-08-22 13:48:53.592286,0.8,0.9487625987593561,0.759010079007485
634,FCU_022,FCU,2024-09-05 18:03:35.738026,Fan motor failure,2,MEDIUM,2.7087964225202454,2.7087964225202454,2024-09-05 20:46:07.405147,1.1387611020299309,1.1350943390470078,1.2926012804411067
634,FCU_010,FCU,2024-10-22 04:41:54.924568,Filter blockage,1,LOW,1.6477419643604385,1.6477419643604385,2024-10-22 06:20:46.795640,0.8908116162741121,1.1193747330531352,0.9971520151674661
634,CHWP_003,CHW_Pump,2025-01-02 10:06:17.941940,Motor overheating,3,HIGH,7.961761931808633,7.961761931808633,2025-01-02 18:04:00.284895,1.1130801121915193,1.0760093675641156,1.1976846275673914
635,FCU_020,FCU,2024-07-14 09:23:32.995464,Coil fouling,1,LOW,2.6051723160009432,2.6051723160009432,2024-07-14 11:59:51.615802,0.9692722336228382,0.9250311510018232,0.8966070099022421
635,CHWP_001,CHW_Pump,2024-09-26 14:55:29.838605,Bearing wear,3,HIGH,6.306259628984468,6.306259628984468,2024-09-26 21:13:52.373269,1.1321580981113673,0.9880747716067217,1.1186568542140896
635,FCU_034,FCU,2025-03-09 05:15:09.775074,Filter blockage,1,LOW,0.875506474131818,0.875506474131818,2025-03-09 06:07:41.598381,0.9626389938997266,1.11106894195843,1.069558288440097
636,FCU_038,FCU,2024-04-18 14:15:23.186457,Fan motor failure,2,MEDIUM,3.5667266165355938,3.5667266165355938,2024-04-18 17:49:23.402277,1.074380142990533,0.9588806573333046,1.0302023377366123
636,FCU_002,FCU,2024-07-24 14:57:45.881660,Fan motor failure,2,MEDIUM,5.01525343305576,5.01525343305576,2024-07-24 19:58:40.794019,0.9266348519320687,1.0980628262677077,1.0175032844306862
636,FCU_035,FCU,2024-08-15 03:45:17.132532,Filter blockage,1,LOW,1.0609700330311542,1.0609700330311542,2024-08-15 04:48:56.624651,1.0437096044505705,1.0544083913122444,1.100496165025865
636,FCU_034,FCU,2024-12-06 09:45:20.082645,Coil fouling,1,LOW,2.0381750831259797,2.0381750831259797,2024-12-06 11:47:37.512944,1.0310911952035795,0.9945574790577805,1.0254794597803458
636,CHWP_001,CHW_Pump,2025-01-10 22:14:44.293722,Motor overheating,3,HIGH,8.311281209636007,8.311281209636007,2025-01-11 06:33:24.906077,1.1608412259750553,0.9357965072605492,1.0863111647515107
636,CHWP_001,CHW_Pump,2025-03-26 15:49:03.032717,Impeller damage,4,CRITICAL,12.503345179028392,12.503345179028392,2025-03-27 04:19:15.075362,0.8629096784370741,1.0802991833173503,0.9322006208922086
637,FCU_047,FCU,2023-12-29 07:54:49.497835,Fan motor failure,2,MEDIUM,4.68274690476615,4.68274690476615,2023-12-29 12:35:47.386692,1.02715255649773,0.9437092589446582,0.9693333779155839
637,HP_001,HeatPump,2024-09-26 16:52:03.569942,Compressor degradation,4,CRITICAL,9.956111624635932,9.956111624635932,2024-09-27 02:49:25.571791,0.9542955687914377,1.085055367376022,1.0354635289803034
638,FCU_045,FCU,2024-01-26 13:57:44.177325,Fan motor failure,2,MEDIUM,3.4369626236031166,3.4369626236031166,2024-01-26 17:23:57.242770,1.001520351607532,1.0589779817880947,1.0605880006650472
638,FCU_031,FCU,2024-05-11 02:03:54.964031,Fan motor failure,2,MEDIUM,4.634593660930874,4.634593660930874,2024-05-11 06:41:59.501210,0.9525594764640429,0.9753577847152223,0.9290863007734608
638,FCU_007,FCU,2024-06-23 23:48:25.228956,Fan motor failure,2,MEDIUM,5.940223361916252,5.940223361916252,2024-06-24 05:44:50.033059,1.065402571255537,1.0918238283161115,1.1632319140460492
638,FCU_016,FCU,2024-10-22 02:06:22.453995,Valve actuator,2,MEDIUM,2.8909260837920403,2.8909260837920403,2024-10-22 04:59:49.787897,1.0903433869146126,1.0770117865102649,1.1743126790505598
638,HWP_002,HW_Pump,2024-12-27 12:02:23.743764,Bearing wear,3,HIGH,10.504603816956916,10.504603816956916,2024-12-27 22:32:40.317505,1.0157177118585161,1.0795321181741795,1.0964998929496548
638,FCU_036,FCU,2025-04-08 03:02:26.509767,Fan motor failure,2,MEDIUM,4.100121565863906,4.100121565863906,2025-04-08 07:08:26.947404,1.0581308989744667,0.9064875551267945,0.9591824916154814
638,FCU_050,FCU,2025-05-27 01:40:49.929057,Fan motor failure,2,MEDIUM,5.442694602120384,5.442694602120384,2025-05-27 07:07:23.629625,0.8882090578707669,1.0754061496659015,0.9551854830231793
639,HWP_001,HW_Pump,2024-05-11 21:05:32.633739,Impeller damage,4,CRITICAL,13.09257616419966,13.09257616419966,2024-05-12 10:11:05.907930,0.8582515006254898,1.0170453929996601,0.8728807347461993
639,FCU_013,FCU,2025-03-20 15:40:39.961127,Coil fouling,1,LOW,1.7032611822648325,1.7032611822648325,2025-03-20 17:22:51.701383,0.9109815749241739,1.1163381243190031,1.0169634626400237
639,FCU_036,FCU,2025-03-24 20:22:46.469346,Fan motor failure,2,MEDIUM,3.804758706235335,3.804758706235335,2025-03-25 00:11:03.600688,0.9269810308830739,1.119530060367011,1.037783129463602
639,FCU_011,FCU,2025-04-17 13:38:22.933088,Thermostat failure,1,LOW,1.6866489094091068,1.6866489094091068,2025-04-17 15:19:34.869162,1.1884590906205985,1.0098139745289698,1.2001225978646717
639,FCU_008,FCU,2025-05-22 07:23:18.960335,Coil fouling,1,LOW,1.913305603284396,1.913305603284396,2025-05-22 09:18:06.860507,1.1029975335722986,0.9957751707101719,1.098337557285854
640,FCU_034,FCU,2024-09-10 01:23:14.708842,Valve actuator,2,MEDIUM,1.9039650739635356,1.9039650739635356,2024-09-10 03:17:28.983108,1.1357100588931648,1.0715282349235684,1.2169453947907347
640,FCU_018,FCU,2024-10-03 20:38:56.411879,Fan motor failure,2,MEDIUM,5.229845841624407,5.229845841624407,2024-10-04 01:52:43.856909,1.0869557592171126,0.9840313984341107,1.0695985957784258
641,FCU_045,FCU,2024-01-22 13:43:52.970405,Fan motor failure,2,MEDIUM,4.549382765981492,4.549382765981492,2024-01-22 18:16:50.748363,1.1797385782542475,1.0286129635999135,1.21349439525125
641,FCU_033,FCU,2025-02-06 15:42:55.170150,Coil fouling,1,LOW,2.0524855768345627,2.0524855768345627,2025-02-06 17:46:04.118227,1.1987641816751882,1.0090788943623101,1.2096476350459384
641,FCU_049,FCU,2025-02-07 09:18:53.361233,Fan motor failure,2,MEDIUM,4.337101051469546,4.337101051469546,2025-02-07 13:39:06.925018,1.1916390956326293,0.9427250708138855,1.1233880508148648
641,CHWP_001,CHW_Pump,2025-03-14 18:14:43.360611,Seal leakage,2,MEDIUM,3.9618622519805182,3.9618622519805182,2025-03-14 22:12:26.064718,0.9719239985845868,0.9908926727317933,0.9630723686496528
642,FCU_025,FCU,2024-06-23 21:10:19.286838,Filter blockage,1,LOW,1.3279478997531764,1.3279478997531764,2024-06-23 22:29:59.899277,1.0974172036584235,0.9135925425433451,1.0025921733211072
642,FCU_029,FCU,2024-07-05 22:42:24.150314,Coil fouling,1,LOW,1.4999739118776296,1.4999739118776296,2024-07-06 00:12:24.056397,0.8888770129161461,0.9924716946575672,0.8821852753510437
642,FCU_040,FCU,2024-11-12 04:27:59.489754,Fan motor failure,2,MEDIUM,4.147069701413265,4.147069701413265,2024-11-12 08:36:48.940679,1.0609922897466613,0.9734318165658271,1.032803651970429
642,FCU_039,FCU,2025-02-01 08:14:15.929666,Filter blockage,1,LOW,1.2285347960492503,1.2285347960492503,2025-02-01 09:27:58.654932,1.1791956482898627,0.9326070658148127,1.0997261935732046
642,FCU_049,FCU,2025-04-18 07:26:59.574824,Coil fouling,1,LOW,2.1045937622641935,2.1045937622641935,2025-04-18 09:33:16.112368,0.9324286867549261,1.0419755814078506,0.9715679230028227
643,FCU_039,FCU,2023-09-28 14:07:12.638425,Coil fouling,1,LOW,1.6296637495274273,1.6296637495274273,2023-09-28 15:44:59.427923,1.032914266697932,0.9844738865827791,1.0168771226429145
643,FCU_040,FCU,2025-01-23 14:06:40.302923,Valve actuator,2,MEDIUM,2.26548577395974,2.26548577395974,2025-01-23 16:22:36.051709,0.8396445778674914,0.9320327022150663,0.7825762048100666
643,HP_002,HeatPump,2025-04-06 22:14:42.118333,Heat exchanger fouling,2,MEDIUM,3.9694701563766883,3.9694701563766883,2025-04-07 02:12:52.210896,1.0811679880438003,0.9447278591628236,1.0214095187399967
644,HP_002,HeatPump,2024-07-19 19:40:21.432996,Control valve failure,3,HIGH,2.8981699108277,2.8981699108277,2024-07-19 22:34:14.844675,0.8571500282862016,0.9738889195696712,0.834768914956762
644,FCU_009,FCU,2024-09-12 00:54:22.355001,Coil fouling,1,LOW,1.821930570947681,1.821930570947681,2024-09-12 02:43:41.305056,0.9600923773537066,1.0442122978974229,1.0025402675503137
644,FCU_025,FCU,2024-09-16 06:12:28.914330,Fan motor failure,2,MEDIUM,5.7240763086859365,5.7240763086859365,2024-09-16 11:55:55.589041,0.9867216452217853,1.09420014943726,1.0796709716546564
644,FCU_020,FCU,2024-10-03 15:37:53.005119,Valve actuator,2,MEDIUM,3.805591840190872,3.805591840190872,2024-10-03 19:26:13.135744,0.8543810110532403,1.1073523497310234,0.9461008201553731
644,FCU_018,FCU,2025-04-21 04:21:47.590167,Thermostat failure,1,LOW,2.1404321685207113,2.1404321685207113,2025-04-21 06:30:13.145974,0.8647065547748676,0.9274537047513813,0.8019752977487542
644,FCU_047,FCU,2025-04-25 04:36:36.350267,Filter blockage,1,LOW,1.0860138399238273,1.0860138399238273,2025-04-25 05:41:46.000091,0.9156743475557543,0.9827946890901225,0.8999198857138583
645,HP_001,HeatPump,2024-02-25 03:02:49.304127,Compressor degradation,4,CRITICAL,15.80140663873809,15.80140663873809,2024-02-25 18:50:54.368026,0.9150600368892094,0.9232323258343367,0.8448130061352788
645,FCU_004,FCU,2024-08-25 07:27:06.491694,Coil fouling,1,LOW,1.71607844554788,1.71607844554788,2024-08-25 09:10:04.374098,1.1071987327398765,0.955380676651064,1.0577962744722238
645,FCU_044,FCU,2024-10-01 08:59:26.314475,Thermostat failure,1,LOW,1.7373488999229956,1.7373488999229956,2024-10-01 10:43:40.770515,1.0675744395755293,1.057797916995252,1.1292780184203686
645,HP_002,HeatPump,2024-12-15 11:07:00.140715,Sensor malfunction,1,LOW,2.2888662995664433,2.2888662995664433,2024-12-15 13:24:20.059393,1.0711576918713073,1.1087052753796127,1.187598183741168
645,FCU_040,FCU,2025-03-22 02:31:29.070795,Valve actuator,2,MEDIUM,3.0681621294629875,3.0681621294629875,2025-03-22 05:35:34.454461,1.0607877001605481,0.9232791280577028,0.9794031428585668
646,HWP_001,HW_Pump,2023-05-11 02:12:20.561824,Seal leakage,2,MEDIUM,3.5809401978300297,3.5809401978300297,2023-05-11 05:47:11.946536,0.9045277011583751,1.122407535828253,1.0152487081455663
646,FCU_041,FCU,2024-09-16 10:38:36.224073,Valve actuator,2,MEDIUM,4.128622623245491,4.128622623245491,2024-09-16 14:46:19.265517,1.0456245471996923,1.051206637873773,1.0991674647400749
646,FCU_008,FCU,2025-03-18 07:52:30.119283,Fan motor failure,2,MEDIUM,3.856489886047649,3.856489886047649,2025-03-18 11:43:53.482873,1.1110163742708696,0.9780684466169933,1.0866500593491535
647,HWP_002,HW_Pump,2024-11-10 00:48:38.934952,Seal leakage,2,MEDIUM,4.681095480019533,4.681095480019533,2024-11-10 05:29:30.878680,1.122025691023204,0.9425191875330174,1.0575307426943628
647,FCU_028,FCU,2024-12-26 17:49:48.021085,Coil fouling,1,LOW,1.8786042110363081,1.8786042110363081,2024-12-26 19:42:30.996245,0.9125233828044019,1.0430700032749538,0.9518257678902594
647,FCU_009,FCU,2025-02-02 21:27:43.360333,Filter blockage,1,LOW,1.2354536302706016,1.2354536302706016,2025-02-02 22:41:50.993402,1.0443474053872288,1.09079924269682,1.139173358908778
648,FCU_014,FCU,2024-05-10 06:32:00.023018,Fan motor failure,2,MEDIUM,2.589657146172017,2.589657146172017,2024-05-10 09:07:22.788744,1.0095081072776297,1.1147662149675104,1.1253655317288986
648,FCU_008,FCU,2024-08-22 20:33:18.435704,Coil fouling,1,LOW,1.4617506342537385,1.4617506342537385,2024-08-22 22:01:00.737987,1.090534904261524,0.9364906638628993,1.0212757564575379
648,FCU_009,FCU,2024-10-02 06:43:47.396299,Fan motor failure,2,MEDIUM,6.888779111481713,6.888779111481713,2024-10-02 13:37:07.001100,1.0274339457509218,1.1029138589038612,1.1331711378769695
648,FCU_050,FCU,2025-04-09 08:34:57.381958,Coil fouling,1,LOW,1.4932712744305465,1.4932712744305465,2025-04-09 10:04:33.158546,1.0375628649911979,0.9295642597017926,0.9644813564896139
648,FCU_043,FCU,2025-04-15 17:54:26.040742,Fan motor failure,2,MEDIUM,2.6827109393282877,2.6827109393282877,2025-04-15 20:35:23.800124,1.0168804149164596,1.0157312194414796,1.0328771838692532
648,FCU_040,FCU,2025-05-22 04:14:43.030260,Coil fouling,1,LOW,2.0750049886213677,2.0750049886213677,2025-05-22 06:19:13.048219,1.0815839034575834,0.9218250022441856,0.9970310842320619
649,HP_002,HeatPump,2023-10-31 18:05:11.952587,Sensor malfunction,1,LOW,1.5758560885344957,1.5758560885344957,2023-10-31 19:39:45.034506,1.0011375330092411,0.9320107559435039,0.9330709489433574
649,FCU_028,FCU,2024-07-11 00:16:36.490787,Fan motor failure,2,MEDIUM,2.666186212049523,2.666186212049523,2024-07-11 02:56:34.761150,1.1601286432514568,0.9711595044804713,1.1266699583136863
649,HP_001,HeatPump,2024-10-30 14:29:50.924789,Heat exchanger fouling,2,MEDIUM,2.872095557457259,2.872095557457259,2024-10-30 17:22:10.468796,1.0911228346107167,1.0035334690709026,1.094978283399369
649,FCU_043,FCU,2024-11-17 12:42:33.854986,Coil fouling,1,LOW,2.0764542054499935,2.0764542054499935,2024-11-17 14:47:09.090126,0.9696319282808865,0.9259128144514863,0.8977946276965774
649,HWP_001,HW_Pump,2025-01-14 02:52:49.804403,Seal leakage,2,MEDIUM,4.3119903965886985,4.3119903965886985,2025-01-14 07:11:32.969831,1.0837178923199442,1.0766599669786374,1.1667956701593496
649,FCU_019,FCU,2025-01-14 13:14:49.905299,Filter blockage,1,LOW,1.0197879474330407,1.0197879474330407,2025-01-14 14:16:01.141910,0.9630053085603392,1.0818775294443612,1.0418538040670644
649,CT_001,CoolingTower,2025-04-29 06:38:26.512831,Control system fault,3,HIGH,2.3071658887749726,2.3071658887749726,2025-04-29 08:56:52.310031,0.9434947449073893,0.9470223978493564,0.8935106556804626
650,FCU_014,FCU,2024-10-11 13:00:08.622683,Thermostat failure,1,LOW,2.6196743105297564,2.6196743105297564,2024-10-11 15:37:19.450201,1.2135905264067164,0.9743824005592008,1.1825012504160806
650,FCU_039,FCU,2025-04-19 03:27:56.237920,Filter blockage,1,LOW,1.137271110749239,1.137271110749239,2025-04-19 04:36:10.413919,0.8743239419526374,1.0116557453440005,0.8845148391682001
651,FCU_004,FCU,2023-08-16 08:41:06.983982,Filter blockage,1,LOW,1.1390611677096387,1.1390611677096387,2023-08-16 09:49:27.604186,1.005016856287777,0.9423431430866887,0.9470707432093267
651,HWP_002,HW_Pump,2023-11-14 11:37:31.042835,Bearing wear,3,HIGH,6.005069612780619,6.005069612780619,2023-11-14 17:37:49.293441,1.0384964735425954,1.1207938658427303,1.1639404772458484
651,HP_002,HeatPump,2024-01-09 20:49:30.042023,Control valve failure,3,HIGH,2.756349576421776,2.756349576421776,2024-01-09 23:34:52.900498,0.9709766507073669,1.0558038867661668,1.0251609217760327
651,FCU_037,FCU,2024-05-14 14:42:57.816966,Thermostat failure,1,LOW,2.4164562437733164,2.4164562437733164,2024-05-14 17:07:57.059444,1.098802097924525,1.0341542530010286,1.1363308627751003
651,HP_001,HeatPump,2024-05-22 15:00:05.039971,Sensor malfunction,1,LOW,2.2488282456907176,2.2488282456907176,2024-05-22 17:15:00.821655,0.9044355221621663,1.1217628905397152,1.0145622056474284
651,FCU_022,FCU,2025-01-25 14:32:35.008831,Filter blockage,1,LOW,1.4825363824236464,1.4825363824236464,2025-01-25 16:01:32.139808,0.9786748721800269,1.0994051907888394,1.0759602345693255
653,CHWP_001,CHW_Pump,2023-06-10 05:47:39.195031,Impeller damage,4,CRITICAL,11.105616058586685,11.105616058586685,2023-06-10 16:53:59.412842,1.1737313217339584,1.1386648575509533,1.33648660826529
653,HWP_002,HW_Pump,2024-03-07 04:32:16.937795,Impeller damage,4,CRITICAL,7.553258550089342,7.553258550089342,2024-03-07 12:05:28.668575,0.9146684020001057,1.0191766122514672,0.9322086432839308
653,FCU_012,FCU,2024-12-27 18:23:35.449802,Fan motor failure,2,MEDIUM,3.780341177589347,3.780341177589347,2024-12-27 22:10:24.678041,0.8653578352844975,0.9636707676169203,0.8339200493919282
653,FCU_001,FCU,2025-01-29 12:40:24.921044,Filter blockage,1,LOW,1.0158155876204356,1.0158155876204356,2025-01-29 13:41:21.857159,1.1610316306309547,1.0557772496124944,1.2257907817006588
653,FCU_014,FCU,2025-03-17 07:08:52.176322,Fan motor failure,2,MEDIUM,4.269740443261691,4.269740443261691,2025-03-17 11:25:03.241918,0.9942678845149756,1.0886595493410138,1.0824192270803166
654,FCU_031,FCU,2023-09-26 19:17:31.317856,Fan motor failure,2,MEDIUM,2.5328192529859153,2.5328192529859153,2023-09-26 21:49:29.467167,1.074417496228353,0.9322515066858365,1.001627329668506
654,FCU_036,FCU,2024-07-17 16:42:43.961981,Valve actuator,2,MEDIUM,2.8802113974828654,2.8802113974828654,2024-07-17 19:35:32.723012,0.9607839752587541,0.925799886498397,0.8894936952440332
654,FCU_014,FCU,2024-09-13 06:56:04.264538,Valve actuator,2,MEDIUM,3.76759630050314,3.76759630050314,2024-09-13 10:42:07.611220,0.8955355623546851,1.1380308650952227,1.019147110750039
654,FCU_044,FCU,2024-11-17 12:56:16.529074,Fan motor failure,2,MEDIUM,3.713930123023309,3.713930123023309,2024-11-17 16:39:06.677517,1.0047570670035684,0.9782089439640513,0.9828623494539782
654,CHWP_001,CHW_Pump,2025-05-16 02:26:31.041651,Seal leakage,2,MEDIUM,5.033209920692217,5.033209920692217,2025-05-16 07:28:30.597365,0.9917604414179185,0.9173813518245316,0.9098225344340642
655,FCU_048,FCU,2024-06-24 12:28:45.806509,Fan motor failure,2,MEDIUM,4.114277533554203,4.114277533554203,2024-06-24 16:35:37.205630,1.023473628236817,1.0471580264983582,1.0717386247175797
655,FCU_035,FCU,2024-06-27 04:49:07.086890,Filter blockage,1,LOW,1.1098165826315676,1.1098165826315676,2024-06-27 05:55:42.426587,0.9485006494028917,0.93107298298048,0.8831233289984728
655,FCU_024,FCU,2024-09-05 07:40:44.377054,Fan motor failure,2,MEDIUM,3.0834532434602515,3.0834532434602515,2024-09-05 10:45:44.808730,0.902004785726487,1.0386087846614374,0.9368300942621869
655,FCU_042,FCU,2024-09-23 23:21:39.226416,Valve actuator,2,MEDIUM,4.0699168580222445,4.0699168580222445,2024-09-24 03:25:50.927105,1.0231898936374522,1.0303784616081997,1.0542728285392153
655,FCU_010,FCU,2024-12-09 02:43:34.584731,Coil fouling,1,LOW,2.9840235508328306,2.9840235508328306,2024-12-09 05:42:37.069514,1.018219525649623,1.0686556423586042,1.088126041245171
655,FCU_004,FCU,2025-05-20 01:17:01.782745,Coil fouling,1,LOW,2.5579671196945273,2.5579671196945273,2025-05-20 03:50:30.464376,0.9237234272410618,1.0140221084248395,0.9366759772924004
656,HP_001,HeatPump,2024-04-29 02:58:43.896878,Control valve failure,3,HIGH,4.342815138857663,4.342815138857663,2024-04-29 07:19:18.031378,0.9682451830227428,1.075142910366692,1.041001944023602
656,FCU_015,FCU,2024-05-13 01:11:05.905903,Fan motor failure,2,MEDIUM,4.106868816799636,4.106868816799636,2024-05-13 05:17:30.633643,1.1698725966925445,1.0769961904121232,1.2599483299054088
657,FCU_028,FCU,2024-06-22 03:51:59.684232,Fan motor failure,2,MEDIUM,6.234840612707775,6.234840612707775,2024-06-22 10:06:05.110438,1.0006623698245858,1.1010562662750185,1.1017855727209702
657,FCU_039,FCU,2024-10-18 03:15:23.223768,Fan motor failure,2,MEDIUM,5.684949375529272,5.684949375529272,2024-10-18 08:56:29.041520,0.8254459062829222,0.9080959414225159,0.7495840773593522
657,FCU_046,FCU,2025-04-12 19:51:36.257536,Valve actuator,2,MEDIUM,4.868476013385922,4.868476013385922,2025-04-13 00:43:42.771184,0.9059417740408613,1.008935006097194,0.9140363693156192
658,FCU_013,FCU,2023-11-08 18:55:17.292683,Coil fouling,1,LOW,1.8038604046709301,1.8038604046709301,2023-11-08 20:43:31.190140,1.0089659472757568,1.1316753852358417,1.141821927073138
658,FCU_050,FCU,2024-01-13 13:00:38.921552,Fan motor failure,2,MEDIUM,4.619367402497099,4.619367402497099,2024-01-13 17:37:48.644201,0.9737571004254607,0.9746449358627494,0.9490674266900699
658,FCU_040,FCU,2024-01-27 13:36:05.594526,Filter blockage,1,LOW,0.8555853192197667,0.8555853192197667,2024-01-27 14:27:25.701675,1.0314062532013757,0.9772638960006474,1.0079560933630067
658,FCU_022,FCU,2024-02-02 20:45:14.698415,Coil fouling,1,LOW,1.6980818441731005,1.6980818441731005,2024-02-02 22:27:07.793054,0.8457296696476025,0.9088213029423128,0.768617140306106
658,FCU_019,FCU,2024-09-09 08:53:18.746932,Valve actuator,2,MEDIUM,3.7790994589070266,3.7790994589070266,2024-09-09 12:40:03.504984,0.9825131371321821,1.1084529567452455,1.089069591895214
658,HWP_002,HW_Pump,2025-05-02 04:11:03.185754,Seal leakage,2,MEDIUM,2.809842723987212,2.809842723987212,2025-05-02 06:59:38.619560,0.9836562778951073,0.9936370972305484,0.9773973686403001
658,FCU_003,FCU,2025-05-22 08:09:00.220197,Fan motor failure,2,MEDIUM,4.104142182205601,4.104142182205601,2025-05-22 12:15:15.132053,0.9034890487240999,1.042432050792757,0.9418259419302605
659,FCU_020,FCU,2024-08-04 09:54:39.306299,Valve actuator,2,MEDIUM,2.7212039693078327,2.7212039693078327,2024-08-04 12:37:55.640589,1.1900394442298712,1.1405047400266684,1.35724562696287
659,FCU_013,FCU,2025-03-15 13:44:32.990177,Fan motor failure,2,MEDIUM,2.8129539876743443,2.8129539876743443,2025-03-15 16:33:19.624533,1.0455846022431592,1.0284025296108463,1.0752818498690155
659,FCU_025,FCU,2025-04-06 00:26:06.080677,Filter blockage,1,LOW,1.112687733782104,1.112687733782104,2025-04-06 01:32:51.756519,0.8604910201295322,1.0097691747832274,0.8688973073045752
659,CHWP_003,CHW_Pump,2025-04-12 00:56:01.612279,Impeller damage,4,CRITICAL,9.680957800653454,9.680957800653454,2025-04-12 10:36:53.060361,0.9387912654026779,1.1436783521009617,1.0736752473825113
659,FCU_046,FCU,2025-05-21 00:53:19.298286,Fan motor failure,2,MEDIUM,3.865592954463978,3.865592954463978,2025-05-21 04:45:15.432922,1.0217828401541953,1.1365454421164922,1.161302629810095
660,FCU_030,FCU,2023-07-23 12:54:18.108439,Valve actuator,2,MEDIUM,4.0347733805909645,4.0347733805909645,2023-07-23 16:56:23.292609,0.8,1.1328539117287666,0.9062831293830134
660,CHWP_001,CHW_Pump,2023-08-18 09:34:19.259290,Seal leakage,2,MEDIUM,4.605619416687662,4.605619416687662,2023-08-18 14:10:39.489190,0.9382280431135401,0.9898089728250179,0.9286665356298398
660,HP_001,HeatPump,2023-09-15 12:22:13.138776,Compressor degradation,4,CRITICAL,6.946769958551734,6.946769958551734,2023-09-15 19:19:01.510627,0.8,0.9742757715260796,0.7794206172208638
660,HWP_002,HW_Pump,2023-10-19 01:46:58.090198,Impeller damage,4,CRITICAL,6.201034797988196,6.201034797988196,2023-10-19 07:59:01.815471,1.007618601909632,1.1252087264494919,1.1337812438015547
660,FCU_029,FCU,2024-01-11 19:33:35.238652,Valve actuator,2,MEDIUM,5.734108590048451,5.734108590048451,2024-01-12 01:17:38.029576,0.8596209890412037,0.9440217068372148,0.8115008733077718
660,FCU_034,FCU,2024-03-26 09:25:09.354511,Valve actuator,2,MEDIUM,3.710345579605833,3.710345579605833,2024-03-26 13:07:46.598598,1.048366338195099,0.931786957943201,0.9768540810768643
660,HWP_001,HW_Pump,2024-05-28 02:52:08.943373,Bearing wear,3,HIGH,8.844509525159918,8.844509525159918,2024-05-28 11:42:49.177664,0.9185686337290813,1.0775053277284992,0.9897625967273734
660,FCU_049,FCU,2024-06-19 02:41:25.565819,Thermostat failure,1,LOW,2.195382987619019,2.195382987619019,2024-06-19 04:53:08.944574,1.0003830240089548,1.0710962889489886,1.0715065445435585
660,FCU_018,FCU,2024-12-11 09:17:33.259547,Thermostat failure,1,LOW,1.4346223664403195,1.4346223664403195,2024-12-11 10:43:37.900066,1.0381304322247955,0.9953727028699572,1.0333266942551516
660,FCU_020,FCU,2025-03-08 06:34:46.836828,Filter blockage,1,LOW,1.082504026778297,1.082504026778297,2025-03-08 07:39:43.851324,0.8914617975712902,0.9311688445460415,0.8301014520013955
661,FCU_022,FCU,2023-08-03 07:49:44.777000,Thermostat failure,1,LOW,2.68608370359423,2.68608370359423,2023-08-03 10:30:54.678333,1.0373621828590862,1.1160099077802297,1.1577064740272667
661,FCU_016,FCU,2024-06-16 00:24:55.822242,Fan motor failure,2,MEDIUM,4.052709324100682,4.052709324100682,2024-06-16 04:28:05.575809,1.1461178047367342,1.1188145759983656,1.2822933057507069
661,HP_001,HeatPump,2024-08-15 02:43:56.637594,Heat exchanger fouling,2,MEDIUM,3.4557068367564563,3.4557068367564563,2024-08-15 06:11:17.182206,0.8265290394793251,1.1286150168244098,0.9328330857978218
661,FCU_044,FCU,2024-09-16 12:23:55.764313,Valve actuator,2,MEDIUM,2.1915522921115236,2.1915522921115236,2024-09-16 14:35:25.352565,0.9992069367540526,1.0194111273455313,1.0186026698479238
661,CHWP_002,CHW_Pump,2024-09-17 12:48:39.997275,Bearing wear,3,HIGH,7.420750102134486,7.420750102134486,2024-09-17 20:13:54.697643,0.9812158597823106,1.0558429493225892,1.0360098473146548
661,FCU_008,FCU,2025-04-08 00:40:49.664607,Valve actuator,2,MEDIUM,4.547628856919266,4.547628856919266,2025-04-08 05:13:41.128492,1.0004877681282767,1.0348650579560292,1.0353698321483673
661,FCU_028,FCU,2025-04-18 02:36:16.927147,Valve actuator,2,MEDIUM,3.6618729078845886,3.6618729078845886,2025-04-18 06:15:59.669615,1.0121699174987442,0.9631578308034177,0.9748793821425646
662,HP_002,HeatPump,2023-04-17 19:27:56.187654,Sensor malfunction,1,LOW,2.2821541866314963,2.2821541866314963,2023-04-17 21:44:51.942726,0.9896827415107219,0.9806023187226001,0.9704851911251535
662,HWP_001,HW_Pump,2024-01-18 08:49:38.909265,Impeller damage,4,CRITICAL,11.334201967550065,11.334201967550065,2024-01-18 20:09:42.036348,1.0976867023998578,0.9021846181773057,0.9903160584829215
662,CHWP_003,CHW_Pump,2024-04-11 17:25:11.165732,Bearing wear,3,HIGH,6.465889211516976,6.465889211516976,2024-04-11 23:53:08.366893,0.9662692310049408,1.0376922433716316,1.0026900860224983
662,HP_001,HeatPump,2024-05-05 04:05:45.712439,Heat exchanger fouling,2,MEDIUM,4.760548657064532,4.760548657064532,2024-05-05 08:51:23.687604,1.022885061543705,1.0611478445872655,1.0854322783176151
662,FCU_022,FCU,2024-11-20 15:47:43.492302,Coil fouling,1,LOW,1.9301652963617006,1.9301652963617006,2024-11-20 17:43:32.087369,1.0821412604199692,1.0243774378664006,1.1085210917585253
662,FCU_006,FCU,2025-01-04 14:47:56.353881,Coil fouling,1,LOW,1.4603911179340914,1.4603911179340914,2025-01-04 16:15:33.761906,1.0616691008831298,0.9270053181448766,0.9841729026287509
662,FCU_041,FCU,2025-02-21 13:05:13.531781,Coil fouling,1,LOW,1.908782444424126,1.908782444424126,2025-02-21 14:59:45.148581,0.9510401022960951,1.0135358257643277,0.9639132154156634
662,FCU_024,FCU,2025-03-16 04:03:18.784637,Coil fouling,1,LOW,2.2378112861170303,2.2378112861170303,2025-03-16 06:17:34.905267,1.1757207658093884,1.009586246183403,1.1869915145133765
662,HWP_001,HW_Pump,2025-05-05 08:57:35.880376,Bearing wear,3,HIGH,7.005145793782855,7.005145793782855,2025-05-05 15:57:54.405234,1.2832912336650981,0.9732488233713816,1.2489616832073656
664,FCU_007,FCU,2023-04-10 21:42:52.823041,Fan motor failure,2,MEDIUM,4.818857361858407,4.818857361858407,2023-04-11 02:32:00.709544,1.1052158230577163,0.9270605458977528,1.0246019842587206
664,CT_001,CoolingTower,2023-07-07 07:43:56.234117,Drift eliminator damage,2,MEDIUM,2.964678199036973,2.964678199036973,2023-07-07 10:41:49.075634,1.0045842581907813,1.002179474511577,1.0067737239762398
664,FCU_028,FCU,2024-03-15 05:04:13.800635,Coil fouling,1,LOW,2.077139270430478,2.077139270430478,2024-03-15 07:08:51.502009,1.1309873118361407,1.1113031510717193,1.2568697634656363
664,FCU_002,FCU,2024-03-16 00:01:44.420749,Coil fouling,1,LOW,1.6746888628406362,1.6746888628406362,2024-03-16 01:42:13.300655,1.0029862473298239,1.1088007790653984,1.1121119324311892
664,FCU_004,FCU,2025-02-17 05:29:17.565309,Fan motor failure,2,MEDIUM,4.954547195816495,4.954547195816495,2025-02-17 10:26:33.935214,0.8672124841157784,0.981177765240745,0.8508896071535945
665,FCU_017,FCU,2023-12-07 18:48:33.451698,Filter blockage,1,LOW,0.7792386531135488,0.7792386531135488,2023-12-07 19:35:18.710849,0.962113516159737,0.9218585676120155,0.8869325878871748
665,FCU_029,FCU,2024-04-11 23:49:37.216759,Fan motor failure,2,MEDIUM,5.235675878947764,5.235675878947764,2024-04-12 05:03:45.649923,0.9346302215653874,1.059571144556813,0.9903072136014253
665,FCU_036,FCU,2024-11-28 00:52:28.320135,Filter blockage,1,LOW,1.8309204755543964,1.8309204755543964,2024-11-28 02:42:19.633847,0.8924676632248422,1.1028342134244835,0.9842438733793557
665,CHWP_003,CHW_Pump,2025-05-04 14:54:05.779731,Impeller damage,4,CRITICAL,12.127780386816225,12.127780386816225,2025-05-05 03:01:45.789124,1.0727571163839735,1.052368679207933,1.1289359896799132
666,FCU_029,FCU,2024-05-13 03:50:02.470453,Coil fouling,1,LOW,2.048279062353381,2.048279062353381,2024-05-13 05:52:56.275077,0.8698719231252865,0.9769934736723367,0.8498591918242094
666,FCU_018,FCU,2024-06-26 12:03:43.525641,Fan motor failure,2,MEDIUM,2.6425328883763775,2.6425328883763775,2024-06-26 14:42:16.644039,1.0332624631613259,1.0630894738908903,1.0984504483533792
666,CT_001,CoolingTower,2025-02-26 13:11:19.211694,Fan motor failure,4,CRITICAL,11.436195607861801,11.436195607861801,2025-02-27 00:37:29.515882,0.9113040184212923,0.9104125893992078,0.829662651140832
666,FCU_016,FCU,2025-04-05 02:16:18.831103,Fan motor failure,2,MEDIUM,2.5045066305465364,2.5045066305465364,2025-04-05 04:46:35.054973,1.08098618598131,1.067883779270847,1.1543676136253
667,HP_002,HeatPump,2024-08-18 02:47:18.012264,Refrigerant leak,3,HIGH,4.8562731563342645,4.8562731563342645,2024-08-18 07:38:40.595627,0.9228677213725853,0.9443109253838664,0.8714740719762463
667,FCU_028,FCU,2024-12-07 23:47:44.729289,Coil fouling,1,LOW,2.1219500277649366,2.1219500277649366,2024-12-08 01:55:03.749389,0.9694667365377374,0.9807766543894498,0.9508303424033403
667,FCU_035,FCU,2025-03-12 09:48:13.578911,Fan motor failure,2,MEDIUM,4.190149564745543,4.190149564745543,2025-03-12 13:59:38.117344,1.04007499838521,0.9972038627442502,1.0371668059334511
668,FCU_022,FCU,2024-01-06 23:51:23.576330,Valve actuator,2,MEDIUM,3.346129246537192,3.346129246537192,2024-01-07 03:12:09.641618,1.147018450466772,1.0741270266356922,1.2320435176961526
668,HP_001,HeatPump,2024-04-28 01:31:32.377269,Control valve failure,3,HIGH,1.6678971709449288,1.6678971709449288,2024-04-28 03:11:36.807084,1.0332095103146715,1.0961042736879425,1.1325053598709376
668,FCU_043,FCU,2024-05-02 23:08:30.825460,Thermostat failure,1,LOW,2.701977746372387,2.701977746372387,2024-05-03 01:50:37.945347,0.9608248639800092,0.9226359451472266,0.8864915564991512
669,FCU_048,FCU,2024-02-06 02:02:51.915737,Filter blockage,1,LOW,1.1912637732312752,1.1912637732312752,2024-02-06 03:14:20.465321,1.0166868539303486,0.9233360804281008,0.9387436547308251
669,FCU_031,FCU,2024-10-12 04:03:48.202823,Filter blockage,1,LOW,1.0627431855720393,1.0627431855720393,2024-10-12 05:07:34.078291,1.0295478833828933,0.9901811083931367,1.019438864311881
669,FCU_004,FCU,2025-01-23 05:41:30.671206,Filter blockage,1,LOW,0.9929949703414919,0.9929949703414919,2025-01-23 06:41:05.453099,1.0452145120287282,1.0531394264245073,1.1007566116885061
669,CHWP_001,CHW_Pump,2025-03-13 09:30:14.847828,Impeller damage,4,CRITICAL,8.538356257181242,8.538356257181242,2025-03-13 18:02:32.930354,0.8661876837869205,0.9404339617391256,0.8145923150733706
670,FCU_047,FCU,2024-04-02 11:21:16.407232,Valve actuator,2,MEDIUM,2.533426546970009,2.533426546970009,2024-04-02 13:53:16.742801,0.8987075351859737,1.047067640689764,0.9410075785372907
670,FCU_002,FCU,2024-09-06 15:08:46.779537,Fan motor failure,2,MEDIUM,4.807846219027215,4.807846219027215,2024-09-06 19:57:15.025925,0.858220451793851,1.1182318006083305,0.9596894011283329
670,FCU_034,FCU,2024-11-03 14:07:52.610563,Filter blockage,1,LOW,1.014764474623173,1.014764474623173,2024-11-03 15:08:45.762672,1.23414383118971,0.9299724149393139,1.1477197190739514
670,FCU_017,FCU,2025-02-26 12:59:42.982031,Filter blockage,1,LOW,0.7295661621864474,0.7295661621864474,2025-02-26 13:43:29.420215,1.2211626934965762,0.9064652765775156,1.106941578706518
670,FCU_040,FCU,2025-03-28 06:23:34.332795,Filter blockage,1,LOW,1.4645799287665744,1.4645799287665744,2025-03-28 07:51:26.820539,0.9666710760368485,1.006757511183319,0.9732033666437585
670,FCU_001,FCU,2025-04-22 06:38:41.307680,Fan motor failure,2,MEDIUM,3.8816680043791587,3.8816680043791587,2025-04-22 10:31:35.312496,1.1353032389845517,1.0998118488495032,1.2486199542724292
671,FCU_024,FCU,2024-02-29 00:05:32.169932,Filter blockage,1,LOW,0.5,0.5,2024-02-29 00:35:32.169932,0.9516393417541639,0.9906992409229423,0.9427883735082586
671,FCU_037,FCU,2024-10-14 21:21:16.916866,Thermostat failure,1,LOW,2.302523576559344,2.302523576559344,2024-10-14 23:39:26.001742,1.1013437951401444,0.9186650610403828,1.0117660647888675
671,FCU_017,FCU,2024-11-11 12:08:22.811974,Filter blockage,1,LOW,1.389630867213611,1.389630867213611,2024-11-11 13:31:45.483096,0.98989382965148,1.0740588624877425,1.0632042406591038
671,HWP_002,HW_Pump,2025-01-09 04:31:55.267448,Seal leakage,2,MEDIUM,3.392966812458312,3.392966812458312,2025-01-09 07:55:29.947973,1.0394287040465913,1.0044337696678887,1.044037291506526
671,FCU_044,FCU,2025-04-29 22:28:19.893755,Valve actuator,2,MEDIUM,2.6466337197712546,2.6466337197712546,2025-04-30 01:07:07.775146,1.0355511874170131,0.9585409072807269,0.9926181747223378
671,FCU_024,FCU,2025-05-28 06:51:07.369006,Coil fouling,1,LOW,3.362604823395148,3.362604823395148,2025-05-28 10:12:52.746370,0.9306044366643712,0.9695569998193335,0.9022740456308688
672,FCU_044,FCU,2023-12-30 12:05:51.834855,Coil fouling,1,LOW,2.790165527797215,2.790165527797215,2023-12-30 14:53:16.430755,0.9599383745057498,1.0903885567060883,1.046705818704113
672,FCU_038,FCU,2024-05-15 09:49:32.454485,Filter blockage,1,LOW,1.4682908970048265,1.4682908970048265,2024-05-15 11:17:38.301714,1.0505667831527898,1.0806205765551615,1.1352640829202691
672,FCU_033,FCU,2024-11-12 04:13:10.596389,Valve actuator,2,MEDIUM,3.7899656608144348,3.7899656608144348,2024-11-12 08:00:34.472768,1.0145022998159026,0.9456365025504194,0.9593504066272671
672,FCU_047,FCU,2025-02-16 19:40:25.239470,Coil fouling,1,LOW,2.789543329115287,2.789543329115287,2025-02-16 22:27:47.595455,1.1432912270510587,1.1288309434632662,1.2905825144853218
672,FCU_044,FCU,2025-02-27 14:37:02.417942,Fan motor failure,2,MEDIUM,3.204423130925334,3.204423130925334,2025-02-27 17:49:18.341213,1.0586300453606607,1.1198415714339904,1.1854979335639189
672,FCU_030,FCU,2025-05-05 09:14:10.152708,Valve actuator,2,MEDIUM,3.0358701540772604,3.0358701540772604,2025-05-05 12:16:19.285263,1.0190445539714164,1.0044069386214396,1.0235354207732807
673,CHWP_002,CHW_Pump,2024-01-18 10:33:25.493819,Impeller damage,4,CRITICAL,8.17589212749273,8.17589212749273,2024-01-18 18:43:58.705478,1.030678767377661,0.9998628838446606,1.0305374446676883
673,FCU_005,FCU,2024-03-11 07:26:51.179984,Coil fouling,1,LOW,2.3979746846112717,2.3979746846112717,2024-03-11 09:50:43.888849,0.8605749717754002,1.1263329878784654,0.9692939792532125
673,HWP_001,HW_Pump,2024-09-28 05:18:42.652100,Impeller damage,4,CRITICAL,7.999606476973858,7.999606476973858,2024-09-28 13:18:41.235417,1.0372650986201761,1.0951564129520959,1.135967524685274
674,FCU_007,FCU,2023-08-10 07:12:15.556508,Filter blockage,1,LOW,1.1515498350326903,1.1515498350326903,2023-08-10 08:21:21.135914,1.1046767144436815,1.0698173039947987,1.1818022644319714
674,FCU_028,FCU,2024-06-20 02:20:47.345424,Fan motor failure,2,MEDIUM,3.770763762630247,3.770763762630247,2024-06-20 06:07:02.094969,0.9486272826574498,1.1128477024810783,1.0556776920162114
674,FCU_023,FCU,2024-08-18 19:51:47.198853,Filter blockage,1,LOW,0.7707943391774839,0.7707943391774839,2024-08-18 20:38:02.058474,1.1902113480615308,1.1108223084618711,1.3221133172112254
674,FCU_010,FCU,2025-01-12 14:30:08.146881,Coil fouling,1,LOW,2.345062013845383,2.345062013845383,2025-01-12 16:50:50.370131,0.9199285705856904,0.9384175800398873,0.8632771430185763
675,FCU_045,FCU,2023-10-02 18:59:19.903233,Filter blockage,1,LOW,1.6610214664005991,1.6610214664005991,2023-10-02 20:38:59.580512,1.0755866229581168,1.122441019439583,1.207282545568687
675,FCU_017,FCU,2024-03-16 19:18:44.415733,Fan motor failure,2,MEDIUM,4.758040357477126,4.758040357477126,2024-03-17 00:04:13.361020,1.113397218714769,0.9299999840223045,1.0354593956152134
675,FCU_008,FCU,2024-07-15 15:36:19.761822,Coil fouling,1,LOW,1.6501237435296132,1.6501237435296132,2024-07-15 17:15:20.207299,0.9384489943417301,1.0518302581435748,0.9870890479730402
675,FCU_013,FCU,2024-09-01 07:22:47.479750,Fan motor failure,2,MEDIUM,3.659614869716283,3.659614869716283,2024-09-01 11:02:22.093281,1.001170870456032,0.9853979298607225,0.9865517031842316
675,FCU_039,FCU,2024-10-18 16:34:23.150308,Fan motor failure,2,MEDIUM,4.171519570019184,4.171519570019184,2024-10-18 20:44:40.620760,1.02840647644814,0.9515718933036411,0.978602697879483
675,FCU_031,FCU,2025-01-10 10:24:33.629338,Thermostat failure,1,LOW,1.2357501903303898,1.2357501903303898,2025-01-10 11:38:42.330023,0.9951774656902904,0.9181278374238355,0.9137001344271596
675,CHWP_002,CHW_Pump,2025-03-09 16:56:03.892041,Motor overheating,3,HIGH,6.326337582788192,6.326337582788192,2025-03-09 23:15:38.707339,0.9398136393242668,1.033387628374912,0.9711917878556989
676,FCU_035,FCU,2024-12-04 06:57:07.839099,Valve actuator,2,MEDIUM,3.3505667425026653,3.3505667425026653,2024-12-04 10:18:09.879372,0.9615861862366827,1.0197567770258016,0.9805840301092518
676,HP_002,HeatPump,2025-03-05 01:54:44.805514,Heat exchanger fouling,2,MEDIUM,3.8412090404378816,3.8412090404378816,2025-03-05 05:45:13.158060,1.1266214948695445,1.1284558996134038,1.2713426725168095
676,FCU_042,FCU,2025-03-16 14:41:32.284708,Coil fouling,1,LOW,1.8961896334159094,1.8961896334159094,2025-03-16 16:35:18.567388,0.8880650469329039,0.9918849281572889,0.8808583352760427
676,FCU_033,FCU,2025-04-07 10:55:36.348017,Filter blockage,1,LOW,1.7100908599404108,1.7100908599404108,2025-04-07 12:38:12.675113,1.0457417614100286,0.9858783422572336,1.0309741541680786
676,FCU_004,FCU,2025-04-18 17:11:52.254682,Coil fouling,1,LOW,3.7696582876480957,3.7696582876480957,2025-04-18 20:58:03.024518,0.9442099784576091,1.0974339801669988,1.0362081147721303
677,FCU_003,FCU,2024-03-29 10:44:05.281966,Fan motor failure,2,MEDIUM,2.786202592747507,2.786202592747507,2024-03-29 13:31:15.611300,1.1477757478885184,0.9009366186735691,1.0340732012982088
677,FCU_047,FCU,2024-04-30 22:56:21.359408,Fan motor failure,2,MEDIUM,4.695429851034908,4.695429851034908,2024-05-01 03:38:04.906872,0.9524383627886785,1.1236721709982476,1.070228482856771
677,FCU_002,FCU,2025-05-11 14:25:05.302673,Fan motor failure,2,MEDIUM,3.7987270360131045,3.7987270360131045,2025-05-11 18:13:00.720003,0.9877336267715106,1.035366970407447,1.022666772719979
678,CHWP_003,CHW_Pump,2024-09-24 13:19:21.937147,Bearing wear,3,HIGH,7.356280579476993,7.356280579476993,2024-09-24 20:40:44.547233,0.9455344578944488,0.9167652095243862,0.8668330954041313
678,FCU_030,FCU,2025-03-02 20:49:49.558020,Fan motor failure,2,MEDIUM,6.268264323095754,6.268264323095754,2025-03-03 03:05:55.309583,0.99983482871947,1.0495357525231568,1.0493623993589505
678,FCU_028,FCU,2025-03-26 12:29:49.699522,Fan motor failure,2,MEDIUM,3.738402988142895,3.738402988142895,2025-03-26 16:14:07.950279,1.0243842920379727,0.9463691622437138,0.969445704271596
678,HP_002,HeatPump,2025-04-08 12:54:23.588930,Heat exchanger fouling,2,MEDIUM,2.764217291802555,2.764217291802555,2025-04-08 15:40:14.771180,1.080782172909843,1.0683349635077128,1.1546373832554238
679,FCU_031,FCU,2023-12-30 22:57:18.708533,Coil fouling,1,LOW,1.3622134078784611,1.3622134078784611,2023-12-31 00:19:02.676801,1.1941986451823596,0.9713099720676834,1.1599370526953432
679,FCU_003,FCU,2025-04-03 08:21:42.904282,Fan motor failure,2,MEDIUM,3.4409495089900326,3.4409495089900326,2025-04-03 11:48:10.322514,0.9459342053294645,1.0645094421818189,1.0069558932559703
680,HP_002,HeatPump,2023-04-03 22:02:57.336408,Control valve failure,3,HIGH,3.023350218537698,3.023350218537698,2023-04-04 01:04:21.397195,0.9331652975163949,1.0257011796090412,0.9571487464327881
680,FCU_002,FCU,2024-04-06 03:24:10.809889,Fan motor failure,2,MEDIUM,5.00719368534562,5.00719368534562,2024-04-06 08:24:36.707156,1.1189637212468642,0.9295438426733214,1.0401258372598494
680,FCU_005,FCU,2025-02-23 20:53:45.547150,Filter blockage,1,LOW,0.8569335296859764,0.8569335296859764,2025-02-23 21:45:10.507857,1.007597616523195,0.9279215953676515,0.9349715878128463
680,FCU_022,FCU,2025-05-11 02:05:26.296041,Filter blockage,1,LOW,0.6818812986730275,0.6818812986730275,2025-05-11 02:46:21.068716,1.0601039169003814,1.0635487887421773,1.1274722367602383
682,FCU_019,FCU,2024-12-14 11:47:13.137675,Coil fouling,1,LOW,1.6107202747139115,1.6107202747139115,2024-12-14 13:23:51.730664,1.145910416198913,1.0168321073107043,1.165198503292827
682,FCU_032,FCU,2025-04-19 23:50:27.353570,Fan motor failure,2,MEDIUM,4.43561045465708,4.43561045465708,2025-04-20 04:16:35.551207,1.1376520657735005,0.9932187203897741,1.1299373290163393
683,FCU_028,FCU,2024-07-25 12:30:05.329324,Coil fouling,1,LOW,2.460548707181528,2.460548707181528,2024-07-25 14:57:43.304670,1.0311930555472544,0.999843734984335,1.0310319161482757
683,CT_001,CoolingTower,2024-08-18 13:59:32.519491,Fill media degradation,2,MEDIUM,9.08243108416616,9.08243108416616,2024-08-18 23:04:29.271394,0.9462111160905087,0.9655312865981209,0.9135964363123128
683,FCU_011,FCU,2024-09-30 06:03:37.080202,Coil fouling,1,LOW,2.70461419686232,2.70461419686232,2024-09-30 08:45:53.691311,1.0337619592389038,1.0382209740011783,1.073273348206381
683,FCU_043,FCU,2024-11-30 17:26:10.776321,Coil fouling,1,LOW,2.7652502561424686,2.7652502561424686,2024-11-30 20:12:05.677243,0.9799407459756279,0.961311211834942,0.9420280260402678
683,HP_002,HeatPump,2025-03-18 22:47:57.716833,Control valve failure,3,HIGH,2.8150631264355663,2.8150631264355663,2025-03-19 01:36:51.944088,1.0907612590874698,0.9816855548243255,1.0707845718081626
683,FCU_026,FCU,2025-05-29 21:08:25.177276,Filter blockage,1,LOW,1.2548650438448086,1.2548650438448086,2025-05-29 22:23:42.691434,0.8962938548926367,1.0114008192689097,0.906512339144102
684,HP_001,HeatPump,2023-11-05 01:52:18.542776,Compressor degradation,4,CRITICAL,11.257648621825869,11.257648621825869,2023-11-05 13:07:46.077815,1.1997112473691582,0.9701698395940228,1.1639236684192813
684,FCU_034,FCU,2023-11-29 13:16:02.970591,Valve actuator,2,MEDIUM,2.3774051889947914,2.3774051889947914,2023-11-29 15:38:41.629271,0.970886091279347,0.972785330315437,0.9444637470038431
684,CHWP_003,CHW_Pump,2024-08-27 14:53:48.499564,Seal leakage,2,MEDIUM,4.09678067310252,4.09678067310252,2024-08-27 18:59:36.909987,0.9370141962576448,1.0303950869325544,0.9654948242099336
684,FCU_040,FCU,2025-02-06 20:21:25.334833,Fan motor failure,2,MEDIUM,4.169307962514436,4.169307962514436,2025-02-07 00:31:34.843498,0.9881594253470922,1.104319468307403,1.0912436912022496
684,HP_002,HeatPump,2025-03-21 08:05:07.837874,Heat exchanger fouling,2,MEDIUM,4.881770675929538,4.881770675929538,2025-03-21 12:58:02.212307,1.0766796834664571,1.0393541427681243,1.119051489445135
684,CHWP_002,CHW_Pump,2025-03-27 13:43:45.105746,Impeller damage,4,CRITICAL,7.876294701468483,7.876294701468483,2025-03-27 21:36:19.766671,0.9201891896739234,1.0855690092585895,0.9989288669647852
685,FCU_007,FCU,2024-10-08 13:06:26.925602,Fan motor failure,2,MEDIUM,4.7229527880221465,4.7229527880221465,2024-10-08 17:49:49.555639,0.995632499922973,0.9897537690411348,0.9854310193786098
685,FCU_014,FCU,2025-03-26 11:57:03.288574,Coil fouling,1,LOW,2.206020037665756,2.206020037665756,2025-03-26 14:09:24.960710,1.0233919951734267,1.1331532537310298,1.159659969173059
685,FCU_026,FCU,2025-03-31 14:20:42.032319,Coil fouling,1,LOW,2.340938581780718,2.340938581780718,2025-03-31 16:41:09.411213,1.0433979206240813,0.9566135836518972,0.9981286240231402
686,FCU_031,FCU,2024-05-13 11:21:26.198091,Filter blockage,1,LOW,0.6933502996892484,0.6933502996892484,2024-05-13 12:03:02.259170,1.0210883012026555,1.048379940239566,1.0704884921941598
686,FCU_047,FCU,2024-07-21 15:53:57.725252,Coil fouling,1,LOW,1.7895606890030344,1.7895606890030344,2024-07-21 17:41:20.143732,1.1909076582693612,1.0246551038525136,1.220269610262746
686,FCU_049,FCU,2024-08-15 02:49:58.440116,Fan motor failure,2,MEDIUM,3.727644919849639,3.727644919849639,2024-08-15 06:33:37.961827,1.032323901875748,1.0755996148396307,1.1103671912472992
686,FCU_025,FCU,2024-10-03 05:54:21.813519,Coil fouling,1,LOW,1.7620975298420374,1.7620975298420374,2024-10-03 07:40:05.364626,0.9884838323023155,1.1014819820040223,1.088797130783286
686,FCU_045,FCU,2024-10-13 16:43:52.856907,Thermostat failure,1,LOW,2.1413971730711086,2.1413971730711086,2024-10-13 18:52:21.886730,1.0366471841661118,1.112734032332791,1.153512601343591
686,FCU_030,FCU,2025-01-20 18:13:08.455878,Fan motor failure,2,MEDIUM,4.153842732443069,4.153842732443069,2025-01-20 22:22:22.289715,1.0367287983085864,1.0807969458504334,1.1204933188871102
687,FCU_045,FCU,2024-10-24 17:48:40.047209,Valve actuator,2,MEDIUM,2.541116500969141,2.541116500969141,2024-10-24 20:21:08.066612,0.936487991103674,0.9786603244512272,0.9165036412181995
687,FCU_049,FCU,2024-11-21 23:40:28.605088,Valve actuator,2,MEDIUM,3.0753898190111157,3.0753898190111157,2024-11-22 02:45:00.008436,1.0458588379286073,0.9991086071261261,1.0449265668133998
688,FCU_020,FCU,2024-11-25 23:58:51.503680,Fan motor failure,2,MEDIUM,3.7458990071729366,3.7458990071729366,2024-11-26 03:43:36.740106,1.1094572948521633,1.0766283230408975,1.1944731468421752
688,FCU_046,FCU,2024-12-25 17:01:24.553702,Coil fouling,1,LOW,2.122988270806457,2.122988270806457,2024-12-25 19:08:47.311477,0.9582941086546964,0.9718506423666772,0.9313187450722691
689,FCU_036,FCU,2024-07-28 10:05:15.323089,Valve actuator,2,MEDIUM,2.940990974359062,2.940990974359062,2024-07-28 13:01:42.890597,1.0100538409643267,1.052473720636741,1.063055124043156
689,FCU_028,FCU,2024-11-23 21:17:01.428816,Thermostat failure,1,LOW,1.3575982764225156,1.3575982764225156,2024-11-23 22:38:28.782611,1.1587293079935104,1.0337720884547492,1.1978620166781775
689,FCU_048,FCU,2025-03-04 09:26:31.839962,Fan motor failure,2,MEDIUM,3.8593528340372765,3.8593528340372765,2025-03-04 13:18:05.510165,1.131447015148919,1.0331230261258115,1.1689239641916682
689,FCU_032,FCU,2025-04-01 07:47:57.567499,Filter blockage,1,LOW,0.6367262038791763,0.6367262038791763,2025-04-01 08:26:09.781833,1.1131029462352082,0.9349658343975746,1.0407132248972002
689,FCU_017,FCU,2025-05-04 05:37:47.246533,Thermostat failure,1,LOW,1.4020276720957037,1.4020276720957037,2025-05-04 07:01:54.546153,1.0534502394164784,0.9055183412198182,0.9539185133540299
690,FCU_033,FCU,2024-08-21 02:17:42.442792,Thermostat failure,1,LOW,2.8388759655485125,2.8388759655485125,2024-08-21 05:08:02.396268,1.0057625230785696,1.0818137301743385,1.0880477067611816
690,FCU_003,FCU,2024-09-19 20:17:58.228538,Thermostat failure,1,LOW,2.127553046341771,2.127553046341771,2024-09-19 22:25:37.419505,0.9051941393129083,1.1061779382241022,1.0013057867176935
690,HP_001,HeatPump,2025-02-27 13:24:11.474621,Heat exchanger fouling,2,MEDIUM,3.838992011233983,3.838992011233983,2025-02-27 17:14:31.845861,1.0318575558864869,0.9949396124736603,1.0266359567817194
690,FCU_002,FCU,2025-04-16 13:03:24.446067,Filter blockage,1,LOW,0.7947233871430974,0.7947233871430974,2025-04-16 13:51:05.450261,1.0366441404876576,0.995941593854084,1.0324370175367747
691,CHWP_001,CHW_Pump,2024-07-08 03:22:13.083297,Impeller damage,4,CRITICAL,16.18464452010249,16.18464452010249,2024-07-08 19:33:17.803569,1.005103162425419,1.0218345743878783,1.0270491621928886
691,FCU_046,FCU,2025-05-02 23:52:26.940309,Coil fouling,1,LOW,1.931785888558356,1.931785888558356,2025-05-03 01:48:21.369508,1.0285346913161288,1.1480254593848302,1.1807840114914334
692,FCU_015,FCU,2024-01-31 17:25:16.063947,Coil fouling,1,LOW,1.8025003598223042,1.8025003598223042,2024-01-31 19:13:25.065242,1.18667371789169,0.9961514323055383,1.1821067237571452
692,FCU_028,FCU,2024-02-21 16:57:33.954875,Fan motor failure,2,MEDIUM,4.477433851279385,4.477433851279385,2024-02-21 21:26:12.716740,1.0912536410900162,1.1011547320277488,1.201639110728782
692,FCU_038,FCU,2024-04-09 18:55:10.087462,Coil fouling,1,LOW,1.2352879633923193,1.2352879633923193,2024-04-09 20:09:17.124130,0.9152802247478351,1.1228451134889108,1.0277179278311388
692,FCU_029,FCU,2024-05-03 02:10:07.562612,Fan motor failure,2,MEDIUM,3.642658270242308,3.642658270242308,2024-05-03 05:48:41.132385,0.9147486107308647,1.0414043344053154,0.952623168106363
692,CT_001,CoolingTower,2024-09-23 03:19:28.251968,Fill media degradation,2,MEDIUM,9.576054941068099,9.576054941068099,2024-09-23 12:54:02.049756,1.072461769793937,0.9192422967454074,0.9858522204370229
692,FCU_044,FCU,2024-09-28 03:20:48.468488,Coil fouling,1,LOW,2.50644336819531,2.50644336819531,2024-09-28 05:51:11.664614,1.1352051615937055,0.9417985217798228,1.0691345431057768
692,FCU_030,FCU,2024-10-18 00:13:13.950214,Coil fouling,1,LOW,1.8292946264617456,1.8292946264617456,2024-10-18 02:02:59.410869,1.2029539538663712,0.9345850120205318,1.1242627354343488
692,FCU_020,FCU,2025-01-14 19:39:48.873153,Thermostat failure,1,LOW,1.4431280658804,1.4431280658804,2025-01-14 21:06:24.134190,0.9583326700062367,1.0792598215966809,1.0342899464612019
692,HP_001,HeatPump,2025-01-17 04:48:45.205709,Sensor malfunction,1,LOW,2.447338312237478,2.447338312237478,2025-01-17 07:15:35.623633,0.9921776072309555,0.9076888387824004,0.9005885401733665
692,FCU_039,FCU,2025-02-19 21:22:24.760479,Fan motor failure,2,MEDIUM,3.2915470594995435,3.2915470594995435,2025-02-20 00:39:54.329893,0.9694863183585695,1.137014554225293,1.1023200540959892
693,HWP_002,HW_Pump,2024-01-23 00:00:16.785803,Impeller damage,4,CRITICAL,14.371193113154138,14.371193113154138,2024-01-23 14:22:33.081010,0.978348440115343,0.9684561868922159,0.9474875997660526
693,FCU_017,FCU,2024-08-05 21:39:20.507726,Filter blockage,1,LOW,1.0387338622453255,1.0387338622453255,2024-08-05 22:41:39.949630,1.0283943185498063,1.1415839586527428,1.1739984572260778
693,FCU_007,FCU,2024-11-06 01:04:36.576230,Filter blockage,1,LOW,1.238955169506336,1.238955169506336,2024-11-06 02:18:56.814840,1.0949640288588687,1.024524499920032,1.121817474097056
693,FCU_031,FCU,2024-12-22 15:58:50.075649,Valve actuator,2,MEDIUM,2.0304659388459467,2.0304659388459467,2024-12-22 18:00:39.753029,1.0126146997857406,0.9139104177350591,0.9254391232858477
693,FCU_012,FCU,2025-03-20 17:07:55.604840,Valve actuator,2,MEDIUM,2.198015151676917,2.198015151676917,2025-03-20 19:19:48.459386,0.9434173412406219,1.0132372301818064,0.9559055737441319
693,FCU_039,FCU,2025-04-05 22:58:52.562008,Fan motor failure,2,MEDIUM,4.528115436466593,4.528115436466593,2025-04-06 03:30:33.777579,1.0480247632673676,0.9646764915883849,1.0110048517265118
694,CHWP_001,CHW_Pump,2023-04-12 23:54:46.714366,Bearing wear,3,HIGH,9.508156355914819,9.508156355914819,2023-04-13 09:25:16.077247,1.0147707993075554,0.9167492358210362,0.9302903547987035
694,HWP_001,HW_Pump,2024-08-21 23:28:57.111129,Seal leakage,2,MEDIUM,4.709252487056566,4.709252487056566,2024-08-22 04:11:30.420082,0.913394130785925,0.933180866269149,0.8523619262119658
694,FCU_014,FCU,2024-11-13 02:51:55.529758,Valve actuator,2,MEDIUM,4.142524529627648,4.142524529627648,2024-11-13 07:00:28.618065,0.9082766067235675,1.0602276824663632,0.9629800017849404
694,FCU_026,FCU,2025-03-26 02:31:21.647921,Coil fouling,1,LOW,1.1410963332747397,1.1410963332747397,2025-03-26 03:39:49.594721,1.0432980530330416,0.9968955005100433,1.0400591347595276
694,HP_002,HeatPump,2025-04-28 00:52:12.334596,Heat exchanger fouling,2,MEDIUM,2.9938523085629627,2.9938523085629627,2025-04-28 03:51:50.202907,1.120249730180805,1.0677056695944334,1.1960969882756798
694,FCU_001,FCU,2025-05-06 01:48:02.305123,Fan motor failure,2,MEDIUM,4.331173153578993,4.331173153578993,2025-05-06 06:07:54.528476,1.085159421664608,1.1277989015206726,1.2238416037281534
694,FCU_036,FCU,2025-05-20 01:38:54.869973,Fan motor failure,2,MEDIUM,4.204701536799204,4.204701536799204,2025-05-20 05:51:11.795505,1.057156913152635,1.0346213830319324,1.0937571475677477
695,HP_002,HeatPump,2024-04-12 20:02:02.316196,Refrigerant leak,3,HIGH,6.646445375888258,6.646445375888258,2024-04-13 02:40:49.519549,0.8655862709061113,1.065704980012457,0.9224595995350545
695,FCU_041,FCU,2025-01-19 09:56:00.127126,Valve actuator,2,MEDIUM,1.738001603458844,1.738001603458844,2025-01-19 11:40:16.932898,1.0576807859885127,0.9480739920514273,1.0027596450882206
695,CHWP_002,CHW_Pump,2025-05-18 05:39:26.429836,Motor overheating,3,HIGH,6.845941402175581,6.845941402175581,2025-05-18 12:30:11.818884,0.8696435745511906,1.0347581797268686,0.8998708022137573
696,FCU_030,FCU,2024-07-30 04:46:48.895090,Filter blockage,1,LOW,0.9117743040609014,0.9117743040609014,2024-07-30 05:41:31.282585,0.8151281254266163,0.9623116333785179,0.7844072777920565
696,FCU_032,FCU,2025-03-10 15:44:22.565057,Thermostat failure,1,LOW,1.7237936662662945,1.7237936662662945,2025-03-10 17:27:48.222256,0.9612651269779187,1.0035740710151904,0.9647007568061637
696,FCU_005,FCU,2025-04-04 01:05:50.322784,Filter blockage,1,LOW,0.9703662749471854,0.9703662749471854,2025-04-04 02:04:03.641374,0.9738950717859614,1.055494942199822,1.0279413225034149
697,FCU_049,FCU,2023-10-10 05:20:08.382124,Thermostat failure,1,LOW,2.5590495902374246,2.5590495902374246,2023-10-10 07:53:40.960649,1.2286124791006272,1.0348748795043656,1.2714601912668215
697,FCU_035,FCU,2023-11-27 17:02:10.278790,Filter blockage,1,LOW,0.9767516634959001,0.9767516634959001,2023-11-27 18:00:46.584779,0.8935858224618345,0.9700431486356287,0.8668168047970358
697,FCU_021,FCU,2024-02-20 01:04:06.823032,Fan motor failure,2,MEDIUM,2.2278197192158773,2.2278197192158773,2024-02-20 03:17:46.974021,1.002686971596445,0.962531022858364,0.9651173163774817
698,HP_002,HeatPump,2024-01-07 08:00:11.925450,Refrigerant leak,3,HIGH,3.850860050540475,3.850860050540475,2024-01-07 11:51:15.021632,0.9292627257014362,0.9386590239909349,0.872260843138066
698,FCU_045,FCU,2025-01-03 13:20:08.665701,Fan motor failure,2,MEDIUM,5.358712361971671,5.358712361971671,2025-01-03 18:41:40.030204,1.0400448717944637,1.0830923329612956,1.1264646265762972
698,FCU_002,FCU,2025-01-25 15:13:15.079374,Thermostat failure,1,LOW,2.571391633849857,2.571391633849857,2025-01-25 17:47:32.089256,0.9257777275363697,1.00809863072345,0.9332752594836815
698,FCU_027,FCU,2025-01-28 18:22:21.821329,Filter blockage,1,LOW,0.5172288185254691,0.5172288185254691,2025-01-28 18:53:23.845076,1.1913089213030654,0.9681905730179676,1.153414067157832
698,FCU_001,FCU,2025-03-18 16:36:47.303853,Fan motor failure,2,MEDIUM,3.9989657593906887,3.9989657593906887,2025-03-18 20:36:43.580587,1.071556600744875,0.9605572004177712,1.0292914085006803
699,HP_002,HeatPump,2024-06-23 21:31:40.261173,Control valve failure,3,HIGH,1.5664067943227726,1.5664067943227726,2024-06-23 23:05:39.325633,1.2654041634000817,1.1305857494374618,1.4306479144189657
699,FCU_009,FCU,2025-02-14 18:09:57.293066,Valve actuator,2,MEDIUM,2.068891073703367,2.068891073703367,2025-02-14 20:14:05.300931,0.9973725304542564,1.0880634612806737,1.0852046076723223
699,FCU_024,FCU,2025-02-25 16:14:56.536228,Fan motor failure,2,MEDIUM,5.612059370735991,5.612059370735991,2025-02-25 21:51:39.949963,1.0738255900661633,0.9991740925839753,1.0729387095478105
700,HP_001,HeatPump,2024-03-18 00:41:06.993488,Refrigerant leak,3,HIGH,7.4150416576558245,7.4150416576558245,2024-03-18 08:06:01.143456,1.1439888869153978,0.9400193648099235,1.0753717068278237
700,FCU_048,FCU,2024-09-14 18:19:48.202663,Filter blockage,1,LOW,0.9165120449336183,0.9165120449336183,2024-09-14 19:14:47.646025,1.020205689191827,0.9179901924100377,0.9365388169190203
700,FCU_042,FCU,2025-01-26 14:52:19.943500,Fan motor failure,2,MEDIUM,4.464053021033911,4.464053021033911,2025-01-26 19:20:10.534376,1.0621369246745156,0.9345424509000337,0.9926120447767464
700,FCU_035,FCU,2025-03-21 03:21:01.295873,Thermostat failure,1,LOW,1.935988006849999,1.935988006849999,2025-03-21 05:17:10.852698,1.0933601985594283,0.9676472524718385,1.0579869920980947
700,FCU_004,FCU,2025-04-26 08:33:19.794124,Filter blockage,1,LOW,1.8566954829184878,1.8566954829184878,2025-04-26 10:24:43.897863,0.9283329501995786,0.9896224321350015,0.9186991120075682
701,FCU_038,FCU,2024-02-01 01:15:48.995537,Fan motor failure,2,MEDIUM,2.699783369839872,2.699783369839872,2024-02-01 03:57:48.215668,1.0936074254276185,0.9224740214343532,1.0088244396046848
701,CHWP_002,CHW_Pump,2024-12-28 06:09:37.076377,Impeller damage,4,CRITICAL,12.064100692150602,12.064100692150602,2024-12-28 18:13:27.838869,1.0757219913791198,1.0953088483179356,1.17824781548774
701,FCU_005,FCU,2025-04-13 02:22:19.481275,Filter blockage,1,LOW,0.9534298333075236,0.9534298333075236,2025-04-13 03:19:31.828675,1.048479808635428,0.9987043228545344,1.0471213173098968
702,FCU_005,FCU,2023-06-08 13:55:26.982377,Coil fouling,1,LOW,2.1822769969342697,2.1822769969342697,2023-06-08 16:06:23.179566,1.0673064652505475,1.1165348488622433,1.1916848628682153
702,FCU_046,FCU,2023-12-01 18:14:01.677334,Valve actuator,2,MEDIUM,4.635366096472213,4.635366096472213,2023-12-01 22:52:08.995281,1.0490639316089312,1.0187882704317055,1.068774028456148
702,CHWP_003,CHW_Pump,2024-05-28 02:58:10.997231,Motor overheating,3,HIGH,7.47478719902738,7.47478719902738,2024-05-28 10:26:40.231147,1.0392532911825216,0.9156806354053642,0.9516241140171273
702,FCU_009,FCU,2024-10-18 17:45:54.440683,Coil fouling,1,LOW,2.883331695012639,2.883331695012639,2024-10-18 20:38:54.434785,1.03968645827483,1.0907340977514939,1.134021471010843
702,FCU_049,FCU,2025-02-01 11:18:30.527384,Fan motor failure,2,MEDIUM,4.1979232300417015,4.1979232300417015,2025-02-01 15:30:23.051012,1.0970239005535478,1.0638278428395798,1.1670445696693423
703,CHWP_001,CHW_Pump,2024-05-28 10:02:56.075090,Impeller damage,4,CRITICAL,13.23543304202476,13.23543304202476,2024-05-28 23:17:03.634041,0.9567981468828118,1.0451409575122548,0.999988931379053
703,HWP_002,HW_Pump,2024-07-31 10:47:44.729696,Bearing wear,3,HIGH,6.446171753525868,6.446171753525868,2024-07-31 17:14:30.948009,1.0745954499579211,1.093738685388845,1.1753266147618109
703,FCU_016,FCU,2024-10-30 09:10:03.047195,Valve actuator,2,MEDIUM,1.738668162067751,1.738668162067751,2024-10-30 10:54:22.252578,1.1985273073358256,1.013431150465249,1.2146249079373626
703,FCU_042,FCU,2025-03-05 04:24:50.936661,Coil fouling,1,LOW,2.351757443205193,2.351757443205193,2025-03-05 06:45:57.263457,1.0336024133442145,0.9366939362994041,0.968169113123956
703,FCU_032,FCU,2025-04-19 01:15:30.370584,Fan motor failure,2,MEDIUM,3.7738811781824606,3.7738811781824606,2025-04-19 05:01:56.342825,0.8903631875212016,1.0739022994646619,0.9561630744377043
704,FCU_023,FCU,2024-07-19 20:12:37.000024,Coil fouling,1,LOW,1.7046502835432673,1.7046502835432673,2024-07-19 21:54:53.741045,0.9297289975956857,1.0647205696090647,0.9899015879021432
704,FCU_029,FCU,2024-08-12 23:19:58.848259,Thermostat failure,1,LOW,2.2698466147837,2.2698466147837,2024-08-13 01:36:10.296072,0.8,1.099534779067055,0.8796278232536441
704,FCU_024,FCU,2025-01-03 01:02:56.204617,Fan motor failure,2,MEDIUM,3.6438458200103563,3.6438458200103563,2025-01-03 04:41:34.049569,0.9138985048714972,0.9282621964630724,0.8483374334763338
704,FCU_035,FCU,2025-02-25 03:16:25.099812,Valve actuator,2,MEDIUM,3.5938906571962086,3.5938906571962086,2025-02-25 06:52:03.106178,1.0279785361779368,0.9062772309231719,0.9316335412157962
704,HWP_001,HW_Pump,2025-05-17 21:55:35.225558,Seal leakage,2,MEDIUM,5.747691475662822,5.747691475662822,2025-05-18 03:40:26.914870,0.9074460020702544,0.9046112478472881,0.8208858602868055
705,FCU_045,FCU,2024-06-26 01:30:23.168978,Filter blockage,1,LOW,1.1784881103303153,1.1784881103303153,2024-06-26 02:41:05.726175,0.9816131305214957,0.9073060800243873,0.8906235615539255
705,FCU_007,FCU,2024-11-30 10:32:06.710638,Fan motor failure,2,MEDIUM,4.725921514243874,4.725921514243874,2024-11-30 15:15:40.028089,1.0006845684105816,1.06631028418117,1.0670402465175988
705,FCU_030,FCU,2024-12-09 23:44:33.876905,Fan motor failure,2,MEDIUM,4.537186787089955,4.537186787089955,2024-12-10 04:16:47.749339,1.0180920672893732,0.9979223473342829,1.015976825591824
705,HP_002,HeatPump,2025-01-18 12:54:41.195863,Sensor malfunction,1,LOW,2.7082618325286356,2.7082618325286356,2025-01-18 15:37:10.938460,1.0365109111144757,1.1341842015998926,1.1755943001719489
705,FCU_025,FCU,2025-04-01 06:59:09.306493,Fan motor failure,2,MEDIUM,4.755900244494929,4.755900244494929,2025-04-01 11:44:30.547373,1.0150645036608288,0.933756051803999,0.9478226232647214
706,FCU_018,FCU,2024-07-19 02:04:00.612882,Thermostat failure,1,LOW,1.9205150719992579,1.9205150719992579,2024-07-19 03:59:14.467141,1.0411155103915561,0.924366892320101,0.9623727088868986
707,FCU_025,FCU,2024-05-13 09:03:31.386119,Valve actuator,2,MEDIUM,4.498591081313986,4.498591081313986,2024-05-13 13:33:26.314012,0.8206200426486536,1.11399872785936,0.9141696835664939
707,FCU_049,FCU,2024-05-20 23:54:42.891869,Valve actuator,2,MEDIUM,2.6653461611700013,2.6653461611700013,2024-05-21 02:34:38.138049,1.0729636928992674,0.9515099613488751,1.0209356419593283
707,FCU_017,FCU,2024-10-21 10:28:29.670142,Fan motor failure,2,MEDIUM,4.911635416455872,4.911635416455872,2024-10-21 15:23:11.557641,0.8545044932744108,1.012954728468602,0.8655743669599811
707,FCU_019,FCU,2025-02-01 18:04:30.950479,Fan motor failure,2,MEDIUM,2.4574777928433917,2.4574777928433917,2025-02-01 20:31:57.870533,0.9478107497193274,1.0352804376137237,0.9812499277444169
707,FCU_028,FCU,2025-03-24 13:51:01.354673,Filter blockage,1,LOW,1.262336743153341,1.262336743153341,2025-03-24 15:06:45.766948,0.8603223701337848,0.9531663041460963,0.8200302939146294
708,CHWP_002,CHW_Pump,2024-08-24 10:19:53.840391,Bearing wear,3,HIGH,9.932681501819738,9.932681501819738,2024-08-24 20:15:51.493798,0.87583771046512,1.0395116759403937,0.9104435262573942
709,FCU_006,FCU,2023-11-18 10:31:18.606790,Filter blockage,1,LOW,0.898744153780563,0.898744153780563,2023-11-18 11:25:14.085744,0.8966510655460077,1.0688308318735618,0.958368304287855
709,FCU_021,FCU,2024-07-05 23:58:34.844682,Valve actuator,2,MEDIUM,3.2529726784643,3.2529726784643,2024-07-06 03:13:45.546324,0.9565057444396277,1.0176665485087801,0.9734038995726972
709,FCU_008,FCU,2025-05-08 20:32:22.376510,Coil fouling,1,LOW,2.151905469203651,2.151905469203651,2025-05-08 22:41:29.236199,1.0098726237863553,0.959082306849877,0.9685509656455557
710,FCU_033,FCU,2024-05-17 13:21:48.032738,Valve actuator,2,MEDIUM,2.306821651894634,2.306821651894634,2024-05-17 15:40:12.590685,0.9756817782110427,1.0077980313983572,0.9832901753523374
710,FCU_009,FCU,2024-05-24 14:00:33.492525,Coil fouling,1,LOW,1.9255382755763268,1.9255382755763268,2024-05-24 15:56:05.430317,1.0447657539909954,1.0637794991318263,1.111400390490626
710,FCU_018,FCU,2024-06-23 17:01:10.744525,Fan motor failure,2,MEDIUM,3.6926286960162593,3.6926286960162593,2024-06-23 20:42:44.207831,1.0149819762196697,1.1319003201373459,1.1488584238166801
710,FCU_014,FCU,2025-01-15 15:48:27.367819,Coil fouling,1,LOW,1.7715782213844076,1.7715782213844076,2025-01-15 17:34:45.049416,0.8610799385710375,1.0674386063421641,0.9191499695774645
710,FCU_036,FCU,2025-03-28 21:27:27.601370,Fan motor failure,2,MEDIUM,3.641368266563109,3.641368266563109,2025-03-29 01:05:56.527130,0.8679752931579968,1.1230581103565807,0.974786692570219
710,FCU_027,FCU,2025-05-08 05:59:29.113986,Filter blockage,1,LOW,1.8508316797325985,1.8508316797325985,2025-05-08 07:50:32.108033,0.9951604575242444,1.1063128871621328,1.1009588389532359
711,FCU_047,FCU,2024-04-28 17:07:30.359890,Coil fouling,1,LOW,2.015415143896233,2.015415143896233,2024-04-28 19:08:25.854408,0.9629997545103894,1.109294668050636,1.0682504930124463
711,FCU_031,FCU,2025-04-02 08:35:41.972993,Valve actuator,2,MEDIUM,2.128163391271367,2.128163391271367,2025-04-02 10:43:23.361202,0.9547333201647062,0.9431206574943527,0.9004287166455041
711,FCU_001,FCU,2025-05-12 20:32:37.240471,Filter blockage,1,LOW,2.0299953343671375,2.0299953343671375,2025-05-12 22:34:25.223675,1.1751024667955012,1.081864911078328,1.271302125747639
712,CHWP_002,CHW_Pump,2024-07-04 03:28:32.828833,Impeller damage,4,CRITICAL,8.678664796575543,8.678664796575543,2024-07-04 12:09:16.022101,1.0467066816320716,0.9529476633779104,0.997456686503329
712,FCU_017,FCU,2024-07-21 22:31:53.053329,Valve actuator,2,MEDIUM,3.9114929577478423,3.9114929577478423,2024-07-22 02:26:34.427977,0.8743391991722669,1.0822333641654802,0.9462390529419542
712,FCU_033,FCU,2024-12-01 03:25:46.646686,Filter blockage,1,LOW,1.746726896480324,1.746726896480324,2024-12-01 05:10:34.863513,1.0983732504688926,1.0512091482770787,1.154620009115731
712,FCU_024,FCU,2025-05-02 04:01:47.021154,Fan motor failure,2,MEDIUM,2.389880137064743,2.389880137064743,2025-05-02 06:25:10.589647,1.1210185639534265,0.9572124558760711,1.0730529326845257
713,FCU_050,FCU,2024-03-07 02:49:21.419668,Fan motor failure,2,MEDIUM,5.975815735005379,5.975815735005379,2024-03-07 08:47:54.356314,1.0629532489424358,0.9455612109148398,1.0050873612158728
713,CHWP_001,CHW_Pump,2024-05-04 05:09:12.305897,Motor overheating,3,HIGH,7.61462437669408,7.61462437669408,2024-05-04 12:46:04.953653,1.0261598407202774,0.9880116118590109,1.0138578382550272
713,HWP_002,HW_Pump,2024-06-01 06:32:30.916096,Seal leakage,2,MEDIUM,3.3441088373092303,3.3441088373092303,2024-06-01 09:53:09.707910,0.9319696789846525,1.1164965032271321,1.0405408877000775
713,CHWP_003,CHW_Pump,2024-11-05 07:51:39.994070,Bearing wear,3,HIGH,6.638845074861654,6.638845074861654,2024-11-05 14:29:59.836340,0.8880063219361544,1.066292809114473,0.9468747555287131
713,FCU_047,FCU,2024-12-12 11:35:29.819455,Coil fouling,1,LOW,3.133256303664534,3.133256303664534,2024-12-12 14:43:29.542148,0.8,1.1390416445213452,0.9112333156170762
713,FCU_039,FCU,2024-12-25 18:12:46.806646,Coil fouling,1,LOW,1.5574116702997212,1.5574116702997212,2024-12-25 19:46:13.488659,0.9449242380235942,1.0020239149637915,0.9468366843285794
713,FCU_037,FCU,2025-03-14 06:48:06.484805,Coil fouling,1,LOW,2.50491845917939,2.50491845917939,2025-03-14 09:18:24.191258,1.0783814118639865,1.0691001523312813,1.1528977316950102
713,FCU_025,FCU,2025-04-30 23:57:06.978902,Filter blockage,1,LOW,1.2787197938044785,1.2787197938044785,2025-05-01 01:13:50.370160,1.0498420660337837,0.9584655884488708,1.0062374935994487
714,FCU_022,FCU,2024-04-10 19:54:49.795194,Thermostat failure,1,LOW,1.9681980155738854,1.9681980155738854,2024-04-10 21:52:55.308050,0.9990513064282074,1.1372753830381408,1.1361964571928946
714,FCU_048,FCU,2024-08-26 11:43:33.854185,Coil fouling,1,LOW,2.2350276825258373,2.2350276825258373,2024-08-26 13:57:39.953842,1.083137078692313,1.035035302122283,1.121085113484145
714,FCU_045,FCU,2024-12-02 03:03:52.826391,Fan motor failure,2,MEDIUM,2.939501616659368,2.939501616659368,2024-12-02 06:00:15.032211,1.09751281195617,0.9469527759431484,1.0392928039150657
714,CHWP_002,CHW_Pump,2025-02-04 11:37:14.351973,Motor overheating,3,HIGH,5.323676455804272,5.323676455804272,2025-02-04 16:56:39.587214,1.0838640840906038,1.0987966320334235,1.1909462051807467
714,FCU_040,FCU,2025-05-24 21:40:14.574329,Fan motor failure,2,MEDIUM,7.895286856066997,7.895286856066997,2025-05-25 05:33:57.607011,1.0601737582875967,0.9907851332646646,1.0504043983886768
715,FCU_013,FCU,2023-12-07 17:42:49.030407,Thermostat failure,1,LOW,2.7520069445334276,2.7520069445334276,2023-12-07 20:27:56.255407,0.9669134217521097,0.9244698211396998,0.893882278064748
715,FCU_018,FCU,2025-01-22 04:52:53.001386,Fan motor failure,2,MEDIUM,4.364273706831758,4.364273706831758,2025-01-22 09:14:44.386731,1.2313967080917998,0.908699768254243,1.1189699032720561
715,FCU_009,FCU,2025-04-18 19:55:38.715462,Fan motor failure,2,MEDIUM,4.801989869236754,4.801989869236754,2025-04-19 00:43:45.878991,1.0383067380481104,0.9885156328261718,1.026382442229306
715,FCU_026,FCU,2025-05-13 15:21:25.957119,Filter blockage,1,LOW,0.775653725097872,0.775653725097872,2025-05-13 16:07:58.310529,1.0283509269110658,0.9365222069314894,0.963073479570794
716,FCU_008,FCU,2024-08-17 20:55:10.036196,Filter blockage,1,LOW,0.9411226379358438,0.9411226379358438,2024-08-17 21:51:38.077693,0.9044598513189865,1.1013227082660353,0.9961021729725219
716,FCU_045,FCU,2024-10-08 13:51:51.427702,Coil fouling,1,LOW,2.63868153350024,2.63868153350024,2024-10-08 16:30:10.681223,0.8433780698700375,1.0900510571919626,0.9193251566743512
716,FCU_044,FCU,2025-02-13 11:37:38.635203,Filter blockage,1,LOW,1.140701401052771,1.140701401052771,2025-02-13 12:46:05.160247,0.8788972513724993,0.9996063237214998,0.878551250373395
716,CHWP_003,CHW_Pump,2025-05-10 13:23:08.862939,VFD malfunction,2,MEDIUM,1.7555231465476269,1.7555231465476269,2025-05-10 15:08:28.746267,1.0305894058014713,1.1198426120155283,1.1540979321082507
717,FCU_038,FCU,2024-04-08 23:25:58.831246,Filter blockage,1,LOW,1.6424309219963886,1.6424309219963886,2024-04-09 01:04:31.582565,0.8842225192425858,0.9881187929086258,0.873716888376608
717,FCU_041,FCU,2025-01-10 22:11:38.252324,Coil fouling,1,LOW,2.8748321793894847,2.8748321793894847,2025-01-11 01:04:07.648170,1.0173337587554492,0.9837034738506307,1.000754752553255
717,FCU_008,FCU,2025-04-16 03:43:05.539688,Filter blockage,1,LOW,0.7745059057470195,0.7745059057470195,2025-04-16 04:29:33.760949,0.9131292099988572,1.1376871479606474,1.0388553666431588
718,FCU_024,FCU,2024-06-30 16:09:56.430625,Coil fouling,1,LOW,1.442959167418302,1.442959167418302,2024-06-30 17:36:31.083628,0.9704385363444659,0.9541722204849756,0.9259654930679887
718,FCU_015,FCU,2024-11-05 16:38:22.680181,Coil fouling,1,LOW,1.0595617256221073,1.0595617256221073,2024-11-05 17:41:57.102393,1.1854197151326242,1.0676134178288712,1.2655699936344678
718,FCU_030,FCU,2025-01-25 23:33:59.260966,Fan motor failure,2,MEDIUM,4.23542578644324,4.23542578644324,2025-01-26 03:48:06.793797,0.8223517679391462,1.118053777571955,0.9194335006373382
718,FCU_025,FCU,2025-04-27 22:02:54.167103,Valve actuator,2,MEDIUM,3.0717738868318594,3.0717738868318594,2025-04-28 01:07:12.553096,1.0821334652332766,1.1082442108930672,1.199268148258433
718,FCU_044,FCU,2025-05-12 16:44:51.786628,Coil fouling,1,LOW,2.8099086109563123,2.8099086109563123,2025-05-12 19:33:27.457627,1.02477271514702,0.9926821894639506,1.0172736225750612
719,FCU_004,FCU,2024-06-14 02:03:10.354868,Fan motor failure,2,MEDIUM,3.9141180767357686,3.9141180767357686,2024-06-14 05:58:01.179944,0.8679078423288804,1.109723415168638,0.9631376548408489
719,CT_001,CoolingTower,2024-08-13 15:57:25.181192,Fan motor failure,4,CRITICAL,11.631842680446098,11.631842680446098,2024-08-14 03:35:19.814842,1.0265015225742227,1.1442019882849919,1.174525083106997
720,FCU_021,FCU,2024-01-05 01:33:28.265953,Filter blockage,1,LOW,0.9333679171893041,0.9333679171893041,2024-01-05 02:29:28.390455,1.1282362887133284,1.0711968078608194,1.208563110982455
720,FCU_025,FCU,2024-11-22 00:43:22.234190,Filter blockage,1,LOW,1.1315997367178916,1.1315997367178916,2024-11-22 01:51:15.993242,1.0961683410528227,1.0327727154692146,1.1320927542005077
720,FCU_016,FCU,2024-12-25 03:04:23.728293,Thermostat failure,1,LOW,1.8117105273286238,1.8117105273286238,2024-12-25 04:53:05.886191,0.9051122302675678,0.9493703293962665,0.8592866961897103
720,FCU_033,FCU,2025-01-01 23:06:59.602738,Valve actuator,2,MEDIUM,3.59277120680027,3.59277120680027,2025-01-02 02:42:33.579082,1.0296478976383001,1.0552446160416324,1.086530400401402
721,FCU_005,FCU,2024-06-03 09:48:54.259460,Filter blockage,1,LOW,0.5627264230918152,0.5627264230918152,2024-06-03 10:22:40.074583,0.9360886728955825,0.9130039797686574,0.8546526837700278
721,FCU_020,FCU,2025-04-01 17:01:03.386055,Coil fouling,1,LOW,1.664020241670997,1.664020241670997,2025-04-01 18:40:53.858925,1.0483939786724494,1.0878616337610174,1.140507586463824
721,CHWP_001,CHW_Pump,2025-04-02 02:10:26.328307,Bearing wear,3,HIGH,9.455941739358133,9.455941739358133,2025-04-02 11:37:47.718569,1.041151989695789,1.0915083212312058,1.1364260604193803
721,FCU_048,FCU,2025-05-27 14:08:41.551570,Fan motor failure,2,MEDIUM,3.8300880975953198,3.8300880975953198,2025-05-27 17:58:29.868721,1.0791742524890198,1.1450524126718942,1.23571108150594
722,FCU_046,FCU,2024-12-04 08:42:53.877260,Valve actuator,2,MEDIUM,1.1885742357890674,1.1885742357890674,2024-12-04 09:54:12.744509,0.8493796422529972,1.0412196318701887,0.8843907584246984
722,FCU_017,FCU,2024-12-30 13:51:53.204836,Thermostat failure,1,LOW,2.405725762507115,2.405725762507115,2024-12-30 16:16:13.817581,0.9839912554844633,1.0775838540842702,1.0603330894701677
722,FCU_004,FCU,2025-01-06 15:20:33.725954,Filter blockage,1,LOW,1.139780874531341,1.139780874531341,2025-01-06 16:28:56.937102,0.9585315754855103,1.0164042806743434,0.9742555964849952
722,FCU_019,FCU,2025-01-29 05:11:08.881102,Filter blockage,1,LOW,1.372108135485155,1.372108135485155,2025-01-29 06:33:28.470390,1.0505895007040587,1.1263869605580523,1.1833703144922465
722,FCU_023,FCU,2025-02-17 11:38:18.021340,Fan motor failure,2,MEDIUM,2.9313568683485762,2.9313568683485762,2025-02-17 14:34:10.906066,0.9358436995733026,1.0003099677370728,0.9361337809271132
723,HP_001,HeatPump,2025-03-18 16:06:01.220168,Heat exchanger fouling,2,MEDIUM,3.6201269807319134,3.6201269807319134,2025-03-18 19:43:13.677299,0.9572321455577517,1.1375706023966785,1.0889191484555967
724,CHWP_001,CHW_Pump,2024-04-01 16:59:52.512368,VFD malfunction,2,MEDIUM,3.1684798832953547,3.1684798832953547,2024-04-01 20:09:59.039948,1.0996689700334858,1.131504131148659,1.2442799824888802
724,FCU_005,FCU,2024-07-16 05:20:48.109184,Thermostat failure,1,LOW,1.582428626457801,1.582428626457801,2024-07-16 06:55:44.852239,0.9966563929317075,1.022904311445808,1.0194841213598709
724,FCU_012,FCU,2024-11-27 00:05:44.772209,Coil fouling,1,LOW,2.5714741220146085,2.5714741220146085,2024-11-27 02:40:02.079048,1.2635887480205583,1.1364067784512355,1.4359508184252727
724,FCU_013,FCU,2025-05-01 00:57:32.716603,Fan motor failure,2,MEDIUM,3.9586750709551213,3.9586750709551213,2025-05-01 04:55:03.946858,0.9687951324293949,0.9775356914056332,0.9470318196097806
725,FCU_044,FCU,2023-09-03 08:29:45.304183,Thermostat failure,1,LOW,2.2132485126300456,2.2132485126300456,2023-09-03 10:42:32.998828,1.045020201511473,0.9393308538077503,0.9816197181321191
725,FCU_002,FCU,2024-11-13 21:19:16.755087,Fan motor failure,2,MEDIUM,5.692235858005574,5.692235858005574,2024-11-14 03:00:48.804176,0.9801149922603447,0.9070901106372449,0.8890526167666585
725,FCU_031,FCU,2024-11-24 06:30:08.292805,Filter blockage,1,LOW,1.3061478555202906,1.3061478555202906,2024-11-24 07:48:30.425085,0.9417649391039106,1.0255877472890944,0.9658625823714309
725,CT_001,CoolingTower,2024-12-31 21:07:09.462284,Water distribution system,3,HIGH,8.698622789958959,8.698622789958959,2025-01-01 05:49:04.504328,0.9432872186032576,0.9679884036325361,0.9130910889027425
725,HWP_002,HW_Pump,2025-04-30 09:31:54.401275,Bearing wear,3,HIGH,15.127693238067785,15.127693238067785,2025-05-01 00:39:34.096932,0.9046667525991338,0.9071272438132328,0.82064785785472
725,FCU_001,FCU,2025-05-07 10:45:43.076876,Thermostat failure,1,LOW,1.1071139985322647,1.1071139985322647,2025-05-07 11:52:08.687271,0.9645033634431508,1.0085460824766297,0.9727460887361227
726,HP_001,HeatPump,2024-02-05 10:54:03.254188,Heat exchanger fouling,2,MEDIUM,3.1179467493900197,3.1179467493900197,2024-02-05 14:01:07.862486,0.8812977108411304,1.0996807436428833,0.969146122028545
726,HWP_001,HW_Pump,2024-08-17 03:13:02.329852,Bearing wear,3,HIGH,7.899607871813733,7.899607871813733,2024-08-17 11:07:00.918191,0.9322593468620659,0.9657761974765201,0.9003538870743902
726,FCU_043,FCU,2024-09-07 10:28:56.203237,Fan motor failure,2,MEDIUM,4.294872450199334,4.294872450199334,2024-09-07 14:46:37.744058,1.1860170060272683,0.9710637897523069,1.1516981685835237
726,CHWP_002,CHW_Pump,2024-11-08 05:53:47.966894,Seal leakage,2,MEDIUM,3.927005237957331,3.927005237957331,2024-11-08 09:49:25.185751,1.157293644372777,1.1081195476321695,1.2824197096799466
726,FCU_029,FCU,2024-11-29 02:36:48.408845,Filter blockage,1,LOW,1.7990326989136929,1.7990326989136929,2024-11-29 04:24:44.926561,1.0789933634502604,0.9636625036857975,1.0397854460828377
726,FCU_001,FCU,2024-12-16 18:40:45.030610,Fan motor failure,2,MEDIUM,4.472373176788387,4.472373176788387,2024-12-16 23:09:05.574046,1.1183475509417662,1.1446647387207836,1.280133007197785
726,FCU_005,FCU,2025-02-04 12:25:04.307041,Thermostat failure,1,LOW,1.465652113939757,1.465652113939757,2025-02-04 13:53:00.654651,1.026288668859908,0.9460654361450377,0.970936237115659
726,FCU_023,FCU,2025-04-03 16:05:13.352590,Fan motor failure,2,MEDIUM,4.539095115354578,4.539095115354578,2025-04-03 20:37:34.095005,0.999945622076984,0.9913256346339351,0.9912717284048912
727,FCU_017,FCU,2024-06-20 11:22:26.186382,Coil fouling,1,LOW,1.8322090045410244,1.8322090045410244,2024-06-20 13:12:22.138798,0.8,0.9038190442321684,0.7230552353857348
727,FCU_002,FCU,2024-12-26 08:12:20.307136,Fan motor failure,2,MEDIUM,4.33627016834446,4.33627016834446,2024-12-26 12:32:30.879742,0.9179606168004104,1.0645002156638854,0.9771692745549901
727,FCU_020,FCU,2025-02-23 15:40:12.036766,Filter blockage,1,LOW,1.0907259671967313,1.0907259671967313,2025-02-23 16:45:38.650248,1.0661063001404378,1.0708115461097687,1.1415989355707474
727,FCU_044,FCU,2025-04-07 13:53:54.902415,Valve actuator,2,MEDIUM,2.3946097581263506,2.3946097581263506,2025-04-07 16:17:35.497544,1.0550578116216627,1.036257602640542,1.0933116785182406
727,FCU_047,FCU,2025-05-12 14:18:01.600733,Filter blockage,1,LOW,1.0922594756629869,1.0922594756629869,2025-05-12 15:23:33.734845,1.069072230401668,0.9392856029054759,1.0041641544823325
727,FCU_042,FCU,2025-05-22 10:43:50.102406,Fan motor failure,2,MEDIUM,3.850300543355954,3.850300543355954,2025-05-22 14:34:51.184362,0.9936410388927491,0.9237213564898865,0.9178474483100303
728,FCU_042,FCU,2023-09-11 02:46:15.952765,Fan motor failure,2,MEDIUM,2.65269221416358,2.65269221416358,2023-09-11 05:25:25.644736,0.9478185200725693,1.0717660347128506,1.01583969688558
728,FCU_017,FCU,2023-12-22 20:35:29.393948,Fan motor failure,2,MEDIUM,3.077690095871804,3.077690095871804,2023-12-22 23:40:09.078293,0.8775730716252614,0.9879875592561276,0.8670312771039449
728,FCU_050,FCU,2024-07-19 20:58:30.834147,Valve actuator,2,MEDIUM,2.6053671557919706,2.6053671557919706,2024-07-19 23:34:50.155908,0.9505347003590466,1.0204396653987842,0.9699633115843191
728,FCU_027,FCU,2024-07-21 13:03:13.131659,Fan motor failure,2,MEDIUM,2.412096673060626,2.412096673060626,2024-07-21 15:27:56.679682,1.0387284972307744,1.0422166072743493,1.0825800902630411
728,FCU_037,FCU,2025-01-25 19:54:33.078678,Valve actuator,2,MEDIUM,4.608304683270328,4.608304683270328,2025-01-26 00:31:02.975538,1.134126550379887,0.9014885493561613,1.0224020986882716
728,HP_001,HeatPump,2025-03-10 21:46:28.452319,Refrigerant leak,3,HIGH,4.920821170530954,4.920821170530954,2025-03-11 02:41:43.408533,0.8717823530005826,0.9728216155125028,0.8480887170213177
729,HP_002,HeatPump,2024-07-08 16:29:29.210375,Heat exchanger fouling,2,MEDIUM,3.2315353978564123,3.2315353978564123,2024-07-08 19:43:22.737807,1.0024303782441402,1.0832923904756182,1.0859252007334728
729,FCU_005,FCU,2025-05-17 07:45:26.299762,Fan motor failure,2,MEDIUM,2.679567082934543,2.679567082934543,2025-05-17 10:26:12.741261,1.061875254549886,0.9785819630456463,1.0391319711070228
730,FCU_016,FCU,2024-03-13 20:57:04.309885,Fan motor failure,2,MEDIUM,4.753151940996074,4.753151940996074,2024-03-14 01:42:15.656873,0.8478378985798956,1.0485607288363652,0.8890095248700276
730,FCU_009,FCU,2024-07-14 09:05:56.737092,Fan motor failure,2,MEDIUM,3.634347641656525,3.634347641656525,2024-07-14 12:44:00.388602,0.8,1.014390758953003,0.8115126071624025
730,FCU_004,FCU,2024-07-26 10:15:51.987953,Fan motor failure,2,MEDIUM,3.693538026237367,3.693538026237367,2024-07-26 13:57:28.724847,1.1060342875829121,0.9043891098332937,1.000285364792211
731,FCU_047,FCU,2024-03-12 21:10:58.235913,Coil fouling,1,LOW,2.3042748470435477,2.3042748470435477,2024-03-12 23:29:13.625362,1.0331424490899161,0.9905250280748465,1.023353453390105
731,HP_002,HeatPump,2024-05-19 04:15:47.966678,Compressor degradation,4,CRITICAL,11.391588299212122,11.391588299212122,2024-05-19 15:39:17.684555,0.9295502956108147,1.0514284302303891,0.977355608134273
731,FCU_024,FCU,2024-06-02 03:12:22.036467,Valve actuator,2,MEDIUM,2.9775234312262104,2.9775234312262104,2024-06-02 06:11:01.120819,1.0869629465892334,1.0662361902602078,1.1589592311253138
731,FCU_037,FCU,2025-01-16 21:40:13.065744,Coil fouling,1,LOW,2.285101875363894,2.285101875363894,2025-01-16 23:57:19.432495,1.1026550427462487,0.999786514080014,1.1024196414200207
731,FCU_038,FCU,2025-02-25 15:26:50.492387,Filter blockage,1,LOW,1.2231552738026172,1.2231552738026172,2025-02-25 16:40:13.851373,1.110584986738019,1.1464065230406963,1.2731818731875304
731,FCU_013,FCU,2025-05-02 09:13:55.307755,Fan motor failure,2,MEDIUM,3.3148144914293383,3.3148144914293383,2025-05-02 12:32:48.639924,1.1053834246841623,0.9828930234472206,1.0864736563562594
731,FCU_035,FCU,2025-05-22 05:26:56.826444,Fan motor failure,2,MEDIUM,3.8550623756021793,3.8550623756021793,2025-05-22 09:18:15.050996,0.8717223186982982,1.0967773802126755,0.9560853209748384
732,FCU_031,FCU,2023-12-01 07:37:03.593624,Fan motor failure,2,MEDIUM,3.745991593556569,3.745991593556569,2023-12-01 11:21:49.163361,1.210503095744609,0.9467038347120993,1.1459879226722889
732,FCU_008,FCU,2024-07-12 22:29:42.865385,Filter blockage,1,LOW,0.6274577312798112,0.6274577312798112,2024-07-12 23:07:21.713218,0.943888951098936,0.9645996093210734,0.9104749134725114
732,FCU_016,FCU,2025-03-22 10:29:27.088628,Filter blockage,1,LOW,1.2314747357362865,1.2314747357362865,2025-03-22 11:43:20.397677,1.0128788413615848,0.9874032638157387,1.0001198738103327
732,FCU_005,FCU,2025-05-11 22:09:00.802157,Coil fouling,1,LOW,1.6098246559757579,1.6098246559757579,2025-05-11 23:45:36.170919,1.0254292245747276,0.9680104476768976,0.992626202741556
733,FCU_018,FCU,2024-09-17 13:27:06.987754,Filter blockage,1,LOW,0.8616040431665917,0.8616040431665917,2024-09-17 14:18:48.762309,0.8650636998370556,1.0779207880121864,0.9324701450090964
734,FCU_035,FCU,2023-12-19 05:43:31.852642,Thermostat failure,1,LOW,2.1050436199223137,2.1050436199223137,2023-12-19 07:49:50.009674,0.9024525896727911,0.9022298046437446,0.8142196236807236
734,FCU_014,FCU,2024-04-06 09:49:24.317878,Filter blockage,1,LOW,1.6211196083424455,1.6211196083424455,2024-04-06 11:26:40.348468,1.0023004617993505,0.9181306046543866,0.9202427290372086
734,FCU_017,FCU,2024-05-04 04:13:04.325821,Filter blockage,1,LOW,1.294864017182676,1.294864017182676,2024-05-04 05:30:45.836283,1.1204985193658445,0.9754925184058745,1.0930379225262412
734,FCU_045,FCU,2024-12-03 20:33:00.914214,Valve actuator,2,MEDIUM,2.288114602036117,2.288114602036117,2024-12-03 22:50:18.126781,0.9678264316093287,0.9966468675773903,0.9645811814220407
734,FCU_049,FCU,2025-01-15 07:23:27.674508,Valve actuator,2,MEDIUM,4.457990189361957,4.457990189361957,2025-01-15 11:50:56.439190,0.9679211949191406,1.0354391925910622,1.002223540558851
735,CT_001,CoolingTower,2024-07-06 12:10:24.742364,Fan motor failure,4,CRITICAL,12.904689479995833,12.904689479995833,2024-07-07 01:04:41.624492,0.8866030102012026,1.0887526978521578,0.9652914192804035
735,FCU_050,FCU,2024-10-03 19:46:14.970603,Thermostat failure,1,LOW,2.2953608935650682,2.2953608935650682,2024-10-03 22:03:58.269820,0.8346042221750395,1.0552001167329086,0.8806744726648801
736,FCU_047,FCU,2023-08-22 12:24:21.025783,Coil fouling,1,LOW,2.894805926586143,2.894805926586143,2023-08-22 15:18:02.327119,0.9201042639538786,0.9535867184085731,0.8773992056575146
736,FCU_003,FCU,2024-03-18 05:43:24.697417,Filter blockage,1,LOW,1.4058510734508054,1.4058510734508054,2024-03-18 07:07:45.761281,0.9567935867162646,0.9003713850183903,0.8614695668484365
736,FCU_029,FCU,2024-06-18 19:40:14.007508,Fan motor failure,2,MEDIUM,2.7419777515729247,2.7419777515729247,2024-06-18 22:24:45.127414,1.1393235073307986,0.9638542338370004,1.098141786250811
736,FCU_040,FCU,2025-01-22 12:37:08.534505,Fan motor failure,2,MEDIUM,5.261013508496289,5.261013508496289,2025-01-22 17:52:48.183136,0.9074464231510002,0.91871630128783,0.8336858214941579
736,FCU_005,FCU,2025-03-09 07:09:48.256875,Fan motor failure,2,MEDIUM,4.017713141095823,4.017713141095823,2025-03-09 11:10:52.024183,0.9377431230058038,0.9571746465631102,0.8975839423300674
736,HWP_002,HW_Pump,2025-03-11 23:00:11.935973,Bearing wear,3,HIGH,10.013515090714378,10.013515090714378,2025-03-12 09:01:00.590300,0.9233177140838877,1.1325108350482966,1.0456673153920282
736,FCU_044,FCU,2025-05-11 10:04:41.439650,Fan motor failure,2,MEDIUM,3.9272853320664587,3.9272853320664587,2025-05-11 14:00:19.666845,0.8714630745295632,0.9259260787969043,0.8069103874154527
737,FCU_044,FCU,2024-10-15 13:44:07.754147,Fan motor failure,2,MEDIUM,2.8507744866146356,2.8507744866146356,2024-10-15 16:35:10.542299,0.9529980077948682,0.9514917697505956,0.906769761005531
737,FCU_023,FCU,2024-11-17 22:44:37.275858,Coil fouling,1,LOW,1.9443297097262535,1.9443297097262535,2024-11-18 00:41:16.862813,1.0334405953274926,0.9558809062875677,0.9878461328560071
737,FCU_003,FCU,2024-11-22 19:30:35.412463,Thermostat failure,1,LOW,1.6699275045367168,1.6699275045367168,2024-11-22 21:10:47.151479,0.9031253846390431,1.0622910207468623,0.9593819867106118
737,FCU_037,FCU,2025-03-08 04:16:16.063355,Fan motor failure,2,MEDIUM,3.5590433902519263,3.5590433902519263,2025-03-08 07:49:48.619560,0.9834490489006675,0.9693829839963946,0.9533387736317452
737,FCU_024,FCU,2025-04-22 01:41:27.118587,Valve actuator,2,MEDIUM,3.13166276223625,3.13166276223625,2025-04-22 04:49:21.104531,1.0006645703018864,0.9669514629931608,0.9675940702188317
737,FCU_049,FCU,2025-05-29 05:36:27.575020,Fan motor failure,2,MEDIUM,3.8349986715434143,3.8349986715434143,2025-05-29 09:26:33.570238,1.0723349751468638,1.049825050808741,1.1257641197675463
738,FCU_019,FCU,2024-05-14 05:27:32.199834,Filter blockage,1,LOW,1.1862923050857024,1.1862923050857024,2024-05-14 06:38:42.852132,1.0839056556064124,0.955981558948263,1.0361938183994572
738,FCU_038,FCU,2024-11-02 13:12:25.561973,Valve actuator,2,MEDIUM,5.374461011736974,5.374461011736974,2024-11-02 18:34:53.621615,1.0400713617243782,1.0888153777257152,1.1324456925776278
738,FCU_045,FCU,2024-11-09 09:59:50.045012,Fan motor failure,2,MEDIUM,2.9658699211050057,2.9658699211050057,2024-11-09 12:57:47.176728,1.0830666027598221,0.9476580782166799,1.0263768153520414
738,FCU_012,FCU,2025-02-03 12:53:43.149366,Fan motor failure,2,MEDIUM,3.1855535588593606,3.1855535588593606,2025-02-03 16:04:51.142178,1.0226359862896244,0.957033229851159,0.9786966209207848
738,FCU_027,FCU,2025-05-02 22:27:42.348882,Fan motor failure,2,MEDIUM,4.917309893550281,4.917309893550281,2025-05-03 03:22:44.664499,0.8196097973035698,0.9562084478009882,0.783717812082129
738,FCU_021,FCU,2025-05-03 11:56:29.794204,Coil fouling,1,LOW,1.3259440466664993,1.3259440466664993,2025-05-03 13:16:03.192772,0.8287179965248893,1.004224236053755,0.8322186969642054
739,FCU_004,FCU,2024-04-15 12:52:36.169691,Filter blockage,1,LOW,0.8894304158125295,0.8894304158125295,2024-04-15 13:45:58.119188,1.1343241137071873,1.1365976805044566,1.2892701565798625
739,FCU_018,FCU,2024-08-19 13:15:27.907775,Fan motor failure,2,MEDIUM,4.820986062056524,4.820986062056524,2024-08-19 18:04:43.457598,0.9715498029256122,0.9908651817728706,0.9626748720772834
739,FCU_024,FCU,2024-10-11 09:01:02.380815,Filter blockage,1,LOW,0.9493133179112101,0.9493133179112101,2024-10-11 09:57:59.908759,1.0600662500213782,1.0138232016493918,1.0747197595571383
739,FCU_042,FCU,2025-01-10 02:17:45.186657,Fan motor failure,2,MEDIUM,3.5706957853156043,3.5706957853156043,2025-01-10 05:51:59.691484,0.9614584273980137,0.9248352608399306,0.8891906554893915
739,FCU_001,FCU,2025-04-30 13:52:14.979844,Valve actuator,2,MEDIUM,5.240699444720822,5.240699444720822,2025-04-30 19:06:41.497845,1.0164127986412463,0.9158920000810402,0.9309243510554988
740,FCU_016,FCU,2024-08-25 07:26:57.526868,Fan motor failure,2,MEDIUM,4.8427922277252025,4.8427922277252025,2024-08-25 12:17:31.578888,0.9691845794518238,0.9504502336365357,0.9211617099769135
740,FCU_028,FCU,2025-03-22 07:26:58.408275,Fan motor failure,2,MEDIUM,4.500047420618445,4.500047420618445,2025-03-22 11:56:58.578989,0.9072145340330938,0.9453126607186622,0.8576013850094653
741,FCU_049,FCU,2024-07-05 14:29:33.739086,Filter blockage,1,LOW,0.9314698944094948,0.9314698944094948,2024-07-05 15:25:27.030706,0.9265041179488384,1.0310911821243312,0.9553102262189285
741,FCU_010,FCU,2025-01-03 23:50:45.303744,Filter blockage,1,LOW,1.435220303489876,1.435220303489876,2025-01-04 01:16:52.096837,0.9144431275382471,1.0590288391232843,0.9684216438010952
741,FCU_028,FCU,2025-01-11 08:35:17.778403,Valve actuator,2,MEDIUM,4.95499333804456,4.95499333804456,2025-01-11 13:32:35.754420,0.8485183499391575,1.051487881279522,0.8922067620043208
741,FCU_001,FCU,2025-03-13 01:12:35.645515,Filter blockage,1,LOW,1.1227916152241944,1.1227916152241944,2025-03-13 02:19:57.695330,0.9993819170377594,0.9450698195434903,0.9444856879899026
741,FCU_035,FCU,2025-03-19 03:36:57.443417,Valve actuator,2,MEDIUM,3.5000230125221177,3.5000230125221177,2025-03-19 07:06:57.526262,1.0360597541132517,1.0128920602964833,1.0494166989340394
742,FCU_010,FCU,2024-05-28 22:03:20.476008,Coil fouling,1,LOW,4.0365285987400625,4.0365285987400625,2024-05-29 02:05:31.978963,0.912970366517158,1.1403643427177808,1.0411188519341503
742,FCU_033,FCU,2024-06-13 18:25:45.664139,Filter blockage,1,LOW,1.1605728347103204,1.1605728347103204,2024-06-13 19:35:23.726344,0.8289049597793101,1.103553899399897,0.9147413005963725
742,FCU_034,FCU,2024-10-19 22:10:08.276583,Filter blockage,1,LOW,0.7889330558647557,0.7889330558647557,2024-10-19 22:57:28.435584,1.1543214923832834,1.1277562881157266,1.3017933215423776
742,FCU_008,FCU,2024-12-15 20:38:44.439065,Fan motor failure,2,MEDIUM,4.132701803134128,4.132701803134128,2024-12-16 00:46:42.165556,0.9073270973748625,1.0012652148615917,0.9084750611027861
742,FCU_031,FCU,2024-12-19 11:35:42.350152,Thermostat failure,1,LOW,2.1002921502714997,2.1002921502714997,2024-12-19 13:41:43.401893,0.9678600690843152,0.9601971674655335,0.9293364968377551
742,FCU_048,FCU,2025-03-07 07:50:08.644823,Coil fouling,1,LOW,1.5559164438782596,1.5559164438782596,2025-03-07 09:23:29.944021,1.1939947032336726,0.9043496796968677,1.0797887274291285
742,FCU_005,FCU,2025-05-07 22:35:48.645066,Filter blockage,1,LOW,0.7305185635773683,0.7305185635773683,2025-05-07 23:19:38.511895,1.0882295204787698,0.9596830087552097,1.0443553804293049
742,FCU_001,FCU,2025-05-08 04:53:32.481795,Fan motor failure,2,MEDIUM,3.3779725727811343,3.3779725727811343,2025-05-08 08:16:13.183057,0.9229943838791073,1.0744890580491249,0.9917473661188944
743,FCU_042,FCU,2023-12-22 12:24:12.017210,Filter blockage,1,LOW,1.4068596253323356,1.4068596253323356,2023-12-22 13:48:36.711861,0.8794219751674704,0.9995203571377207,0.8790001666941498
743,FCU_050,FCU,2024-01-04 15:09:15.804839,Filter blockage,1,LOW,1.1779798466617784,1.1779798466617784,2024-01-04 16:19:56.532287,1.0176483722382692,1.133167365017639,1.153165924483729
743,CHWP_003,CHW_Pump,2024-11-11 10:32:24.001202,Impeller damage,4,CRITICAL,4.744465598439924,4.744465598439924,2024-11-11 15:17:04.077356,1.1133444731063107,0.9868666023321325,1.098722477399683
743,FCU_003,FCU,2025-03-15 23:28:55.166035,Valve actuator,2,MEDIUM,2.619512144665446,2.619512144665446,2025-03-16 02:06:05.409756,1.1032265272921684,1.0170315772085536,1.1220162150702695
743,CHWP_001,CHW_Pump,2025-03-26 16:24:37.129771,Bearing wear,3,HIGH,6.257017721568229,6.257017721568229,2025-03-26 22:40:02.393569,1.031719767298754,1.0459064120729726,1.079082320080202
744,FCU_031,FCU,2024-04-11 14:03:50.242397,Coil fouling,1,LOW,1.8994987122119638,1.8994987122119638,2024-04-11 15:57:48.437761,1.0020012784477064,0.9023909126282644,0.9041968481131134
744,FCU_030,FCU,2024-11-02 10:59:49.749612,Fan motor failure,2,MEDIUM,3.172835249801103,3.172835249801103,2024-11-02 14:10:11.956511,0.9568009980354631,1.0583836509049092,1.0126625334902344
744,FCU_042,FCU,2025-01-07 02:22:19.331203,Valve actuator,2,MEDIUM,2.3995058686194533,2.3995058686194533,2025-01-07 04:46:17.552330,1.242693455183511,0.97702287048975,1.2141399267222193
744,FCU_039,FCU,2025-03-25 02:38:45.441609,Fan motor failure,2,MEDIUM,4.122558338007013,4.122558338007013,2025-03-25 06:46:06.651626,0.9229188981264672,1.045026867168572,0.9644750447597725
744,FCU_026,FCU,2025-04-19 08:41:38.288223,Valve actuator,2,MEDIUM,1.3416673406204758,1.3416673406204758,2025-04-19 10:02:08.290649,1.0479506261215872,0.9264989963201808,0.9709252032947556
744,FCU_049,FCU,2025-05-25 10:35:48.814100,Thermostat failure,1,LOW,2.0683370907005028,2.0683370907005028,2025-05-25 12:39:54.827627,0.9012967302747239,0.9846556056800895,0.8874668778461425
745,FCU_018,FCU,2024-05-12 13:23:10.008139,Valve actuator,2,MEDIUM,3.1093911323085264,3.1093911323085264,2024-05-12 16:29:43.816215,0.9385326222480792,1.067153284917626,1.001558170834391
745,HP_001,HeatPump,2025-01-16 23:50:13.350644,Refrigerant leak,3,HIGH,3.5221510296757352,3.5221510296757352,2025-01-17 03:21:33.094351,0.9977404554922513,1.0773909406691615,1.0749565278864743
745,FCU_048,FCU,2025-02-27 17:51:50.773901,Coil fouling,1,LOW,2.2195308755566945,2.2195308755566945,2025-02-27 20:05:01.085053,1.0339043574220133,1.0891325950094577,1.1260589357906232
745,FCU_029,FCU,2025-05-01 06:52:29.504038,Fan motor failure,2,MEDIUM,3.585392547166022,3.585392547166022,2025-05-01 10:27:36.917208,1.079997859626565,1.0052442858853459,1.0856616771580083
746,FCU_004,FCU,2023-12-03 10:42:08.181357,Valve actuator,2,MEDIUM,3.6970300083665366,3.6970300083665366,2023-12-03 14:23:57.489387,0.931122995108737,1.0384143092539735,0.96689144179633
746,FCU_009,FCU,2024-06-25 08:15:54.345251,Fan motor failure,2,MEDIUM,3.93480387436498,3.93480387436498,2024-06-25 12:11:59.639199,0.9609052861276706,0.9222117616883433,0.8861581567354406
746,FCU_019,FCU,2024-09-22 02:17:30.333585,Valve actuator,2,MEDIUM,2.462754359666293,2.462754359666293,2024-09-22 04:45:16.249280,0.8781150897556682,1.012384948793736,0.8889905001772991
746,FCU_008,FCU,2025-03-15 18:44:51.157617,Filter blockage,1,LOW,1.8284343485172816,1.8284343485172816,2025-03-15 20:34:33.521272,1.0561353096999397,0.9318264354341871,0.9841348009738761
747,FCU_043,FCU,2024-06-12 14:05:56.288198,Fan motor failure,2,MEDIUM,3.8104663420609124,3.8104663420609124,2024-06-12 17:54:33.967029,0.9423874840533654,1.060384157481591,0.9992927582991242
747,FCU_025,FCU,2024-12-19 03:28:28.009614,Fan motor failure,2,MEDIUM,4.209357622738178,4.209357622738178,2024-12-19 07:41:01.697056,1.1223225038018139,0.9562791341588349,1.0732535921825743
747,FCU_026,FCU,2025-03-21 04:14:28.236876,Coil fouling,1,LOW,1.5099368414296288,1.5099368414296288,2025-03-21 05:45:04.009505,0.886545216056329,0.9130059048055615,0.8094210171365507
747,FCU_047,FCU,2025-04-16 04:41:41.429470,Filter blockage,1,LOW,0.7999024427988144,0.7999024427988144,2025-04-16 05:29:41.078264,1.0886988261945982,1.1439427086643092,1.2454090841567027
748,FCU_030,FCU,2024-06-16 19:39:21.284340,Filter blockage,1,LOW,1.3129996921633802,1.3129996921633802,2024-06-16 20:58:08.083232,1.1214815931148365,1.1338474060756916,1.2715889953148916
748,CHWP_003,CHW_Pump,2024-10-28 10:04:08.620813,Seal leakage,2,MEDIUM,2.6798481069933455,2.6798481069933455,2024-10-28 12:44:56.073998,1.2318197548722998,1.0233501529018076,1.260582934496035
748,FCU_035,FCU,2025-02-07 02:05:08.028134,Valve actuator,2,MEDIUM,1.7986701496359938,1.7986701496359938,2025-02-07 03:53:03.240673,0.9464563948896013,1.0098144839218333,0.9557453759599616
748,FCU_031,FCU,2025-03-28 20:54:01.968306,Valve actuator,2,MEDIUM,1.9641566555798518,1.9641566555798518,2025-03-28 22:51:52.932266,0.8788309088378713,0.9020525139925966,0.7927516306916003
748,HP_001,HeatPump,2025-05-23 05:37:22.263039,Sensor malfunction,1,LOW,2.123576680143517,2.123576680143517,2025-05-23 07:44:47.139088,0.9968134905123619,1.102729166579666,1.0992153096280646
748,FCU_047,FCU,2025-05-29 04:13:17.434212,Coil fouling,1,LOW,1.9141717259255928,1.9141717259255928,2025-05-29 06:08:08.452425,0.9450324998121885,1.0090601805359851,0.9535946648728603
749,FCU_020,FCU,2023-12-11 23:57:13.854478,Fan motor failure,2,MEDIUM,3.010900156115841,3.010900156115841,2023-12-12 02:57:53.095040,0.8394176765965458,0.934148628703363,0.7841408715020263
749,FCU_028,FCU,2024-01-09 08:19:16.019379,Coil fouling,1,LOW,2.319717147570953,2.319717147570953,2024-01-09 10:38:27.001110,1.066638683263434,1.057883844670407,1.1283798311249023
749,FCU_049,FCU,2025-03-19 23:22:38.144021,Fan motor failure,2,MEDIUM,5.905334692545194,5.905334692545194,2025-03-20 05:16:57.348914,1.067528162495858,1.088334300337591,1.1618275158206035
750,FCU_008,FCU,2024-02-01 14:06:31.797094,Fan motor failure,2,MEDIUM,4.475949141216758,4.475949141216758,2024-02-01 18:35:05.214002,0.9455480942559441,1.0218829044424824,0.9662394328483183
750,HP_001,HeatPump,2024-02-07 11:35:27.841558,Heat exchanger fouling,2,MEDIUM,6.033191865807908,6.033191865807908,2024-02-07 17:37:27.332275,1.029056951367193,1.0353758285094161,1.0654606936051814
750,HP_002,HeatPump,2025-02-15 19:46:13.885382,Refrigerant leak,3,HIGH,6.141747635857082,6.141747635857082,2025-02-16 01:54:44.176871,1.0265011639286241,1.011281152824042,1.0380812804329598
751,FCU_019,FCU,2023-08-19 12:22:18.193440,Valve actuator,2,MEDIUM,3.5642207703997495,3.5642207703997495,2023-08-19 15:56:09.388213,0.8629522750760298,1.0897716830252007,0.9404209531800309
751,FCU_003,FCU,2024-12-12 12:58:45.776553,Fan motor failure,2,MEDIUM,3.905587626726426,3.905587626726426,2024-12-12 16:53:05.892009,0.9980681666434117,1.1038439712445882,1.101711528640469
751,FCU_023,FCU,2025-05-22 08:31:44.968315,Coil fouling,1,LOW,1.2731874478938423,1.2731874478938423,2025-05-22 09:48:08.443127,1.023228343763078,1.0970058846431547,1.1224875144417654
751,FCU_041,FCU,2025-05-24 04:52:14.912321,Fan motor failure,2,MEDIUM,3.7017766917797683,3.7017766917797683,2025-05-24 08:34:21.308411,1.1147810292898046,1.0035095718152747,1.118693433370403
751,FCU_009,FCU,2025-05-24 23:44:28.768327,Valve actuator,2,MEDIUM,2.532420150758411,2.532420150758411,2025-05-25 02:16:25.480870,1.0233349092751676,1.0738074360809138,1.0988646351808622
752,FCU_031,FCU,2024-02-11 09:52:35.611296,Fan motor failure,2,MEDIUM,4.106060380879967,4.106060380879967,2024-02-11 13:58:57.428667,1.114939723127098,1.0998874266189214,1.2263081829054767
752,FCU_045,FCU,2024-09-11 14:20:56.774115,Valve actuator,2,MEDIUM,3.5374114993216894,3.5374114993216894,2024-09-11 17:53:11.455513,0.989099361294149,0.9662842140389203,0.9557510989345148
753,CHWP_003,CHW_Pump,2024-01-25 14:07:03.539798,Seal leakage,2,MEDIUM,5.307187948566884,5.307187948566884,2024-01-25 19:25:29.416413,1.199386006853465,1.0280062062690543,1.2329762587576205
753,FCU_039,FCU,2024-05-24 04:39:26.132885,Fan motor failure,2,MEDIUM,4.716490048751985,4.716490048751985,2024-05-24 09:22:25.497061,1.0883601162935514,1.0951381060594376,1.1919046364683492
753,FCU_009,FCU,2024-12-04 22:34:05.196872,Coil fouling,1,LOW,2.0293086608296877,2.0293086608296877,2024-12-05 00:35:50.708051,0.8519947509347274,0.9091625230808686,0.7746016974114731
753,FCU_048,FCU,2025-03-31 18:43:51.598372,Filter blockage,1,LOW,1.6220565786219372,1.6220565786219372,2025-03-31 20:21:11.002055,0.8858951861595097,0.9090227935233454,0.8052989168916016
754,FCU_008,FCU,2024-01-19 02:14:03.813289,Valve actuator,2,MEDIUM,1.9228757473680305,1.9228757473680305,2024-01-19 04:09:26.165980,0.909050740759455,1.0083924728811313,0.916679924448851
754,FCU_027,FCU,2024-08-24 01:08:10.565628,Fan motor failure,2,MEDIUM,2.8924913897172844,2.8924913897172844,2024-08-24 04:01:43.534631,0.9895375304144862,1.0223095314898232,1.0116136491096301
754,FCU_030,FCU,2025-02-22 01:31:56.732796,Fan motor failure,2,MEDIUM,3.300031766492609,3.300031766492609,2025-02-22 04:49:56.847155,0.8964504047852317,1.0918705730622995,0.9788078171947814
754,FCU_031,FCU,2025-05-15 16:00:16.417364,Filter blockage,1,LOW,1.2218463474733983,1.2218463474733983,2025-05-15 17:13:35.064215,1.054141892589457,1.1050866580229326,1.1649181411636522
755,FCU_008,FCU,2024-01-06 18:15:19.432618,Fan motor failure,2,MEDIUM,3.949524328815841,3.949524328815841,2024-01-06 22:12:17.720202,0.987530248899456,1.0401546452595452,1.0271841757270839
755,FCU_020,FCU,2024-05-07 05:48:54.466594,Filter blockage,1,LOW,0.8003827457170709,0.8003827457170709,2024-05-07 06:36:55.844479,0.9552468848483846,0.9197187090214904,0.8785584317295566
755,HP_001,HeatPump,2024-06-09 14:03:31.948687,Heat exchanger fouling,2,MEDIUM,3.4991491131244516,3.4991491131244516,2024-06-09 17:33:28.885494,0.8737969991742647,0.9244881049910728,0.807814931913502
755,FCU_030,FCU,2025-02-24 04:40:24.049530,Fan motor failure,2,MEDIUM,6.78092957250807,6.78092957250807,2025-02-24 11:27:15.395991,1.1736895856826413,0.9841225815794137,1.1550544250348733
755,FCU_028,FCU,2025-02-26 21:54:28.474802,Fan motor failure,2,MEDIUM,3.4647253460946237,3.4647253460946237,2025-02-27 01:22:21.486048,0.9689262206192109,1.1456056697771673,1.1100073719371304
755,FCU_006,FCU,2025-03-09 04:49:41.076574,Coil fouling,1,LOW,1.9395511578853653,1.9395511578853653,2025-03-09 06:46:03.460742,1.0110280984612987,0.912882845614142,0.9229502075192053
755,FCU_015,FCU,2025-04-02 17:11:52.178483,Filter blockage,1,LOW,0.727524493866091,0.727524493866091,2025-04-02 17:55:31.266661,1.2702349881071457,0.9523031890626872,1.2096488300334394
755,HWP_002,HW_Pump,2025-04-30 10:53:34.713022,Bearing wear,3,HIGH,9.338537870354504,9.338537870354504,2025-04-30 20:13:53.449355,1.1030272777868786,1.0294739205876717,1.1355378161784049
756,FCU_009,FCU,2024-09-23 19:19:27.088801,Fan motor failure,2,MEDIUM,2.7919320354129127,2.7919320354129127,2024-09-23 22:06:58.044128,0.9285188885559263,1.0151241971930356,0.9425619913239044
756,FCU_005,FCU,2024-10-26 13:51:03.070057,Coil fouling,1,LOW,1.4733978573157318,1.4733978573157318,2024-10-26 15:19:27.302343,1.0423284213549815,1.009716673232092,1.05245638602581
756,FCU_003,FCU,2024-11-17 20:02:49.469823,Thermostat failure,1,LOW,1.637149582448422,1.637149582448422,2024-11-17 21:41:03.208320,1.1387167183290088,1.0364739395825735,1.1802502031150075
756,HWP_002,HW_Pump,2025-03-03 10:33:14.765394,Seal leakage,2,MEDIUM,3.354742611348538,3.354742611348538,2025-03-03 13:54:31.838795,0.9748090460323773,1.0802950077654985,1.0530813459534252
756,FCU_011,FCU,2025-04-28 14:06:18.135825,Coil fouling,1,LOW,3.027527240693747,3.027527240693747,2025-04-28 17:07:57.233891,0.8792325263290955,0.9295603637893385,0.8172997070298932
757,HP_002,HeatPump,2024-08-16 17:51:11.718662,Compressor degradation,4,CRITICAL,10.618311445180298,10.618311445180298,2024-08-17 04:28:17.639865,0.8516496334424657,1.1450387395436625,0.9751718228097831
757,FCU_003,FCU,2024-09-09 11:23:14.849529,Filter blockage,1,LOW,0.7057071208903966,0.7057071208903966,2024-09-09 12:05:35.395164,0.8,1.140505046406823,0.9124040371254584
757,FCU_029,FCU,2024-12-05 03:27:47.928827,Thermostat failure,1,LOW,1.363250298460254,1.363250298460254,2024-12-05 04:49:35.629901,1.0126156177792711,1.1165098077030482,1.1305952686838374
757,FCU_035,FCU,2024-12-08 13:31:37.687379,Coil fouling,1,LOW,1.6896873313229759,1.6896873313229759,2024-12-08 15:13:00.561772,0.9022063238794736,0.9121066579544805,0.8229083948591044
757,FCU_016,FCU,2025-01-22 01:23:41.104382,Filter blockage,1,LOW,1.5498464477122285,1.5498464477122285,2025-01-22 02:56:40.551594,0.9947270834376493,1.0899820246213014,1.0842346403510112
758,FCU_038,FCU,2024-02-22 14:46:47.815333,Valve actuator,2,MEDIUM,3.4950882936457264,3.4950882936457264,2024-02-22 18:16:30.133190,1.0663837547002397,0.9661967344138808,1.0303365014233845
758,FCU_029,FCU,2024-12-11 19:49:31.737035,Filter blockage,1,LOW,0.9916711984640388,0.9916711984640388,2024-12-11 20:49:01.753349,1.0249124254388802,1.1292190412388605,1.1573506264078874
758,FCU_024,FCU,2024-12-14 05:58:08.603685,Valve actuator,2,MEDIUM,2.881955989348733,2.881955989348733,2024-12-14 08:51:03.645247,1.053763065318395,1.0507537346017928,1.1072454762687363
758,FCU_040,FCU,2025-05-24 09:12:09.438016,Coil fouling,1,LOW,1.4586151815685544,1.4586151815685544,2025-05-24 10:39:40.452670,0.8513251353037244,0.9696862172711131,0.8255182501204872
759,CHWP_002,CHW_Pump,2023-09-25 04:44:52.294247,Seal leakage,2,MEDIUM,2.815870339210996,2.815870339210996,2023-09-25 07:33:49.427468,1.0768467063067044,1.0290014436613935,1.1080768153916154
759,FCU_020,FCU,2024-08-26 02:44:10.298414,Coil fouling,1,LOW,2.0546421017951713,2.0546421017951713,2024-08-26 04:47:27.009980,0.9503459329086619,0.9761176662185616,0.9276494541311047
759,FCU_024,FCU,2024-10-09 23:49:36.552685,Fan motor failure,2,MEDIUM,3.458470572344196,3.458470572344196,2024-10-10 03:17:07.046745,0.9673237080195235,1.0926853888883206,1.0569804820782054
759,FCU_031,FCU,2025-01-24 03:30:04.178542,Valve actuator,2,MEDIUM,3.4477946254204683,3.4477946254204683,2025-01-24 06:56:56.239194,0.9361987856289105,0.9336227530678088,0.8740564876576028
759,FCU_011,FCU,2025-03-30 20:18:05.723995,Filter blockage,1,LOW,1.0266828469803753,1.0266828469803753,2025-03-30 21:19:41.782244,0.9490183573810045,1.0450557425442173,0.991777084160899
760,FCU_003,FCU,2025-01-28 16:45:29.081786,Filter blockage,1,LOW,0.7142937607214401,0.7142937607214401,2025-01-28 17:28:20.539325,1.0910337728532997,1.0227453232030501,1.1158496886422913
761,FCU_032,FCU,2024-06-25 18:48:50.333444,Fan motor failure,2,MEDIUM,3.366892453876146,3.366892453876146,2024-06-25 22:10:51.146278,1.0994201821774439,1.0481037853626218,1.1523064546442423
761,CHWP_002,CHW_Pump,2024-07-12 17:02:32.266602,Motor overheating,3,HIGH,5.447559570253063,5.447559570253063,2024-07-12 22:29:23.481055,0.8482857791565497,0.9167419515176406,0.7776591606286376
761,FCU_025,FCU,2024-11-30 17:13:37.269547,Fan motor failure,2,MEDIUM,2.7491931188811973,2.7491931188811973,2024-11-30 19:58:34.364775,1.0203958373439956,1.0095410550512816,1.0301314902021932
761,FCU_024,FCU,2025-02-16 22:23:58.993531,Filter blockage,1,LOW,0.9548592837541623,0.9548592837541623,2025-02-16 23:21:16.486953,1.1236857319734752,0.9075256305819045,1.019773602485117
761,FCU_038,FCU,2025-05-15 15:29:04.421357,Thermostat failure,1,LOW,3.0747090968479056,3.0747090968479056,2025-05-15 18:33:33.374106,1.2592424121334536,0.9410491223629801,1.1850089667804287
761,FCU_039,FCU,2025-05-28 21:45:10.904557,Coil fouling,1,LOW,1.3127853508732505,1.3127853508732505,2025-05-28 23:03:56.931820,0.9299150623231732,1.1023505508590037,1.0250923812040347
762,HWP_001,HW_Pump,2024-04-04 07:11:20.624239,Motor overheating,3,HIGH,6.325269509596836,6.325269509596836,2024-04-04 13:30:51.594474,1.0791762083685381,1.1196838763764316,1.2083362002793046
762,FCU_015,FCU,2024-04-04 21:51:12.661371,Filter blockage,1,LOW,1.3476426247686102,1.3476426247686102,2024-04-04 23:12:04.174820,0.8764259681530036,0.9536772192691025,0.8358274802033875
762,FCU_033,FCU,2024-10-22 11:42:36.229742,Fan motor failure,2,MEDIUM,5.7764046627879555,5.7764046627879555,2024-10-22 17:29:11.286528,1.062979751986909,0.9027372113661519,0.9595913770473461
762,FCU_046,FCU,2024-12-31 04:36:09.557063,Filter blockage,1,LOW,1.2358671966695807,1.2358671966695807,2024-12-31 05:50:18.678971,0.8026003198861298,0.9256257142231241,0.7429074943303068
762,FCU_019,FCU,2025-02-24 03:04:16.992382,Coil fouling,1,LOW,1.8959778073061717,1.8959778073061717,2025-02-24 04:58:02.512488,0.9811667819766781,0.907228833657366,0.8901427952360527
762,CT_001,CoolingTower,2025-04-28 00:46:20.802256,Control system fault,3,HIGH,4.009632836648441,4.009632836648441,2025-04-28 04:46:55.480468,1.0667885602820055,0.9995497194465771,1.0663082061386966
763,FCU_046,FCU,2024-09-12 07:53:40.877304,Coil fouling,1,LOW,1.8046361447327197,1.8046361447327197,2024-09-12 09:41:57.567425,1.1506328425081318,0.9458772700433311,1.08835745189379
763,FCU_002,FCU,2025-05-13 09:58:02.042499,Valve actuator,2,MEDIUM,3.4136782075141445,3.4136782075141445,2025-05-13 13:22:51.284046,1.0496509140833767,0.9079676352799403,0.9530490583297113
764,FCU_029,FCU,2024-03-04 15:45:19.210955,Fan motor failure,2,MEDIUM,2.333340063284991,2.333340063284991,2024-03-04 18:05:19.235183,0.9669844377288364,1.013626487763244,0.9801610393367957
764,HP_002,HeatPump,2024-10-02 16:09:44.894355,Heat exchanger fouling,2,MEDIUM,3.530318586798015,3.530318586798015,2024-10-02 19:41:34.041267,1.002078061042474,1.1142335030777508,1.116548948312716
764,FCU_034,FCU,2025-05-27 10:20:53.914705,Filter blockage,1,LOW,1.0363303894934146,1.0363303894934146,2025-05-27 11:23:04.704107,1.0622521774652427,1.1432882133420617,1.214460394092952
765,FCU_041,FCU,2023-07-01 03:03:04.027043,Fan motor failure,2,MEDIUM,3.487880512824721,3.487880512824721,2023-07-01 06:32:20.396889,0.8893332540114702,1.0256436050097848,0.912138964699407
765,HWP_001,HW_Pump,2025-02-03 02:55:32.174709,Seal leakage,2,MEDIUM,2.76911096024853,2.76911096024853,2025-02-03 05:41:40.974166,1.1565356327063818,1.0107327424457253,1.1689484317815233
766,FCU_045,FCU,2024-02-22 23:53:02.398816,Fan motor failure,2,MEDIUM,3.044500008920474,3.044500008920474,2024-02-23 02:55:42.598848,0.9619984227178985,1.1326861869624905,1.0896423252922665
766,FCU_041,FCU,2025-05-19 17:39:59.760077,Filter blockage,1,LOW,1.0489824697808667,1.0489824697808667,2025-05-19 18:42:56.096968,0.9187348829237492,1.1496701308044335,1.0562420530255425
767,FCU_017,FCU,2023-08-19 13:42:34.587700,Fan motor failure,2,MEDIUM,3.221693672618549,3.221693672618549,2023-08-19 16:55:52.684921,0.9243637312419765,1.0864176739516107,1.0042450947811399
767,FCU_032,FCU,2024-01-03 02:17:16.047456,Fan motor failure,2,MEDIUM,5.171157309104671,5.171157309104671,2024-01-03 07:27:32.213769,1.0428071269727321,1.0556145415461233,1.1008023672603506
767,FCU_025,FCU,2024-04-16 13:04:01.407583,Filter blockage,1,LOW,1.06708422834758,1.06708422834758,2024-04-16 14:08:02.910805,1.065091277222286,1.0495469688579384,1.1178633215656806
767,FCU_030,FCU,2024-11-14 09:44:00.776636,Coil fouling,1,LOW,2.2724131215229018,2.2724131215229018,2024-11-14 12:00:21.463873,1.179893756316852,0.933036596080972,1.1008840541310674
768,FCU_032,FCU,2024-10-25 03:40:15.698045,Coil fouling,1,LOW,2.32594934504367,2.32594934504367,2024-10-25 05:59:49.115687,1.044635195649341,1.116720336057022,1.1665653667425249
768,FCU_027,FCU,2025-02-05 04:44:20.612379,Filter blockage,1,LOW,0.8067387779802969,0.8067387779802969,2025-02-05 05:32:44.871980,1.0371496304700758,0.9447911856247369,0.9798898290420807
768,FCU_042,FCU,2025-02-25 14:29:04.975694,Coil fouling,1,LOW,1.331180912166611,1.331180912166611,2025-02-25 15:48:57.226978,0.9654485116294191,0.9432891602408051,0.9106971157906499
768,FCU_045,FCU,2025-03-31 05:04:04.126972,Thermostat failure,1,LOW,2.288392425546173,2.288392425546173,2025-03-31 07:21:22.339704,1.107903228236646,0.9786054427089877,1.0842001291472398
769,FCU_048,FCU,2024-04-05 01:21:38.627981,Fan motor failure,2,MEDIUM,6.665200720017859,6.665200720017859,2024-04-05 08:01:33.350573,0.9839872859695173,0.9977313979520399,0.9817550103974002
769,FCU_021,FCU,2024-04-27 12:19:30.609284,Fan motor failure,2,MEDIUM,2.8979116975583015,2.8979116975583015,2024-04-27 15:13:23.091395,0.8857363031651494,1.0205527203913323,0.903940593744555
769,FCU_039,FCU,2024-04-30 18:02:45.762129,Valve actuator,2,MEDIUM,3.144761595242801,3.144761595242801,2024-04-30 21:11:26.903872,1.0490476397101327,1.0240850229782208,1.0743139762177996
769,FCU_037,FCU,2024-05-17 04:19:10.798039,Valve actuator,2,MEDIUM,2.519946966890172,2.519946966890172,2024-05-17 06:50:22.607120,1.1122969345486902,0.9384721664394797,1.0438597138899015
769,FCU_011,FCU,2024-05-25 11:06:52.912444,Valve actuator,2,MEDIUM,2.3234975133883364,2.3234975133883364,2024-05-25 13:26:17.503492,1.0208477886391008,1.1422936655985958,1.166107962502779
769,FCU_033,FCU,2024-10-27 06:23:44.402242,Fan motor failure,2,MEDIUM,3.875327580231848,3.875327580231848,2024-10-27 10:16:15.581531,1.0117799904948623,1.1308390864932423,1.1441603601833514
770,FCU_044,FCU,2025-01-15 01:03:32.335930,Fan motor failure,2,MEDIUM,3.3822918369940727,3.3822918369940727,2025-01-15 04:26:28.586543,0.990351975937712,0.9850794518537052,0.9755753815989551
770,FCU_022,FCU,2025-02-08 19:39:50.892616,Valve actuator,2,MEDIUM,5.921913565270946,5.921913565270946,2025-02-09 01:35:09.781451,0.933343118010649,1.1135826816228076,1.039354732228491
770,HP_002,HeatPump,2025-03-08 00:29:19.511968,Compressor degradation,4,CRITICAL,13.822924583233123,13.822924583233123,2025-03-08 14:18:42.040468,1.0690790350844677,0.9809683332246566,1.0487326791322344
770,FCU_023,FCU,2025-04-10 12:03:17.372591,Thermostat failure,1,LOW,2.2770931185213925,2.2770931185213925,2025-04-10 14:19:54.907818,0.9091013816291803,1.1273094594403694,1.0248385871008843
771,FCU_010,FCU,2024-02-23 07:55:26.086828,Valve actuator,2,MEDIUM,2.683178834338082,2.683178834338082,2024-02-23 10:36:25.530632,1.006256352053689,1.0559519612809944,1.0625583685025517
771,CHWP_002,CHW_Pump,2024-07-10 00:55:38.801780,Bearing wear,3,HIGH,10.331163905033987,10.331163905033987,2024-07-10 11:15:30.991838,1.0657840882695497,0.9368934229051776,0.9985261025367325
771,FCU_045,FCU,2024-07-14 05:11:07.393448,Valve actuator,2,MEDIUM,2.647456302719205,2.647456302719205,2024-07-14 07:49:58.236138,0.9613689754432536,0.9246485468987234,0.888928426177119
771,HP_001,HeatPump,2024-08-04 14:24:06.160808,Refrigerant leak,3,HIGH,8.754354458680208,8.754354458680208,2024-08-04 23:09:21.836859,1.017315726418701,1.078074023170867,1.096741658015202
771,FCU_048,FCU,2024-10-16 13:12:23.815975,Valve actuator,2,MEDIUM,3.1504084102991965,3.1504084102991965,2024-10-16 16:21:25.286252,0.9207364674110936,0.9767415713575578,0.8993215839853184
771,FCU_035,FCU,2024-11-20 09:41:53.399435,Coil fouling,1,LOW,3.0620288184554956,3.0620288184554956,2024-11-20 12:45:36.703181,1.048098808664698,1.049531153359193,1.1000123514922566
771,FCU_018,FCU,2025-01-24 22:58:10.737421,Fan motor failure,2,MEDIUM,3.358012305790646,3.358012305790646,2025-01-25 02:19:39.581722,1.131826513592813,0.9577249717343346,1.0839785157388473
771,FCU_019,FCU,2025-02-18 15:53:10.795061,Valve actuator,2,MEDIUM,3.3475143947512356,3.3475143947512356,2025-02-18 19:14:01.846882,1.1672277914263651,1.090256725533255,1.2725779498319219
771,FCU_029,FCU,2025-05-15 23:51:15.752846,Fan motor failure,2,MEDIUM,4.583572740945991,4.583572740945991,2025-05-16 04:26:16.614713,0.9271240791262866,0.9313319440282948,0.863460270968127
772,FCU_026,FCU,2025-02-13 08:08:54.160499,Coil fouling,1,LOW,1.5165580463865052,1.5165580463865052,2025-02-13 09:39:53.769466,0.9798873568332472,1.0063337562874182,0.9860937245405514
772,HP_002,HeatPump,2025-04-17 03:12:50.725503,Sensor malfunction,1,LOW,1.6145792677380444,1.6145792677380444,2025-04-17 04:49:43.210867,0.8758515680340828,1.1316160592347346,0.9911276998932919
773,HP_001,HeatPump,2023-10-23 01:52:13.398264,Refrigerant leak,3,HIGH,8.429945342804034,8.429945342804034,2023-10-23 10:18:01.201498,1.0592796772903363,1.0038605391323303,1.063369067936598
773,FCU_017,FCU,2024-09-21 02:30:44.458685,Coil fouling,1,LOW,2.8577241487071428,2.8577241487071428,2024-09-21 05:22:12.265620,0.9764860112634584,1.145532815587681,1.1185967698646133
773,FCU_013,FCU,2024-12-08 03:30:21.700200,Coil fouling,1,LOW,2.773830554952566,2.773830554952566,2024-12-08 06:16:47.490198,0.9711377248891623,0.9745692803713704,0.9464409936867207
773,FCU_036,FCU,2024-12-21 08:34:24.602247,Filter blockage,1,LOW,0.5,0.5,2024-12-21 09:04:24.602247,1.032828519380445,0.9897802264782685,1.0222732458255914
773,FCU_012,FCU,2025-01-07 06:13:25.778797,Fan motor failure,2,MEDIUM,3.622106990848606,3.622106990848606,2025-01-07 09:50:45.363964,0.9998073141620278,0.9498448568323448,0.9496618351801625
773,FCU_019,FCU,2025-05-22 18:13:29.133591,Fan motor failure,2,MEDIUM,4.001918047843697,4.001918047843697,2025-05-22 22:13:36.038563,0.8,1.0843017262029113,0.8674413809623291
774,FCU_019,FCU,2024-09-17 23:54:51.953771,Valve actuator,2,MEDIUM,2.648365364667202,2.648365364667202,2024-09-18 02:33:46.069084,1.0574202813072302,1.0640871051458174,1.1251872860586865
775,FCU_022,FCU,2025-01-20 18:42:23.818010,Filter blockage,1,LOW,0.971998733240381,0.971998733240381,2025-01-20 19:40:43.013450,0.8619199558743322,0.9816491984949169,0.8461030338508124
775,FCU_050,FCU,2025-01-25 18:28:26.560654,Valve actuator,2,MEDIUM,2.323746134571321,2.323746134571321,2025-01-25 20:47:52.046738,1.005770297648194,1.1344735960623225,1.141019846385619
775,HP_002,HeatPump,2025-05-16 16:36:38.325503,Compressor degradation,4,CRITICAL,17.73400423870198,17.73400423870198,2025-05-17 10:20:40.740762,1.1527313068780964,1.0573559974936728,1.2188473608262747
776,FCU_037,FCU,2023-04-30 09:07:23.397679,Filter blockage,1,LOW,1.2446736323456482,1.2446736323456482,2023-04-30 10:22:04.222755,0.9618381976674116,0.9026529664485006,0.8682061023679684
776,FCU_002,FCU,2024-05-14 06:36:21.012808,Fan motor failure,2,MEDIUM,4.355712046478657,4.355712046478657,2024-05-14 10:57:41.576175,1.1671326525113275,1.0305897289088235,1.202834923952285
776,FCU_008,FCU,2025-02-20 15:50:59.276852,Fan motor failure,2,MEDIUM,3.7254083892143055,3.7254083892143055,2025-02-20 19:34:30.747053,0.9777953361630284,1.1317890177207677,1.1066580230479017
776,FCU_040,FCU,2025-03-02 06:37:30.860217,Valve actuator,2,MEDIUM,2.0403047512555608,2.0403047512555608,2025-03-02 08:39:55.957322,0.8,1.0117731950796387,0.809418556063711
776,FCU_020,FCU,2025-04-09 12:04:26.961697,Coil fouling,1,LOW,2.0182063772011456,2.0182063772011456,2025-04-09 14:05:32.504655,1.1519617822724249,1.0719171497313993,1.2348075902529605
776,FCU_041,FCU,2025-04-11 09:40:54.554956,Filter blockage,1,LOW,1.0166785957791644,1.0166785957791644,2025-04-11 10:41:54.597901,0.901058545926416,0.959409512499876,0.86448414028111
777,FCU_035,FCU,2023-05-13 01:18:45.817423,Coil fouling,1,LOW,2.0079876872527933,2.0079876872527933,2023-05-13 03:19:14.573097,0.8637379470257143,1.0729108760139725,0.9267138373898692
777,FCU_005,FCU,2023-08-22 18:41:16.731384,Fan motor failure,2,MEDIUM,3.30427037185611,3.30427037185611,2023-08-22 21:59:32.104723,1.0365956740374325,1.1311908471217187,1.1725875386371123
777,FCU_032,FCU,2023-12-17 17:23:30.518271,Filter blockage,1,LOW,1.0450632565587241,1.0450632565587241,2023-12-17 18:26:12.745995,0.8846517889271908,1.1094595446262354,0.9814853708959456
777,HP_001,HeatPump,2024-02-15 19:47:06.710599,Compressor degradation,4,CRITICAL,16.477057203492564,16.477057203492564,2024-02-16 12:15:44.116532,0.9730200540675693,1.012086354352625,0.9847803192332404
777,FCU_036,FCU,2024-03-03 22:11:25.946893,Valve actuator,2,MEDIUM,4.378050546081143,4.378050546081143,2024-03-04 02:34:06.928859,0.9420501602587072,1.0795376798984713,1.016978644353668
777,FCU_046,FCU,2024-04-01 14:32:33.174780,Filter blockage,1,LOW,0.5,0.5,2024-04-01 15:02:33.174780,1.0466155125981293,0.9325629144505645,0.976034812737683
777,FCU_033,FCU,2024-04-26 18:30:44.290691,Fan motor failure,2,MEDIUM,4.634405004407212,4.634405004407212,2024-04-26 23:08:48.148707,0.8175270700592149,0.9739289363920897,0.7962132698145126
777,FCU_019,FCU,2024-05-31 00:46:09.728416,Fan motor failure,2,MEDIUM,4.261482606043667,4.261482606043667,2024-05-31 05:01:51.065798,1.0000672322727568,0.9748677761098745,0.9749333186860998
777,FCU_038,FCU,2024-10-02 15:30:15.566499,Fan motor failure,2,MEDIUM,2.856212004951848,2.856212004951848,2024-10-02 18:21:37.929717,0.9741146241011268,1.0139192178165581,0.9876735377322851
777,FCU_014,FCU,2024-11-30 07:23:55.768535,Filter blockage,1,LOW,1.1321996418300886,1.1321996418300886,2024-11-30 08:31:51.687246,0.8589942177590437,1.1302261254475505,0.9708577065196535
777,FCU_041,FCU,2025-02-10 18:05:02.969875,Fan motor failure,2,MEDIUM,4.116102808206955,4.116102808206955,2025-02-10 22:12:00.939985,0.8922398719283475,1.06309781082836,0.9485382545808025
778,FCU_028,FCU,2024-05-16 03:02:54.576775,Fan motor failure,2,MEDIUM,4.450567479845964,4.450567479845964,2024-05-16 07:29:56.619702,1.0486495279842964,0.9473814555092569,0.993471116140858
778,FCU_002,FCU,2024-06-28 09:53:19.322580,Filter blockage,1,LOW,1.0336967612326171,1.0336967612326171,2024-06-28 10:55:20.630920,0.8159044735874661,0.9339681243622191,0.7620287708552295
778,HP_002,HeatPump,2024-10-23 02:43:44.273219,Refrigerant leak,3,HIGH,4.557418246608125,4.557418246608125,2024-10-23 07:17:10.978907,1.0224243674854971,0.9877361689831371,1.009885527815132
778,FCU_038,FCU,2025-03-03 10:26:04.087940,Fan motor failure,2,MEDIUM,2.691927265537021,2.691927265537021,2025-03-03 13:07:35.026096,1.1372907078492007,0.9457422663301499,1.0755838915175235
778,FCU_033,FCU,2025-05-16 05:49:24.794627,Coil fouling,1,LOW,2.59293903819239,2.59293903819239,2025-05-16 08:24:59.375164,0.9440291899853821,1.1068607492128835,1.0449088565060516
779,CHWP_003,CHW_Pump,2024-12-09 03:19:52.949349,Seal leakage,2,MEDIUM,4.626861034646782,4.626861034646782,2024-12-09 07:57:29.649074,1.0883445461127483,0.9948251343592416,1.0827125093157626
779,HP_002,HeatPump,2025-01-24 15:27:19.619373,Control valve failure,3,HIGH,2.8242827699404467,2.8242827699404467,2025-01-24 18:16:47.037345,0.8902156564557105,1.0453251527137013,0.9305648170326934
780,FCU_012,FCU,2024-04-15 04:30:39.950241,Coil fouling,1,LOW,1.589597295189297,1.589597295189297,2024-04-15 06:06:02.500504,1.0445645373999934,0.9027645993241641,0.9429958860741359
780,HWP_002,HW_Pump,2024-05-25 20:00:16.053761,Seal leakage,2,MEDIUM,3.906168933950444,3.906168933950444,2024-05-25 23:54:38.261923,0.9960964861698611,1.1085484094954816,1.1042211754476376
780,FCU_008,FCU,2024-09-28 20:37:54.245354,Thermostat failure,1,LOW,1.1649016386470297,1.1649016386470297,2024-09-28 21:47:47.891253,0.9018338153827369,1.113924112497319,1.004574432420286
780,FCU_030,FCU,2024-11-15 23:34:21.022717,Valve actuator,2,MEDIUM,2.664408151234132,2.664408151234132,2024-11-16 02:14:12.892061,1.0590839700609629,0.9208085743324225,0.9752136005701573
780,FCU_034,FCU,2025-03-05 01:19:32.432768,Valve actuator,2,MEDIUM,2.7497009279935276,2.7497009279935276,2025-03-05 04:04:31.356109,1.0731541259759922,0.9928123327851792,1.065440651248265
781,FCU_045,FCU,2023-07-16 23:19:38.621965,Valve actuator,2,MEDIUM,3.522547551622404,3.522547551622404,2023-07-17 02:50:59.793151,0.8974070057566378,0.9629374458861297,0.8641468100436162
781,FCU_039,FCU,2025-01-25 17:18:24.555500,Fan motor failure,2,MEDIUM,4.254377282421833,4.254377282421833,2025-01-25 21:33:40.313717,1.0703659719880116,1.012343209085052,1.0835777229777845
782,FCU_025,FCU,2024-12-18 08:52:48.751285,Fan motor failure,2,MEDIUM,3.94863797159887,3.94863797159887,2024-12-18 12:49:43.847983,1.0668492466372401,1.1078120050191331,1.1818684029703526
782,FCU_047,FCU,2025-02-04 11:40:35.928886,Fan motor failure,2,MEDIUM,4.085491869197707,4.085491869197707,2025-02-04 15:45:43.699615,0.981620861032778,0.9428139139401213,0.9254858059955853
783,FCU_011,FCU,2024-02-26 21:49:12.113245,Fan motor failure,2,MEDIUM,8.305278178267315,8.305278178267315,2024-02-27 06:07:31.114687,0.985895376138493,1.0369884619774772,1.0223621297725622
783,FCU_043,FCU,2025-05-10 19:40:21.962880,Coil fouling,1,LOW,2.724788592161565,2.724788592161565,2025-05-10 22:23:51.201812,1.04638517108053,1.1461828795050282,1.1993487684604436
784,HP_002,HeatPump,2024-01-22 03:16:20.264902,Heat exchanger fouling,2,MEDIUM,6.083308657014748,6.083308657014748,2024-01-22 09:21:20.176067,1.0884275595868358,1.110287341737062,1.2084673418070255
784,HWP_002,HW_Pump,2024-02-21 13:59:30.147582,Seal leakage,2,MEDIUM,2.1028170608578947,2.1028170608578947,2024-02-21 16:05:40.289001,0.9891732163244609,1.0403353535955926,1.0290718677721975
784,FCU_038,FCU,2024-05-18 19:48:04.113477,Fan motor failure,2,MEDIUM,3.012843153268582,3.012843153268582,2024-05-18 22:48:50.348829,0.8440147882951288,1.049363396044066,0.8856782245567898
784,FCU_006,FCU,2024-06-17 13:49:47.492791,Filter blockage,1,LOW,1.5009683883155185,1.5009683883155185,2024-06-17 15:19:50.978989,1.0847971453025405,1.0814027176027166,1.1731025809778362
784,FCU_032,FCU,2024-07-19 06:36:39.446352,Valve actuator,2,MEDIUM,2.9551262853548343,2.9551262853548343,2024-07-19 09:33:57.900979,1.0904143039348642,1.1024900664628778,1.202170938417221
784,FCU_004,FCU,2025-01-30 06:36:51.691194,Valve actuator,2,MEDIUM,1.990044744675172,1.990044744675172,2025-01-30 08:36:15.852275,0.9721795337967231,0.9187602469559616,0.8931999085566089
784,FCU_026,FCU,2025-04-05 14:03:19.788898,Fan motor failure,2,MEDIUM,3.964223599764856,3.964223599764856,2025-04-05 18:01:10.993857,1.2277076915648089,0.9356457088273774,1.1486994333069789
785,FCU_031,FCU,2024-06-07 04:02:59.542790,Coil fouling,1,LOW,1.4388476384973434,1.4388476384973434,2024-06-07 05:29:19.394289,1.0519535186444846,0.9109228041782385,0.9582484490687988
785,FCU_036,FCU,2024-06-25 08:02:18.856246,Valve actuator,2,MEDIUM,3.178890380881991,3.178890380881991,2024-06-25 11:13:02.861617,1.037449109161025,1.052803774186945,1.092230337651611
785,FCU_028,FCU,2024-10-20 11:27:02.654815,Fan motor failure,2,MEDIUM,3.920140524382246,3.920140524382246,2024-10-20 15:22:15.160703,1.2406624615107618,1.046129678829552,1.2978938223961347
786,FCU_021,FCU,2024-08-11 12:22:01.508060,Filter blockage,1,LOW,0.9784359293422297,0.9784359293422297,2024-08-11 13:20:43.877406,0.9688032936249651,1.1019284617111818,1.0675519230448842
786,HP_002,HeatPump,2024-10-17 20:58:24.863086,Control valve failure,3,HIGH,2.6081622336746295,2.6081622336746295,2024-10-17 23:34:54.247127,1.0883488266947747,0.943197093581551,1.0265274501414028
786,FCU_003,FCU,2024-12-07 13:27:23.839724,Filter blockage,1,LOW,1.2143267875784303,1.2143267875784303,2024-12-07 14:40:15.416159,0.9756740456404777,1.0592952330368246,1.0335268655447112
787,FCU_023,FCU,2023-09-30 20:49:17.285059,Filter blockage,1,LOW,1.3489193078443504,1.3489193078443504,2023-09-30 22:10:13.394567,0.9465557267222648,1.0513380826651415,0.9951500828678955
787,FCU_029,FCU,2025-01-24 09:09:15.276984,Coil fouling,1,LOW,2.0825111009742447,2.0825111009742447,2025-01-24 11:14:12.316948,1.0189797590047924,1.0632049518851914,1.0833843256446742
787,FCU_039,FCU,2025-02-18 06:37:39.787695,Filter blockage,1,LOW,0.5829718430123875,0.5829718430123875,2025-02-18 07:12:38.486330,0.8,1.054278067334037,0.8434224538672297
787,CHWP_002,CHW_Pump,2025-04-20 02:31:55.696938,Motor overheating,3,HIGH,5.6839831774738085,5.6839831774738085,2025-04-20 08:12:58.036377,0.8,1.0564640729910901,0.8451712583928721
787,FCU_017,FCU,2025-05-04 15:42:35.868624,Coil fouling,1,LOW,2.827689859489791,2.827689859489791,2025-05-04 18:32:15.552118,0.9208022707410507,0.9621663519608155,0.8859649617161519
787,FCU_030,FCU,2025-05-04 18:17:00.409169,Filter blockage,1,LOW,1.1343564705923534,1.1343564705923534,2025-05-04 19:25:04.092463,1.060202835809556,1.0322720148803946,1.0944177175030385
788,FCU_050,FCU,2024-05-02 09:11:21.913949,Coil fouling,1,LOW,2.8384113452788373,2.8384113452788373,2024-05-02 12:01:40.194792,0.8608250840399092,1.0639135518814065,0.91584347270951
788,HP_002,HeatPump,2024-05-05 06:54:56.353629,Control valve failure,3,HIGH,3.109454656826197,3.109454656826197,2024-05-05 10:01:30.390394,1.0817947807357937,1.0940528210446405,1.1835406316553634
788,HWP_002,HW_Pump,2024-08-03 06:32:34.230551,Motor overheating,3,HIGH,4.821137996310324,4.821137996310324,2024-08-03 11:21:50.327338,0.9385857605848428,1.097860905857501,1.030436613340627
788,FCU_001,FCU,2025-02-12 10:04:43.383081,Coil fouling,1,LOW,2.0714786639704643,2.0714786639704643,2025-02-12 12:09:00.706271,0.9806672448763497,1.1312752731625753,1.1094046053290827
789,FCU_044,FCU,2024-08-18 20:09:15.525943,Coil fouling,1,LOW,2.5331358214078197,2.5331358214078197,2024-08-18 22:41:14.814900,1.0660282797185403,0.974916098857886,1.0392881317353826
789,FCU_035,FCU,2024-10-17 13:54:11.997671,Valve actuator,2,MEDIUM,3.1962317289717412,3.1962317289717412,2024-10-17 17:05:58.431895,1.2074626726834967,0.9588712985484344,1.1578013009047878
790,CHWP_001,CHW_Pump,2024-02-26 21:22:43.075281,Seal leakage,2,MEDIUM,5.555918204797958,5.555918204797958,2024-02-27 02:56:04.380818,0.9522694533782544,0.9064694313084412,0.8632031498561864
790,FCU_003,FCU,2024-09-16 15:36:42.441865,Filter blockage,1,LOW,1.1675759163193797,1.1675759163193797,2024-09-16 16:46:45.715164,0.8973125782901634,1.0262415264404643,0.920859430038726
790,FCU_033,FCU,2025-04-02 07:51:40.769268,Coil fouling,1,LOW,1.9279635209187982,1.9279635209187982,2025-04-02 09:47:21.437943,1.0218996705806795,0.928933842492655,0.949277187634489
791,FCU_046,FCU,2024-04-29 20:36:15.476250,Fan motor failure,2,MEDIUM,5.459665326959743,5.459665326959743,2024-04-30 02:03:50.271427,0.8103730820704379,1.0750133252333423,0.8711618616361336
791,FCU_029,FCU,2024-09-30 23:47:48.270750,Thermostat failure,1,LOW,2.1269026363827295,2.1269026363827295,2024-10-01 01:55:25.120241,1.1883913738554615,1.016900446097042,1.2084757182114956
791,HWP_001,HW_Pump,2025-01-24 22:14:36.730448,Bearing wear,3,HIGH,9.16736009221433,9.16736009221433,2025-01-25 07:24:39.226780,1.0111908022771288,1.0485756503840302,1.0603100531600895
791,FCU_021,FCU,2025-03-31 18:02:13.534438,Filter blockage,1,LOW,0.868400200946295,0.868400200946295,2025-03-31 18:54:19.775161,0.9582277834498073,0.9136647750596525,0.8754989722215776
793,FCU_039,FCU,2024-04-21 05:24:36.469685,Valve actuator,2,MEDIUM,1.6785056460002228,1.6785056460002228,2024-04-21 07:05:19.090011,1.1050848607257773,1.019154243662149,1.1262519254154708
793,HWP_002,HW_Pump,2024-04-28 17:11:40.422136,Bearing wear,3,HIGH,5.809442092071729,5.809442092071729,2024-04-28 23:00:14.413667,1.173096476331426,1.107040643934699,1.298665478555468
793,FCU_046,FCU,2024-09-30 20:10:18.712880,Valve actuator,2,MEDIUM,2.4384205107714574,2.4384205107714574,2024-09-30 22:36:37.026719,1.0154940413176279,1.0344202051695688,1.0504475545682552
794,FCU_043,FCU,2024-05-29 13:11:28.005193,Filter blockage,1,LOW,1.056287015063941,1.056287015063941,2024-05-29 14:14:50.638447,1.025033181805106,1.1210216256066823,1.1490843637679498
794,CHWP_002,CHW_Pump,2024-09-18 01:07:00.000001,Bearing wear,3,HIGH,5.946982681757885,5.946982681757885,2024-09-18 07:03:49.137655,1.0523365708267651,1.0803895862483026,1.1369334723494864
794,FCU_024,FCU,2024-10-19 01:22:44.008553,Fan motor failure,2,MEDIUM,3.990509068170607,3.990509068170607,2024-10-19 05:22:09.841198,1.0416430990964158,0.9842318960304256,1.0252183624106739
794,FCU_042,FCU,2024-12-08 09:16:22.877156,Coil fouling,1,LOW,3.156550897714842,3.156550897714842,2024-12-08 12:25:46.460388,1.1244678482766532,1.145162604900224,1.287698530259042
794,FCU_022,FCU,2025-02-19 15:31:11.608892,Thermostat failure,1,LOW,1.9889477423454807,1.9889477423454807,2025-02-19 17:30:31.820764,1.0279314964989554,1.1065753304471355,1.1374836354153501
795,CHWP_003,CHW_Pump,2024-07-17 23:20:25.483302,Seal leakage,2,MEDIUM,3.4943151383275817,3.4943151383275817,2024-07-18 02:50:05.017800,0.935089623866034,0.9942982154556375,0.9297579443010808
795,FCU_021,FCU,2025-02-21 10:16:58.036518,Coil fouling,1,LOW,2.1229374683330127,2.1229374683330127,2025-02-21 12:24:20.611404,1.1314786127204335,1.0949482340349594,1.2389105088465644
795,FCU_034,FCU,2025-03-15 03:59:16.819088,Filter blockage,1,LOW,0.8552390165951665,0.8552390165951665,2025-03-15 04:50:35.679548,1.0105095605881642,1.055348894008471,1.066440147151705
796,FCU_045,FCU,2024-06-21 20:47:52.362925,Fan motor failure,2,MEDIUM,4.739978591558888,4.739978591558888,2024-06-22 01:32:16.285855,0.9425644377061573,1.1047198787317356,1.0412696713195926
796,FCU_026,FCU,2024-09-16 12:28:23.055577,Coil fouling,1,LOW,1.656167027036078,1.656167027036078,2024-09-16 14:07:45.256874,0.9931938687919053,0.937804115326653,0.9314212974702486
796,FCU_013,FCU,2024-12-26 13:38:46.358878,Filter blockage,1,LOW,1.3642876702635485,1.3642876702635485,2024-12-26 15:00:37.794491,0.9944509405827674,1.1484099832121908,1.1420373879800032
796,HP_001,HeatPump,2025-03-05 09:38:23.873401,Heat exchanger fouling,2,MEDIUM,4.2040302970209575,4.2040302970209575,2025-03-05 13:50:38.382470,1.06538463029726,1.0735410263120617,1.143734109426417
797,FCU_001,FCU,2023-10-13 08:44:58.431358,Fan motor failure,2,MEDIUM,4.23738749572857,4.23738749572857,2023-10-13 12:59:13.026343,1.034098813548391,1.1388928928430493,1.177727789247692
797,HP_002,HeatPump,2024-01-19 07:35:57.260476,Refrigerant leak,3,HIGH,10.226038558072908,10.226038558072908,2024-01-19 17:49:30.999285,1.0276377182631578,1.1423634311908195,1.1739357498562055
797,FCU_031,FCU,2024-04-23 21:45:41.792758,Thermostat failure,1,LOW,1.1537207002867698,1.1537207002867698,2024-04-23 22:54:55.187279,0.8821246369233484,0.9034414256766863,0.7969479396065592
797,FCU_044,FCU,2025-03-20 12:34:09.453340,Coil fouling,1,LOW,1.83419187940369,1.83419187940369,2025-03-20 14:24:12.544106,0.9939484437227322,0.9868948687177528,0.9809226188799605
798,FCU_017,FCU,2024-08-18 11:58:22.515591,Fan motor failure,2,MEDIUM,3.5631931493196833,3.5631931493196833,2024-08-18 15:32:10.010929,0.9988255268730649,0.9502318137360006,0.9491157920064089
798,FCU_041,FCU,2024-12-22 21:05:05.997445,Fan motor failure,2,MEDIUM,5.748585715753667,5.748585715753667,2024-12-23 02:50:00.906022,1.0594370766595775,1.0030829707599729,1.0627032901889502
798,FCU_042,FCU,2025-02-14 12:09:07.999029,Valve actuator,2,MEDIUM,7.336367562487292,7.336367562487292,2025-02-14 19:29:18.922254,1.0557056739595025,1.0412968221642598,1.0993029634348082
798,HP_002,HeatPump,2025-03-14 18:18:07.772800,Control valve failure,3,HIGH,4.062147574751758,4.062147574751758,2025-03-14 22:21:51.504069,1.0065841234235515,1.0455856741886085,1.0524699393173635
798,FCU_036,FCU,2025-03-20 10:14:05.457901,Filter blockage,1,LOW,1.1585574767127051,1.1585574767127051,2025-03-20 11:23:36.264817,1.1261059151498656,1.0093452387695003,1.1366296438066879
798,FCU_030,FCU,2025-04-04 03:02:01.506680,Fan motor failure,2,MEDIUM,4.044664397841671,4.044664397841671,2025-04-04 07:04:42.298512,1.0570846925037638,1.1319675918990262,1.196585613806808
799,HP_001,HeatPump,2025-03-04 21:10:05.816544,Refrigerant leak,3,HIGH,3.8825882245764314,3.8825882245764314,2025-03-05 01:03:03.134152,0.9223898123043882,0.9335531603182665,0.8610999243221343
799,FCU_040,FCU,2025-03-11 09:39:35.098517,Fan motor failure,2,MEDIUM,4.05695705611359,4.05695705611359,2025-03-11 13:43:00.143919,1.120439437577758,1.1220912101982554,1.257235244465479
800,FCU_033,FCU,2023-11-02 04:45:47.024218,Filter blockage,1,LOW,0.8627717838687585,0.8627717838687585,2023-11-02 05:37:33.002640,1.0313787439181334,1.0079341803113429,1.0395618888416662
800,FCU_026,FCU,2024-12-31 21:30:55.016607,Fan motor failure,2,MEDIUM,5.18176171353588,5.18176171353588,2025-01-01 02:41:49.358776,0.9243183329215671,1.029491829738111,0.9515781718199046
800,FCU_048,FCU,2025-04-29 14:06:58.739943,Fan motor failure,2,MEDIUM,3.319717593876691,3.319717593876691,2025-04-29 17:26:09.723281,0.9276318654683073,1.0145845623957823,0.9411609702905458
801,FCU_049,FCU,2024-04-11 07:22:36.777039,Valve actuator,2,MEDIUM,2.4395570718271933,2.4395570718271933,2024-04-11 09:48:59.182498,0.93904654293312,1.084528400976171,1.018422645649458
801,FCU_050,FCU,2024-11-06 08:40:22.509896,Valve actuator,2,MEDIUM,3.343720611070079,3.343720611070079,2024-11-06 12:00:59.904096,1.0062529363830943,1.1277326615208634,1.134784302110491
801,FCU_009,FCU,2024-11-13 09:12:12.316594,Coil fouling,1,LOW,1.3480809363178705,1.3480809363178705,2024-11-13 10:33:05.407965,1.0025315720088046,0.992873848197656,0.9953873798400273
801,FCU_008,FCU,2024-12-21 19:35:49.550872,Fan motor failure,2,MEDIUM,4.517956283195291,4.517956283195291,2024-12-22 00:06:54.193492,1.0790716717726379,1.0188526353935905,1.0994150165641197
802,FCU_035,FCU,2024-09-12 02:06:33.406124,Coil fouling,1,LOW,2.542796119956338,2.542796119956338,2024-09-12 04:39:07.472156,0.912413391698582,1.0629154203030384,0.9698182637274192
802,FCU_031,FCU,2024-12-12 03:00:40.195267,Fan motor failure,2,MEDIUM,3.604637997632985,3.604637997632985,2024-12-12 06:36:56.892058,1.0257047705839415,0.9220881519262539,0.9457902163296888
802,FCU_040,FCU,2024-12-24 13:07:18.405400,Thermostat failure,1,LOW,1.3746545254992264,1.3746545254992264,2024-12-24 14:29:47.161692,1.0402072277445873,0.9610001168148823,0.9996392673742333
802,CHWP_003,CHW_Pump,2025-01-06 19:15:48.525332,Seal leakage,2,MEDIUM,4.818079516784181,4.818079516784181,2025-01-07 00:04:53.611592,0.8861611705837109,1.0263974108239198,0.9095535310598147
803,CHWP_001,CHW_Pump,2024-07-09 03:54:17.533407,VFD malfunction,2,MEDIUM,5.305540710210376,5.305540710210376,2024-07-09 09:12:37.479964,1.0975707754507313,0.9465631934412123,1.038920098238392
803,HP_001,HeatPump,2024-08-12 20:03:33.081939,Heat exchanger fouling,2,MEDIUM,3.8604381117565514,3.8604381117565514,2024-08-12 23:55:10.659141,0.9400839557293,1.0576739022724266,0.9943022659199079
803,FCU_020,FCU,2024-09-19 15:18:20.233275,Valve actuator,2,MEDIUM,3.1666147984478945,3.1666147984478945,2024-09-19 18:28:20.046549,0.9552860054448286,1.102353283302724,1.0530626645952508
803,FCU_047,FCU,2025-02-05 09:52:57.615668,Thermostat failure,1,LOW,1.90078661193597,1.90078661193597,2025-02-05 11:47:00.447471,0.9213273745664682,1.0009370221011729,0.9221906786788525
804,FCU_014,FCU,2024-10-31 15:42:24.527102,Thermostat failure,1,LOW,1.9627799016686334,1.9627799016686334,2024-10-31 17:40:10.534748,0.8460766570986278,0.9180359088122924,0.776728752824405
805,FCU_041,FCU,2024-07-30 11:08:48.885511,Coil fouling,1,LOW,2.102713236557911,2.102713236557911,2024-07-30 13:14:58.653163,1.0100409773372412,0.9522960833727426,0.9618580667642319
805,FCU_028,FCU,2024-09-22 19:56:17.962413,Fan motor failure,2,MEDIUM,4.019554136301836,4.019554136301836,2024-09-22 23:57:28.357304,0.9816591500607408,1.0487586807792473,1.0295235551925797
805,FCU_013,FCU,2024-09-24 08:59:30.680697,Filter blockage,1,LOW,0.9478766925179404,0.9478766925179404,2024-09-24 09:56:23.036790,1.116329101700786,0.9370676687029409,1.0460759088360037
805,FCU_047,FCU,2024-10-04 21:51:07.267404,Filter blockage,1,LOW,1.3887282076989447,1.3887282076989447,2024-10-04 23:14:26.688952,1.121464895979064,0.9708523862940545,1.088776870406288
805,FCU_032,FCU,2025-03-22 20:40:41.393185,Coil fouling,1,LOW,1.5464754367803901,1.5464754367803901,2025-03-22 22:13:28.704757,1.007249027380431,0.9141583644520938,0.9207851234660571
806,FCU_007,FCU,2024-12-27 08:35:07.398447,Filter blockage,1,LOW,0.9929879404204632,0.9929879404204632,2024-12-27 09:34:42.155033,0.8995572129009213,0.9755895943849344,0.8775986564600519
806,FCU_026,FCU,2025-03-09 04:55:34.626868,Coil fouling,1,LOW,1.4608896369673243,1.4608896369673243,2025-03-09 06:23:13.829561,0.9306375128220755,1.1067859988138984,1.030016569162463
807,CHWP_001,CHW_Pump,2024-02-07 09:53:00.319933,Bearing wear,3,HIGH,8.747562318282053,8.747562318282053,2024-02-07 18:37:51.544279,0.9269677281302421,1.1450276883349817,1.061403714902101
807,FCU_020,FCU,2024-10-02 06:39:22.971034,Fan motor failure,2,MEDIUM,3.65841948412817,3.65841948412817,2024-10-02 10:18:53.281177,0.9428978787601112,1.0942503898810236,1.031766371451242
807,FCU_048,FCU,2025-03-19 03:11:03.449356,Fan motor failure,2,MEDIUM,2.8065592447941463,2.8065592447941463,2025-03-19 05:59:27.062637,1.0716295174980466,0.9009293027694499,0.9654624340266772
807,FCU_049,FCU,2025-05-01 10:34:52.300018,Coil fouling,1,LOW,1.483532798060716,1.483532798060716,2025-05-01 12:03:53.018091,1.0501337228774221,0.9158363035460619,0.9617505869891229
808,FCU_046,FCU,2023-12-15 16:10:40.817040,Filter blockage,1,LOW,0.7410398768209939,0.7410398768209939,2023-12-15 16:55:08.560597,0.9885173399947841,1.034041125536438,1.0221675828604921
808,FCU_031,FCU,2024-07-23 16:08:25.218422,Coil fouling,1,LOW,2.6878234203932827,2.6878234203932827,2024-07-23 18:49:41.382735,0.9750577882487902,0.9032916175307573,0.8807615267332123
808,FCU_027,FCU,2025-03-05 14:44:24.999408,Fan motor failure,2,MEDIUM,3.564618366351764,3.564618366351764,2025-03-05 18:18:17.625527,1.357740065402923,1.0610577918690685,1.4406406757285901
808,FCU_044,FCU,2025-04-19 15:56:35.774285,Coil fouling,1,LOW,1.364833490507543,1.364833490507543,2025-04-19 17:18:29.174851,1.043356034350807,1.0507951132276552,1.0963534222524136
809,FCU_019,FCU,2024-10-04 01:10:08.915909,Filter blockage,1,LOW,0.6625869322362806,0.6625869322362806,2024-10-04 01:49:54.228865,1.1000081846570127,1.0769214400292,1.1846223982647361
809,FCU_032,FCU,2024-12-20 18:48:35.375880,Coil fouling,1,LOW,1.680063490234582,1.680063490234582,2024-12-20 20:29:23.604445,0.9905521725285241,1.0559027016658216,1.0459267151138176
810,FCU_028,FCU,2024-05-10 11:47:23.274260,Fan motor failure,2,MEDIUM,5.700450316454544,5.700450316454544,2024-05-10 17:29:24.895399,0.9115690272123922,1.0047948503192239,0.9159398642535161
810,FCU_024,FCU,2025-01-14 09:16:16.616079,Fan motor failure,2,MEDIUM,3.6898180271773198,3.6898180271773198,2025-01-14 12:57:39.960977,1.0317315622368735,1.1070726830806636,1.14220182882458
810,FCU_019,FCU,2025-01-14 19:48:05.392024,Valve actuator,2,MEDIUM,1.7281815415219517,1.7281815415219517,2025-01-14 21:31:46.845573,0.9474517454932153,1.0497140480214846,0.9945534070667045
810,FCU_043,FCU,2025-02-02 09:50:27.553875,Fan motor failure,2,MEDIUM,4.29131590295399,4.29131590295399,2025-02-02 14:07:56.291126,1.003829491548801,0.9465586760125695,0.9501835144628039
810,FCU_046,FCU,2025-05-28 01:01:59.745647,Fan motor failure,2,MEDIUM,3.050645959900134,3.050645959900134,2025-05-28 04:05:02.071103,1.1131079075391173,0.9056930082278771,1.0081340492613409
811,FCU_022,FCU,2024-04-13 20:29:22.042447,Filter blockage,1,LOW,1.074140984238455,1.074140984238455,2024-04-13 21:33:48.949990,0.9105162909928655,1.0313712158020807,0.9390802940489127
811,FCU_008,FCU,2024-06-14 05:57:29.571682,Filter blockage,1,LOW,1.0667423571501322,1.0667423571501322,2024-06-14 07:01:29.844168,1.2144506055865343,0.9246356258420769,1.1229242957507946
811,CHWP_002,CHW_Pump,2024-06-25 21:54:22.407526,VFD malfunction,2,MEDIUM,4.110842818367974,4.110842818367974,2024-06-26 02:01:01.441672,0.8640412388198915,0.9535798143894645,0.8239322841387151
811,FCU_049,FCU,2024-11-11 22:25:50.386800,Fan motor failure,2,MEDIUM,3.4342046634976064,3.4342046634976064,2024-11-12 01:51:53.523589,0.8850666518290758,1.060541553114017,0.9386499615402311
811,FCU_016,FCU,2024-12-23 08:32:15.693700,Fan motor failure,2,MEDIUM,2.902227150999665,2.902227150999665,2024-12-23 11:26:23.711444,0.8890106879328799,1.1089553729735484,0.9858731790140777
812,FCU_041,FCU,2024-12-14 03:52:20.394114,Fan motor failure,2,MEDIUM,4.2333711000843826,4.2333711000843826,2024-12-14 08:06:20.530074,0.9880344983701056,1.1137198691921377,1.1003936522820734
812,FCU_013,FCU,2025-05-05 14:09:29.667365,Coil fouling,1,LOW,1.9722483331217173,1.9722483331217173,2025-05-05 16:07:49.761364,0.9284406142729658,0.9893404093939924,0.9185438174228256
812,FCU_014,FCU,2025-05-24 12:15:17.946625,Fan motor failure,2,MEDIUM,3.9473013832516854,3.9473013832516854,2025-05-24 16:12:08.231605,0.9217192494364175,0.9518091104589734,0.8773007788989892
813,FCU_044,FCU,2025-05-24 13:59:20.769091,Fan motor failure,2,MEDIUM,5.070957368728646,5.070957368728646,2025-05-24 19:03:36.215618,1.0855817595259014,1.1100069694675123,1.2050033190005556
814,FCU_004,FCU,2023-12-31 21:42:04.691844,Valve actuator,2,MEDIUM,3.0951229202371873,3.0951229202371873,2024-01-01 00:47:47.134357,0.9183264617747977,1.1060524016500388,1.0157171885447975
815,HP_002,HeatPump,2024-03-28 01:30:14.148331,Heat exchanger fouling,2,MEDIUM,5.380354688902623,5.380354688902623,2024-03-28 06:53:03.425211,1.0314337218866703,0.9198468316614864,0.9487610411462684
815,FCU_021,FCU,2024-09-02 14:45:51.647191,Fan motor failure,2,MEDIUM,3.2185338457429675,3.2185338457429675,2024-09-02 17:58:58.369036,1.149344950189678,0.9773580079037157,1.123321490911579
815,FCU_018,FCU,2024-11-18 18:11:11.346715,Filter blockage,1,LOW,0.6741400659771339,0.6741400659771339,2024-11-18 18:51:38.250953,0.927509968626526,1.0573103826712813,0.9806659198599403
815,FCU_028,FCU,2025-01-03 16:04:43.872052,Coil fouling,1,LOW,2.5032259674046657,2.5032259674046657,2025-01-03 18:34:55.485535,0.9956266738218174,1.1256433881822554,1.1207205824854198
815,FCU_040,FCU,2025-01-08 11:23:01.501071,Filter blockage,1,LOW,1.273548548170365,1.273548548170365,2025-01-08 12:39:26.275844,1.1491091363642185,1.0371034138770068,1.19174500824059
815,FCU_001,FCU,2025-02-25 03:38:36.333430,Fan motor failure,2,MEDIUM,4.688621879336995,4.688621879336995,2025-02-25 08:19:55.372196,0.9717513597591387,1.1334302893897086,1.1014124249066435
816,FCU_009,FCU,2024-04-20 10:47:55.176168,Filter blockage,1,LOW,0.6574392105714776,0.6574392105714776,2024-04-20 11:27:21.957326,0.9812952790600015,1.0354698791349406,1.0161017040039475
816,FCU_036,FCU,2024-08-31 17:03:39.903095,Fan motor failure,2,MEDIUM,4.142778824555545,4.142778824555545,2024-08-31 21:12:13.906863,1.0984044449885293,1.0290284643277223,1.1302894392372904
816,FCU_031,FCU,2024-10-30 19:32:38.525645,Filter blockage,1,LOW,1.4104943674743846,1.4104943674743846,2024-10-30 20:57:16.305368,1.010280609300866,1.0902047933008685,1.1014127628387262
816,FCU_047,FCU,2025-04-26 14:52:26.634289,Fan motor failure,2,MEDIUM,4.208833378960284,4.208833378960284,2025-04-26 19:04:58.434453,0.9790945543871563,1.0014768170369686,0.9805404979058784
817,FCU_046,FCU,2023-08-21 06:29:34.962615,Fan motor failure,2,MEDIUM,4.358678637311402,4.358678637311402,2023-08-21 10:51:06.205709,1.147763903248925,1.1180128638112987,1.283214808450565
817,CHWP_002,CHW_Pump,2024-04-11 04:37:23.879294,Impeller damage,4,CRITICAL,14.66710362248007,14.66710362248007,2024-04-11 19:17:25.452335,0.9500943374949693,0.9827801981929477,0.9337339013053033
817,FCU_037,FCU,2024-10-03 13:38:28.580874,Fan motor failure,2,MEDIUM,3.199165506112687,3.199165506112687,2024-10-03 16:50:25.576696,0.9470435068258866,1.0134018576943191,0.959735649134696
818,HWP_002,HW_Pump,2023-05-03 20:08:59.472106,Impeller damage,4,CRITICAL,12.751143873890097,12.751143873890097,2023-05-04 08:54:03.590052,1.006458881752951,1.0514038410730755,1.058194734157165
818,FCU_023,FCU,2024-09-16 13:02:53.504489,Coil fouling,1,LOW,2.278952008553079,2.278952008553079,2024-09-16 15:19:37.731720,1.1288846602078941,1.0683680440914602,1.2060642964311605
818,CHWP_003,CHW_Pump,2024-10-16 02:20:21.444625,Bearing wear,3,HIGH,9.237457616936155,9.237457616936155,2024-10-16 11:34:36.292046,1.0822588402911215,0.978477889569254,1.0589663460157248
818,FCU_022,FCU,2024-12-26 05:56:34.685022,Thermostat failure,1,LOW,2.945961055063204,2.945961055063204,2024-12-26 08:53:20.144820,0.9444468039587112,1.0116723441321533,0.9554707120690296
818,FCU_032,FCU,2025-01-08 19:44:50.815869,Coil fouling,1,LOW,2.27372906031107,2.27372906031107,2025-01-08 22:01:16.240486,1.0152220310360762,0.9728372731425187,0.9876458323073458
818,HP_002,HeatPump,2025-02-20 19:29:10.635544,Refrigerant leak,3,HIGH,5.082200473573623,5.082200473573623,2025-02-21 00:34:06.557249,0.9784218335913591,0.9672923287533588,0.9464199339177171
818,FCU_035,FCU,2025-05-13 16:00:41.270227,Fan motor failure,2,MEDIUM,3.582353919338447,3.582353919338447,2025-05-13 19:35:37.744337,1.1020831388692056,1.110344330646113,1.2236917651440953
818,CHWP_002,CHW_Pump,2025-05-20 18:43:47.914731,Seal leakage,2,MEDIUM,4.516041469093522,4.516041469093522,2025-05-20 23:14:45.664020,1.0895412690846191,0.921052494011229,1.003524703218548
818,FCU_001,FCU,2025-05-29 07:16:13.939883,Filter blockage,1,LOW,0.6848675868808105,0.6848675868808105,2025-05-29 07:57:19.463196,0.8477128786939234,1.0376455579322121,0.8796255029786778
819,FCU_033,FCU,2024-03-13 07:08:50.363185,Valve actuator,2,MEDIUM,3.0733945427178493,3.0733945427178493,2024-03-13 10:13:14.583539,0.9064606604192339,1.041573436125867,0.9441453447857842
819,FCU_012,FCU,2024-07-15 07:14:08.573215,Valve actuator,2,MEDIUM,4.713118161310631,4.713118161310631,2024-07-15 11:56:55.798596,1.0622986609280822,0.9933555996068637,1.0552403232877836
819,FCU_039,FCU,2024-09-27 10:48:15.181458,Fan motor failure,2,MEDIUM,4.425459231363653,4.425459231363653,2024-09-27 15:13:46.834691,0.913270456335358,0.9760206930004137,0.8913708636892401
819,FCU_046,FCU,2025-02-04 05:59:30.741898,Coil fouling,1,LOW,2.4719585736509937,2.4719585736509937,2025-02-04 08:27:49.792763,0.8950095217193167,0.9418836889543765,0.8429948699662821
820,FCU_026,FCU,2023-09-04 07:32:53.328670,Valve actuator,2,MEDIUM,2.8238411041657128,2.8238411041657128,2023-09-04 10:22:19.156645,1.0991536652539908,1.0467682378861005,1.1505591453439687
820,FCU_010,FCU,2024-06-12 22:44:41.256359,Filter blockage,1,LOW,1.577040080489756,1.577040080489756,2024-06-13 00:19:18.600649,0.8916213366286417,0.915608516300551,0.8163760891324647
820,FCU_037,FCU,2024-09-17 14:43:40.735411,Coil fouling,1,LOW,2.1117922887620333,2.1117922887620333,2024-09-17 16:50:23.187651,0.9229643017137578,1.0372352866671202,0.9573311420715879
820,FCU_028,FCU,2024-10-04 12:04:03.600276,Fan motor failure,2,MEDIUM,2.433627799468181,2.433627799468181,2024-10-04 14:30:04.660354,1.0201668493871332,0.9305939229956909,0.9493610704813265
820,FCU_019,FCU,2024-11-04 04:57:21.601474,Thermostat failure,1,LOW,1.7691104116363743,1.7691104116363743,2024-11-04 06:43:30.398956,0.9488101302824452,0.9762425700681043,0.9262688400935872
821,FCU_015,FCU,2023-09-09 03:27:20.513283,Coil fouling,1,LOW,1.4963255733454732,1.4963255733454732,2023-09-09 04:57:07.285347,1.103045261646332,1.1101711023650818,1.2245689740804884
821,FCU_005,FCU,2024-09-29 08:16:58.110971,Valve actuator,2,MEDIUM,3.3612161516018646,3.3612161516018646,2024-09-29 11:38:38.489117,0.9094343852449271,0.96174145184337,0.8746407460217389
822,HP_001,HeatPump,2023-07-04 09:25:10.009171,Refrigerant leak,3,HIGH,3.363974362441971,3.363974362441971,2023-07-04 12:47:00.316876,1.1255659359433248,1.031840081827045,1.1614040474454947
822,FCU_009,FCU,2024-05-31 02:34:47.608670,Fan motor failure,2,MEDIUM,3.8774284861147574,3.8774284861147574,2024-05-31 06:27:26.351220,1.0009245572133068,0.9662801577422744,0.9671735390321902
822,FCU_041,FCU,2024-06-10 16:17:39.368057,Fan motor failure,2,MEDIUM,3.7282254133626362,3.7282254133626362,2024-06-10 20:01:20.979545,0.9301692989322116,0.9107109517860074,0.8471153675526776
822,FCU_014,FCU,2024-12-11 06:11:30.842377,Coil fouling,1,LOW,2.443123497627913,2.443123497627913,2024-12-11 08:38:06.086968,1.1288237487795554,1.034045233998059,1.1672548174493216
822,HP_001,HeatPump,2025-04-04 23:02:57.497439,Compressor degradation,4,CRITICAL,12.420134523444961,12.420134523444961,2025-04-05 11:28:09.981723,0.9028940158346453,0.9367679452316112,0.8458021719753386
823,FCU_015,FCU,2023-11-27 03:47:51.682073,Valve actuator,2,MEDIUM,4.2288951492150755,4.2288951492150755,2023-11-27 08:01:35.704610,1.1119796772985227,0.9527407008271731,1.0594282970549682
823,CHWP_001,CHW_Pump,2024-03-17 10:42:49.165868,Bearing wear,3,HIGH,9.377675919796982,9.377675919796982,2024-03-17 20:05:28.799179,1.05533227379987,1.0951015462851632,1.1556960048828748
823,HP_002,HeatPump,2024-05-10 10:09:55.158385,Compressor degradation,4,CRITICAL,13.601362489333718,13.601362489333718,2024-05-10 23:46:00.063347,1.1060077163869078,1.1092095941210227,1.2267943701882411
823,FCU_020,FCU,2025-01-01 13:16:42.161295,Fan motor failure,2,MEDIUM,5.300103898960265,5.300103898960265,2025-01-01 18:34:42.535331,0.9588698172876469,1.1021797806651976,1.0568469249045767
824,FCU_029,FCU,2024-06-23 01:43:34.450973,Valve actuator,2,MEDIUM,2.247566956457904,2.247566956457904,2024-06-23 03:58:25.692016,0.8786215078060445,1.079219550691882,0.9482255088826633
824,FCU_013,FCU,2024-12-06 15:29:07.293337,Fan motor failure,2,MEDIUM,5.387862242221823,5.387862242221823,2024-12-06 20:52:23.597409,0.9787037006089253,1.1387002603870215,1.1144501587251248
825,FCU_025,FCU,2023-09-16 02:27:43.937596,Valve actuator,2,MEDIUM,2.9870352951534818,2.9870352951534818,2023-09-16 05:26:57.264659,1.025413430888342,0.9111145633291156,0.934269110315642
826,CT_001,CoolingTower,2023-12-02 08:31:52.904086,Drift eliminator damage,2,MEDIUM,3.612606028463753,3.612606028463753,2023-12-02 12:08:38.285788,1.1094448930274519,1.0928477907162755,1.2124544002665054
826,FCU_039,FCU,2023-12-18 22:54:23.740740,Thermostat failure,1,LOW,1.8467851776851218,1.8467851776851218,2023-12-19 00:45:12.167380,1.1148080991421325,0.917000776699886,1.022279892784659
826,FCU_045,FCU,2024-06-03 03:38:39.350311,Thermostat failure,1,LOW,1.5753564656752135,1.5753564656752135,2024-06-03 05:13:10.633587,1.0304532508730313,1.0151654223709055,1.0460805096559935
826,FCU_029,FCU,2024-08-09 02:01:33.732809,Fan motor failure,2,MEDIUM,3.5128789546521384,3.5128789546521384,2024-08-09 05:32:20.097046,0.9324559484676463,0.9015335209749564,0.8406402943760798
826,FCU_004,FCU,2025-04-14 02:49:23.086384,Coil fouling,1,LOW,1.7297721198084886,1.7297721198084886,2025-04-14 04:33:10.266015,0.9232257898262255,0.9582680846012208,0.8846978092712263
826,FCU_009,FCU,2025-04-27 13:17:44.847338,Filter blockage,1,LOW,1.8546721077453496,1.8546721077453496,2025-04-27 15:09:01.666926,0.9951179737741556,0.9462584750417972,0.9416388163502155
827,FCU_011,FCU,2024-12-04 13:25:28.225402,Fan motor failure,2,MEDIUM,5.533693744148304,5.533693744148304,2024-12-04 18:57:29.522881,1.0042449025332094,0.9563507306528806,0.9604103462920657
827,FCU_042,FCU,2025-05-01 06:37:12.937385,Fan motor failure,2,MEDIUM,5.039780225427877,5.039780225427877,2025-05-01 11:39:36.146197,0.9851209564287233,1.149243206209996,1.1321435664708037
828,FCU_019,FCU,2024-06-01 16:30:03.170341,Coil fouling,1,LOW,1.6713788738593338,1.6713788738593338,2024-06-01 18:10:20.134287,0.9649678549190053,1.0647729782176414,1.0274716967663982
828,FCU_033,FCU,2024-10-13 21:08:14.943686,Fan motor failure,2,MEDIUM,7.07699063472168,7.07699063472168,2024-10-14 04:12:52.109971,1.0321045810662468,1.0248448769045946,1.057747092335506
828,FCU_026,FCU,2025-03-11 00:25:21.129962,Filter blockage,1,LOW,0.8717086680912429,0.8717086680912429,2025-03-11 01:17:39.281167,1.14929318220786,0.9829718510667694,1.129722846733278
828,FCU_031,FCU,2025-03-22 18:14:05.487751,Fan motor failure,2,MEDIUM,4.165821570470076,4.165821570470076,2025-03-22 22:24:02.445405,0.8756881964039525,0.9443048258235824,0.8269165897810014
829,FCU_044,FCU,2023-10-28 09:29:04.206867,Valve actuator,2,MEDIUM,1.765393443702848,1.765393443702848,2023-10-28 11:14:59.623264,0.8366475343263804,1.0619451116635936,0.8884737592632983
829,FCU_020,FCU,2024-03-29 05:29:46.382550,Filter blockage,1,LOW,1.2113637826528478,1.2113637826528478,2024-03-29 06:42:27.292168,0.9659397917309964,1.1442585855410596,1.1052848998039357
829,FCU_028,FCU,2024-10-28 14:33:05.520263,Filter blockage,1,LOW,0.8536793754025397,0.8536793754025397,2024-10-28 15:24:18.766014,1.0910466815378554,0.9428049053003966,1.0286441632656098
829,FCU_012,FCU,2024-12-15 15:21:53.900154,Thermostat failure,1,LOW,3.576246997161289,3.576246997161289,2024-12-15 18:56:28.389344,0.9659838440205746,1.0825767287267918,1.0457516298627252
829,FCU_013,FCU,2025-01-27 04:25:28.980809,Fan motor failure,2,MEDIUM,2.5349830964833675,2.5349830964833675,2025-01-27 06:57:34.919956,1.1173212573516484,0.9186435215657118,1.0264199345737473
829,FCU_032,FCU,2025-02-10 19:37:38.583381,Fan motor failure,2,MEDIUM,4.335506055054832,4.335506055054832,2025-02-10 23:57:46.405179,1.0164245429311098,1.004881116233949,1.0213858292681952
829,FCU_021,FCU,2025-05-28 00:37:06.004787,Fan motor failure,2,MEDIUM,4.286272512931378,4.286272512931378,2025-05-28 04:54:16.585834,0.966453406485677,0.939931817104988,0.9084003065053879
830,CHWP_003,CHW_Pump,2024-06-01 14:46:25.146964,Motor overheating,3,HIGH,5.381576735386923,5.381576735386923,2024-06-01 20:09:18.823211,0.9379165474579189,1.0446280499946707,0.9797739340286998
830,FCU_023,FCU,2024-06-21 08:25:11.107346,Fan motor failure,2,MEDIUM,3.9882976386083904,3.9882976386083904,2024-06-21 12:24:28.978845,1.0063869509900198,1.0000892588929746,1.0064767799751693
830,CHWP_001,CHW_Pump,2024-09-07 12:47:30.524591,VFD malfunction,2,MEDIUM,4.047450048617914,4.047450048617914,2024-09-07 16:50:21.344766,0.9097755440169873,1.1217716588274158,1.0205604211725505
830,FCU_026,FCU,2024-12-04 14:00:05.594465,Thermostat failure,1,LOW,2.369377575149594,2.369377575149594,2024-12-04 16:22:15.353736,0.996368942964754,0.9477077365900949,0.9442665557457923
830,FCU_011,FCU,2025-03-14 22:09:11.162148,Fan motor failure,2,MEDIUM,3.9502068824075645,3.9502068824075645,2025-03-15 02:06:11.906925,0.8541507366032914,1.0328721157687526,0.8822284785008802
831,FCU_003,FCU,2024-08-13 00:02:44.438175,Valve actuator,2,MEDIUM,4.41156707131729,4.41156707131729,2024-08-13 04:27:26.079632,1.001475168647403,1.0921080579671045,1.093719101533794
831,FCU_039,FCU,2024-08-24 17:38:44.799515,Coil fouling,1,LOW,1.316544168467833,1.316544168467833,2024-08-24 18:57:44.358521,1.0441608515618748,1.0722237776317751,1.1195740927168845
832,FCU_013,FCU,2024-05-31 18:08:35.715189,Coil fouling,1,LOW,2.523568982516306,2.523568982516306,2024-05-31 20:40:00.563526,0.9758600588743952,1.0747616261916824,1.048816943811356
832,FCU_046,FCU,2024-09-30 23:31:37.011725,Thermostat failure,1,LOW,2.4916965967439726,2.4916965967439726,2024-10-01 02:01:07.119473,1.1113982031432474,0.9735560085166197,1.0820083985246833
832,FCU_016,FCU,2025-05-21 08:52:48.424399,Coil fouling,1,LOW,1.4704290826057427,1.4704290826057427,2025-05-21 10:21:01.969096,1.0752390052987182,0.9212407379759079,0.9905539747418722
833,FCU_022,FCU,2024-10-16 17:32:03.420288,Coil fouling,1,LOW,2.6131137913869518,2.6131137913869518,2024-10-16 20:08:50.629937,0.8062097539955951,0.9328239874776086,0.752051797465513
833,FCU_045,FCU,2025-03-30 14:09:18.086128,Filter blockage,1,LOW,0.7365559478955856,0.7365559478955856,2025-03-30 14:53:29.687540,1.1411149017325526,1.0592743911155915,1.2087537927256777
834,HP_001,HeatPump,2023-08-27 14:10:31.917999,Heat exchanger fouling,2,MEDIUM,4.852109457585667,4.852109457585667,2023-08-27 19:01:39.512046,1.0944441439270858,0.9767659206411132,1.069015741833215
834,FCU_032,FCU,2023-12-20 03:12:44.359621,Fan motor failure,2,MEDIUM,4.352470327392732,4.352470327392732,2023-12-20 07:33:53.252800,1.0359060360461907,1.0758768619781658,1.1145073353656163
834,FCU_030,FCU,2025-05-19 22:44:09.701209,Fan motor failure,2,MEDIUM,3.626261493480121,3.626261493480121,2025-05-20 02:21:44.242586,0.8962252152778278,0.9690601428561726,0.8684961351484358
835,FCU_030,FCU,2024-07-21 17:35:54.204006,Valve actuator,2,MEDIUM,3.829304497345938,3.829304497345938,2024-07-21 21:25:39.700196,1.0513647453005404,0.9482726097280232,0.9969803908021818
835,CT_001,CoolingTower,2024-10-04 05:19:25.723399,Fan motor failure,4,CRITICAL,5.926176659456134,5.926176659456134,2024-10-04 11:14:59.959373,1.2430122506856491,0.9021946075540779,1.1214389496922503
835,FCU_031,FCU,2025-03-04 11:22:07.661962,Thermostat failure,1,LOW,2.6321295725025333,2.6321295725025333,2025-03-04 14:00:03.328423,1.0417412462204398,1.1165776846423165,1.1631850287012202
836,HWP_002,HW_Pump,2024-06-01 05:11:36.503117,Motor overheating,3,HIGH,4.979163807257084,4.979163807257084,2024-06-01 10:10:21.492823,1.1404161468661196,1.0707311142471791,1.221079051639435
836,FCU_004,FCU,2024-07-26 15:34:49.786888,Fan motor failure,2,MEDIUM,3.775301508498681,3.775301508498681,2024-07-26 19:21:20.872319,0.9569152561078554,1.0641623465868641,1.0183131844245055
836,FCU_039,FCU,2024-11-22 03:12:46.398130,Fan motor failure,2,MEDIUM,2.911449333742032,2.911449333742032,2024-11-22 06:07:27.615731,1.1696914808729861,0.9239543807931043,1.0807415679289691
836,CHWP_003,CHW_Pump,2024-12-07 23:54:36.050422,Motor overheating,3,HIGH,8.93472270437731,8.93472270437731,2024-12-08 08:50:41.052158,0.8890735212219607,1.1428947341295355,1.0161174456585826
836,FCU_047,FCU,2025-01-21 12:36:42.349949,Coil fouling,1,LOW,2.5978867858822543,2.5978867858822543,2025-01-21 15:12:34.742378,1.064890619389076,1.1203700258070883,1.1930715307266653
836,FCU_042,FCU,2025-02-21 22:09:42.057652,Filter blockage,1,LOW,0.5462509734437416,0.5462509734437416,2025-02-21 22:42:28.561156,1.1142720608963355,0.941675625010422,1.0492828393762077
837,FCU_048,FCU,2024-02-01 20:59:12.349685,Filter blockage,1,LOW,0.8823769155394179,0.8823769155394179,2024-02-01 21:52:08.906581,0.8525317093214495,1.0126705527753561,0.8633337573370715
837,FCU_009,FCU,2024-08-05 17:18:18.934863,Coil fouling,1,LOW,1.9534132474652512,1.9534132474652512,2024-08-05 19:15:31.222554,1.0212735583180503,0.9303450922901607,0.9501368428669074
838,CHWP_003,CHW_Pump,2024-11-14 14:50:12.058088,Seal leakage,2,MEDIUM,1.6013138086822283,1.6013138086822283,2024-11-14 16:26:16.787799,1.1762106205295946,1.1237293553171837,1.3217424023249458
838,FCU_040,FCU,2025-02-07 07:24:46.365493,Filter blockage,1,LOW,0.7277132009820945,0.7277132009820945,2025-02-07 08:08:26.133017,0.8651283220811417,0.979679109367717,0.8475481440652403
838,FCU_031,FCU,2025-03-14 06:04:12.328382,Filter blockage,1,LOW,1.5039142319613523,1.5039142319613523,2025-03-14 07:34:26.419617,1.050534078747606,0.9545930735539516,1.0028325551048463
838,FCU_027,FCU,2025-05-14 15:47:50.440595,Coil fouling,1,LOW,2.234550565588207,2.234550565588207,2025-05-14 18:01:54.822631,1.019353623346503,1.0993851620608444,1.120662248400104
839,FCU_011,FCU,2024-10-04 07:34:25.928505,Valve actuator,2,MEDIUM,2.502858232977272,2.502858232977272,2024-10-04 10:04:36.218144,0.9712277272009561,0.9781869413909168,0.9500422798647549
839,FCU_026,FCU,2024-12-08 02:36:35.302893,Filter blockage,1,LOW,0.8926658087701095,0.8926658087701095,2024-12-08 03:30:08.899805,0.8789305863788944,1.002707141680771,0.8813099760037851
839,FCU_021,FCU,2025-01-28 23:38:49.961601,Fan motor failure,2,MEDIUM,2.900080363329906,2.900080363329906,2025-01-29 02:32:50.250909,0.953912260265553,1.108831097357402,1.0577275783329327
839,FCU_030,FCU,2025-05-22 06:25:18.938756,Coil fouling,1,LOW,2.570294658558714,2.570294658558714,2025-05-22 08:59:31.999527,0.9727843616652773,1.1389134894188984,1.1079172317963366
840,FCU_015,FCU,2024-03-25 04:11:38.621611,Fan motor failure,2,MEDIUM,2.9950808987838418,2.9950808987838418,2024-03-25 07:11:20.912847,0.9306836761249575,1.08959962590173,1.0140725853386006
840,FCU_048,FCU,2024-04-15 19:51:35.248170,Filter blockage,1,LOW,1.0620167187732945,1.0620167187732945,2024-04-15 20:55:18.508358,1.0564510715039563,0.9745241173865129,1.0295370480194288
840,FCU_034,FCU,2024-06-03 05:16:37.279422,Filter blockage,1,LOW,1.2109120644087388,1.2109120644087388,2024-06-03 06:29:16.562854,1.1385441367454856,1.1293045142983333,1.2857630333545758
840,FCU_048,FCU,2024-08-26 05:00:11.291366,Coil fouling,1,LOW,1.953628725098083,1.953628725098083,2024-08-26 06:57:24.354776,0.9231099774444944,1.0166648669005223,0.938493482353151
840,FCU_024,FCU,2024-11-16 22:06:36.136950,Fan motor failure,2,MEDIUM,3.0442423724629504,3.0442423724629504,2024-11-17 01:09:15.409491,0.8785814567451478,1.1402681808768778,1.001818479434947
840,FCU_040,FCU,2025-03-11 01:27:54.996921,Coil fouling,1,LOW,1.0139226966522983,1.0139226966522983,2025-03-11 02:28:45.118629,0.8831277483402733,0.9295254328192422,0.8208897025106753
840,FCU_018,FCU,2025-03-28 17:03:14.857902,Thermostat failure,1,LOW,1.7147387212650158,1.7147387212650158,2025-03-28 18:46:07.917299,0.951548847263236,1.1249783159816111,1.0704718197684384
840,FCU_043,FCU,2025-04-30 13:52:54.090704,Coil fouling,1,LOW,2.1508964622227684,2.1508964622227684,2025-04-30 16:01:57.317968,1.1503845500491823,1.0458355608434045,1.203113071086274
840,FCU_014,FCU,2025-05-23 05:07:14.558514,Thermostat failure,1,LOW,2.415488801462258,2.415488801462258,2025-05-23 07:32:10.318199,0.9518049760686715,0.9641283187778324,0.9176621313814634
841,FCU_039,FCU,2024-11-03 10:33:08.468627,Valve actuator,2,MEDIUM,3.445235320492757,3.445235320492757,2024-11-03 13:59:51.315781,0.8971145594097666,1.0873614252007155,0.9754877658881158
841,FCU_029,FCU,2024-11-10 11:47:57.334381,Valve actuator,2,MEDIUM,2.9916348892723033,2.9916348892723033,2024-11-10 14:47:27.219982,1.0279934610441144,0.9500941804000154,0.976690604827283
841,CHWP_002,CHW_Pump,2025-04-30 02:41:14.503607,Impeller damage,4,CRITICAL,13.993393836139372,13.993393836139372,2025-04-30 16:40:50.721417,1.0382797713515268,0.9336530956305021,0.969393122652883
842,FCU_044,FCU,2023-11-10 02:42:36.638180,Valve actuator,2,MEDIUM,4.164273046810832,4.164273046810832,2023-11-10 06:52:28.021149,1.0144078860820618,1.1448931174401114,1.1613886070523252
842,HP_001,HeatPump,2024-07-03 02:59:37.177490,Compressor degradation,4,CRITICAL,14.056492517484728,14.056492517484728,2024-07-03 17:03:00.550553,0.95835558601016,1.0602589219354406,1.0161050604539397
842,FCU_024,FCU,2024-08-04 21:18:56.732056,Thermostat failure,1,LOW,1.804084118239476,1.804084118239476,2024-08-04 23:07:11.434882,1.0162600587176835,0.9521130208186357,0.9675944344430177
842,FCU_008,FCU,2024-09-22 19:42:06.231930,Fan motor failure,2,MEDIUM,3.8045351328942267,3.8045351328942267,2024-09-22 23:30:22.558408,1.065613662920855,0.9238458760912378,0.9844627879959102
843,CHWP_001,CHW_Pump,2023-12-26 07:20:34.857242,Impeller damage,4,CRITICAL,7.269920312516671,7.269920312516671,2023-12-26 14:36:46.570367,0.8748587645092551,0.9117938077572049,0.7976908041416576
843,FCU_008,FCU,2024-01-15 11:19:17.315020,Valve actuator,2,MEDIUM,2.7037697023739367,2.7037697023739367,2024-01-15 14:01:30.885949,0.8942852888699316,0.9157184327957382,0.8189135231962578
843,FCU_011,FCU,2025-02-24 06:24:07.142408,Filter blockage,1,LOW,0.7988896785323664,0.7988896785323664,2025-02-24 07:12:03.145251,0.898404684842804,1.1041476367410545,0.991971409606274
843,FCU_018,FCU,2025-02-27 08:34:06.749113,Fan motor failure,2,MEDIUM,4.991970226194757,4.991970226194757,2025-02-27 13:33:37.841927,1.0641606515183621,1.0608919262821097,1.1289594434629402
843,FCU_019,FCU,2025-03-22 06:39:43.238905,Coil fouling,1,LOW,0.9674847282425019,0.9674847282425019,2025-03-22 07:37:46.183927,1.0308314478567626,1.0720953899741923,1.1051496430876573
844,FCU_042,FCU,2023-09-19 08:13:04.023481,Coil fouling,1,LOW,2.423571837343793,2.423571837343793,2023-09-19 10:38:28.882095,1.0112618567291574,0.9957021325149903,1.0069155872762905
844,HP_001,HeatPump,2025-01-29 14:57:01.287764,Sensor malfunction,1,LOW,1.6094867275085316,1.6094867275085316,2025-01-29 16:33:35.439983,1.06486485876323,0.9898544047685354,1.0540611709300074
844,FCU_038,FCU,2025-03-07 12:30:11.096509,Coil fouling,1,LOW,1.3312122224839635,1.3312122224839635,2025-03-07 13:50:03.460510,1.0090411552720815,0.9857391602358982,0.9946513810413622
845,FCU_048,FCU,2024-04-04 07:22:47.909748,Filter blockage,1,LOW,1.402783724447311,1.402783724447311,2024-04-04 08:46:57.931156,0.8455761202086449,1.0269998696508968,0.8684065652341895
845,FCU_028,FCU,2024-05-29 00:26:27.885648,Fan motor failure,2,MEDIUM,3.7821546314940995,3.7821546314940995,2024-05-29 04:13:23.642321,0.993830147566828,1.0077685139152806,1.0015507308976261
845,FCU_001,FCU,2024-07-19 03:24:33.450131,Thermostat failure,1,LOW,2.86752934409556,2.86752934409556,2024-07-19 06:16:36.555770,0.9817205742431967,1.0196828891967327,1.0010436715281783
845,HWP_002,HW_Pump,2024-10-11 07:03:43.946599,Impeller damage,4,CRITICAL,8.14120948232821,8.14120948232821,2024-10-11 15:12:12.300735,1.0320218986935288,1.0832086683868933,1.1178950666299305
845,FCU_006,FCU,2024-11-12 11:37:36.982018,Valve actuator,2,MEDIUM,4.529067692381354,4.529067692381354,2024-11-12 16:09:21.625711,0.9805376556578528,0.9982194163368084,0.9787917263270443
845,FCU_027,FCU,2024-11-30 10:30:19.890664,Valve actuator,2,MEDIUM,3.0772644281831902,3.0772644281831902,2024-11-30 13:34:58.042605,1.0957406165610089,1.086433999234826,1.190449860174411
846,FCU_014,FCU,2023-09-21 17:19:39.464463,Filter blockage,1,LOW,1.299601094616876,1.299601094616876,2023-09-21 18:37:38.028404,0.8330024193899089,0.9344103821768243,0.7783661090563441
846,FCU_004,FCU,2024-10-04 16:37:25.640365,Coil fouling,1,LOW,1.8954396905322517,1.8954396905322517,2024-10-04 18:31:09.223251,0.9194385657196535,0.9498899096377086,0.8733654161088661
846,FCU_026,FCU,2025-01-11 03:32:23.190678,Fan motor failure,2,MEDIUM,4.229402723552373,4.229402723552373,2025-01-11 07:46:09.040483,1.084866173757404,0.9131158774884479,0.9906085282080269
846,FCU_006,FCU,2025-03-12 18:17:41.550389,Coil fouling,1,LOW,2.5233934204204473,2.5233934204204473,2025-03-12 20:49:05.766703,0.9936251469011932,0.955742790711002,0.9496500708199757
846,FCU_049,FCU,2025-04-03 12:19:20.874831,Valve actuator,2,MEDIUM,2.529601274973826,2.529601274973826,2025-04-03 14:51:07.439421,0.9369045792506416,0.9644733678423997,0.9036195148968328
846,FCU_027,FCU,2025-05-23 03:14:02.157242,Filter blockage,1,LOW,0.7394780250461526,0.7394780250461526,2025-05-23 03:58:24.278132,1.0949879555044406,1.0803534093970293,1.182973970977905
847,FCU_023,FCU,2023-09-24 13:41:47.046727,Fan motor failure,2,MEDIUM,7.973195961428911,7.973195961428911,2023-09-24 21:40:10.552188,1.181787528060631,1.1461502966835466,1.3545061259036073
847,FCU_028,FCU,2024-02-26 17:30:03.167522,Thermostat failure,1,LOW,2.6822165176942407,2.6822165176942407,2024-02-26 20:10:59.146986,1.035513556145386,1.1262920157692182,1.1662906505073385
847,CHWP_002,CHW_Pump,2024-06-10 17:16:49.885918,Impeller damage,4,CRITICAL,14.155589427653767,14.155589427653767,2024-06-11 07:26:10.007858,1.0298433191201932,1.0193719732817472,1.0497934163825755
847,HP_001,HeatPump,2024-08-04 04:06:08.024198,Refrigerant leak,3,HIGH,5.538948413092946,5.538948413092946,2024-08-04 09:38:28.238485,0.8575177148418451,1.055085964759648,0.9047549054623969
847,FCU_021,FCU,2024-11-21 03:49:11.532245,Thermostat failure,1,LOW,1.7686101354562962,1.7686101354562962,2024-11-21 05:35:18.528733,1.1942304905416803,0.9520275700066496,1.136940351938245
847,FCU_038,FCU,2025-04-16 13:20:54.263949,Thermostat failure,1,LOW,2.5993516839113577,2.5993516839113577,2025-04-16 15:56:51.930011,1.1179193635564875,1.0981951809774109,1.2276936577790687
847,FCU_044,FCU,2025-04-25 09:08:00.854342,Coil fouling,1,LOW,1.6771879047958675,1.6771879047958675,2025-04-25 10:48:38.730799,1.1073108465595791,0.981009808335548,1.086282801351286
847,CHWP_001,CHW_Pump,2025-05-02 18:54:40.701583,Motor overheating,3,HIGH,12.361993690722485,12.361993690722485,2025-05-03 07:16:23.878870,0.970835693142282,1.1023925544135955,1.0702420396790138
848,FCU_040,FCU,2025-03-21 13:01:45.330676,Valve actuator,2,MEDIUM,2.599315954961216,2.599315954961216,2025-03-21 15:37:42.868114,0.990721076291823,0.9016412619615981,0.8932750014797121
848,FCU_048,FCU,2025-05-05 02:55:00.111539,Fan motor failure,2,MEDIUM,5.210400302893227,5.210400302893227,2025-05-05 08:07:37.552629,0.9885243294854774,0.9597914821966411,0.9487772313843073
849,CHWP_003,CHW_Pump,2023-05-21 16:59:07.487356,Seal leakage,2,MEDIUM,3.797838625483706,3.797838625483706,2023-05-21 20:46:59.706408,0.9770612392131791,0.9890491889129447,0.9663616261620714
849,FCU_032,FCU,2024-02-04 16:29:56.965752,Thermostat failure,1,LOW,3.4011767576962284,3.4011767576962284,2024-02-04 19:54:01.202080,0.8,1.0472755126623738,0.8378204101298992
849,HWP_001,HW_Pump,2024-10-25 23:22:09.880232,Seal leakage,2,MEDIUM,3.393007030989692,3.393007030989692,2024-10-26 02:45:44.705544,1.138419056824245,1.0653871468693463,1.2128570308916746
849,FCU_010,FCU,2025-03-28 22:58:47.082875,Valve actuator,2,MEDIUM,3.831559029329046,3.831559029329046,2025-03-29 02:48:40.695381,0.8409893071344112,1.0684772890975052,0.8985779750469649
849,FCU_049,FCU,2025-04-01 23:57:56.657253,Coil fouling,1,LOW,2.211057829507032,2.211057829507032,2025-04-02 02:10:36.465439,1.170130901844371,1.083926296510935,1.2683356548691695
850,FCU_040,FCU,2025-01-31 03:58:52.922749,Fan motor failure,2,MEDIUM,5.218244990092099,5.218244990092099,2025-01-31 09:11:58.604713,1.074282854739609,1.0641588767817252,1.1432076360455676
850,CHWP_002,CHW_Pump,2025-05-18 14:26:26.760704,Bearing wear,3,HIGH,15.661927520295315,15.661927520295315,2025-05-19 06:06:09.699777,1.0396797500787407,0.9588982067153773,0.9969470479087961
851,CT_001,CoolingTower,2024-12-17 06:10:35.361662,Water distribution system,3,HIGH,4.7967910165417065,4.7967910165417065,2024-12-17 10:58:23.809322,0.9198214320701972,0.983742570769407,0.9048675002335332
851,FCU_021,FCU,2025-03-19 12:17:58.317296,Valve actuator,2,MEDIUM,2.768634354191817,2.768634354191817,2025-03-19 15:04:05.400971,0.8735335285789155,0.9863670168438978,0.8616246606975086
851,CHWP_001,CHW_Pump,2025-05-27 15:46:21.316830,Seal leakage,2,MEDIUM,3.6215192370045735,3.6215192370045735,2025-05-27 19:23:38.786083,1.127874598577819,1.1180444711577437,1.26101395909919
852,FCU_027,FCU,2024-10-25 05:00:34.675556,Thermostat failure,1,LOW,2.0329349808600385,2.0329349808600385,2024-10-25 07:02:33.241487,1.0440725529922943,1.0183848122339296,1.0632676308376572
852,FCU_037,FCU,2024-11-18 16:32:47.502273,Filter blockage,1,LOW,0.8597232399021564,0.8597232399021564,2024-11-18 17:24:22.505937,0.8760601267949306,1.0213537304274714,0.894767278580766
852,CHWP_002,CHW_Pump,2025-02-14 14:05:46.140681,Motor overheating,3,HIGH,4.749360434720993,4.749360434720993,2025-02-14 18:50:43.838246,1.0629429540205468,1.0049418991679164,1.0681959109205637
852,FCU_003,FCU,2025-03-14 11:30:05.124677,Valve actuator,2,MEDIUM,1.8624847025365538,1.8624847025365538,2025-03-14 13:21:50.069606,0.8695370694164363,1.093738478497717,0.9510461513008969
852,FCU_006,FCU,2025-04-08 13:42:33.332729,Fan motor failure,2,MEDIUM,3.774847599930253,3.774847599930253,2025-04-08 17:29:02.784089,1.2259207193161934,1.0418756792954327,1.2772569821999045
853,FCU_048,FCU,2023-09-22 19:27:21.860891,Valve actuator,2,MEDIUM,4.079532065279051,4.079532065279051,2023-09-22 23:32:08.176326,0.904808302358036,1.1354086665171839,1.0273271880340145
853,HWP_001,HW_Pump,2024-10-31 11:59:36.074822,Impeller damage,4,CRITICAL,8.092605845077612,8.092605845077612,2024-10-31 20:05:09.455864,0.9507571205228488,0.9111618323346282,0.8662936000407938
853,FCU_045,FCU,2025-01-21 15:33:35.841057,Thermostat failure,1,LOW,2.0340988546117966,2.0340988546117966,2025-01-21 17:35:38.596934,1.0078531713603531,0.9150335220607765,0.9222194371099872
853,FCU_020,FCU,2025-02-06 07:01:00.896144,Thermostat failure,1,LOW,1.654735717811522,1.654735717811522,2025-02-06 08:40:17.944728,0.9639777594351766,1.0133376702833807,0.976834976951035
854,HP_001,HeatPump,2024-02-23 16:36:27.437004,Control valve failure,3,HIGH,2.167005648656039,2.167005648656039,2024-02-23 18:46:28.657339,0.8850570141239057,1.0438059860844777,0.9238278093685869
854,FCU_034,FCU,2024-05-27 05:09:18.463481,Fan motor failure,2,MEDIUM,5.695456750367036,5.695456750367036,2024-05-27 10:51:02.107782,1.0494516154615665,1.0335002664649497,1.084608524221601
854,FCU_028,FCU,2024-07-01 04:45:17.005378,Coil fouling,1,LOW,1.518036762119652,1.518036762119652,2024-07-01 06:16:21.937722,0.8961909870345218,0.9458132310030157,0.8476292930429029
854,FCU_005,FCU,2024-07-13 09:44:45.115365,Thermostat failure,1,LOW,1.4864124890864863,1.4864124890864863,2024-07-13 11:13:56.200326,1.142996558481695,1.0926124732339524,1.2488522966605806
854,HP_001,HeatPump,2025-01-03 01:11:00.981323,Sensor malfunction,1,LOW,1.6689729185976883,1.6689729185976883,2025-01-03 02:51:09.283830,1.1369238996496072,0.9626848120397683,1.0944993706377024
854,FCU_023,FCU,2025-04-19 23:33:38.758384,Coil fouling,1,LOW,1.5330583258883972,1.5330583258883972,2025-04-20 01:05:37.768357,1.0441302576124363,1.1440182260712093,1.194504045101054
854,FCU_020,FCU,2025-05-18 07:42:43.971634,Coil fouling,1,LOW,1.0630182361176752,1.0630182361176752,2025-05-18 08:46:30.837284,1.0067096054056999,1.056145889679405,1.0632322118500055
855,CHWP_002,CHW_Pump,2023-07-31 19:23:39.984455,Bearing wear,3,HIGH,9.05332925720402,9.05332925720402,2023-08-01 04:26:51.969781,1.1709608463916117,0.9782191238397274,1.145456293207828
855,CHWP_001,CHW_Pump,2024-12-06 15:23:03.947166,Impeller damage,4,CRITICAL,11.392994539195936,11.392994539195936,2024-12-07 02:46:38.727507,1.143896027733798,1.1254619466863525,1.287411450180066
855,FCU_015,FCU,2025-01-07 03:43:25.495231,Valve actuator,2,MEDIUM,2.7321009710179647,2.7321009710179647,2025-01-07 06:27:21.058727,1.05701361705626,1.059296765522339,1.1196911056607646
855,FCU_022,FCU,2025-02-04 08:09:16.777815,Coil fouling,1,LOW,2.1077326837010446,2.1077326837010446,2025-02-04 10:15:44.615476,0.9205689658960744,1.054155874488269,0.9704231832709379
856,FCU_009,FCU,2023-10-01 06:07:55.737686,Fan motor failure,2,MEDIUM,3.623460960417354,3.623460960417354,2023-10-01 09:45:20.197144,0.8507642666814316,1.0322794891698206,0.8782265026138452
856,HP_002,HeatPump,2024-08-12 17:46:24.727229,Refrigerant leak,3,HIGH,7.614909303793967,7.614909303793967,2024-08-13 01:23:18.400723,1.135735310426829,1.0151297576985456,1.1529187104832694
856,FCU_037,FCU,2024-08-14 20:49:40.392338,Coil fouling,1,LOW,2.103247425896639,2.103247425896639,2024-08-14 22:55:52.083071,0.9127077770492839,1.0386724181558384,0.9480043938574195
856,FCU_041,FCU,2024-10-02 15:48:56.375183,Filter blockage,1,LOW,1.5441889292355895,1.5441889292355895,2024-10-02 17:21:35.455328,0.8758566521776675,0.9080071766250039,0.7952841258720719
856,CHWP_003,CHW_Pump,2024-10-13 22:19:04.770120,Bearing wear,3,HIGH,6.514969249313281,6.514969249313281,2024-10-14 04:49:58.659418,0.9995897866805447,0.9797512980130286,0.9793493909808301
856,FCU_049,FCU,2025-02-14 05:44:21.660596,Valve actuator,2,MEDIUM,3.521624206196384,3.521624206196384,2025-02-14 09:15:39.507738,1.058964872458666,0.9269007760415917,0.9815553620827226
856,FCU_043,FCU,2025-04-11 07:18:17.551780,Coil fouling,1,LOW,1.4204355935017732,1.4204355935017732,2025-04-11 08:43:31.119917,1.0240478489004599,0.9503149534267291,0.9731679838345827
856,FCU_038,FCU,2025-05-17 16:34:25.723232,Fan motor failure,2,MEDIUM,4.050424981089512,4.050424981089512,2025-05-17 20:37:27.253164,0.8958377466787001,1.0975435740937254,0.9832209622978099
857,FCU_019,FCU,2024-12-22 12:52:49.281727,Valve actuator,2,MEDIUM,3.730560021448225,3.730560021448225,2024-12-22 16:36:39.297804,1.003819343701629,0.9983183324454885,1.002131253280735
857,FCU_040,FCU,2025-01-12 17:30:14.787972,Coil fouling,1,LOW,2.1814327253456876,2.1814327253456876,2025-01-12 19:41:07.945783,1.042645955154645,0.9568160461762166,0.9976203803726923
857,FCU_018,FCU,2025-04-18 08:19:08.640640,Thermostat failure,1,LOW,1.6636129450582084,1.6636129450582084,2025-04-18 09:58:57.647242,0.9169358662314725,1.108405884599001,1.0163371099308465
858,FCU_020,FCU,2024-12-07 19:37:04.303095,Filter blockage,1,LOW,0.9277583537876328,0.9277583537876328,2024-12-07 20:32:44.233169,1.2081989139198424,0.9684589976873966,1.1700911091818118
858,FCU_038,FCU,2025-05-22 22:51:57.336172,Fan motor failure,2,MEDIUM,3.652116304716854,3.652116304716854,2025-05-23 02:31:04.954869,1.0821888097338492,1.0847981965052498,1.1739564690774424
859,FCU_040,FCU,2023-10-12 13:55:37.384641,Coil fouling,1,LOW,2.0002758340445648,2.0002758340445648,2023-10-12 15:55:38.377644,0.8862831171212009,1.0484761792237232,0.9292467363497282
859,CHWP_002,CHW_Pump,2024-04-30 10:06:21.623396,Seal leakage,2,MEDIUM,4.093398903005144,4.093398903005144,2024-04-30 14:11:57.859447,0.843597579535825,0.9597729662748564,0.8096621512533879
859,FCU_006,FCU,2024-08-06 19:57:25.037302,Valve actuator,2,MEDIUM,2.139157486661789,2.139157486661789,2024-08-06 22:05:46.004254,0.9784598810865058,1.1442793477639968,1.1196314345429048
859,FCU_008,FCU,2024-12-03 01:37:14.941474,Valve actuator,2,MEDIUM,6.454655881470049,6.454655881470049,2024-12-03 08:04:31.702647,1.0391607508397753,1.0926970855937876,1.1354879239060747
859,HP_001,HeatPump,2025-02-24 16:23:29.390626,Refrigerant leak,3,HIGH,8.12999945673842,8.12999945673842,2025-02-25 00:31:17.388670,0.9138693344329256,0.9505134488002811,0.8686450928246576
860,FCU_041,FCU,2024-03-14 23:54:58.361264,Fan motor failure,2,MEDIUM,3.9170114536464316,3.9170114536464316,2024-03-15 03:49:59.602497,0.9195291929160361,1.0671063277155417,0.9812354202798672
860,CHWP_003,CHW_Pump,2024-07-09 15:17:46.295457,Bearing wear,3,HIGH,9.607845873048433,9.607845873048433,2024-07-10 00:54:14.540600,0.9878075531874547,1.0810309048071893,1.06785049299761
860,FCU_048,FCU,2025-01-09 16:13:24.035330,Coil fouling,1,LOW,2.334309165351126,2.334309165351126,2025-01-09 18:33:27.548325,1.0121303814425147,1.1387282820490907,1.1525414904697255
860,FCU_041,FCU,2025-02-09 19:57:03.173640,Filter blockage,1,LOW,1.0079718543713672,1.0079718543713672,2025-02-09 20:57:31.872316,0.9890762921494466,1.038040684163503,1.0267014309927123
861,CHWP_001,CHW_Pump,2023-08-15 09:52:16.924511,VFD malfunction,2,MEDIUM,3.9178591604436157,3.9178591604436157,2023-08-15 13:47:21.217489,1.032786030277863,0.9027358168046195,0.9323329406272872
861,HP_002,HeatPump,2023-10-18 17:02:31.388576,Heat exchanger fouling,2,MEDIUM,3.131265742200194,3.131265742200194,2023-10-18 20:10:23.945248,0.9073598611905838,0.9664389805793148,0.8769079392676163
861,FCU_046,FCU,2025-02-09 07:16:17.640704,Valve actuator,2,MEDIUM,4.024576522886302,4.024576522886302,2025-02-09 11:17:46.116186,0.8004691300670554,1.0991496159798524,0.8798353369169305
862,FCU_045,FCU,2024-05-19 07:51:19.683239,Valve actuator,2,MEDIUM,3.927564233848342,3.927564233848342,2024-05-19 11:46:58.914481,1.09288909872414,0.9815621198222385,1.0727385404742826
862,FCU_038,FCU,2024-08-27 19:46:09.308803,Fan motor failure,2,MEDIUM,6.0213594643715185,6.0213594643715185,2024-08-28 01:47:26.202875,1.091686170047245,0.9514340768187111,1.0386674233746551
862,FCU_024,FCU,2024-11-07 01:58:11.760390,Coil fouling,1,LOW,2.048210468251698,2.048210468251698,2024-11-07 04:01:05.318076,0.9231444368674111,1.0981423800537113,1.013744029034922
864,FCU_019,FCU,2024-04-14 01:36:38.372243,Fan motor failure,2,MEDIUM,4.162119990835191,4.162119990835191,2024-04-14 05:46:22.004210,0.8517429870652612,1.1377266960140755,0.969050734526919
864,FCU_028,FCU,2024-05-21 04:44:15.505692,Filter blockage,1,LOW,1.4087823054424822,1.4087823054424822,2024-05-21 06:08:47.121992,1.0289723416095549,0.9833283489872174,1.0118176738284348
864,FCU_041,FCU,2025-02-01 00:26:28.119231,Fan motor failure,2,MEDIUM,2.6178200027233673,2.6178200027233673,2025-02-01 03:03:32.271241,1.1606842227159322,0.93257050886521,1.0824198762100177
864,FCU_022,FCU,2025-04-16 06:20:24.224810,Filter blockage,1,LOW,0.9106758228517992,0.9106758228517992,2025-04-16 07:15:02.657772,1.0958641777818308,1.0684411521132238,1.1708663846688299
865,HP_002,HeatPump,2024-03-28 22:14:18.077924,Control valve failure,3,HIGH,3.622622319699459,3.622622319699459,2024-03-29 01:51:39.518275,0.8,0.9868968402231209,0.7895174721784968
865,FCU_050,FCU,2024-09-11 08:51:20.591086,Fan motor failure,2,MEDIUM,5.366464756929306,5.366464756929306,2024-09-11 14:13:19.864211,1.1830849382920845,1.1297238476450149,1.3365592685781986
865,FCU_003,FCU,2025-02-01 07:20:02.430122,Valve actuator,2,MEDIUM,5.397664715611189,5.397664715611189,2025-02-01 12:43:54.023098,1.1384148278711692,1.0853850435948893,1.2356184275780173
865,FCU_044,FCU,2025-03-11 20:41:05.168153,Thermostat failure,1,LOW,1.689418163782236,1.689418163782236,2025-03-11 22:22:27.073543,0.9798308401185484,1.0587444766116776,1.0373904899892927
866,FCU_016,FCU,2024-04-06 20:10:00.401330,Coil fouling,1,LOW,2.2277080323247054,2.2277080323247054,2024-04-06 22:23:40.150246,1.0503187244289836,1.0283588310811913,1.0801045357164774
866,FCU_008,FCU,2024-07-15 07:44:33.497847,Fan motor failure,2,MEDIUM,4.396166133082396,4.396166133082396,2024-07-15 12:08:19.695926,1.15310331242092,0.9311800396525062,1.0737467881835485
866,FCU_009,FCU,2024-07-26 05:30:35.114080,Fan motor failure,2,MEDIUM,3.027957775590328,3.027957775590328,2024-07-26 08:32:15.762072,1.0804658303609584,1.1300739308185053,1.2210062680310887
866,FCU_001,FCU,2024-08-03 20:20:31.094530,Thermostat failure,1,LOW,1.8989847956426154,1.8989847956426154,2024-08-03 22:14:27.439794,0.8644211634654413,1.1422169596572838,0.9873565131969082
866,FCU_010,FCU,2025-02-17 06:50:17.824937,Coil fouling,1,LOW,2.46004710876825,2.46004710876825,2025-02-17 09:17:53.994529,1.068144729076484,1.0748098917439775,1.148052520625596
866,FCU_042,FCU,2025-03-22 13:39:47.849384,Fan motor failure,2,MEDIUM,3.6421427361161367,3.6421427361161367,2025-03-22 17:18:19.563234,0.9344286556125607,1.1051397760762196,1.0326742752228684
867,FCU_008,FCU,2024-12-23 06:21:27.662383,Filter blockage,1,LOW,0.8342226126027739,0.8342226126027739,2024-12-23 07:11:30.863788,0.8,1.0757084809480193,0.8605667847584155
867,FCU_011,FCU,2025-02-06 03:17:45.244612,Filter blockage,1,LOW,0.7319657971293325,0.7319657971293325,2025-02-06 04:01:40.321482,0.9781494296481594,1.0041944721309939,0.9822522501707662
867,FCU_023,FCU,2025-03-09 05:32:23.318631,Thermostat failure,1,LOW,1.7916271630749652,1.7916271630749652,2025-03-09 07:19:53.176418,0.9316720264289025,1.060170116006483,0.9877308403391245
867,FCU_049,FCU,2025-04-11 08:54:26.518734,Fan motor failure,2,MEDIUM,4.988856805530191,4.988856805530191,2025-04-11 13:53:46.403234,0.9749170852862984,0.9076932690707054,0.8849256762164038
867,FCU_012,FCU,2025-05-12 21:13:24.658729,Fan motor failure,2,MEDIUM,4.718988311249356,4.718988311249356,2025-05-13 01:56:33.016649,1.1766236156648302,0.9110527904383308,1.0719662283470817
868,FCU_046,FCU,2023-10-26 22:37:51.903001,Coil fouling,1,LOW,1.3538159495947641,1.3538159495947641,2023-10-26 23:59:05.640420,0.9468402795338756,1.0539821830109442,0.9979527847858068
868,FCU_036,FCU,2024-09-26 16:11:10.031916,Valve actuator,2,MEDIUM,2.733619046191616,2.733619046191616,2024-09-26 18:55:11.060482,1.0115758286552274,1.0807994050224288,1.0933105537456402
868,FCU_035,FCU,2025-04-23 14:42:59.323037,Valve actuator,2,MEDIUM,3.632976214137094,3.632976214137094,2025-04-23 18:20:58.037408,0.9382588971796626,0.9932948363984089,0.9319677177734245
869,FCU_011,FCU,2024-01-20 11:39:21.038227,Thermostat failure,1,LOW,1.802615735871262,1.802615735871262,2024-01-20 13:27:30.454876,0.9936985172087163,1.0627792638937243,1.0560821786513648
869,FCU_040,FCU,2024-03-21 10:58:00.917744,Coil fouling,1,LOW,2.5932364274054076,2.5932364274054076,2024-03-21 13:33:36.568883,0.9471582490939531,0.9233550045937464,0.8745633094431519
869,FCU_036,FCU,2024-03-23 01:25:42.143685,Coil fouling,1,LOW,3.347102068796007,3.347102068796007,2024-03-23 04:46:31.711133,0.9548296735511059,0.9121684841218922,0.8709655359177135
869,FCU_005,FCU,2024-07-14 14:36:31.147373,Fan motor failure,2,MEDIUM,4.1788508600202805,4.1788508600202805,2024-07-14 18:47:15.010469,1.0434565187685871,0.9757696391215327,1.018173190757835
869,FCU_037,FCU,2025-03-19 08:26:38.947986,Filter blockage,1,LOW,0.7544754797508867,0.7544754797508867,2025-03-19 09:11:55.059713,1.1199136262635494,0.9523369123827252,1.0665350849711699
869,CHWP_003,CHW_Pump,2025-05-12 21:51:01.360046,Impeller damage,4,CRITICAL,10.535856369933887,10.535856369933887,2025-05-13 08:23:10.442978,0.9817649389243676,0.9807387557180633,0.9628549246083047
869,FCU_045,FCU,2025-05-18 23:45:06.034873,Fan motor failure,2,MEDIUM,4.146043808664635,4.146043808664635,2025-05-19 03:53:51.792584,0.9490979860163052,1.0672377145849772,1.0129131655132462
870,FCU_019,FCU,2024-02-20 09:16:18.684448,Fan motor failure,2,MEDIUM,4.091566168969602,4.091566168969602,2024-02-20 13:21:48.322656,1.2048569685912216,1.1005743706258677,1.3260346999014745
870,FCU_005,FCU,2024-05-21 09:45:29.535794,Coil fouling,1,LOW,2.537015949915395,2.537015949915395,2024-05-21 12:17:42.793214,1.0054340004239528,1.0711597470059535,1.0769804295253051
870,FCU_014,FCU,2025-02-03 02:30:24.031948,Fan motor failure,2,MEDIUM,3.9918860824186893,3.9918860824186893,2025-02-03 06:29:54.821845,0.9924664964657645,1.0428329405927101,1.0349767549491378
870,FCU_012,FCU,2025-02-25 03:54:32.667513,Coil fouling,1,LOW,2.2361511408547092,2.2361511408547092,2025-02-25 06:08:42.811620,1.1840587137512417,1.0343880237226903,1.2247761528887777
870,FCU_048,FCU,2025-04-19 16:00:42.233729,Fan motor failure,2,MEDIUM,4.283663189759575,4.283663189759575,2025-04-19 20:17:43.421212,0.9446184183563078,1.0770614612301128,1.0174120939797229
871,FCU_009,FCU,2024-04-01 03:13:21.421896,Coil fouling,1,LOW,2.4013185297874284,2.4013185297874284,2024-04-01 05:37:26.168603,1.1295251646284836,1.0563866425568138,1.1932152963453162
871,FCU_044,FCU,2024-09-12 09:24:35.188687,Thermostat failure,1,LOW,2.350879459587435,2.350879459587435,2024-09-12 11:45:38.354742,0.9971888862831239,1.071496341787781,1.0684842437237987
871,FCU_004,FCU,2024-12-16 19:58:42.077813,Fan motor failure,2,MEDIUM,3.8027244621427476,3.8027244621427476,2024-12-16 23:46:51.885877,1.0106152824684957,0.9066925550299443,0.9163173526136693
871,HWP_001,HW_Pump,2025-04-01 04:16:46.720489,Seal leakage,2,MEDIUM,4.587001174708162,4.587001174708162,2025-04-01 08:51:59.924718,1.0671017914650838,1.1434314047339251,1.2201577004090087
872,FCU_033,FCU,2024-10-13 03:01:52.923972,Fan motor failure,2,MEDIUM,3.402005322468335,3.402005322468335,2024-10-13 06:26:00.143133,0.9661725421170346,1.0454966988426753,1.0101302032957953
873,HP_002,HeatPump,2023-09-15 03:28:53.225571,Compressor degradation,4,CRITICAL,9.024336277036099,9.024336277036099,2023-09-15 12:30:20.836168,0.9822872155824465,1.0500940355582091,1.0314939462882078
873,CT_001,CoolingTower,2024-03-30 13:41:42.821820,Drift eliminator damage,2,MEDIUM,5.5519909509099845,5.5519909509099845,2024-03-30 19:14:49.989243,0.9686390091320416,1.023645615046444,0.9915430742609467
873,HP_001,HeatPump,2024-06-01 03:04:28.842641,Refrigerant leak,3,HIGH,5.1092418471771115,5.1092418471771115,2024-06-01 08:11:02.113291,1.1154949236816172,0.9440831165413508,1.0531199240353974
873,FCU_006,FCU,2024-07-12 04:01:17.830076,Fan motor failure,2,MEDIUM,3.33460932385525,3.33460932385525,2024-07-12 07:21:22.423642,1.0654165273063332,1.0382290337584794,1.1061463716955688
873,FCU_005,FCU,2024-12-29 12:14:59.490759,Filter blockage,1,LOW,1.0762059981516894,1.0762059981516894,2024-12-29 13:19:33.832352,0.9793018999712948,1.0868995961237458,1.064402839562017
873,FCU_001,FCU,2025-04-12 22:51:43.349739,Coil fouling,1,LOW,1.3496926548562445,1.3496926548562445,2025-04-13 00:12:42.243296,0.8968288176665249,0.9921459370511535,0.8897850676782324
874,FCU_033,FCU,2024-05-05 16:05:24.400510,Thermostat failure,1,LOW,2.7764314447963145,2.7764314447963145,2024-05-05 18:51:59.553711,0.9379677714969133,1.1496533300574776,1.0783377719880176
874,CHWP_003,CHW_Pump,2024-05-17 15:23:57.238693,Seal leakage,2,MEDIUM,4.586238628813273,4.586238628813273,2024-05-17 19:59:07.697757,0.9679494167428753,1.1017233068855306,1.066412432311881
874,FCU_005,FCU,2024-06-28 14:33:28.897114,Filter blockage,1,LOW,0.8814388873783212,0.8814388873783212,2024-06-28 15:26:22.077109,1.092388879131092,0.9503005726920766,1.0380977774407325
874,FCU_034,FCU,2024-08-08 17:07:44.329399,Filter blockage,1,LOW,1.3471431612312024,1.3471431612312024,2024-08-08 18:28:34.044779,0.949563055122731,0.9641900928009045,0.9155592902390964
874,FCU_023,FCU,2024-10-08 01:56:40.516100,Coil fouling,1,LOW,2.5723973533504623,2.5723973533504623,2024-10-08 04:31:01.146572,0.9845088208221218,0.9348931288951726,0.9204105319232903
874,FCU_036,FCU,2025-04-02 01:07:12.920440,Fan motor failure,2,MEDIUM,3.4153774066114053,3.4153774066114053,2025-04-02 04:32:08.279104,1.0839031384903675,1.0600688804875322,1.1490119865764064
875,FCU_034,FCU,2024-07-28 06:55:49.787646,Fan motor failure,2,MEDIUM,3.6605876842431893,3.6605876842431893,2024-07-28 10:35:27.903309,0.8505701769425558,1.1466794021832039,0.9753313020113518
875,FCU_041,FCU,2024-10-02 00:08:03.402166,Coil fouling,1,LOW,1.6832901967109144,1.6832901967109144,2024-10-02 01:49:03.246874,0.9634142778227793,1.1180421287216316,1.0771377500177937
875,CHWP_001,CHW_Pump,2024-11-08 15:54:29.228375,Bearing wear,3,HIGH,7.7733576672361915,7.7733576672361915,2024-11-08 23:40:53.315977,0.8339234043117181,1.0712063373161618,0.8933040355349803
875,FCU_047,FCU,2025-03-15 02:10:29.211527,Valve actuator,2,MEDIUM,3.123953410824082,3.123953410824082,2025-03-15 05:17:55.443806,1.0951255152721846,1.0583401432662298,1.1590152947276675
875,FCU_039,FCU,2025-04-26 17:33:36.369801,Fan motor failure,2,MEDIUM,2.908738241751704,2.908738241751704,2025-04-26 20:28:07.827471,1.0769311462998903,0.9474274806233145,1.0203141627436831
875,FCU_016,FCU,2025-05-19 05:36:55.038062,Coil fouling,1,LOW,1.9190976027971491,1.9190976027971491,2025-05-19 07:32:03.789432,0.9538076701900813,1.1194875399440998,1.0677758022809074
876,FCU_041,FCU,2024-05-30 01:21:41.894674,Fan motor failure,2,MEDIUM,3.4471613137169688,3.4471613137169688,2024-05-30 04:48:31.675403,1.1761538115658865,0.9721500029048626,1.1433979313303417
876,HWP_002,HW_Pump,2024-11-13 04:30:30.682890,Seal leakage,2,MEDIUM,4.172812085537481,4.172812085537481,2024-11-13 08:40:52.806398,1.0074746508987729,0.9278579997590758,0.9347934143909086
876,FCU_003,FCU,2024-12-01 17:29:03.611973,Filter blockage,1,LOW,1.1810318709025323,1.1810318709025323,2024-12-01 18:39:55.326708,0.8928875768051985,1.097324826392562,0.9797877052058397
876,FCU_025,FCU,2024-12-07 17:42:27.049406,Valve actuator,2,MEDIUM,3.514925109191627,3.514925109191627,2024-12-07 21:13:20.779799,1.021447820342195,0.942570602705212,0.9627866876518679
876,FCU_010,FCU,2024-12-20 13:23:16.370250,Fan motor failure,2,MEDIUM,4.090849187796975,4.090849187796975,2024-12-20 17:28:43.427326,1.0519189867898695,0.9987951300176107,1.050651561178781
876,FCU_035,FCU,2025-04-21 21:34:25.330544,Filter blockage,1,LOW,1.404729597098126,1.404729597098126,2025-04-21 22:58:42.357094,0.9161561127627418,1.0671578946808835,0.9776832284949096
877,FCU_033,FCU,2024-01-09 19:57:10.202902,Coil fouling,1,LOW,1.937446093783639,1.937446093783639,2024-01-09 21:53:25.008840,1.0772103844325822,0.9057182613754083,0.9756491165238136
877,FCU_046,FCU,2024-04-19 03:15:27.580822,Coil fouling,1,LOW,2.042837292224807,2.042837292224807,2024-04-19 05:18:01.795074,0.9129765897652766,1.001245429719246,0.914113637943146
877,FCU_028,FCU,2024-06-15 06:51:21.047616,Fan motor failure,2,MEDIUM,3.8815003160744976,3.8815003160744976,2024-06-15 10:44:14.448754,0.9389311481823422,1.0118610152202094,0.9500678248216617
877,FCU_032,FCU,2024-09-03 06:25:14.902190,Thermostat failure,1,LOW,1.692621098940716,1.692621098940716,2024-09-03 08:06:48.338146,1.0379046067862634,0.9897577212204093,1.027274098456937
877,FCU_012,FCU,2024-10-14 06:52:26.128864,Thermostat failure,1,LOW,3.0868606281330835,3.0868606281330835,2024-10-14 09:57:38.827125,1.0113960533975301,0.9791406007074214,0.9902989392767729
877,FCU_039,FCU,2024-11-02 00:57:58.882957,Coil fouling,1,LOW,4.053436291415615,4.053436291415615,2024-11-02 05:01:11.253606,0.9653333862555559,1.0854054399110276,1.0477781087695135
877,FCU_023,FCU,2024-11-15 02:42:34.325594,Fan motor failure,2,MEDIUM,2.617692724152785,2.617692724152785,2024-11-15 05:19:38.019401,0.9400681455539656,0.9019039399338741,0.8478511642814521
877,FCU_045,FCU,2024-12-03 05:17:40.797660,Valve actuator,2,MEDIUM,3.6832942002708364,3.6832942002708364,2024-12-03 08:58:40.656781,0.9064809230208175,1.0696824151965685,0.9696467030665228
877,FCU_034,FCU,2025-03-31 17:37:56.398238,Filter blockage,1,LOW,1.1807232360138542,1.1807232360138542,2025-03-31 18:48:47.001888,0.964327576895943,1.054894563801328,1.0172639185912373
877,FCU_040,FCU,2025-05-20 23:37:33.341790,Fan motor failure,2,MEDIUM,2.813826382579991,2.813826382579991,2025-05-21 02:26:23.116767,1.0965514185117802,1.005172645016057,1.1022234897415952
878,FCU_033,FCU,2023-04-25 19:48:25.602033,Valve actuator,2,MEDIUM,3.0313675146978585,3.0313675146978585,2023-04-25 22:50:18.525086,1.010068601885625,1.0445524328491405,1.0550696154441597
878,HWP_001,HW_Pump,2024-02-08 14:51:00.708022,Impeller damage,4,CRITICAL,7.184819740232745,7.184819740232745,2024-02-08 22:02:06.059087,1.2091600594479661,0.9901950875796446,1.1973043509628871
878,FCU_027,FCU,2024-03-30 19:21:26.662988,Fan motor failure,2,MEDIUM,5.035086508360707,5.035086508360707,2024-03-31 00:23:32.974418,0.9967957396882984,0.9772061724016898,0.9740749494471133
878,FCU_006,FCU,2025-05-23 03:47:56.536224,Valve actuator,2,MEDIUM,3.5581248579132403,3.5581248579132403,2025-05-23 07:21:25.785712,0.9366425487155429,1.145101333569353,1.0725506316119657
879,FCU_036,FCU,2023-11-16 14:44:11.184673,Valve actuator,2,MEDIUM,4.884899693808287,4.884899693808287,2023-11-16 19:37:16.823571,1.0801551090689252,1.0589860997729705,1.1438692461027486
879,FCU_050,FCU,2024-11-16 23:26:59.634246,Filter blockage,1,LOW,1.7024739868612304,1.7024739868612304,2024-11-17 01:09:08.540599,0.9285876611476229,1.0425805938000123,0.9681274751546534
879,FCU_034,FCU,2024-12-13 22:58:06.674803,Coil fouling,1,LOW,1.9574843758768368,1.9574843758768368,2024-12-14 00:55:33.618556,1.043142735326871,1.0037845107288366,1.0470905202004235
879,FCU_039,FCU,2025-02-14 22:30:12.127498,Fan motor failure,2,MEDIUM,4.3618607864375045,4.3618607864375045,2025-02-15 02:51:54.826329,0.9440038971663438,1.0970645764460802,1.035633235608244
879,FCU_049,FCU,2025-03-22 13:30:51.718542,Thermostat failure,1,LOW,2.6349064462998486,2.6349064462998486,2025-03-22 16:08:57.381749,1.1205877839129879,0.9942585494251699,1.114153984536893
880,FCU_003,FCU,2023-08-19 10:08:49.110395,Coil fouling,1,LOW,2.1322883069924394,2.1322883069924394,2023-08-19 12:16:45.348300,1.1596760860844102,0.9352804432150287,1.084622363778897
880,FCU_015,FCU,2023-12-21 04:48:46.525885,Thermostat failure,1,LOW,1.2565722929199885,1.2565722929199885,2023-12-21 06:04:10.186140,0.9333167017688531,1.0320564215937,0.963235495441197
880,FCU_010,FCU,2024-01-07 12:18:24.695501,Valve actuator,2,MEDIUM,2.429578887229151,2.429578887229151,2024-01-07 14:44:11.179495,0.8952483025421492,1.0991757134323534,0.9840351916458702
880,FCU_049,FCU,2024-06-17 22:20:59.891845,Fan motor failure,2,MEDIUM,3.1331030481525923,3.1331030481525923,2024-06-18 01:28:59.062818,0.9159382052977577,1.0484666511024652,0.9603306627253423
880,FCU_001,FCU,2024-06-22 22:35:36.684998,Fan motor failure,2,MEDIUM,4.898250524501501,4.898250524501501,2024-06-23 03:29:30.386886,1.2105616280077756,1.1461360843647501,1.387468364207049
880,FCU_047,FCU,2024-09-21 09:59:17.582305,Valve actuator,2,MEDIUM,4.513734582187687,4.513734582187687,2024-09-21 14:30:07.026801,1.0429364299978634,1.0984927929909079,1.1456581519003195
880,FCU_028,FCU,2025-01-23 08:05:15.510415,Coil fouling,1,LOW,2.930483056406324,2.930483056406324,2025-01-23 11:01:05.249418,0.9690095743315407,0.9548469364331305,0.9252558234248434
881,HP_001,HeatPump,2023-10-04 06:09:06.499552,Sensor malfunction,1,LOW,1.4495191791805697,1.4495191791805697,2023-10-04 07:36:04.768597,0.9376340513994473,1.0592285355566182,0.9931687431518555
881,FCU_007,FCU,2025-04-20 08:26:19.476263,Fan motor failure,2,MEDIUM,3.5047746953700885,3.5047746953700885,2025-04-20 11:56:36.665166,1.0467469966200562,1.0332946828425544,1.0815981058889175
882,CT_001,CoolingTower,2023-07-06 07:25:34.135796,Drift eliminator damage,2,MEDIUM,3.69361046871538,3.69361046871538,2023-07-06 11:07:11.133483,1.0837823735691532,1.0125787083365596,1.0974149559465838
882,FCU_022,FCU,2024-09-19 22:21:24.671025,Fan motor failure,2,MEDIUM,1.8721670570025741,1.8721670570025741,2024-09-20 00:13:44.472430,1.1105291582466625,1.0249926108465721,1.1382841813324927
882,FCU_028,FCU,2025-03-27 14:54:38.683298,Valve actuator,2,MEDIUM,2.1208077792908173,2.1208077792908173,2025-03-27 17:01:53.591303,1.0414177305236354,0.9848081677959275,1.0255966871071744
883,HWP_001,HW_Pump,2024-03-14 08:42:52.283493,Seal leakage,2,MEDIUM,4.184643309500785,4.184643309500785,2024-03-14 12:53:56.999407,0.9634696111588246,1.0681702826352493,1.0291496068619954
883,FCU_018,FCU,2024-07-11 19:16:04.215625,Fan motor failure,2,MEDIUM,3.313179602760754,3.313179602760754,2024-07-11 22:34:51.662195,1.1000706241394997,1.033601113834002,1.1370342224066528
883,FCU_034,FCU,2024-08-29 13:26:12.965198,Thermostat failure,1,LOW,1.4222933639683903,1.4222933639683903,2024-08-29 14:51:33.221308,0.9982364410285226,0.9051726553707191,0.903576330013604
884,FCU_028,FCU,2023-06-09 16:51:39.455305,Valve actuator,2,MEDIUM,6.353261884671447,6.353261884671447,2023-06-09 23:12:51.198090,0.943544564087001,0.9597684833730704,0.9055843352686859
884,HWP_001,HW_Pump,2023-12-11 18:02:12.975538,Seal leakage,2,MEDIUM,7.009672780741302,7.009672780741302,2023-12-12 01:02:47.797549,0.9513849217180325,1.093149337761041,1.040005797131907
884,FCU_041,FCU,2024-03-14 11:23:25.437660,Filter blockage,1,LOW,0.9228198112204468,0.9228198112204468,2024-03-14 12:18:47.588980,0.9792343132972402,1.0509142503914868,1.0290912943163915
884,FCU_047,FCU,2025-02-12 17:12:59.613593,Thermostat failure,1,LOW,2.346004403804774,2.346004403804774,2025-02-12 19:33:45.229447,0.9674420442479125,1.0714290595847689,1.0365455196713071
884,FCU_001,FCU,2025-04-09 11:37:16.611026,Valve actuator,2,MEDIUM,4.1110351008118196,4.1110351008118196,2025-04-09 15:43:56.337389,1.0220061597033332,0.9904308123070725,1.012226390937804
884,FCU_015,FCU,2025-04-10 14:38:52.489011,Fan motor failure,2,MEDIUM,4.089326550504132,4.089326550504132,2025-04-10 18:44:14.064593,0.8691023967384833,0.9354349557956095,0.8129887620749214
885,CT_001,CoolingTower,2023-08-16 06:53:13.294877,Water distribution system,3,HIGH,6.793264059107656,6.793264059107656,2023-08-16 13:40:49.045490,1.0489034524472787,1.0184441613399744,1.0682495969542725
885,HP_002,HeatPump,2025-02-16 04:39:32.629598,Heat exchanger fouling,2,MEDIUM,3.599201008263518,3.599201008263518,2025-02-16 08:15:29.753228,1.1345651747090815,1.118389706157122,1.2688860123589933
885,FCU_038,FCU,2025-05-29 16:26:05.582395,Valve actuator,2,MEDIUM,2.9507033285306794,2.9507033285306794,2025-05-29 19:23:08.114378,1.0554434881956851,0.9086984808010728,0.9590798942948041
886,FCU_033,FCU,2024-02-23 01:00:11.464812,Coil fouling,1,LOW,2.3215426888302098,2.3215426888302098,2024-02-23 03:19:29.018492,1.1536889491189983,0.925344827600753,1.0675601017274134
886,FCU_046,FCU,2024-06-01 17:57:25.903802,Thermostat failure,1,LOW,1.6275739637691893,1.6275739637691893,2024-06-01 19:35:05.170072,1.0198638208252475,0.9934891884943663,1.013223679726439
886,FCU_038,FCU,2025-01-31 00:15:05.959121,Fan motor failure,2,MEDIUM,4.147160863647996,4.147160863647996,2025-01-31 04:23:55.738230,1.0136765193352428,1.001383258688625,1.0150786961880685
886,FCU_016,FCU,2025-03-06 05:54:37.135234,Coil fouling,1,LOW,1.7583310523973703,1.7583310523973703,2025-03-06 07:40:07.127023,0.9616133668149189,1.1361378797785195,1.0925253717397858
886,FCU_032,FCU,2025-05-14 12:11:30.124539,Fan motor failure,2,MEDIUM,5.005096830974824,5.005096830974824,2025-05-14 17:11:48.473131,0.9842703910829921,0.9629374247503281,0.9477907956474546
886,FCU_003,FCU,2025-05-16 07:08:11.045785,Valve actuator,2,MEDIUM,3.4918449419348643,3.4918449419348643,2025-05-16 10:37:41.687576,1.128351788431094,1.1452937989316485,1.2922943063035675
887,CHWP_002,CHW_Pump,2024-07-06 06:20:44.464787,Impeller damage,4,CRITICAL,5.56305694148479,5.56305694148479,2024-07-06 11:54:31.469776,1.2818149035266875,1.0648222165617849,1.3649049867952179
887,HP_001,HeatPump,2024-08-12 23:05:07.760446,Control valve failure,3,HIGH,2.2527880383860333,2.2527880383860333,2024-08-13 01:20:17.797384,0.9730212671886488,1.1430620593833436,1.1122236934964476
887,HWP_001,HW_Pump,2024-12-10 03:57:51.773312,Bearing wear,3,HIGH,9.468059137735269,9.468059137735269,2024-12-10 13:25:56.786208,1.0895501159326886,0.990681892745677,1.0793975710934678
887,FCU_012,FCU,2025-04-18 04:47:42.932798,Valve actuator,2,MEDIUM,3.5864397071647907,3.5864397071647907,2025-04-18 08:22:54.115744,0.9811489914785999,0.9381760582635813,0.920490493394681
888,CHWP_003,CHW_Pump,2023-06-24 23:31:00.397403,Bearing wear,3,HIGH,9.166647805062063,9.166647805062063,2023-06-25 08:41:00.329501,1.1063545019314556,0.9927467303601321,1.0983298144116649
888,FCU_007,FCU,2024-01-04 09:04:04.217152,Fan motor failure,2,MEDIUM,5.105410409358637,5.105410409358637,2024-01-04 14:10:23.694626,1.1510902072486997,0.906234036741934,1.0431571251690985
888,FCU_013,FCU,2024-05-26 07:31:55.167946,Valve actuator,2,MEDIUM,1.9869668567990821,1.9869668567990821,2024-05-26 09:31:08.248630,0.956035158070948,1.0683659404163506,1.0213954007235626
888,FCU_033,FCU,2025-04-07 03:15:19.767111,Thermostat failure,1,LOW,1.7814699518739094,1.7814699518739094,2025-04-07 05:02:13.058938,0.989938531479728,0.9938958091178389,0.9838957577219695
889,HWP_002,HW_Pump,2024-04-16 21:09:08.199894,Impeller damage,4,CRITICAL,12.161220773939464,12.161220773939464,2024-04-17 09:18:48.594680,1.066601593294199,1.0129570094046536,1.0804215601695304
889,FCU_049,FCU,2024-05-14 19:55:11.869146,Coil fouling,1,LOW,2.0278605926128943,2.0278605926128943,2024-05-14 21:56:52.167279,0.9723726397587213,0.9860748690794495,0.9588322234465199
889,FCU_005,FCU,2025-01-15 15:22:28.003023,Coil fouling,1,LOW,1.6205487915676056,1.6205487915676056,2025-01-15 16:59:41.978673,0.8480091505799627,1.0998701207864297,0.9326999268763813
889,FCU_016,FCU,2025-03-12 08:14:48.704491,Thermostat failure,1,LOW,2.2276702573137857,2.2276702573137857,2025-03-12 10:28:28.317417,1.038015940586389,0.9748221141099613,1.0118808936822636
889,CHWP_003,CHW_Pump,2025-05-27 02:42:42.435799,Bearing wear,3,HIGH,12.57925798756644,12.57925798756644,2025-05-27 15:17:27.764554,1.0266261183215089,1.123759894042013,1.1536812579457418
890,FCU_040,FCU,2024-02-28 14:22:19.298116,Filter blockage,1,LOW,1.0706443009324236,1.0706443009324236,2024-02-28 15:26:33.617599,0.8783456970889337,0.9925769617726611,0.8718257034026239
890,FCU_025,FCU,2024-12-05 06:12:58.375656,Thermostat failure,1,LOW,1.435778978364986,1.435778978364986,2024-12-05 07:39:07.179978,0.8432443873826535,1.0361610882814902,0.8737370221176688
890,FCU_031,FCU,2025-01-15 20:54:55.202964,Coil fouling,1,LOW,2.123889416704166,2.123889416704166,2025-01-15 23:02:21.204864,0.931175173519248,1.0185025064865727,0.9484042482074233
890,HWP_002,HW_Pump,2025-05-12 03:27:23.489317,Seal leakage,2,MEDIUM,4.4869876921131375,4.4869876921131375,2025-05-12 07:56:36.645009,1.1242481770233057,1.1396984902997103,1.281303950075663
891,FCU_030,FCU,2024-06-30 06:26:12.977742,Coil fouling,1,LOW,2.4093589808460933,2.4093589808460933,2024-06-30 08:50:46.670073,0.8269790186902284,0.9575815940968182,0.7918998870020113
891,HP_002,HeatPump,2024-08-22 23:39:01.115963,Sensor malfunction,1,LOW,1.6364299994991385,1.6364299994991385,2024-08-23 01:17:12.263961,1.0468473981850195,0.9640752028334711,1.0092396177409142
891,FCU_024,FCU,2025-04-15 20:09:10.260168,Fan motor failure,2,MEDIUM,5.133619948048537,5.133619948048537,2025-04-16 01:17:11.291981,0.9725109785954076,1.0952936565977849,1.0651851058272541
892,FCU_030,FCU,2023-03-31 01:13:17.626069,Fan motor failure,2,MEDIUM,3.833200203069417,3.833200203069417,2023-03-31 05:03:17.146800,1.141671813684528,0.9767730832211978,1.1151542974793733
892,FCU_023,FCU,2024-03-02 04:40:46.809852,Filter blockage,1,LOW,1.2045102714924816,1.2045102714924816,2024-03-02 05:53:03.046829,1.0036093026020116,0.9445125468262321,0.9479215784191246
892,FCU_050,FCU,2024-07-07 00:42:21.732102,Fan motor failure,2,MEDIUM,5.362844707707338,5.362844707707338,2024-07-07 06:04:07.973050,1.1711180093479892,1.0814090759009356,1.2664576442599522
892,FCU_044,FCU,2024-12-06 17:12:06.603729,Valve actuator,2,MEDIUM,2.4350247466472186,2.4350247466472186,2024-12-06 19:38:12.692817,1.0443023897790438,1.076067135689457,1.1237394813631907
892,FCU_036,FCU,2025-02-04 21:36:44.204204,Fan motor failure,2,MEDIUM,5.004503151560739,5.004503151560739,2025-02-05 02:37:00.415550,0.8846616448781279,1.0199425618273663,0.9023040644274096
893,FCU_009,FCU,2023-12-04 12:34:01.109877,Valve actuator,2,MEDIUM,3.5301143355608935,3.5301143355608935,2023-12-04 16:05:49.521485,1.019959921857455,1.1016012582245467,1.123589133256783
894,FCU_004,FCU,2025-05-10 00:36:09.061963,Fan motor failure,2,MEDIUM,3.445676617054258,3.445676617054258,2025-05-10 04:02:53.497784,1.1759412402510099,0.9278250713596357,1.0910677651506318
895,HP_001,HeatPump,2023-05-02 09:15:56.951317,Refrigerant leak,3,HIGH,3.5956692315514425,3.5956692315514425,2023-05-02 12:51:41.360551,0.8862956524521095,1.0587277223641625,0.9383457774618812
895,CT_001,CoolingTower,2024-02-16 03:05:11.894314,Fill media degradation,2,MEDIUM,7.819075166042312,7.819075166042312,2024-02-16 10:54:20.564912,0.9243948368776025,1.0987573656712568,1.0156856358077457
895,FCU_039,FCU,2024-05-29 15:53:59.695362,Filter blockage,1,LOW,1.3207931307532441,1.3207931307532441,2024-05-29 17:13:14.550633,0.8613819763924989,1.1459037494882516,0.9870608364897651
895,FCU_029,FCU,2024-06-15 16:56:15.397572,Coil fouling,1,LOW,1.5292168118257516,1.5292168118257516,2024-06-15 18:28:00.578095,1.0183908965174717,0.9788767842771121,0.9968792059201079
895,FCU_002,FCU,2024-10-02 20:10:02.544237,Fan motor failure,2,MEDIUM,3.3625572024298735,3.3625572024298735,2024-10-02 23:31:47.750166,0.8798859333332545,0.9078472562235647,0.7988020303663054
895,FCU_011,FCU,2025-01-30 03:26:18.990229,Fan motor failure,2,MEDIUM,4.7459083508330675,4.7459083508330675,2025-01-30 08:11:04.260292,0.8824496383678115,0.9370065262293957,0.8268610702194096
895,FCU_020,FCU,2025-02-02 02:38:38.802560,Thermostat failure,1,LOW,2.041499125214496,2.041499125214496,2025-02-02 04:41:08.199411,1.0077053559087827,1.1109458076277252,1.119506040470867
896,FCU_002,FCU,2024-01-11 07:15:06.087400,Valve actuator,2,MEDIUM,3.488662001637682,3.488662001637682,2024-01-11 10:44:25.270606,1.0620514535566081,1.017910591661373,1.0810734234646282
896,FCU_045,FCU,2024-07-28 17:07:18.307672,Valve actuator,2,MEDIUM,2.601706143696505,2.601706143696505,2024-07-28 19:43:24.449789,1.022786958224038,1.0916652148716184,1.1165409445175336
896,HWP_001,HW_Pump,2024-10-04 09:07:24.876279,Bearing wear,3,HIGH,7.6990756011009145,7.6990756011009145,2024-10-04 16:49:21.548443,1.0175479545887283,0.9108041253814784,0.9267868748128989
896,FCU_017,FCU,2024-10-08 14:41:02.557145,Fan motor failure,2,MEDIUM,2.5977718843835884,2.5977718843835884,2024-10-08 17:16:54.535929,1.1057623782306922,0.9970559255590244,1.102506931475151
896,FCU_049,FCU,2025-01-28 20:28:41.586052,Fan motor failure,2,MEDIUM,3.060294643505124,3.060294643505124,2025-01-28 23:32:18.646769,1.0188877421439564,1.1246467440314658,1.1458887817357724
896,FCU_032,FCU,2025-04-15 21:49:59.847944,Thermostat failure,1,LOW,2.008815525200716,2.008815525200716,2025-04-15 23:50:31.583835,0.9422691853350172,1.004319864011975,0.946339660078339
896,FCU_033,FCU,2025-05-24 07:48:40.792383,Filter blockage,1,LOW,0.7926182589078412,0.7926182589078412,2025-05-24 08:36:14.218115,0.9062390171842591,1.1496491178606563,1.0418568866767917
896,FCU_010,FCU,2025-05-26 11:48:17.494884,Filter blockage,1,LOW,0.7483069809022146,0.7483069809022146,2025-05-26 12:33:11.400015,0.9484841926293452,1.1497565258694915,1.0905258901596455
897,FCU_040,FCU,2024-03-10 18:41:27.017489,Fan motor failure,2,MEDIUM,3.8885849828657895,3.8885849828657895,2024-03-10 22:34:45.923427,0.9646449974320719,1.0622320906360274,1.024676872343855
897,FCU_045,FCU,2024-10-19 20:21:09.513229,Filter blockage,1,LOW,1.1557369774138238,1.1557369774138238,2024-10-19 21:30:30.166348,1.0174677762575663,0.982896355935071,1.000065369564922
897,CHWP_002,CHW_Pump,2024-12-08 19:07:38.262714,Bearing wear,3,HIGH,7.152062625273872,7.152062625273872,2024-12-09 02:16:45.688165,1.1070786260352934,1.1211690175008524,1.2412222554481835
897,HP_002,HeatPump,2025-02-28 10:46:25.435194,Heat exchanger fouling,2,MEDIUM,5.430898841532891,5.430898841532891,2025-02-28 16:12:16.671024,0.977500467514383,0.9396261450643592,0.9184849960891486
897,FCU_035,FCU,2025-04-10 01:37:47.534693,Coil fouling,1,LOW,2.025071024776294,2.025071024776294,2025-04-10 03:39:17.790382,0.9109088988411658,0.9574993456428781,0.8721946745806909
898,FCU_027,FCU,2024-02-03 17:28:38.068357,Filter blockage,1,LOW,0.6729515669958824,0.6729515669958824,2024-02-03 18:09:00.693998,0.8427439247951181,0.9498115543931565,0.8004479171650404
898,FCU_044,FCU,2024-07-15 18:57:17.296171,Coil fouling,1,LOW,0.9502470345154572,0.9502470345154572,2024-07-15 19:54:18.185495,1.0576901925321265,1.1398922809987948,1.2056528861555
898,FCU_034,FCU,2024-12-25 01:30:04.987534,Filter blockage,1,LOW,0.6886516694281483,0.6886516694281483,2024-12-25 02:11:24.133544,1.0570548826724375,0.9376263186950261,0.9911224782987603
898,FCU_045,FCU,2025-02-13 22:57:30.846520,Valve actuator,2,MEDIUM,1.925428639726998,1.925428639726998,2025-02-14 00:53:02.389623,1.0091135064486492,1.017569479826526,1.0268431058428735
898,FCU_031,FCU,2025-03-15 11:58:33.456995,Fan motor failure,2,MEDIUM,4.493634746161621,4.493634746161621,2025-03-15 16:28:10.542081,1.0946944394432336,1.1140183285591694,1.219509669711568
898,FCU_047,FCU,2025-05-11 10:41:48.615801,Filter blockage,1,LOW,0.7809144190924397,0.7809144190924397,2025-05-11 11:28:39.907710,1.056925600485912,1.1121943471327378,1.1755066782003059
899,FCU_023,FCU,2024-06-20 11:20:39.017253,Fan motor failure,2,MEDIUM,3.9127844057227317,3.9127844057227317,2024-06-20 15:15:25.041114,0.8858278216110498,1.0985691777723374,0.9731431416351117
899,FCU_028,FCU,2025-02-25 20:32:28.266327,Coil fouling,1,LOW,1.8388059449281635,1.8388059449281635,2025-02-25 22:22:47.967729,1.0579234535852216,1.0385717127047125,1.098729373100488
899,FCU_014,FCU,2025-03-05 10:42:41.529847,Thermostat failure,1,LOW,1.883392766203539,1.883392766203539,2025-03-05 12:35:41.743805,1.0504534903665308,1.0458383652391707,1.0986045611247135
899,FCU_025,FCU,2025-03-19 18:05:10.080918,Coil fouling,1,LOW,2.243964646137961,2.243964646137961,2025-03-19 20:19:48.353644,1.0537023075985075,1.0354598015847627,1.0910663823553572
899,FCU_013,FCU,2025-04-16 02:27:58.948104,Fan motor failure,2,MEDIUM,4.782935316985188,4.782935316985188,2025-04-16 07:14:57.515245,0.948643252476251,0.9487153720203735,0.8999924361876236
900,FCU_019,FCU,2025-03-18 05:44:51.190684,Filter blockage,1,LOW,0.8257603337173851,0.8257603337173851,2025-03-18 06:34:23.927885,0.9712611523547146,0.9183037252765305,0.8919127344237102
900,CHWP_003,CHW_Pump,2025-03-31 23:20:51.501755,Motor overheating,3,HIGH,4.594246781316202,4.594246781316202,2025-04-01 03:56:30.790168,1.0625801759608777,1.1038389140947071,1.172917347571218
900,FCU_017,FCU,2025-05-03 15:52:28.244775,Filter blockage,1,LOW,1.5572409721361713,1.5572409721361713,2025-05-03 17:25:54.312275,1.0064133919265466,0.9083424068137382,0.9141679626721373
901,FCU_023,FCU,2023-07-19 10:23:12.470119,Filter blockage,1,LOW,1.3992531073655063,1.3992531073655063,2023-07-19 11:47:09.781306,0.9853661964453978,1.0033515821406245,0.9886687321913793
901,FCU_039,FCU,2023-12-27 14:37:46.053830,Coil fouling,1,LOW,2.120267909281813,2.120267909281813,2023-12-27 16:44:59.018303,0.9907646270651638,1.050346588209229,1.040646245756284
901,FCU_049,FCU,2024-04-13 16:36:51.926237,Fan motor failure,2,MEDIUM,4.908331183833173,4.908331183833173,2024-04-13 21:31:21.918499,1.0591084652043523,1.015421215642165,1.0754412052347109
901,CHWP_003,CHW_Pump,2024-07-29 21:59:39.321212,Seal leakage,2,MEDIUM,5.003727422270919,5.003727422270919,2024-07-30 02:59:52.739932,0.9850425272159851,1.0837737105623657,1.0675631947825983
901,FCU_011,FCU,2024-09-03 22:49:58.691727,Filter blockage,1,LOW,1.0029969580665694,1.0029969580665694,2024-09-03 23:50:09.480776,0.9882991818163185,0.9922226581950442,0.9806128412737748
901,FCU_043,FCU,2024-10-10 04:27:30.342299,Fan motor failure,2,MEDIUM,4.399384024594553,4.399384024594553,2024-10-10 08:51:28.124788,0.9711413440516697,1.0806805918452618,1.0494936024551615
901,FCU_035,FCU,2024-10-18 06:48:43.380916,Filter blockage,1,LOW,0.7069047404860408,0.7069047404860408,2024-10-18 07:31:08.237982,1.0083692919635707,1.0624319920071552,1.071323795539701
901,FCU_022,FCU,2024-10-25 11:38:14.788470,Filter blockage,1,LOW,1.21522791788418,1.21522791788418,2024-10-25 12:51:09.608974,0.839184972664713,0.9968706190767367,0.8365588432201668
901,HP_001,HeatPump,2025-02-06 04:38:37.797902,Compressor degradation,4,CRITICAL,13.934491356543985,13.934491356543985,2025-02-06 18:34:41.966786,0.9834777677561063,1.0256310039370704,1.0086852902934842
902,HWP_001,HW_Pump,2024-05-14 08:10:29.932954,Bearing wear,3,HIGH,10.727507473701042,10.727507473701042,2024-05-14 18:54:08.959859,0.9782204048912739,1.0019781347448828,0.9801554566623427
902,FCU_043,FCU,2024-07-08 13:02:41.942340,Filter blockage,1,LOW,1.0067528157425765,1.0067528157425765,2024-07-08 14:03:06.252477,0.9252240861309482,0.9465497779339906,0.8757706532664284
902,FCU_018,FCU,2024-08-06 15:25:17.880861,Fan motor failure,2,MEDIUM,2.7876020987181467,2.7876020987181467,2024-08-06 18:12:33.248416,0.9630474563652701,1.1233224468035077,1.0818128250721295
902,FCU_030,FCU,2024-11-16 15:19:25.425683,Fan motor failure,2,MEDIUM,3.9998987476475762,3.9998987476475762,2024-11-16 19:19:25.061175,0.8668719509105349,0.9029246299508862,0.7827200354906976
903,FCU_025,FCU,2023-09-19 04:40:12.523673,Filter blockage,1,LOW,1.035381746544526,1.035381746544526,2023-09-19 05:42:19.897961,0.8387615151127921,0.9014993944520446,0.7561429979638615
903,FCU_010,FCU,2024-02-02 00:20:54.092969,Fan motor failure,2,MEDIUM,6.075991120269503,6.075991120269503,2024-02-02 06:25:27.661002,0.9791911893381633,0.9583646497846866,0.9384222212423197
903,FCU_004,FCU,2024-05-22 02:40:13.760675,Coil fouling,1,LOW,1.553060109133948,1.553060109133948,2024-05-22 04:13:24.777068,0.9363187610736715,0.9539642055393645,0.8932145830392471
903,FCU_044,FCU,2025-02-01 19:59:28.009194,Coil fouling,1,LOW,1.1489606224663536,1.1489606224663536,2025-02-01 21:08:24.267435,1.1436251875381565,1.075146559990336,1.2295646862999519
904,FCU_019,FCU,2024-08-07 13:45:14.771260,Coil fouling,1,LOW,1.1154518250947176,1.1154518250947176,2024-08-07 14:52:10.397830,0.9775313965395225,1.0177576241566348,0.9948900316805817
904,FCU_018,FCU,2024-11-19 17:17:52.812649,Fan motor failure,2,MEDIUM,2.7912034340044016,2.7912034340044016,2024-11-19 20:05:21.145011,1.091482934904755,0.9531610135922333,1.0403589805524418
904,FCU_006,FCU,2024-12-23 17:09:26.820517,Thermostat failure,1,LOW,2.276937783756299,2.276937783756299,2024-12-23 19:26:03.796539,1.0296294985435976,0.9561174425678054,0.9844467229398765
905,FCU_034,FCU,2024-03-12 04:40:27.910626,Valve actuator,2,MEDIUM,1.5156372554746842,1.5156372554746842,2024-03-12 06:11:24.204746,0.8,1.0561207865058038,0.844896629204643
905,FCU_030,FCU,2025-05-17 08:26:24.315411,Coil fouling,1,LOW,2.9110065808494796,2.9110065808494796,2025-05-17 11:21:03.939102,1.0444746681251087,1.1244658621342225,1.1744761081706563
906,FCU_025,FCU,2024-02-11 00:46:13.080147,Coil fouling,1,LOW,2.413307838387736,2.413307838387736,2024-02-11 03:11:00.988365,1.211157953316889,0.9367251613966447,1.1345221292975929
906,FCU_027,FCU,2024-08-30 03:47:38.019609,Coil fouling,1,LOW,2.9728951003892266,2.9728951003892266,2024-08-30 06:46:00.441970,0.9473197676872206,0.9116917595698713,0.8636636258780838
906,FCU_039,FCU,2025-02-24 00:17:42.135030,Valve actuator,2,MEDIUM,2.3367935574958834,2.3367935574958834,2025-02-24 02:37:54.591837,1.0520388322937813,0.9898274199292711,1.0413368830347567
907,FCU_049,FCU,2024-06-04 19:09:38.331013,Filter blockage,1,LOW,1.6082752734599095,1.6082752734599095,2024-06-04 20:46:08.121997,1.0356978485932142,1.0983236239351029,1.1375314143686885
907,HWP_001,HW_Pump,2024-06-17 07:13:50.170040,Impeller damage,4,CRITICAL,8.389388658470411,8.389388658470411,2024-06-17 15:37:11.969210,1.0615350953120706,0.9097066454847335,0.9656855306206605
907,HP_001,HeatPump,2024-09-03 12:33:48.839313,Compressor degradation,4,CRITICAL,14.885552166657476,14.885552166657476,2024-09-04 03:26:56.827113,1.0745720104964753,1.1009035991556977,1.1830001939075439
907,FCU_012,FCU,2024-09-06 01:10:43.191654,Valve actuator,2,MEDIUM,2.494281852063911,2.494281852063911,2024-09-06 03:40:22.606321,1.0186385143419823,1.084444748935447,1.1046571879415676
907,FCU_047,FCU,2024-10-30 13:50:25.054324,Fan motor failure,2,MEDIUM,4.868023077638066,4.868023077638066,2024-10-30 18:42:29.937403,1.043419537777134,1.0942682424541115,1.141780863745666
907,FCU_020,FCU,2025-01-25 03:47:32.986345,Filter blockage,1,LOW,1.0694212414415505,1.0694212414415505,2025-01-25 04:51:42.902814,1.075105498731816,1.0715972244342589,1.1520800684150236
907,CHWP_001,CHW_Pump,2025-02-20 19:15:43.895662,Impeller damage,4,CRITICAL,11.896685662560957,11.896685662560957,2025-02-21 07:09:31.964047,0.978041872798922,0.9102890706970059,0.89030082749289
908,FCU_036,FCU,2024-03-29 21:38:56.926764,Coil fouling,1,LOW,1.4953738253556437,1.4953738253556437,2024-03-29 23:08:40.272535,1.0995549233016515,0.9195075411658986,1.0110490439019597
908,HP_002,HeatPump,2024-05-05 03:22:23.567250,Heat exchanger fouling,2,MEDIUM,3.6903386755016503,3.6903386755016503,2024-05-05 07:03:48.786482,1.0572321128880575,0.9659668053620059,1.0212511266126005
908,FCU_018,FCU,2024-09-23 16:20:25.792461,Thermostat failure,1,LOW,2.0206454775887717,2.0206454775887717,2024-09-23 18:21:40.116180,0.916042502848324,0.9331638839152727,0.8548177797894093
909,FCU_034,FCU,2024-06-04 00:50:32.026450,Thermostat failure,1,LOW,2.2095116210934527,2.2095116210934527,2024-06-04 03:03:06.268286,0.8970471534263005,1.1119804502710051,0.9974988975813011
909,FCU_002,FCU,2025-04-14 03:32:17.844050,Fan motor failure,2,MEDIUM,4.523253053239284,4.523253053239284,2025-04-14 08:03:41.555042,0.9498573400823809,1.0139459729396834,0.9631040248437294
910,FCU_014,FCU,2024-05-08 21:28:21.413772,Coil fouling,1,LOW,1.7801131908928698,1.7801131908928698,2024-05-08 23:15:09.821259,0.978136678308746,1.0616723975303337,1.038460712372403
910,FCU_022,FCU,2024-08-04 12:21:25.488021,Coil fouling,1,LOW,3.222625102083308,3.222625102083308,2024-08-04 15:34:46.938388,1.0128750675020362,1.077725793629539,1.0916015859712047
910,FCU_013,FCU,2025-01-24 04:26:15.869648,Filter blockage,1,LOW,0.9223543060357614,0.9223543060357614,2025-01-24 05:21:36.345150,0.9601302611063682,0.9774128961753505,0.9384436992135708
911,FCU_002,FCU,2024-01-25 19:08:49.270273,Filter blockage,1,LOW,0.8670389907063951,0.8670389907063951,2024-01-25 20:00:50.610640,1.0696983741335,0.9952097255131279,1.0645742253032398
912,CHWP_003,CHW_Pump,2024-09-25 23:02:23.088203,Motor overheating,3,HIGH,10.983615751592682,10.983615751592682,2024-09-26 10:01:24.104909,0.9227520772539448,0.9929483060495868,0.916245112013042
912,FCU_013,FCU,2024-12-08 09:35:44.468485,Valve actuator,2,MEDIUM,1.993616103662439,1.993616103662439,2024-12-08 11:35:21.486458,1.1370922743166327,0.9033167760271127,1.0271545272810378
912,FCU_043,FCU,2024-12-17 15:41:59.703204,Coil fouling,1,LOW,1.6591610652446347,1.6591610652446347,2024-12-17 17:21:32.683039,0.9742982279617683,0.974384717893487,0.949341303996652
912,FCU_011,FCU,2024-12-23 07:53:36.996595,Thermostat failure,1,LOW,1.7462336802242633,1.7462336802242633,2024-12-23 09:38:23.437844,1.0059270297459888,0.9502370852335398,0.9558691687034606
912,FCU_048,FCU,2025-04-09 20:40:05.122733,Fan motor failure,2,MEDIUM,3.2850263954626215,3.2850263954626215,2025-04-09 23:57:11.217757,1.157887119630602,1.0487336501429632,1.214315185423723
913,FCU_030,FCU,2024-09-01 16:43:28.951893,Filter blockage,1,LOW,1.1903826395021904,1.1903826395021904,2024-09-01 17:54:54.329395,1.0057607793063446,0.966349316237231,0.9719162413809106
913,HP_002,HeatPump,2025-01-07 14:32:33.434038,Control valve failure,3,HIGH,2.1101174682169677,2.1101174682169677,2025-01-07 16:39:09.856924,0.9387097978109649,0.9041666937889846,0.8487501343140663
913,FCU_016,FCU,2025-03-07 08:28:36.302693,Filter blockage,1,LOW,0.7292067288651456,0.7292067288651456,2025-03-07 09:12:21.446917,0.8389294210496056,1.0515169318429274,0.8821484908548446
913,FCU_031,FCU,2025-04-06 04:51:55.232389,Coil fouling,1,LOW,2.2663055498021714,2.2663055498021714,2025-04-06 07:07:53.932368,0.9749796746942252,1.0818893303511614,1.0548201073609285
914,HP_002,HeatPump,2023-11-12 00:00:29.764705,Refrigerant leak,3,HIGH,3.364478703456812,3.364478703456812,2023-11-12 03:22:21.888037,0.9557719138838472,0.9919806061641121,0.9481072024891323
914,FCU_026,FCU,2024-09-04 19:11:27.583129,Fan motor failure,2,MEDIUM,2.0336835824387145,2.0336835824387145,2024-09-04 21:13:28.844026,1.0369281745072203,1.1080110192208936,1.1489278434946057
914,FCU_018,FCU,2024-11-06 03:40:39.002738,Fan motor failure,2,MEDIUM,3.730797683860491,3.730797683860491,2024-11-06 07:24:29.874400,1.0594514846707417,1.0865493476498873,1.151146319535699
914,FCU_006,FCU,2024-11-21 07:05:19.088214,Fan motor failure,2,MEDIUM,3.9886425847342557,3.9886425847342557,2024-11-21 11:04:38.201519,1.008047309595017,1.028664105387667,1.0369420839130028
914,FCU_012,FCU,2024-12-04 17:27:58.591753,Filter blockage,1,LOW,1.4809945084394833,1.4809945084394833,2024-12-04 18:56:50.171983,0.8977198435363271,0.9243993294561715,0.82985162140448
914,HP_001,HeatPump,2025-05-21 01:02:07.338699,Refrigerant leak,3,HIGH,4.177275695302736,4.177275695302736,2025-05-21 05:12:45.531202,0.9255457373233306,1.0960512276928795,1.0144455416791478
915,FCU_015,FCU,2024-08-01 00:22:30.740370,Coil fouling,1,LOW,1.766953611345092,1.766953611345092,2024-08-01 02:08:31.773371,1.0603341998160092,1.0195170353522158,1.0810287798789817
915,FCU_033,FCU,2024-09-04 07:50:21.327977,Filter blockage,1,LOW,0.8787359344499075,0.8787359344499075,2024-09-04 08:43:04.777341,1.1116413872566548,1.0028329068031732,1.114790563705303
916,FCU_005,FCU,2024-04-08 09:29:12.938355,Coil fouling,1,LOW,1.5077300882209637,1.5077300882209637,2024-04-08 10:59:40.766673,1.037036422989305,1.14385116388532,1.1862153194277854
916,FCU_012,FCU,2024-06-18 23:11:16.280921,Thermostat failure,1,LOW,2.429454812576046,2.429454812576046,2024-06-19 01:37:02.318246,1.1539560692447066,0.9483807492866874,1.0943897215942153
917,FCU_039,FCU,2023-11-06 14:31:41.936300,Thermostat failure,1,LOW,1.9446902393170191,1.9446902393170191,2023-11-06 16:28:22.821162,0.9492351452014737,0.9164316206539419,0.8699091024986664
917,FCU_045,FCU,2024-06-25 19:19:22.372520,Fan motor failure,2,MEDIUM,3.75073050198043,3.75073050198043,2024-06-25 23:04:25.002327,0.9060605678281946,0.983721556740434,0.8913113122850732
917,FCU_022,FCU,2024-11-13 13:16:38.402827,Coil fouling,1,LOW,1.7709155552655262,1.7709155552655262,2024-11-13 15:02:53.698826,1.2992156707854114,1.0844389015703157,1.4089200149294725
917,FCU_016,FCU,2025-03-04 21:14:11.559889,Valve actuator,2,MEDIUM,2.622117725743989,2.622117725743989,2025-03-04 23:51:31.183702,0.9204330489138026,0.9025699824609518,0.8307552408146112
918,FCU_004,FCU,2024-06-21 23:51:12.200454,Coil fouling,1,LOW,1.6160100977521854,1.6160100977521854,2024-06-22 01:28:09.836806,0.9561627131179489,1.0549461517099967,1.0087001746123698
919,CT_001,CoolingTower,2023-05-23 05:05:58.278860,Fan motor failure,4,CRITICAL,10.854174633152015,10.854174633152015,2023-05-23 15:57:13.307539,0.9481008863055753,1.13613498179839,1.077170583205822
919,FCU_039,FCU,2024-04-05 17:29:33.738354,Filter blockage,1,LOW,0.7557814881660547,0.7557814881660547,2024-04-05 18:14:54.551711,1.0375473769688839,0.9839914100932106,1.020937706502124
919,FCU_005,FCU,2024-12-02 23:53:30.533115,Fan motor failure,2,MEDIUM,5.74306682627417,5.74306682627417,2024-12-03 05:38:05.573690,1.1617996380667743,0.9520418538670855,1.1060818812472009
919,FCU_008,FCU,2025-01-04 10:32:38.599467,Thermostat failure,1,LOW,1.2358331894620833,1.2358331894620833,2025-01-04 11:46:47.598949,1.0267127865920602,0.9389650184392697,0.9640473905942478
919,FCU_048,FCU,2025-01-20 15:12:37.653953,Valve actuator,2,MEDIUM,3.8438776374854204,3.8438776374854204,2025-01-20 19:03:15.613448,1.0403859706195435,1.1328907300751203,1.1786436218150873
919,FCU_030,FCU,2025-01-21 06:12:49.354905,Valve actuator,2,MEDIUM,2.92027724114575,2.92027724114575,2025-01-21 09:08:02.352973,0.920926145249167,1.0703203762896454,0.9856860183180611
920,FCU_035,FCU,2024-10-09 04:47:44.403746,Fan motor failure,2,MEDIUM,3.673543543555796,3.673543543555796,2024-10-09 08:28:09.160503,1.0717622287330104,1.07244638699795,1.1494075299255875
920,FCU_025,FCU,2024-12-11 01:38:49.490711,Fan motor failure,2,MEDIUM,3.707839247425733,3.707839247425733,2024-12-11 05:21:17.712002,0.960651733571895,0.9821885619329553,0.9435411447153802
920,FCU_006,FCU,2024-12-24 18:33:33.037584,Filter blockage,1,LOW,1.5627501930252463,1.5627501930252463,2024-12-24 20:07:18.938279,1.0261108651039992,0.9952958417613429,1.0212838772241446
920,HP_002,HeatPump,2025-03-18 04:37:06.214669,Control valve failure,3,HIGH,3.6414744743009115,3.6414744743009115,2025-03-18 08:15:35.522776,1.1280521918564097,0.9111752904381692,1.0278532835441776
921,CHWP_003,CHW_Pump,2023-04-28 16:43:06.213477,Impeller damage,4,CRITICAL,13.044969994937366,13.044969994937366,2023-04-29 05:45:48.105459,0.9851662265729783,1.0974315748308248,1.0811525234981247
921,FCU_009,FCU,2024-08-18 15:23:59.594572,Fan motor failure,2,MEDIUM,4.589400313372044,4.589400313372044,2024-08-18 19:59:21.435700,1.0413145853440644,1.0375343806589867,1.0803996833761234
921,FCU_013,FCU,2025-01-17 17:04:14.639719,Filter blockage,1,LOW,0.8037064963702318,0.8037064963702318,2025-01-17 17:52:27.983106,0.9581597032189184,0.9138880823796381,0.8756507337881806
921,FCU_026,FCU,2025-04-16 06:38:43.223695,Coil fouling,1,LOW,1.1269227014842624,1.1269227014842624,2025-04-16 07:46:20.145420,0.9941295468860338,1.1427753511622638,1.1360667420434696
922,FCU_016,FCU,2023-10-26 06:25:41.049089,Fan motor failure,2,MEDIUM,3.2799434653543766,3.2799434653543766,2023-10-26 09:42:28.845564,0.9922198289927934,1.0788876089058346,1.070493678810991
922,FCU_036,FCU,2023-11-18 05:41:03.205959,Valve actuator,2,MEDIUM,3.082332295003015,3.082332295003015,2023-11-18 08:45:59.602221,1.155295546362858,1.0126617852320479,1.169923650450446
922,FCU_025,FCU,2024-03-18 16:30:08.527615,Fan motor failure,2,MEDIUM,4.404897602595386,4.404897602595386,2024-03-18 20:54:26.158984,1.210647131067889,0.9790057185087802,1.185230464411712
922,HP_002,HeatPump,2024-04-05 12:27:23.357717,Heat exchanger fouling,2,MEDIUM,3.2171099341106837,3.2171099341106837,2024-04-05 15:40:24.953480,0.9265982847549621,1.073762418866764,0.9949464155562827
922,FCU_043,FCU,2024-11-12 02:29:44.867117,Thermostat failure,1,LOW,1.384911870882247,1.384911870882247,2024-11-12 03:52:50.549852,1.04473716194526,1.092515647939535,1.1413916974091365
922,FCU_029,FCU,2025-01-09 18:19:55.668327,Valve actuator,2,MEDIUM,2.8150609300315064,2.8150609300315064,2025-01-09 21:08:49.887675,1.0048566308959097,1.0407494176204686,1.0458039533969843
922,FCU_021,FCU,2025-01-10 06:39:09.297407,Fan motor failure,2,MEDIUM,3.8939175053115735,3.8939175053115735,2025-01-10 10:32:47.400426,0.9481467844021522,0.9974363005681219,0.9457160210296434
922,HP_001,HeatPump,2025-05-12 19:46:05.527639,Heat exchanger fouling,2,MEDIUM,4.866244164660818,4.866244164660818,2025-05-13 00:38:04.006632,1.1399150197936174,1.101404631711866,1.2555076825586136
923,FCU_013,FCU,2024-04-06 05:32:53.886833,Coil fouling,1,LOW,2.567096935204811,2.567096935204811,2024-04-06 08:06:55.435800,0.8833437822322617,1.0258347224774966,0.9061647236984545
923,FCU_014,FCU,2024-06-04 07:11:13.472752,Fan motor failure,2,MEDIUM,5.129679603794114,5.129679603794114,2024-06-04 12:19:00.319326,0.9058914190431699,1.0729367572126054,0.9719642015349043
923,HP_001,HeatPump,2024-09-29 16:42:54.862732,Compressor degradation,4,CRITICAL,12.488758693225254,12.488758693225254,2024-09-30 05:12:14.394028,0.9739069183797759,0.9769806480565251,0.9514882122654068
923,CHWP_001,CHW_Pump,2025-01-13 14:16:22.458053,Impeller damage,4,CRITICAL,9.835925632793872,9.835925632793872,2025-01-14 00:06:31.790331,0.9011974343929983,1.1350666980869069,1.0229191961808524
924,FCU_012,FCU,2024-05-07 06:25:33.621695,Coil fouling,1,LOW,2.2808041405689283,2.2808041405689283,2024-05-07 08:42:24.516601,0.908670237430891,0.9133315244417481,0.8299171731676009
924,HP_002,HeatPump,2024-11-09 04:18:08.561379,Compressor degradation,4,CRITICAL,8.067612518395638,8.067612518395638,2024-11-09 12:22:11.966445,0.9865399601268912,1.0272499883887631,1.0134231625853998
925,HP_002,HeatPump,2024-05-12 03:45:16.244320,Heat exchanger fouling,2,MEDIUM,3.329135740522552,3.329135740522552,2024-05-12 07:05:01.132986,1.0247520536133263,1.0472898541938864,1.0732124288135862
925,FCU_004,FCU,2024-08-06 21:02:43.973982,Valve actuator,2,MEDIUM,2.266975675137172,2.266975675137172,2024-08-06 23:18:45.086412,0.9925138285963735,0.9616017797484144,0.9544030640031855
925,FCU_030,FCU,2024-12-22 03:04:32.534490,Fan motor failure,2,MEDIUM,5.34440557527945,5.34440557527945,2024-12-22 08:25:12.394561,0.9440843315253593,1.1150773570322272,1.0527270612128345
925,FCU_048,FCU,2025-02-03 02:57:41.208825,Filter blockage,1,LOW,0.6237395660292576,0.6237395660292576,2025-02-03 03:35:06.671263,1.0934591204497883,0.9624378212581293,1.0523864135205245
926,FCU_031,FCU,2024-08-10 15:27:34.607289,Fan motor failure,2,MEDIUM,4.209965658829615,4.209965658829615,2024-08-10 19:40:10.483661,1.0667697986907967,0.9422418283238854,1.0051551255191193
926,FCU_038,FCU,2024-08-31 05:43:13.366624,Valve actuator,2,MEDIUM,2.676904004005113,2.676904004005113,2024-08-31 08:23:50.221038,0.8,0.9222634183079451,0.7378107346463562
926,FCU_012,FCU,2024-12-29 20:37:50.063545,Fan motor failure,2,MEDIUM,3.590438337786459,3.590438337786459,2024-12-30 00:13:15.641561,0.9495663576055606,1.0841085105869905,1.029432969647278
926,FCU_041,FCU,2025-01-28 07:15:15.596499,Fan motor failure,2,MEDIUM,3.5861613749586856,3.5861613749586856,2025-01-28 10:50:25.777449,1.0462596848016243,1.1210331229392925,1.1728917618586447
926,FCU_050,FCU,2025-03-24 00:35:15.019737,Thermostat failure,1,LOW,1.9940668965855497,1.9940668965855497,2025-03-24 02:34:53.660565,1.058364064654373,1.035583543529868,1.09602440841945
926,HWP_002,HW_Pump,2025-05-17 22:26:06.408490,Seal leakage,2,MEDIUM,3.5393222910084057,3.5393222910084057,2025-05-18 01:58:27.968738,1.083921854064647,0.9257230582999365,1.0034114537028624
926,FCU_009,FCU,2025-05-19 01:56:33.174483,Valve actuator,2,MEDIUM,4.480776861810704,4.480776861810704,2025-05-19 06:25:23.971186,0.8812960466886279,0.9057912771900706,0.7982702717126524
927,FCU_021,FCU,2024-03-24 14:01:26.992417,Coil fouling,1,LOW,1.9710777826425743,1.9710777826425743,2024-03-24 15:59:42.872435,1.1285711915114736,1.0355570390191995,1.1686998414039915
927,FCU_050,FCU,2024-09-23 10:08:53.971050,Fan motor failure,2,MEDIUM,4.284199798956792,4.284199798956792,2024-09-23 14:25:57.090326,1.1652167744694404,1.0873807615004252,1.2670343035356493
927,FCU_026,FCU,2024-11-25 22:27:41.908369,Valve actuator,2,MEDIUM,3.517459795140273,3.517459795140273,2024-11-26 01:58:44.763632,0.9466207960529726,1.0911315189470883,1.0328877870641817
927,CHWP_003,CHW_Pump,2025-01-16 08:46:39.079295,Impeller damage,4,CRITICAL,12.356841959407799,12.356841959407799,2025-01-16 21:08:03.710349,0.8411355553578065,1.147291937271532,0.9650280408144237
927,CT_001,CoolingTower,2025-05-22 04:55:21.479158,Fill media degradation,2,MEDIUM,7.774622830237986,7.774622830237986,2025-05-22 12:41:50.121347,1.1269538036805378,1.0774943218621338,1.2142863244667133
929,FCU_007,FCU,2024-04-12 03:13:38.521087,Valve actuator,2,MEDIUM,3.00371526822618,3.00371526822618,2024-04-12 06:13:51.896053,0.9840726329596076,1.018417293400028,1.0021965873677627
929,FCU_001,FCU,2024-07-01 06:58:43.138505,Coil fouling,1,LOW,2.5227773247446765,2.5227773247446765,2024-07-01 09:30:05.136874,0.8563433636711759,1.0904964316980146,0.9338393823916925
929,FCU_039,FCU,2024-11-15 11:41:04.877736,Fan motor failure,2,MEDIUM,4.452154834542755,4.452154834542755,2024-11-15 16:08:12.635140,1.116617412084859,1.0819022153522972,1.208070851835558
929,FCU_033,FCU,2025-04-07 23:28:12.462077,Filter blockage,1,LOW,1.493018792248649,1.493018792248649,2025-04-08 00:57:47.329729,0.8069051740085588,1.1436389119222379,0.9228081552275722
930,HP_002,HeatPump,2023-11-25 03:24:43.144320,Compressor degradation,4,CRITICAL,9.179283824298222,9.179283824298222,2023-11-25 12:35:28.566087,0.8558708869746761,1.002544987401892,0.8580490675996727
930,FCU_046,FCU,2024-04-02 11:19:27.439353,Filter blockage,1,LOW,1.2287310008677268,1.2287310008677268,2024-04-02 12:33:10.870956,1.0351868507205686,0.9940194028050138,1.0289958151448626
930,FCU_049,FCU,2024-09-25 15:33:09.331335,Filter blockage,1,LOW,1.3392778770076392,1.3392778770076392,2024-09-25 16:53:30.731692,0.8,1.1491543142812282,0.9193234514249826
930,FCU_006,FCU,2025-01-03 23:05:49.811931,Valve actuator,2,MEDIUM,4.037085652433817,4.037085652433817,2025-01-04 03:08:03.320280,1.1506126188055275,0.9044862231901405,1.0407132619383284
931,HWP_002,HW_Pump,2025-01-22 02:09:04.285210,Bearing wear,3,HIGH,7.863364173778042,7.863364173778042,2025-01-22 10:00:52.396236,0.8838425380469266,1.0154602660721992,0.8975069788510599
931,FCU_032,FCU,2025-02-17 02:59:35.692268,Filter blockage,1,LOW,1.010861242003379,1.010861242003379,2025-02-17 04:00:14.792739,1.1988925380926632,1.006450225847092,1.2066256657297543
932,FCU_024,FCU,2024-07-27 17:13:50.026859,Thermostat failure,1,LOW,2.7107728591365685,2.7107728591365685,2024-07-27 19:56:28.809152,0.89526368681481,1.1200560438878315,1.0027455032902306
932,CT_001,CoolingTower,2025-03-08 09:27:50.815042,Fill media degradation,2,MEDIUM,7.315723243958704,7.315723243958704,2025-03-08 16:46:47.418720,0.880293102679601,0.9295696675705146,0.8182937668224937
933,FCU_010,FCU,2024-03-13 18:42:12.260553,Coil fouling,1,LOW,2.2397397766352882,2.2397397766352882,2024-03-13 20:56:35.323749,0.9537234918446014,1.0907806597764043,1.0403031396785103
933,FCU_022,FCU,2024-07-13 08:59:58.988872,Thermostat failure,1,LOW,0.9516251316069033,0.9516251316069033,2024-07-13 09:57:04.839346,1.0273354903101992,1.0621071565309108,1.0911403764166547
933,FCU_016,FCU,2024-09-23 14:36:29.867237,Filter blockage,1,LOW,1.1764061690335248,1.1764061690335248,2024-09-23 15:47:04.929446,1.2160913176342039,1.1258050032725924,1.369081689828946
933,FCU_039,FCU,2024-12-07 15:18:30.676655,Thermostat failure,1,LOW,2.388511409056501,2.388511409056501,2024-12-07 17:41:49.317728,1.0909278220059504,1.0394013090668195,1.133911806290399
934,FCU_038,FCU,2024-03-12 19:04:36.330122,Fan motor failure,2,MEDIUM,2.718224874640179,2.718224874640179,2024-03-12 21:47:41.939671,1.1008212445588346,0.9695630219884376,1.0673155725435366
934,HWP_001,HW_Pump,2024-08-29 06:21:18.284490,Bearing wear,3,HIGH,5.0205660830513095,5.0205660830513095,2024-08-29 11:22:32.322389,0.8558199907087679,0.9616891597963376,0.8230328078016245
934,FCU_014,FCU,2025-05-11 22:31:23.346781,Coil fouling,1,LOW,3.0111010495838526,3.0111010495838526,2025-05-12 01:32:03.310560,0.8861333611701081,1.079494862894787,0.9565764112228226
935,HP_002,HeatPump,2023-09-23 12:04:29.744010,Control valve failure,3,HIGH,3.6627643610765768,3.6627643610765768,2023-09-23 15:44:15.695710,0.8280458846909539,0.9247022338158559,0.7656958792757517
935,FCU_023,FCU,2024-10-31 06:02:35.265536,Fan motor failure,2,MEDIUM,3.5456242531025204,3.5456242531025204,2024-10-31 09:35:19.512847,0.8553493057084404,0.942756947770013,0.806386500726889
935,FCU_048,FCU,2024-11-07 17:37:13.724021,Valve actuator,2,MEDIUM,3.068825064907409,3.068825064907409,2024-11-07 20:41:21.494255,0.9790257744066747,1.0872949698043235,1.0644897998211598
935,FCU_020,FCU,2025-02-25 17:10:50.446717,Fan motor failure,2,MEDIUM,4.087113838976827,4.087113838976827,2025-02-25 21:16:04.056537,0.9656005842220253,1.0554656822181203,1.0191582793761156
935,FCU_046,FCU,2025-05-26 03:35:28.334914,Coil fouling,1,LOW,1.2084432481379206,1.2084432481379206,2025-05-26 04:47:58.730607,1.1070761153713278,1.0058774194716404,1.1135828660883993
936,FCU_024,FCU,2024-01-30 17:05:00.663002,Filter blockage,1,LOW,1.0140859539452562,1.0140859539452562,2024-01-30 18:05:51.372436,1.0411305981302543,0.9877122262053354,1.0283374208497258
936,FCU_026,FCU,2024-05-25 02:05:55.926826,Coil fouling,1,LOW,1.6649133342734252,1.6649133342734252,2024-05-25 03:45:49.614829,0.8360710176867745,1.0226983057003944,0.8550484132334688
936,FCU_043,FCU,2024-12-30 07:26:28.488018,Fan motor failure,2,MEDIUM,2.303939217954734,2.303939217954734,2024-12-30 09:44:42.669203,1.0890471481162118,0.9816013935731249,1.069010198257711
936,FCU_040,FCU,2025-03-19 00:33:34.265593,Fan motor failure,2,MEDIUM,2.6867611711529427,2.6867611711529427,2025-03-19 03:14:46.605809,1.0103093275653872,1.0222528845450776,1.0327916243865147
937,FCU_014,FCU,2024-09-18 09:36:03.973332,Filter blockage,1,LOW,0.8840741289793657,0.8840741289793657,2024-09-18 10:29:06.640196,0.9173335750729731,0.9883992625762732,0.9066918291385829
937,FCU_022,FCU,2024-12-27 22:38:30.024330,Coil fouling,1,LOW,2.6186036705539073,2.6186036705539073,2024-12-28 01:15:36.997544,1.0657535647281267,1.1272051311628193,1.2013228867166101
938,FCU_005,FCU,2024-09-03 19:45:03.669267,Valve actuator,2,MEDIUM,3.177642379972204,3.177642379972204,2024-09-03 22:55:43.181835,1.1886253473334072,1.1019150840976948,1.309764199567543
938,CHWP_003,CHW_Pump,2025-03-07 22:54:25.795419,Bearing wear,3,HIGH,7.781215615464384,7.781215615464384,2025-03-08 06:41:18.171635,1.2277527960951329,1.0122781598485386,1.2428273411800792
938,FCU_046,FCU,2025-03-29 01:56:19.457782,Filter blockage,1,LOW,0.8885574763022469,0.8885574763022469,2025-03-29 02:49:38.264697,0.9209303043656069,1.130451257399144,1.0410668205470768
938,FCU_031,FCU,2025-05-12 15:13:20.415255,Coil fouling,1,LOW,2.5162500915056762,2.5162500915056762,2025-05-12 17:44:18.915584,1.1434929992797769,1.1197389992346385,1.2804137066453525
939,CHWP_003,CHW_Pump,2024-02-27 00:59:56.671714,Impeller damage,4,CRITICAL,8.61471132871321,8.61471132871321,2024-02-27 09:36:49.632497,0.9410359301049297,0.9234982613689164,0.8690450453375838
939,HP_001,HeatPump,2024-11-09 07:09:59.023724,Compressor degradation,4,CRITICAL,13.065316840050027,13.065316840050027,2024-11-09 20:13:54.164348,1.0251275117871923,0.9012710510344688,0.9239177499927926
939,FCU_037,FCU,2024-12-25 07:02:17.272063,Fan motor failure,2,MEDIUM,3.990269241755198,3.990269241755198,2024-12-25 11:01:42.241333,0.9766107449997808,0.9353618929932621,0.913484475160555
939,FCU_012,FCU,2025-04-22 21:25:56.925727,Filter blockage,1,LOW,0.8145620497114522,0.8145620497114522,2025-04-22 22:14:49.349106,0.9511009475565428,1.0416513143523294,0.9907155521040187
940,FCU_028,FCU,2024-01-20 17:48:10.491731,Fan motor failure,2,MEDIUM,3.574162769695774,3.574162769695774,2024-01-20 21:22:37.477702,0.9534657864801518,1.0571427824229083,1.0079494744646742
940,FCU_026,FCU,2024-01-21 18:00:47.069603,Thermostat failure,1,LOW,1.8860575129599235,1.8860575129599235,2024-01-21 19:53:56.876650,1.1307344513981838,1.0364768999742786,1.1719801388793063
940,FCU_024,FCU,2025-01-22 23:22:14.511183,Valve actuator,2,MEDIUM,3.100791516295284,3.100791516295284,2025-01-23 02:28:17.360642,1.1979453664944106,1.1395986094154806,1.3651768738127488
940,FCU_044,FCU,2025-01-28 01:54:04.505243,Fan motor failure,2,MEDIUM,4.0366758011228585,4.0366758011228585,2025-01-28 05:56:16.538127,1.014615250320778,1.038090914024562,1.053262872588756
940,FCU_032,FCU,2025-04-24 07:26:26.086811,Fan motor failure,2,MEDIUM,3.4208335588165393,3.4208335588165393,2025-04-24 10:51:41.087623,0.9330823783976452,0.9702217228190971,0.905296792701104
940,FCU_046,FCU,2025-05-17 17:17:25.794134,Filter blockage,1,LOW,0.8668018701332613,0.8668018701332613,2025-05-17 18:09:26.280866,0.9965810278732863,1.084845059025875,1.0811360040072624
941,FCU_012,FCU,2025-01-17 19:25:52.751043,Coil fouling,1,LOW,2.96296697502842,2.96296697502842,2025-01-17 22:23:39.432153,1.1403956838221552,0.9375526857832162,1.069181036223049
942,FCU_035,FCU,2024-05-15 13:51:35.405331,Thermostat failure,1,LOW,2.496131318697116,2.496131318697116,2024-05-15 16:21:21.478078,0.9332404373579186,0.9082345684159825,0.847601225852112
942,FCU_048,FCU,2024-08-21 16:17:06.489450,Thermostat failure,1,LOW,2.63585147922474,2.63585147922474,2024-08-21 18:55:15.554775,1.1114031875398487,0.9423402840850768,1.0473199954793608
942,FCU_045,FCU,2024-09-01 22:55:03.053254,Fan motor failure,2,MEDIUM,3.107511151078763,3.107511151078763,2024-09-02 02:01:30.093398,0.964717218718215,1.0774231270438985,1.0394086425044717
942,FCU_011,FCU,2025-02-14 18:49:26.482977,Fan motor failure,2,MEDIUM,3.2577128882150856,3.2577128882150856,2025-02-14 22:04:54.249375,0.9293334316816344,1.0956147864371872,1.0181914492808122
942,FCU_010,FCU,2025-04-14 05:51:57.799455,Filter blockage,1,LOW,0.9951588836392234,0.9951588836392234,2025-04-14 06:51:40.371436,0.9075031401737832,0.9843418402710732,0.8932933110504394
942,FCU_024,FCU,2025-05-14 15:48:10.208611,Fan motor failure,2,MEDIUM,2.82243021181282,2.82243021181282,2025-05-14 18:37:30.957374,1.1289113689618777,1.1467692784797072,1.294600876051951
943,FCU_037,FCU,2023-11-10 06:03:43.998704,Valve actuator,2,MEDIUM,2.2631920423379746,2.2631920423379746,2023-11-10 08:19:31.490056,1.0186389608610524,0.9841438802201355,1.002487299485203
943,FCU_002,FCU,2023-11-16 03:35:56.500112,Fan motor failure,2,MEDIUM,2.9113081796045748,2.9113081796045748,2023-11-16 06:30:37.209559,1.032144714051411,1.1328133191072307,1.1692272793235625
943,FCU_031,FCU,2024-12-09 15:22:49.935643,Coil fouling,1,LOW,2.2037026656442253,2.2037026656442253,2024-12-09 17:35:03.265239,1.0544388505878253,1.0027107790115097,1.0572972012929192
943,FCU_001,FCU,2025-01-20 00:00:45.403077,Valve actuator,2,MEDIUM,3.8038549267315456,3.8038549267315456,2025-01-20 03:48:59.280813,1.0291154248459997,0.911569045651881,0.938109765692498
944,FCU_047,FCU,2024-04-04 14:13:53.788443,Coil fouling,1,LOW,2.3139091513803844,2.3139091513803844,2024-04-04 16:32:43.861388,1.0569703836115276,0.9617682000430159,1.0165605033448348
944,FCU_008,FCU,2024-12-04 10:37:18.160899,Fan motor failure,2,MEDIUM,3.2726202821787926,3.2726202821787926,2024-12-04 13:53:39.593915,1.1092776530987871,0.9829933453111968,1.09041255109853
944,HP_001,HeatPump,2025-05-24 16:49:27.602304,Heat exchanger fouling,2,MEDIUM,2.784315800919445,2.784315800919445,2025-05-24 19:36:31.139187,1.0566919094243346,0.9803760623945624,1.0359554533256208
945,FCU_004,FCU,2024-03-31 20:42:13.718462,Valve actuator,2,MEDIUM,3.9514004430209884,3.9514004430209884,2024-04-01 00:39:18.760057,1.0556953990183549,1.0238399591574763,1.080863134213688
945,FCU_032,FCU,2024-07-30 13:24:55.544973,Coil fouling,1,LOW,2.6765077770272585,2.6765077770272585,2024-07-30 16:05:30.972970,1.02648564349969,0.9065780151483561,0.9305893172622322
945,FCU_031,FCU,2025-01-01 23:36:28.905203,Filter blockage,1,LOW,1.554845674117031,1.554845674117031,2025-01-02 01:09:46.349630,1.2388814704817943,0.9306467750977934,1.152961045232294
945,HP_002,HeatPump,2025-05-17 10:10:05.635137,Heat exchanger fouling,2,MEDIUM,4.249825435970889,4.249825435970889,2025-05-17 14:25:05.006706,1.0061791614185929,1.0635624845376483,1.0701344088083662
946,HP_001,HeatPump,2023-11-21 01:00:56.125139,Refrigerant leak,3,HIGH,5.120127718356149,5.120127718356149,2023-11-21 06:08:08.584925,1.0755523368786255,1.0641318799339488,1.1445295302100036
946,FCU_041,FCU,2024-09-27 13:24:15.925976,Filter blockage,1,LOW,0.5394485472959092,0.5394485472959092,2024-09-27 13:56:37.940746,0.845560188765269,0.9762950298252815,0.8255162097096589
946,FCU_030,FCU,2025-02-01 22:34:45.535785,Coil fouling,1,LOW,2.6854959941804166,2.6854959941804166,2025-02-02 01:15:53.321364,0.9852502450475109,0.9550342666747114,0.9409477452700292
946,FCU_021,FCU,2025-02-02 21:51:14.934927,Fan motor failure,2,MEDIUM,2.993490001887985,2.993490001887985,2025-02-03 00:50:51.498934,0.9557263437145586,1.0616801607720479,1.014675698248954
946,FCU_040,FCU,2025-02-13 08:15:51.236828,Coil fouling,1,LOW,2.017225500216237,2.017225500216237,2025-02-13 10:16:53.248629,0.9143149374500124,1.1095574209998371,1.014484923978663
948,HP_001,HeatPump,2023-08-08 13:03:06.583979,Sensor malfunction,1,LOW,1.55678351073761,1.55678351073761,2023-08-08 14:36:31.004618,1.007761289408833,0.9463184698979634,0.9536631214157656
948,FCU_020,FCU,2025-01-12 20:51:41.129650,Valve actuator,2,MEDIUM,3.3998642341734464,3.3998642341734464,2025-01-13 00:15:40.640893,1.19235629301847,1.1480222997014269,1.3688516135745323
949,FCU_010,FCU,2024-05-25 18:58:49.479020,Filter blockage,1,LOW,1.1972035714416678,1.1972035714416678,2024-05-25 20:10:39.411877,1.114401800913726,0.969164376349779,1.0800385263856218
949,FCU_036,FCU,2024-10-13 18:56:39.217717,Fan motor failure,2,MEDIUM,3.7454528006274055,3.7454528006274055,2024-10-13 22:41:22.847799,1.055498207836078,1.0660563189422068,1.1252205340958255
949,FCU_025,FCU,2025-04-03 10:08:27.673817,Thermostat failure,1,LOW,2.8113650136525643,2.8113650136525643,2025-04-03 12:57:08.587866,0.8439052625188038,1.0846892745385515,0.9153749869807871
949,FCU_046,FCU,2025-05-25 03:01:35.566777,Coil fouling,1,LOW,2.14788230522614,2.14788230522614,2025-05-25 05:10:27.943076,0.8699226736575765,1.0333511208736401,0.8989355698974505
950,FCU_045,FCU,2024-11-12 21:43:44.830889,Thermostat failure,1,LOW,2.5371210387861884,2.5371210387861884,2024-11-13 00:15:58.466629,0.9851989358978468,0.9352968153951526,0.9214534272759493
950,CT_001,CoolingTower,2024-11-22 00:30:32.870444,Fan motor failure,4,CRITICAL,5.899557660324672,5.899557660324672,2024-11-22 06:24:31.278021,1.2831395198672317,0.9728850103483669,1.2483472050644304
950,FCU_016,FCU,2025-03-03 20:24:57.293754,Thermostat failure,1,LOW,1.277554651121538,1.277554651121538,2025-03-03 21:41:36.490498,1.1449704385262263,1.1187454197504376,1.2809304338508656
950,FCU_048,FCU,2025-03-05 13:02:05.797086,Valve actuator,2,MEDIUM,4.133041430600681,4.133041430600681,2025-03-05 17:10:04.746236,1.0732155017861817,0.922522471620043,0.990065417288733
951,FCU_013,FCU,2024-08-26 06:57:04.999904,Fan motor failure,2,MEDIUM,5.048134659061997,5.048134659061997,2024-08-26 11:59:58.284677,1.1622927345888996,1.0523074333469338,1.2230892843330339
952,HP_002,HeatPump,2023-05-21 02:17:20.239426,Compressor degradation,4,CRITICAL,11.219418158380844,11.219418158380844,2023-05-21 13:30:30.144796,0.8903057688719731,1.1057227120695285,0.984431309328265
952,HP_001,HeatPump,2023-08-03 18:22:50.665230,Heat exchanger fouling,2,MEDIUM,4.713624588742935,4.713624588742935,2023-08-03 23:05:39.713749,1.0276104765596918,0.9274724942450022,0.9530804518071128
952,HWP_002,HW_Pump,2024-04-22 23:39:20.373256,Bearing wear,3,HIGH,7.63294501584344,7.63294501584344,2024-04-23 07:17:18.975313,1.2256254275639762,1.1458680020962824,1.4044049600011352
952,FCU_021,FCU,2024-07-17 00:48:15.913802,Valve actuator,2,MEDIUM,2.288242435878345,2.288242435878345,2024-07-17 03:05:33.586571,0.8,0.9669934138392791,0.7735947310714233
952,HP_002,HeatPump,2025-02-07 07:31:05.305423,Refrigerant leak,3,HIGH,3.6056681227584804,3.6056681227584804,2025-02-07 11:07:25.710665,0.9709484122637274,0.9380083331098612,0.9107577017231653
952,FCU_020,FCU,2025-05-02 19:27:29.135028,Coil fouling,1,LOW,1.9642773149727046,1.9642773149727046,2025-05-02 21:25:20.533362,0.9862797308259713,0.9547738072934897,0.9416740536571109
953,FCU_030,FCU,2025-01-06 16:32:24.123276,Fan motor failure,2,MEDIUM,3.3704828486332086,3.3704828486332086,2025-01-06 19:54:37.861531,1.0981493846195878,0.9613319745053677,1.0556861162182027
953,FCU_028,FCU,2025-04-15 01:28:27.353071,Filter blockage,1,LOW,1.2808239392184286,1.2808239392184286,2025-04-15 02:45:18.319252,0.9240874656662489,0.951153978314279,0.8789494692788122
953,HP_002,HeatPump,2025-05-11 04:14:15.221108,Control valve failure,3,HIGH,3.9105822678108315,3.9105822678108315,2025-05-11 08:08:53.317272,1.0377192502561896,1.146044090586109,1.1892720144435536
953,FCU_033,FCU,2025-05-17 01:16:31.088936,Coil fouling,1,LOW,1.7106990284460655,1.7106990284460655,2025-05-17 02:59:09.605438,0.8525436740674236,1.0054944719316357,0.8572279513550806
954,FCU_025,FCU,2024-08-02 16:57:06.398399,Fan motor failure,2,MEDIUM,5.13313553337473,5.13313553337473,2024-08-02 22:05:05.686319,1.059505490709705,1.0505611714367509,1.1130753294636573
954,FCU_008,FCU,2024-10-17 22:38:36.890403,Valve actuator,2,MEDIUM,2.0240169115011306,2.0240169115011306,2024-10-18 00:40:03.351284,1.0674961905138765,0.9921585231270834,1.0591254438240354
954,HWP_002,HW_Pump,2024-10-18 17:30:53.173980,Bearing wear,3,HIGH,10.408548666111912,10.408548666111912,2024-10-19 03:55:23.949178,0.8410978307487257,1.0505305515848158,0.8835989680732508
954,FCU_006,FCU,2024-10-23 21:53:21.655762,Fan motor failure,2,MEDIUM,4.418829542748628,4.418829542748628,2024-10-24 02:18:29.442116,1.026224851709886,0.9149703666551989,0.9389653288396715
954,FCU_024,FCU,2025-02-17 04:18:31.457946,Valve actuator,2,MEDIUM,2.465104222807155,2.465104222807155,2025-02-17 06:46:25.833148,0.8839643813222097,1.1140534404103706,0.9847835602122325
954,FCU_044,FCU,2025-02-25 20:04:01.872806,Filter blockage,1,LOW,0.7607458127703801,0.7607458127703801,2025-02-25 20:49:40.557732,1.0777604392857019,1.0774223415453714,1.161203176120169
954,FCU_038,FCU,2025-04-26 18:35:28.084475,Coil fouling,1,LOW,1.7971857807248734,1.7971857807248734,2025-04-26 20:23:17.953286,1.0205651894991659,1.1228925520141566,1.1459850501335298
954,FCU_034,FCU,2025-05-17 01:25:27.073749,Filter blockage,1,LOW,0.9706185347810583,0.9706185347810583,2025-05-17 02:23:41.300474,0.9189822423297574,0.9335470651893907,0.8579131752881105
955,FCU_043,FCU,2024-03-26 09:42:43.941631,Fan motor failure,2,MEDIUM,2.985776672253685,2.985776672253685,2024-03-26 12:41:52.737651,0.9113140645053597,1.0314191494713514,0.9399467773133984
955,FCU_026,FCU,2025-03-18 01:38:17.042808,Thermostat failure,1,LOW,2.2268182332226716,2.2268182332226716,2025-03-18 03:51:53.588448,1.0152493889177665,1.063103375507203,1.0793150523401027
955,FCU_022,FCU,2025-03-24 15:42:37.681484,Valve actuator,2,MEDIUM,3.3992295856424106,3.3992295856424106,2025-03-24 19:06:34.907992,0.9995097431281329,1.0542530211652634,1.0537361663769504
955,CT_001,CoolingTower,2025-05-27 20:37:45.937185,Fill media degradation,2,MEDIUM,8.309860215655373,8.309860215655373,2025-05-28 04:56:21.433961,0.979922648499636,0.9452342154502034,0.9262564158564388
956,FCU_028,FCU,2023-07-15 01:49:43.952016,Fan motor failure,2,MEDIUM,4.05248191487943,4.05248191487943,2023-07-15 05:52:52.886910,0.9278708158239553,0.9915257850568755,0.9200078390912108
956,FCU_027,FCU,2024-12-08 03:08:49.925176,Thermostat failure,1,LOW,2.441507887885502,2.441507887885502,2024-12-08 05:35:19.353572,0.8,1.1318767835123007,0.9055014268098406
956,CHWP_001,CHW_Pump,2025-01-05 16:00:59.526896,Impeller damage,4,CRITICAL,8.441751703703455,8.441751703703455,2025-01-06 00:27:29.833029,1.045557891963616,1.0641616019531166,1.1126425612467252
957,FCU_026,FCU,2023-10-09 22:15:49.039591,Fan motor failure,2,MEDIUM,4.306941072929497,4.306941072929497,2023-10-10 02:34:14.027454,0.9605629208496257,0.9134297344459625,0.8774067337103117
957,HWP_001,HW_Pump,2023-12-22 10:02:56.730604,Impeller damage,4,CRITICAL,15.10039571386983,15.10039571386983,2023-12-23 01:08:58.155174,0.9228796207766155,0.9402154475625708,0.8677056756948611
957,CHWP_002,CHW_Pump,2024-08-18 16:01:49.959687,Seal leakage,2,MEDIUM,3.815791342626118,3.815791342626118,2024-08-18 19:50:46.808520,1.0029569958117681,0.9333799796397014,0.9361399803302842
957,FCU_010,FCU,2025-01-15 22:01:36.015710,Fan motor failure,2,MEDIUM,3.998102417513577,3.998102417513577,2025-01-16 02:01:29.184413,0.8659054472351922,1.0132228685688727,0.8773552011570541
958,FCU_036,FCU,2025-02-18 17:37:33.718394,Coil fouling,1,LOW,2.1759723125344106,2.1759723125344106,2025-02-18 19:48:07.218719,0.8986374174636448,1.0246111075884383,0.920753879627839
959,HWP_001,HW_Pump,2023-11-08 21:13:43.561461,Seal leakage,2,MEDIUM,5.118411935593888,5.118411935593888,2023-11-09 02:20:49.844429,1.1455622862383916,1.1424554474351605,1.308753874289327
959,FCU_009,FCU,2024-02-09 13:47:13.534101,Coil fouling,1,LOW,1.3625940674571466,1.3625940674571466,2024-02-09 15:08:58.872744,1.111040348237447,0.9507580725978524,1.0563305800686817
959,FCU_049,FCU,2024-07-28 17:33:10.630704,Coil fouling,1,LOW,1.9579202254602497,1.9579202254602497,2024-07-28 19:30:39.143516,0.960477532407911,1.0078809681695176,0.9680470252683545
960,FCU_030,FCU,2023-11-05 02:47:32.082537,Coil fouling,1,LOW,2.149945713513819,2.149945713513819,2023-11-05 04:56:31.887106,1.2252051884011101,0.9772052170758591,1.1972769020939755
960,FCU_050,FCU,2024-04-26 06:06:39.259341,Valve actuator,2,MEDIUM,1.542141032520609,1.542141032520609,2024-04-26 07:39:10.967058,1.1718271095395387,1.0247666969742957,1.2008493964677693
960,FCU_018,FCU,2024-06-19 22:34:39.725375,Coil fouling,1,LOW,2.0144375607876213,2.0144375607876213,2024-06-20 00:35:31.700594,0.9998360053109989,0.9030504857503526,0.9029023902667898
960,CHWP_002,CHW_Pump,2024-10-15 04:02:34.920938,Bearing wear,3,HIGH,6.841916757477238,6.841916757477238,2024-10-15 10:53:05.821265,1.091009444558146,1.075523646367623,1.1734064560326922
960,FCU_043,FCU,2025-02-05 23:31:16.157704,Fan motor failure,2,MEDIUM,3.66312299639376,3.66312299639376,2025-02-06 03:11:03.400491,0.8711332054983951,1.1081117986923088,0.9653129832454233
961,FCU_026,FCU,2024-01-31 15:21:34.724880,Fan motor failure,2,MEDIUM,5.124120327113879,5.124120327113879,2024-01-31 20:29:01.558058,0.97941843618319,0.9720968398898036,0.9520895667434922
961,FCU_032,FCU,2024-06-11 17:47:32.124049,Thermostat failure,1,LOW,2.6354743531401374,2.6354743531401374,2024-06-11 20:25:39.831720,0.9012790896202807,0.9670761346924941,0.871605498269151
961,FCU_010,FCU,2024-07-14 18:34:15.341007,Filter blockage,1,LOW,1.17357060697697,1.17357060697697,2024-07-14 19:44:40.195192,1.0129541931532826,1.1323164531890193,1.1469846992342698
961,CHWP_002,CHW_Pump,2024-12-22 04:14:07.748174,Seal leakage,2,MEDIUM,3.6491135198133957,3.6491135198133957,2024-12-22 07:53:04.556845,0.8317295527964064,1.0304115320058507,0.8570237227114862
961,FCU_023,FCU,2025-04-30 14:43:50.925114,Coil fouling,1,LOW,2.788434213866544,2.788434213866544,2025-04-30 17:31:09.288284,1.1570477922493345,1.1223943388876527,1.29866389184311
961,FCU_046,FCU,2025-05-12 02:31:45.831558,Fan motor failure,2,MEDIUM,6.431750795316845,6.431750795316845,2025-05-12 08:57:40.134421,1.0598459353868637,1.148554914046442,1.2172912572207302
962,FCU_003,FCU,2024-05-15 01:45:47.213170,Filter blockage,1,LOW,0.6991003141376033,0.6991003141376033,2024-05-15 02:27:43.974301,1.0440276166491163,1.0375075122980766,1.0831864953201145
962,CT_001,CoolingTower,2024-07-25 09:58:46.017783,Fill media degradation,2,MEDIUM,8.100503638649236,8.100503638649236,2024-07-25 18:04:47.830882,1.0385707572842218,1.0306303122658151,1.0703825038899817
962,FCU_040,FCU,2025-01-06 04:13:47.850415,Fan motor failure,2,MEDIUM,2.7973698088542824,2.7973698088542824,2025-01-06 07:01:38.381727,0.9893341214235329,1.1436257103022067,1.1314279373391976
962,FCU_043,FCU,2025-03-05 17:09:10.110963,Coil fouling,1,LOW,3.2149124106261184,3.2149124106261184,2025-03-05 20:22:03.795641,1.0324124643601478,0.9795772904894193,1.0113278045054177
962,FCU_016,FCU,2025-03-05 21:30:00.914038,Valve actuator,2,MEDIUM,4.193682975731716,4.193682975731716,2025-03-06 01:41:38.172751,0.9380083315315043,0.9924763288498647,0.9309510653089742
962,FCU_015,FCU,2025-03-11 17:03:05.897399,Fan motor failure,2,MEDIUM,3.672197713579219,3.672197713579219,2025-03-11 20:43:25.809168,0.997242292911525,1.110157654651701,1.1070961650181432
962,HWP_001,HW_Pump,2025-04-22 05:51:28.120380,Motor overheating,3,HIGH,4.466941688139396,4.466941688139396,2025-04-22 10:19:29.110457,1.0658805909471027,0.9207093038669,0.9813661768961469
963,FCU_029,FCU,2024-05-28 06:24:23.764570,Filter blockage,1,LOW,0.919106202250749,0.919106202250749,2024-05-28 07:19:32.546898,0.8678233982328918,0.9277733935203357,0.8051434591548797
963,CHWP_003,CHW_Pump,2024-07-28 12:40:37.025918,Bearing wear,3,HIGH,8.448256876037796,8.448256876037796,2024-07-28 21:07:30.750672,0.9346067317622133,1.0142867157238986,0.947959192452542
963,FCU_028,FCU,2025-02-09 15:32:45.506936,Fan motor failure,2,MEDIUM,4.853054432159203,4.853054432159203,2025-02-09 20:23:56.502892,1.004867773628927,1.0598978482408494,1.0650571910358728
963,FCU_026,FCU,2025-03-13 14:25:06.521644,Fan motor failure,2,MEDIUM,2.664485277689484,2.664485277689484,2025-03-13 17:04:58.668644,1.051530101249964,1.124469290093921,1.182413306464936
963,FCU_020,FCU,2025-03-13 21:10:16.586846,Coil fouling,1,LOW,2.115099946054072,2.115099946054072,2025-03-13 23:17:10.946652,0.9168344198200609,1.0612603881357854,0.9730000522344854
964,FCU_047,FCU,2024-07-23 08:05:48.614421,Filter blockage,1,LOW,0.6348884034767186,0.6348884034767186,2024-07-23 08:43:54.212674,0.972216813821914,1.0433897295101566,1.0144010383988733
964,FCU_029,FCU,2024-12-17 18:17:39.798694,Fan motor failure,2,MEDIUM,3.8689857572980353,3.8689857572980353,2024-12-17 22:09:48.147420,0.9127125222460267,1.133030204594935,1.0341308558167748
964,FCU_018,FCU,2025-03-29 16:44:42.736573,Fan motor failure,2,MEDIUM,4.06030992086392,4.06030992086392,2025-03-29 20:48:19.852288,0.9657798567354825,0.9055103584042739,0.874523664212175
965,HP_001,HeatPump,2023-11-03 10:36:41.273575,Control valve failure,3,HIGH,4.276053140254027,4.276053140254027,2023-11-03 14:53:15.064880,0.8594069187525135,1.0253436637334779,0.8811874387116015
965,FCU_022,FCU,2024-09-05 20:10:47.364114,Valve actuator,2,MEDIUM,2.247695307091725,2.247695307091725,2024-09-05 22:25:39.067220,1.0789221381302674,1.1288981415184018,1.2179931965783193
965,FCU_009,FCU,2025-04-26 11:22:55.513718,Fan motor failure,2,MEDIUM,4.9348970661348694,4.9348970661348694,2025-04-26 16:19:01.143156,0.9229143842425344,1.1406843325907452,1.052753978428094
965,FCU_044,FCU,2025-05-21 19:42:44.018018,Fan motor failure,2,MEDIUM,3.354723764806257,3.354723764806257,2025-05-21 23:04:01.023571,1.0136797253118928,0.9680978667434827,0.981341179635563
966,CT_001,CoolingTower,2023-03-23 15:49:47.771898,Water distribution system,3,HIGH,5.563598272370856,5.563598272370856,2023-03-23 21:23:36.725679,0.8783284692900307,1.1219479453463816,0.9854388214591825
966,FCU_013,FCU,2024-01-07 15:25:21.436429,Valve actuator,2,MEDIUM,3.4491012150632505,3.4491012150632505,2024-01-07 18:52:18.200803,0.9915525075873532,1.0619580175989702,1.0529871353027536
966,FCU_016,FCU,2024-02-16 06:33:45.973511,Thermostat failure,1,LOW,1.8953201916111884,1.8953201916111884,2024-02-16 08:27:29.126201,1.0688522385101817,1.0602913954399762,1.133294831489103
966,FCU_019,FCU,2024-09-27 07:44:47.328361,Thermostat failure,1,LOW,1.9746533703079683,1.9746533703079683,2024-09-27 09:43:16.080494,1.0182410393800836,0.9771131916495299,0.9949367518572082
966,FCU_009,FCU,2025-01-21 02:04:43.337197,Fan motor failure,2,MEDIUM,3.6708591892881124,3.6708591892881124,2025-01-21 05:44:58.430278,1.0216391234018949,1.0235875197603153,1.0457370564130481
967,HP_001,HeatPump,2023-10-03 22:59:28.376442,Heat exchanger fouling,2,MEDIUM,3.5582076350397034,3.5582076350397034,2023-10-04 02:32:57.923928,1.1374704591771476,0.9970812210212353,1.1341504343119355
967,HWP_002,HW_Pump,2025-02-24 00:10:09.189942,Bearing wear,3,HIGH,10.849739841756394,10.849739841756394,2025-02-24 11:01:08.253372,1.0433168087763551,1.1496629555801055,1.1994626859842281
967,FCU_006,FCU,2025-03-09 16:11:41.260158,Fan motor failure,2,MEDIUM,2.511440193023287,2.511440193023287,2025-03-09 18:42:22.444853,0.9428824497556663,1.132246534330855,1.0675753860172397
967,FCU_002,FCU,2025-03-12 23:27:28.895558,Coil fouling,1,LOW,2.3979915157598617,2.3979915157598617,2025-03-13 01:51:21.665015,1.0104988707309692,0.9020334346452519,0.9115037670706045
967,HP_001,HeatPump,2025-03-31 14:20:56.359424,Sensor malfunction,1,LOW,1.8303470776616555,1.8303470776616555,2025-03-31 16:10:45.608904,0.987601675568659,1.0700057463555905,1.0567394679688746
967,FCU_040,FCU,2025-05-17 18:53:29.089032,Fan motor failure,2,MEDIUM,5.013069198839384,5.013069198839384,2025-05-17 23:54:16.138148,1.0220842692738024,1.0906506376803573,1.1147368600465346
968,FCU_043,FCU,2025-05-10 01:27:25.748506,Fan motor failure,2,MEDIUM,2.759903639874471,2.759903639874471,2025-05-10 04:13:01.401610,1.0642153573968731,1.0485177777471693,1.1158487215821788
968,FCU_020,FCU,2025-05-18 18:29:19.072572,Thermostat failure,1,LOW,1.5800836831084757,1.5800836831084757,2025-05-18 20:04:07.373831,0.8,1.0507661763172118,0.8406129410537695
969,FCU_015,FCU,2024-01-31 19:03:38.589663,Coil fouling,1,LOW,1.5139092507342773,1.5139092507342773,2024-01-31 20:34:28.662966,1.007964224157163,1.108008995885886,1.1168334278972742
969,FCU_044,FCU,2024-06-17 17:32:28.541034,Fan motor failure,2,MEDIUM,3.0363733785897327,3.0363733785897327,2024-06-17 20:34:39.485197,0.9673028345367851,0.946189065525906,0.9152513650909208
969,FCU_039,FCU,2024-10-22 23:55:04.146971,Fan motor failure,2,MEDIUM,3.533400521251139,3.533400521251139,2024-10-23 03:27:04.388848,0.9824679887224481,1.0720468232918345,1.0532516862958183
969,FCU_032,FCU,2024-11-02 07:29:09.601111,Coil fouling,1,LOW,2.301059820233854,2.301059820233854,2024-11-02 09:47:13.416464,0.9954782028382623,1.061923015392558,1.057121214915572
969,FCU_048,FCU,2024-12-23 13:08:20.555047,Coil fouling,1,LOW,2.3202141531561145,2.3202141531561145,2024-12-23 15:27:33.325998,0.8942609261489212,0.9278762586165313,0.8297634823820152
970,FCU_038,FCU,2023-06-20 22:47:13.895542,Filter blockage,1,LOW,0.7376892116566139,0.7376892116566139,2023-06-20 23:31:29.576704,0.9495348188057655,1.018791311499826,0.9673778233658754
970,FCU_039,FCU,2023-12-29 19:24:43.444081,Thermostat failure,1,LOW,2.0293506386115046,2.0293506386115046,2023-12-29 21:26:29.106380,0.9639237072591079,0.9030431883835223,0.8704647379617297
970,FCU_030,FCU,2024-10-14 07:27:21.317782,Fan motor failure,2,MEDIUM,5.694950214166097,5.694950214166097,2024-10-14 13:09:03.138553,1.1329790570135299,1.0270737994301817,1.1636531047617107
970,FCU_005,FCU,2025-03-19 01:04:03.830424,Filter blockage,1,LOW,1.0856155010879809,1.0856155010879809,2025-03-19 02:09:12.046228,1.094825257596925,1.0254855628317585,1.1227274954892077
971,FCU_028,FCU,2023-07-19 07:26:57.481995,Filter blockage,1,LOW,1.400904671940433,1.400904671940433,2023-07-19 08:51:00.738814,0.9384765288872584,1.103902333380201,1.035986430061196
971,HWP_002,HW_Pump,2023-12-06 07:44:50.820566,Bearing wear,3,HIGH,10.426300300519197,10.426300300519197,2023-12-06 18:10:25.501648,0.8389931620704131,0.9622405466075598,0.8073132388706392
971,FCU_013,FCU,2024-09-22 05:50:10.042167,Coil fouling,1,LOW,1.3263435694286607,1.3263435694286607,2024-09-22 07:09:44.879017,0.8768683658945013,1.018587874940552,0.8931674854190744
971,FCU_034,FCU,2024-10-27 05:19:46.151134,Filter blockage,1,LOW,1.0542893779257219,1.0542893779257219,2024-10-27 06:23:01.592895,1.010954976974677,1.1225714497505288,1.1348691941349758
971,CHWP_002,CHW_Pump,2024-11-02 12:38:44.826062,Impeller damage,4,CRITICAL,10.189452234970526,10.189452234970526,2024-11-02 22:50:06.854108,0.9867612709585605,1.0327562440227145,1.019083863942243
971,HWP_001,HW_Pump,2024-12-24 11:55:26.362087,Seal leakage,2,MEDIUM,3.8691424476416083,3.8691424476416083,2024-12-24 15:47:35.274899,0.9924532197051237,1.0461341859815116,1.0382392411209498
971,FCU_015,FCU,2025-04-10 05:00:18.724825,Fan motor failure,2,MEDIUM,3.093847102325042,3.093847102325042,2025-04-10 08:05:56.574393,0.8965438217976598,1.1208368507876048,1.0048793538167724
971,FCU_004,FCU,2025-05-05 22:59:39.511787,Coil fouling,1,LOW,2.0922394210016484,2.0922394210016484,2025-05-06 01:05:11.573703,1.0487271421770266,1.0132864115877167,1.0626609626312005
972,FCU_044,FCU,2023-08-23 11:00:21.272952,Coil fouling,1,LOW,2.4926549883978963,2.4926549883978963,2023-08-23 13:29:54.830910,1.04820275005267,0.9314128511916752,0.9763095120535122
972,FCU_037,FCU,2024-10-22 13:01:58.044045,Fan motor failure,2,MEDIUM,3.848285028000314,3.848285028000314,2024-10-22 16:52:51.870146,1.0434791370509497,1.1078147837588144,1.1559816145689321
972,FCU_034,FCU,2025-03-01 05:32:22.372314,Thermostat failure,1,LOW,1.9688482796450535,1.9688482796450535,2025-03-01 07:30:30.226121,1.059779405662729,1.1438192694185587,1.212196105529977
972,CHWP_002,CHW_Pump,2025-03-23 14:39:46.998063,Impeller damage,4,CRITICAL,10.541232232777011,10.541232232777011,2025-03-24 01:12:15.434101,1.093277336800388,0.9715229179998943,1.0621439884314663
973,FCU_026,FCU,2023-11-15 02:58:55.863228,Coil fouling,1,LOW,2.6938998239425174,2.6938998239425174,2023-11-15 05:40:33.902594,0.9768536440257296,0.9058520311812337,0.884884857607497
973,FCU_013,FCU,2024-01-09 09:51:57.649015,Valve actuator,2,MEDIUM,4.853522094259703,4.853522094259703,2024-01-09 14:43:10.328554,0.9998967761731046,1.1487100496401612,1.1485914753928441
973,FCU_009,FCU,2024-04-29 18:17:56.969456,Thermostat failure,1,LOW,2.568652146607869,2.568652146607869,2024-04-29 20:52:04.117184,0.9955373739555157,0.9102941174091944,0.9062318151727032
973,CT_001,CoolingTower,2025-03-11 05:38:29.680694,Fan motor failure,4,CRITICAL,8.22499920164849,8.22499920164849,2025-03-11 13:51:59.677820,0.9001742617321316,1.1494882165598739,1.0347397067115691
973,FCU_038,FCU,2025-03-26 02:00:30.134295,Thermostat failure,1,LOW,1.7778764610551185,1.7778764610551185,2025-03-26 03:47:10.489555,0.9533030500578498,0.974376398457478,0.9288759925538965
974,FCU_049,FCU,2024-10-23 14:30:46.347533,Fan motor failure,2,MEDIUM,4.559491676387362,4.559491676387362,2024-10-23 19:04:20.517568,0.9655951015969462,1.1459019920235003,1.1064773504080747
974,HP_002,HeatPump,2024-12-07 06:49:48.903543,Refrigerant leak,3,HIGH,11.939902704313102,11.939902704313102,2024-12-07 18:46:12.553279,0.8599903645199127,1.1253631840629852,0.9678014948796163
975,FCU_032,FCU,2025-02-07 19:35:21.266646,Fan motor failure,2,MEDIUM,4.5562770337625125,4.5562770337625125,2025-02-08 00:08:43.863968,0.8544713390323405,1.0756160886458317,0.9190831195499325
975,FCU_021,FCU,2025-05-21 08:54:51.749080,Valve actuator,2,MEDIUM,2.721485796875277,2.721485796875277,2025-05-21 11:38:09.097949,1.1603772063839615,0.9657375861167512,1.1206198822781461
975,FCU_047,FCU,2025-05-26 14:00:57.342924,Fan motor failure,2,MEDIUM,2.2170039767369873,2.2170039767369873,2025-05-26 16:13:58.557240,0.8059565437718582,1.0624648390249525,0.8563004895396744
976,FCU_045,FCU,2023-12-14 14:30:46.213484,Fan motor failure,2,MEDIUM,6.535310757263174,6.535310757263174,2023-12-14 21:02:53.332210,1.2055750377137917,1.0010607452905762,1.206853845757483
976,FCU_046,FCU,2024-04-17 14:01:13.368793,Fan motor failure,2,MEDIUM,4.567727212709567,4.567727212709567,2024-04-17 18:35:17.186759,0.95376533769061,0.902046388567692,0.86034057840486
976,CHWP_001,CHW_Pump,2024-10-18 17:59:10.852131,Seal leakage,2,MEDIUM,5.18649131925842,5.18649131925842,2024-10-18 23:10:22.220880,1.1227251490894663,0.9372418129090649,1.0522649541312117
976,FCU_049,FCU,2025-01-23 06:33:00.038781,Valve actuator,2,MEDIUM,4.279467482023133,4.279467482023133,2025-01-23 10:49:46.121716,1.0091771618465466,0.9922186825348487,1.0013244339716383
976,HP_001,HeatPump,2025-04-07 07:31:03.772791,Control valve failure,3,HIGH,2.8896037685247666,2.8896037685247666,2025-04-07 10:24:26.346358,1.0288971950702004,1.0469180694554767,1.0771710651310493
976,FCU_038,FCU,2025-05-07 16:24:53.220775,Thermostat failure,1,LOW,1.908892905136963,1.908892905136963,2025-05-07 18:19:25.235233,1.0374881312481723,1.0850815729676766,1.125759253390062
976,FCU_015,FCU,2025-05-08 10:25:16.042966,Filter blockage,1,LOW,0.6124303180875441,0.6124303180875441,2025-05-08 11:02:00.792111,0.87375923994286,1.1019136255853381,0.9628072119741262
977,FCU_028,FCU,2025-01-19 03:47:13.547689,Valve actuator,2,MEDIUM,1.854401368829428,1.854401368829428,2025-01-19 05:38:29.392617,1.1010289906235236,1.113136244363876,1.225595275558418
977,HP_001,HeatPump,2025-04-04 01:15:06.989029,Heat exchanger fouling,2,MEDIUM,2.2493722491216146,2.2493722491216146,2025-04-04 03:30:04.729126,0.9131063542490123,0.9344305146322028,0.8532344405148391
978,FCU_018,FCU,2024-07-28 02:54:55.807579,Fan motor failure,2,MEDIUM,2.967528128581547,2.967528128581547,2024-07-28 05:52:58.908842,1.0010927941174623,0.9043976326409109,0.9053859530537077
978,FCU_007,FCU,2024-08-03 20:43:20.716649,Coil fouling,1,LOW,2.1747708757821638,2.1747708757821638,2024-08-03 22:53:49.891802,1.1752852322413343,1.0897887223190041,1.2808125916046778
978,FCU_046,FCU,2025-01-19 15:50:38.833060,Fan motor failure,2,MEDIUM,3.293437566435481,3.293437566435481,2025-01-19 19:08:15.208299,0.9201870212163128,1.0112595547829586,0.9305479173922654
978,FCU_010,FCU,2025-02-22 13:05:38.943419,Coil fouling,1,LOW,1.9138625013766617,1.9138625013766617,2025-02-22 15:00:28.848424,0.9044706759976592,0.9730544102582803,0.8800991802288104
979,CT_001,CoolingTower,2024-04-03 12:49:42.181854,Fan motor failure,4,CRITICAL,8.79806495161739,8.79806495161739,2024-04-03 21:37:35.215680,1.075726027572965,1.0763210230465727,1.1578265385151594
979,FCU_048,FCU,2024-05-24 05:03:15.664128,Coil fouling,1,LOW,1.8250644571088532,1.8250644571088532,2024-05-24 06:52:45.896174,0.9330697204740264,0.988786150581251,0.9226064171314364
979,FCU_010,FCU,2024-10-09 09:39:34.054647,Fan motor failure,2,MEDIUM,2.888515772258565,2.888515772258565,2024-10-09 12:32:52.711427,1.0233341920882153,1.0168740630392725,1.0406019977557548
979,HP_002,HeatPump,2025-02-07 19:49:14.205380,Control valve failure,3,HIGH,2.45253657859893,2.45253657859893,2025-02-07 22:16:23.337063,0.9987163765135489,0.9762861174563118,0.9750329336664487
979,CHWP_001,CHW_Pump,2025-04-14 07:09:01.594995,Impeller damage,4,CRITICAL,13.508832444275235,13.508832444275235,2025-04-14 20:39:33.391794,1.0713814701684259,0.9428474988253136,1.0101493394360876
979,FCU_050,FCU,2025-04-27 13:11:32.308415,Fan motor failure,2,MEDIUM,3.4267827967271156,3.4267827967271156,2025-04-27 16:37:08.726483,0.9375731588682542,0.9090463066490082,0.8522974172824304
980,FCU_046,FCU,2024-06-29 05:28:17.078361,Fan motor failure,2,MEDIUM,2.799368485143358,2.799368485143358,2024-06-29 08:16:14.804908,0.8,1.0931290361745543,0.8745032289396435
980,FCU_011,FCU,2025-01-30 10:15:37.971239,Fan motor failure,2,MEDIUM,3.1108339295140834,3.1108339295140834,2025-01-30 13:22:16.973385,0.9229378147383699,1.116055336519978,1.0300496734148443
980,FCU_013,FCU,2025-03-02 03:30:37.886855,Coil fouling,1,LOW,1.2606567121132126,1.2606567121132126,2025-03-02 04:46:16.251019,1.051576801120609,0.9761640097272666,1.0265114267180662
981,FCU_042,FCU,2024-11-07 08:00:56.217912,Filter blockage,1,LOW,0.5014072014269723,0.5014072014269723,2024-11-07 08:31:01.283837,0.9624583468501055,0.9632153250898325,0.9270546294466472
981,FCU_038,FCU,2025-02-15 11:55:35.100605,Valve actuator,2,MEDIUM,2.6358856272771916,2.6358856272771916,2025-02-15 14:33:44.288863,0.9442615190222808,1.1231197366761347,1.060518748597711
981,FCU_017,FCU,2025-04-02 15:09:30.842332,Fan motor failure,2,MEDIUM,3.7314006680215375,3.7314006680215375,2025-04-02 18:53:23.884737,0.9093075678951341,1.0768031047864364,0.9791452123152837
981,FCU_026,FCU,2025-04-02 16:20:30.914795,Coil fouling,1,LOW,2.6302837186388413,2.6302837186388413,2025-04-02 18:58:19.936182,1.0081904187715873,0.9221759642080543,0.9297289715360105
981,FCU_033,FCU,2025-04-17 12:31:29.468118,Filter blockage,1,LOW,0.9432843277824554,0.9432843277824554,2025-04-17 13:28:05.291698,0.9462981143405093,0.9641313782220958,0.9123557051880856
981,FCU_046,FCU,2025-05-10 00:51:33.543407,Filter blockage,1,LOW,0.7729190614256279,0.7729190614256279,2025-05-10 01:37:56.052028,0.8382595988806165,0.9247783397938334,0.7752043201690613
982,FCU_018,FCU,2024-11-24 18:41:26.659328,Coil fouling,1,LOW,1.6989903314162533,1.6989903314162533,2024-11-24 20:23:23.024521,1.028163323682449,1.1028483420390467,1.1339082168685446
982,FCU_024,FCU,2025-03-17 11:04:44.263312,Filter blockage,1,LOW,0.5814216116807621,0.5814216116807621,2025-03-17 11:39:37.381114,1.0888654431746205,0.9400419467158169,1.0235791909134508
982,FCU_009,FCU,2025-05-09 21:14:22.298405,Fan motor failure,2,MEDIUM,3.6900682354313683,3.6900682354313683,2025-05-10 00:55:46.544053,0.9899787247625217,1.0314053379887063,1.0210693412153171
983,FCU_045,FCU,2024-12-04 11:52:08.644307,Coil fouling,1,LOW,1.9295825285295993,1.9295825285295993,2024-12-04 13:47:55.141410,1.064414502162572,0.9753473320687631,1.0381738448995652
983,HP_001,HeatPump,2024-12-21 03:39:13.173054,Control valve failure,3,HIGH,1.659260019254351,1.659260019254351,2024-12-21 05:18:46.509123,1.190031345034236,1.0988872614450433,1.307710285778433
983,HWP_001,HW_Pump,2025-01-05 10:37:12.077823,Bearing wear,3,HIGH,7.2650811558876836,7.2650811558876836,2025-01-05 17:53:06.369984,0.9424902065843443,1.0972700554732668,1.0341662812618142
983,CHWP_003,CHW_Pump,2025-01-10 11:28:17.950489,Impeller damage,4,CRITICAL,8.479916634040675,8.479916634040675,2025-01-10 19:57:05.650372,0.9857294688835466,1.0169485908932245,1.0024361943830493
983,FCU_013,FCU,2025-03-08 05:25:49.771363,Fan motor failure,2,MEDIUM,2.7933200587370504,2.7933200587370504,2025-03-08 08:13:25.723574,1.1390903377805985,0.9338162023475827,1.0637010133571037
983,FCU_006,FCU,2025-05-18 22:01:50.106436,Thermostat failure,1,LOW,2.9410759226753425,2.9410759226753425,2025-05-19 00:58:17.979758,0.9532664226657652,0.9826045772945219,0.9366839502925552
984,FCU_035,FCU,2024-12-10 14:43:51.476920,Fan motor failure,2,MEDIUM,4.175819914071998,4.175819914071998,2024-12-10 18:54:24.428611,1.065117433890832,1.059186020187131,1.12815749583476
984,FCU_033,FCU,2024-12-17 01:42:31.485436,Filter blockage,1,LOW,1.37587983645656,1.37587983645656,2024-12-17 03:05:04.652847,0.8584453937725072,0.9376229911074634,0.8048981378114024
984,FCU_022,FCU,2025-03-17 11:04:54.357288,Valve actuator,2,MEDIUM,3.0246166634590934,3.0246166634590934,2025-03-17 14:06:22.977276,0.8789391646734377,0.9496936663608986,0.8347229578069026
984,FCU_030,FCU,2025-04-27 11:26:56.355585,Filter blockage,1,LOW,0.8411037468621184,0.8411037468621184,2025-04-27 12:17:24.329074,1.0456970995876882,0.9899330095462588,1.035170076868634
985,HP_002,HeatPump,2024-02-06 12:27:37.394363,Sensor malfunction,1,LOW,1.558869037860341,1.558869037860341,2024-02-06 14:01:09.322899,0.9741098778702492,0.9669290643529064,0.9418951527860039
985,FCU_007,FCU,2024-03-10 11:30:36.909674,Filter blockage,1,LOW,0.9254142589892763,0.9254142589892763,2024-03-10 12:26:08.401006,0.9576259558872261,1.099218053841429,1.0526397395383946
985,HP_001,HeatPump,2024-04-05 20:13:42.713738,Heat exchanger fouling,2,MEDIUM,3.866048324760046,3.866048324760046,2024-04-06 00:05:40.487707,0.9051027522799989,0.9698113849025306,0.8777789536677578
985,FCU_029,FCU,2024-07-15 18:18:27.844398,Filter blockage,1,LOW,1.1898576579405191,1.1898576579405191,2024-07-15 19:29:51.331967,1.0886883837859882,0.9512157854380119,1.0355775760802284
985,FCU_031,FCU,2025-01-05 19:27:19.614030,Filter blockage,1,LOW,1.2175546667337638,1.2175546667337638,2025-01-05 20:40:22.810830,0.9946123746193174,0.9898116105762482,0.9844788764210133
985,HWP_001,HW_Pump,2025-02-21 08:31:20.736391,Impeller damage,4,CRITICAL,9.477767236616083,9.477767236616083,2025-02-21 18:00:00.698443,0.9424593035500423,1.0471140574338347,0.9868623853065508
985,FCU_038,FCU,2025-02-26 06:38:01.473311,Fan motor failure,2,MEDIUM,2.939126768106607,2.939126768106607,2025-02-26 09:34:22.329676,0.9836663119866147,1.0587282647306053,1.0414353275635428
986,CHWP_001,CHW_Pump,2024-08-03 03:30:38.099866,Impeller damage,4,CRITICAL,8.996279075576258,8.996279075576258,2024-08-03 12:30:24.704538,0.895326403380321,1.098722473527198,0.9837152405362362
986,FCU_001,FCU,2025-02-24 01:07:36.038284,Thermostat failure,1,LOW,1.565627443155297,1.565627443155297,2025-02-24 02:41:32.297079,1.1205450707163158,1.1456229005878555,1.2837220941534495
986,FCU_002,FCU,2025-03-09 08:13:07.192389,Valve actuator,2,MEDIUM,3.131551484537153,3.131551484537153,2025-03-09 11:21:00.777733,1.088712160995293,1.061314025254143,1.1554654859290512
987,FCU_001,FCU,2024-09-21 01:22:19.429659,Coil fouling,1,LOW,3.0193060002372043,3.0193060002372043,2024-09-21 04:23:28.931260,0.9979451777954763,1.062319792560451,1.0601369142623929
987,FCU_026,FCU,2024-12-29 04:25:32.546180,Coil fouling,1,LOW,2.2116867980430506,2.2116867980430506,2024-12-29 06:38:14.618653,1.1274611817348121,0.9178462427445108,1.0348360094955833
987,HP_001,HeatPump,2025-02-14 11:55:41.983312,Control valve failure,3,HIGH,5.995162809441569,5.995162809441569,2025-02-14 17:55:24.569426,1.2188851904730318,1.0230619665977145,1.2469950800221699
987,CHWP_002,CHW_Pump,2025-04-11 14:48:23.189577,Motor overheating,3,HIGH,10.096696764547016,10.096696764547016,2025-04-12 00:54:11.297929,1.1506934564282474,1.030927522989507,1.1862815547558072
988,FCU_021,FCU,2023-11-20 15:00:20.355678,Filter blockage,1,LOW,1.3457269928122355,1.3457269928122355,2023-11-20 16:21:04.972852,0.9501554830691833,0.9129331267894563,0.8674284160944957
988,FCU_028,FCU,2025-02-28 06:25:18.589082,Valve actuator,2,MEDIUM,3.4882318766790945,3.4882318766790945,2025-02-28 09:54:36.223838,1.0392418493590823,1.1450092942880137,1.189941576529213
988,FCU_022,FCU,2025-03-08 21:45:36.284262,Valve actuator,2,MEDIUM,3.5035046469392968,3.5035046469392968,2025-03-09 01:15:48.900991,0.9752640923839262,0.9022600623951194,0.8799418408460407
988,FCU_032,FCU,2025-04-05 16:30:55.704127,Filter blockage,1,LOW,0.9449829412236582,0.9449829412236582,2025-04-05 17:27:37.642715,0.9681260662539163,1.1383982557557237,1.1021130251751086
989,FCU_011,FCU,2023-11-16 23:32:11.924749,Fan motor failure,2,MEDIUM,4.1194631887851,4.1194631887851,2023-11-17 03:39:21.992229,0.9548362902832629,0.951228027270545,0.9082670407724737
989,FCU_023,FCU,2024-08-03 06:00:08.855832,Filter blockage,1,LOW,0.832313219343639,0.832313219343639,2024-08-03 06:50:05.183422,1.1271505818705232,1.1043117950973622,1.2447256824104738
989,FCU_021,FCU,2024-10-25 16:54:16.706585,Valve actuator,2,MEDIUM,3.5997794025108663,3.5997794025108663,2024-10-25 20:30:15.912434,0.999064953721923,1.0241281313055135,1.0231705241080624
989,FCU_006,FCU,2024-12-14 08:55:05.679997,Fan motor failure,2,MEDIUM,4.095828618383194,4.095828618383194,2024-12-14 13:00:50.663023,0.9765433190291459,0.9713451514032904,0.9485606180742374
990,FCU_047,FCU,2023-11-03 22:46:13.255274,Thermostat failure,1,LOW,2.864355762243376,2.864355762243376,2023-11-04 01:38:04.936018,1.090700669193376,1.0541806502077606,1.1497955406323128
990,FCU_012,FCU,2025-02-15 18:52:56.998616,Thermostat failure,1,LOW,2.5756077728994713,2.5756077728994713,2025-02-15 21:27:29.186598,1.031865026258442,0.9085669694556089,0.9375184797948648
990,CHWP_001,CHW_Pump,2025-03-29 17:59:58.243592,VFD malfunction,2,MEDIUM,5.06836981943167,5.06836981943167,2025-03-29 23:04:04.374942,0.8987538590533538,1.075974901891925,0.9670365953199213
991,HWP_001,HW_Pump,2024-05-07 05:39:24.817644,Seal leakage,2,MEDIUM,4.714876441090177,4.714876441090177,2024-05-07 10:22:18.372832,0.9949543258002903,1.0016112179537862,0.996557414073217
991,FCU_002,FCU,2024-06-18 08:00:52.326325,Fan motor failure,2,MEDIUM,4.798837339452575,4.798837339452575,2024-06-18 12:48:48.140747,0.956244663073983,1.061202597598268,1.0147693203935912
991,FCU_011,FCU,2024-09-12 20:37:57.594579,Valve actuator,2,MEDIUM,4.0184658284646755,4.0184658284646755,2024-09-13 00:39:04.071561,0.8475048496094293,0.9483791635779156,0.8037559404008178
991,CHWP_003,CHW_Pump,2025-03-09 08:20:13.648263,Bearing wear,3,HIGH,11.943303062860513,11.943303062860513,2025-03-09 20:16:49.539289,1.09934426185548,1.0491641260815876,1.1533925617524128
992,FCU_030,FCU,2023-09-30 15:23:36.627222,Fan motor failure,2,MEDIUM,4.070851038641836,4.070851038641836,2023-09-30 19:27:51.690961,1.0692930871472504,0.9516126086737515,1.017552784097004
992,FCU_004,FCU,2023-12-02 17:22:04.303319,Fan motor failure,2,MEDIUM,3.720234688960701,3.720234688960701,2023-12-02 21:05:17.148199,1.079589388669583,1.0392061394018324,1.1219159207385017
992,FCU_041,FCU,2025-03-12 05:18:17.220007,Valve actuator,2,MEDIUM,4.087856397481873,4.087856397481873,2025-03-12 09:23:33.503038,0.968080038716329,1.136959963294714,1.1006682452852627
993,FCU_002,FCU,2024-11-30 04:44:06.649574,Valve actuator,2,MEDIUM,7.298297070115091,7.298297070115091,2024-11-30 12:02:00.519026,1.0284928806975195,0.9089628694600976,0.9348618400580992
993,FCU_023,FCU,2025-04-02 15:43:05.957124,Valve actuator,2,MEDIUM,2.967693918466456,2.967693918466456,2025-04-02 18:41:09.655230,0.9797316390184123,1.0564775040259833,1.035064436605458
994,FCU_004,FCU,2024-01-17 06:50:46.034195,Thermostat failure,1,LOW,1.726444316169121,1.726444316169121,2024-01-17 08:34:21.233733,1.0730241659127766,1.0511563099733134,1.1279161227530667
994,FCU_006,FCU,2024-03-09 04:46:08.628341,Fan motor failure,2,MEDIUM,5.929502124431605,5.929502124431605,2024-03-09 10:41:54.835989,0.9840863079157135,0.967730675840802,0.952330507844953
994,HWP_002,HW_Pump,2024-05-26 23:20:42.223613,Bearing wear,3,HIGH,7.782535365927218,7.782535365927218,2024-05-27 07:07:39.350930,1.145987095325497,0.9511822346743288,1.0900425662396493
994,FCU_022,FCU,2024-10-16 10:58:51.722765,Coil fouling,1,LOW,1.9190582329363302,1.9190582329363302,2024-10-16 12:54:00.332404,0.9761724430168954,1.0137846341391055,0.9896286230005601
994,FCU_015,FCU,2024-10-27 06:44:37.708276,Coil fouling,1,LOW,1.5130636014144492,1.5130636014144492,2024-10-27 08:15:24.737241,0.9787078176189187,1.1344177803479376,1.1102635500724278
994,FCU_014,FCU,2025-02-07 08:09:11.261582,Filter blockage,1,LOW,1.0340822464735968,1.0340822464735968,2025-02-07 09:11:13.957669,1.047942122374316,1.0019472455014038,1.049982722957841
994,FCU_046,FCU,2025-04-11 16:15:26.425786,Fan motor failure,2,MEDIUM,5.978025367010338,5.978025367010338,2025-04-11 22:14:07.317107,0.965965314499292,0.9183484406197953,0.8870927402632349
995,FCU_018,FCU,2023-12-07 02:34:16.750013,Coil fouling,1,LOW,2.3700579308310075,2.3700579308310075,2023-12-07 04:56:28.958564,1.0692910736147998,0.9159234154186549,0.9793887322219478
995,FCU_033,FCU,2025-01-15 22:30:50.853085,Coil fouling,1,LOW,2.1845988027920153,2.1845988027920153,2025-01-16 00:41:55.408775,1.0692651464580767,1.0721324869600086,1.1463939006917556
995,FCU_041,FCU,2025-02-09 06:13:25.250009,Thermostat failure,1,LOW,1.5867229704505106,1.5867229704505106,2025-02-09 07:48:37.452703,1.0007858611877933,1.1465397877476429,1.1474408088670947
995,FCU_028,FCU,2025-03-17 19:58:41.575186,Filter blockage,1,LOW,1.4603116003970154,1.4603116003970154,2025-03-17 21:26:18.696947,0.9932213617041871,0.9300479808411385,0.9237435219812653
995,FCU_013,FCU,2025-03-23 17:36:46.686080,Filter blockage,1,LOW,0.7296522275382471,0.7296522275382471,2025-03-23 18:20:33.434099,0.8,0.9666493250260606,0.7733194600208485
996,FCU_004,FCU,2023-03-18 21:12:21.298571,Fan motor failure,2,MEDIUM,3.131192531527976,3.131192531527976,2023-03-19 00:20:13.591685,0.8935135826716181,1.1117919739934927,0.9934012298684761
996,FCU_026,FCU,2024-05-12 04:55:38.309102,Valve actuator,2,MEDIUM,2.1132203129801885,2.1132203129801885,2024-05-12 07:02:25.902229,1.0013127612429085,1.0235519643448856,1.0248956436937804
997,FCU_029,FCU,2024-01-20 01:56:37.869331,Fan motor failure,2,MEDIUM,4.9965506232331185,4.9965506232331185,2024-01-20 06:56:25.451575,1.0909906917922472,0.9586926484148365,1.045924755710244
997,FCU_001,FCU,2024-02-09 19:51:24.472513,Fan motor failure,2,MEDIUM,3.3814298251225834,3.3814298251225834,2024-02-09 23:14:17.619883,0.942691975345085,0.9654110552640187,0.9100852547068208
997,FCU_019,FCU,2024-07-07 07:01:11.699075,Fan motor failure,2,MEDIUM,4.7988477696369225,4.7988477696369225,2024-07-07 11:49:07.551046,0.9776185958128961,1.1062475358752568,1.081488162643845
997,FCU_047,FCU,2024-10-06 00:45:36.635363,Coil fouling,1,LOW,2.941625892755003,2.941625892755003,2024-10-06 03:42:06.488577,0.9986670639525336,1.0749801207742866,1.0735472410209967
997,FCU_042,FCU,2024-12-12 07:57:27.167164,Coil fouling,1,LOW,2.203345424564974,2.203345424564974,2024-12-12 10:09:39.210692,0.8353345491227517,0.9489159935828508,0.7926623136548987
997,FCU_028,FCU,2025-03-05 22:50:10.915954,Coil fouling,1,LOW,2.3899574240741455,2.3899574240741455,2025-03-06 01:13:34.762681,0.8966087684469568,1.0534686185947126,0.9445492007157221
997,FCU_027,FCU,2025-05-16 02:34:28.268902,Valve actuator,2,MEDIUM,5.198971177164096,5.198971177164096,2025-05-16 07:46:24.565140,0.9009156178581328,1.1295776749922997,1.0176541689844407
998,FCU_043,FCU,2024-04-10 22:50:51.762503,Fan motor failure,2,MEDIUM,5.01256024539802,5.01256024539802,2024-04-11 03:51:36.979386,0.9525683557664307,0.9867823291980227,0.9399776208235292
998,FCU_014,FCU,2024-08-23 12:26:43.720232,Fan motor failure,2,MEDIUM,3.28751132511915,3.28751132511915,2024-08-23 15:43:58.761002,0.9760528874570052,1.0337255559119034,1.0089708136859112
998,FCU_027,FCU,2024-09-08 04:12:36.490724,Filter blockage,1,LOW,1.1276520122645555,1.1276520122645555,2024-09-08 05:20:16.037968,0.981833623058785,1.0544725288947552,1.0353165834606968
998,HWP_001,HW_Pump,2025-02-05 23:52:01.828118,Bearing wear,3,HIGH,5.095129726052637,5.095129726052637,2025-02-06 04:57:44.295132,0.9586826281771813,0.9041731636181536,0.866815104824728
999,HWP_001,HW_Pump,2023-08-27 02:34:37.102708,Bearing wear,3,HIGH,6.737994853698189,6.737994853698189,2023-08-27 09:18:53.884181,0.8480447999663128,0.9657982271710647,0.819040164369105
999,FCU_050,FCU,2024-09-01 13:12:26.955380,Thermostat failure,1,LOW,2.3694483384065363,2.3694483384065363,2024-09-01 15:34:36.969398,1.043539278590918,1.0119624404252168,1.0560225550424356
999,FCU_009,FCU,2024-10-18 04:25:27.941489,Fan motor failure,2,MEDIUM,3.952283232510722,3.952283232510722,2024-10-18 08:22:36.161126,1.0246070209863738,1.0630082894853798,1.0891657567734359
1000,CHWP_003,CHW_Pump,2023-07-12 05:55:14.551312,Motor overheating,3,HIGH,4.381318797321077,4.381318797321077,2023-07-12 10:18:07.298982,1.016609581776372,1.1087284763013256,1.127143992596245
1000,FCU_046,FCU,2023-11-21 21:19:00.409689,Valve actuator,2,MEDIUM,4.2264868318192415,4.2264868318192415,2023-11-22 01:32:35.762284,1.2331238109878542,1.0017297501010514,1.2352568070245193
1000,FCU_047,FCU,2024-03-06 00:28:53.498273,Coil fouling,1,LOW,1.4698620130187956,1.4698620130187956,2024-03-06 01:57:05.001520,1.0509561662635591,1.0946301981721147,1.1504083565472856
1000,FCU_050,FCU,2024-05-10 07:09:13.814848,Filter blockage,1,LOW,0.6830633044824982,0.6830633044824982,2024-05-10 07:50:12.842744,1.114909495934349,1.1261159321594956,1.2555173462875828
1000,FCU_011,FCU,2024-09-22 22:20:28.603552,Valve actuator,2,MEDIUM,2.1926171451200647,2.1926171451200647,2024-09-23 00:32:02.025274,0.9631067816025743,1.0607774163248653,1.0216419234333352
1000,FCU_038,FCU,2024-12-23 08:35:46.623707,Fan motor failure,2,MEDIUM,3.7947827472522264,3.7947827472522264,2024-12-23 12:23:27.841597,1.0754090716724365,1.1391942603900929,1.2250998420206776
1000,FCU_025,FCU,2025-01-07 22:29:52.218309,Coil fouling,1,LOW,1.4378878185021664,1.4378878185021664,2025-01-07 23:56:08.614456,1.0013745650154664,0.9641927419152326,0.965518087526436
1000,FCU_001,FCU,2025-02-20 08:09:05.366264,Fan motor failure,2,MEDIUM,3.942229126678187,3.942229126678187,2025-02-20 12:05:37.391120,0.9778713135068949,0.9499919030229504,0.9289698300299674
1000,FCU_043,FCU,2025-05-17 15:52:05.638313,Coil fouling,1,LOW,2.5258439920617906,2.5258439920617906,2025-05-17 18:23:38.676684,1.0198343794587263,1.021550142044893,1.0418119551983271
