run_id,asset_id,asset_type,failure_time,fault_type,severity,severity_category,repair_time_h,total_downtime_h,restoration_time
1,FCU_010,FCU,2025-01-14 07:33:45.296737,Coil fouling,1,LOW,1.0967472281054251,1.0967472281054251,2025-01-14 08:39:33.586758
1,FCU_030,FCU,2025-03-13 07:19:25.794058,Coil fouling,1,LOW,1.6438868500178208,1.6438868500178208,2025-03-13 08:58:03.786718
1,FCU_007,FCU,2025-04-16 22:14:30.429267,Valve actuator,2,MEDIUM,1.9323507544756549,1.9323507544756549,2025-04-17 00:10:26.891983
1,FCU_042,FCU,2025-05-08 19:14:11.414790,Valve actuator,2,MEDIUM,2.2987396360683086,2.2987396360683086,2025-05-08 21:32:06.877480
2,FCU_015,FCU,2025-05-05 16:18:55.553434,Fan motor failure,2,MEDIUM,4.039697666977285,4.039697666977285,2025-05-05 20:21:18.465035
3,FCU_006,FCU,2024-01-17 05:10:02.426549,Coil fouling,1,LOW,1.6079701427576867,1.6079701427576867,2024-01-17 06:46:31.119063
3,FCU_020,FCU,2024-04-18 09:08:49.148186,Fan motor failure,2,MEDIUM,5.622183433111526,5.622183433111526,2024-04-18 14:46:09.008545
3,FCU_031,FCU,2025-04-02 22:57:49.243357,Fan motor failure,2,MEDIUM,4.424883030064202,4.424883030064202,2025-04-03 03:23:18.822265
3,FCU_010,FCU,2025-04-25 14:31:07.898509,Valve actuator,2,MEDIUM,2.606042449628807,2.606042449628807,2025-04-25 17:07:29.651328
3,FCU_027,FCU,2025-04-30 06:33:14.731860,Fan motor failure,2,MEDIUM,4.778902705323501,4.778902705323501,2025-04-30 11:19:58.781599
4,FCU_006,FCU,2025-01-09 20:18:16.845266,Valve actuator,2,MEDIUM,2.657658187985288,2.657658187985288,2025-01-09 22:57:44.414743
4,FCU_043,FCU,2025-03-02 04:55:30.376445,Valve actuator,2,MEDIUM,4.078162491987642,4.078162491987642,2025-03-02 09:00:11.761416
4,FCU_025,FCU,2025-03-16 17:01:24.290439,Filter blockage,1,LOW,0.6877185195855842,0.6877185195855842,2025-03-16 17:42:40.077110
4,FCU_035,FCU,2025-04-23 20:27:37.547107,Fan motor failure,2,MEDIUM,3.317550103136311,3.317550103136311,2025-04-23 23:46:40.727478
4,FCU_022,FCU,2025-05-12 02:53:12.205173,Coil fouling,1,LOW,2.3085661824206416,2.3085661824206416,2025-05-12 05:11:43.043430
5,FCU_022,FCU,2023-12-15 19:12:12.343954,Filter blockage,1,LOW,1.4688699622577814,1.4688699622577814,2023-12-15 20:40:20.275818
5,CHWP_001,CHW_Pump,2024-01-20 14:30:27.361060,Bearing wear,3,HIGH,11.171026884380764,11.171026884380764,2024-01-21 01:40:43.057844
5,FCU_012,FCU,2024-10-08 16:58:11.048747,Filter blockage,1,LOW,0.5803898247199424,0.5803898247199424,2024-10-08 17:33:00.452116
5,FCU_049,FCU,2024-11-03 11:31:42.867042,Fan motor failure,2,MEDIUM,2.599117426473979,2.599117426473979,2024-11-03 14:07:39.689777
6,FCU_008,FCU,2024-01-04 12:10:24.292900,Coil fouling,1,LOW,2.1302563661579157,2.1302563661579157,2024-01-04 14:18:13.215818
6,FCU_018,FCU,2024-06-23 08:09:52.269591,Coil fouling,1,LOW,2.6911174703379066,2.6911174703379066,2024-06-23 10:51:20.292484
6,FCU_011,FCU,2024-11-08 17:55:16.406700,Filter blockage,1,LOW,1.260983508558324,1.260983508558324,2024-11-08 19:10:55.947331
6,FCU_022,FCU,2025-02-03 06:00:43.679320,Coil fouling,1,LOW,3.262335905513306,3.262335905513306,2025-02-03 09:16:28.088580
6,HWP_002,HW_Pump,2025-03-15 04:25:56.426588,Impeller damage,4,CRITICAL,7.490158339360283,7.490158339360283,2025-03-15 11:55:20.996610
7,FCU_001,FCU,2023-11-27 16:17:12.754255,Filter blockage,1,LOW,2.1706618961750466,2.1706618961750466,2023-11-27 18:27:27.137081
7,FCU_033,FCU,2024-08-28 06:37:40.420806,Fan motor failure,2,MEDIUM,2.517780786924415,2.517780786924415,2024-08-28 09:08:44.431639
7,FCU_011,FCU,2025-01-04 09:37:01.531431,Fan motor failure,2,MEDIUM,3.9243320531844446,3.9243320531844446,2025-01-04 13:32:29.126822
7,FCU_017,FCU,2025-04-11 10:16:57.128305,Fan motor failure,2,MEDIUM,2.9090619664262576,2.9090619664262576,2025-04-11 13:11:29.751384
7,FCU_023,FCU,2025-04-20 12:52:27.850344,Filter blockage,1,LOW,0.9965962559726531,0.9965962559726531,2025-04-20 13:52:15.596866
8,FCU_004,FCU,2024-01-20 07:51:28.935426,Valve actuator,2,MEDIUM,2.9000009578238863,2.9000009578238863,2024-01-20 10:45:28.938874
8,HP_001,HeatPump,2024-04-09 22:50:11.025495,Heat exchanger fouling,2,MEDIUM,4.522218565335382,4.522218565335382,2024-04-10 03:21:31.012330
8,FCU_033,FCU,2025-01-03 22:16:15.077213,Valve actuator,2,MEDIUM,2.8507360159688413,2.8507360159688413,2025-01-04 01:07:17.726870
8,HWP_001,HW_Pump,2025-03-18 08:16:06.220181,Motor overheating,3,HIGH,8.583156200241165,8.583156200241165,2025-03-18 16:51:05.582502
8,CHWP_002,CHW_Pump,2025-03-23 10:29:52.377413,Seal leakage,2,MEDIUM,6.19383463716171,6.19383463716171,2025-03-23 16:41:30.182107
8,FCU_006,FCU,2025-04-27 11:14:07.932353,Thermostat failure,1,LOW,2.4368705557299073,2.4368705557299073,2025-04-27 13:40:20.666354
9,HP_001,HeatPump,2024-02-15 16:13:30.220638,Control valve failure,3,HIGH,4.3680347777681074,4.3680347777681074,2024-02-15 20:35:35.145838
9,FCU_014,FCU,2024-04-24 13:42:17.923548,Coil fouling,1,LOW,1.93868086642331,1.93868086642331,2024-04-24 15:38:37.174667
9,CHWP_003,CHW_Pump,2024-08-27 22:07:10.662120,Impeller damage,4,CRITICAL,9.303446093436028,9.303446093436028,2024-08-28 07:25:23.068056
9,FCU_007,FCU,2024-10-18 22:58:31.448456,Filter blockage,1,LOW,1.0322200384961002,1.0322200384961002,2024-10-19 00:00:27.440595
10,CHWP_002,CHW_Pump,2024-12-10 19:57:06.280205,Seal leakage,2,MEDIUM,3.687244765621644,3.687244765621644,2024-12-10 23:38:20.361361
10,FCU_049,FCU,2025-05-20 05:44:21.368460,Coil fouling,1,LOW,1.0436406970973957,1.0436406970973957,2025-05-20 06:46:58.474970
11,FCU_037,FCU,2025-04-19 05:46:01.963179,Filter blockage,1,LOW,1.3121759738978007,1.3121759738978007,2025-04-19 07:04:45.796685
11,FCU_035,FCU,2025-04-23 05:36:47.737716,Filter blockage,1,LOW,1.5378730551724005,1.5378730551724005,2025-04-23 07:09:04.080715
11,FCU_007,FCU,2025-05-20 10:04:03.303509,Fan motor failure,2,MEDIUM,4.686371811691117,4.686371811691117,2025-05-20 14:45:14.242031
12,HWP_002,HW_Pump,2023-08-14 12:47:54.755841,Seal leakage,2,MEDIUM,4.715529602321181,4.715529602321181,2023-08-14 17:30:50.662409
12,HWP_001,HW_Pump,2025-01-05 03:23:34.635019,Motor overheating,3,HIGH,6.6046143545744505,6.6046143545744505,2025-01-05 09:59:51.246695
12,FCU_027,FCU,2025-04-14 06:52:08.571678,Fan motor failure,2,MEDIUM,4.557946302899438,4.557946302899438,2025-04-14 11:25:37.178368
12,FCU_041,FCU,2025-05-11 23:00:20.415582,Coil fouling,1,LOW,1.5673360150939524,1.5673360150939524,2025-05-12 00:34:22.825236
12,FCU_018,FCU,2025-05-26 04:14:04.775804,Fan motor failure,2,MEDIUM,4.438651307979111,4.438651307979111,2025-05-26 08:40:23.920513
13,FCU_015,FCU,2024-02-14 23:48:29.598188,Valve actuator,2,MEDIUM,3.265059761363959,3.265059761363959,2024-02-15 03:04:23.813329
13,FCU_026,FCU,2024-05-06 21:53:37.073694,Coil fouling,1,LOW,1.646715059214818,1.646715059214818,2024-05-06 23:32:25.247907
13,HWP_001,HW_Pump,2024-07-01 13:33:21.608709,Bearing wear,3,HIGH,5.390659955388698,5.390659955388698,2024-07-01 18:56:47.984548
14,HP_002,HeatPump,2024-06-19 23:54:23.222151,Compressor degradation,4,CRITICAL,12.872364121662153,12.872364121662153,2024-06-20 12:46:43.732989
14,FCU_007,FCU,2025-01-15 11:41:48.824270,Coil fouling,1,LOW,2.418225766938861,2.418225766938861,2025-01-15 14:06:54.437031
14,CHWP_003,CHW_Pump,2025-02-22 16:07:43.594125,Bearing wear,3,HIGH,5.237671752091685,5.237671752091685,2025-02-22 21:21:59.212433
15,HWP_002,HW_Pump,2024-03-01 08:45:23.154506,Bearing wear,3,HIGH,8.565295029207233,8.565295029207233,2024-03-01 17:19:18.216611
15,FCU_019,FCU,2025-02-21 04:20:06.955422,Coil fouling,1,LOW,1.4898166197522744,1.4898166197522744,2025-02-21 05:49:30.295253
15,FCU_049,FCU,2025-02-28 13:36:20.875878,Coil fouling,1,LOW,1.7895941337930592,1.7895941337930592,2025-02-28 15:23:43.414760
16,FCU_033,FCU,2024-08-27 01:59:05.763968,Coil fouling,1,LOW,1.8327660661767609,1.8327660661767609,2024-08-27 03:49:03.721806
17,HP_002,HeatPump,2024-03-04 09:08:46.047172,Heat exchanger fouling,2,MEDIUM,4.942636659020219,4.942636659020219,2024-03-04 14:05:19.539144
17,FCU_032,FCU,2024-06-19 07:29:56.737220,Fan motor failure,2,MEDIUM,4.449675518316204,4.449675518316204,2024-06-19 11:56:55.569086
17,FCU_005,FCU,2024-06-30 03:17:23.773182,Fan motor failure,2,MEDIUM,3.584912490678353,3.584912490678353,2024-06-30 06:52:29.458148
17,FCU_031,FCU,2024-08-17 21:34:36.836094,Valve actuator,2,MEDIUM,4.2445796806111,4.2445796806111,2024-08-18 01:49:17.322944
17,FCU_040,FCU,2024-09-29 08:01:57.628608,Coil fouling,1,LOW,2.2756958622332517,2.2756958622332517,2024-09-29 10:18:30.133712
17,FCU_012,FCU,2025-02-24 05:51:05.457531,Coil fouling,1,LOW,1.4349039406108401,1.4349039406108401,2025-02-24 07:17:11.111717
17,FCU_021,FCU,2025-04-06 04:01:49.142756,Filter blockage,1,LOW,0.7660288662254763,0.7660288662254763,2025-04-06 04:47:46.846674
18,FCU_050,FCU,2023-10-10 10:48:41.322296,Fan motor failure,2,MEDIUM,6.750278769976033,6.750278769976033,2023-10-10 17:33:42.325868
18,CHWP_003,CHW_Pump,2024-09-08 18:50:03.122295,Impeller damage,4,CRITICAL,13.27871932502354,13.27871932502354,2024-09-09 08:06:46.511865
18,HP_001,HeatPump,2024-12-28 18:28:16.057689,Compressor degradation,4,CRITICAL,13.7262347314551,13.7262347314551,2024-12-29 08:11:50.502722
19,FCU_006,FCU,2024-06-27 15:02:56.675649,Coil fouling,1,LOW,2.793768341705061,2.793768341705061,2024-06-27 17:50:34.241679
19,FCU_015,FCU,2024-10-17 07:24:45.678171,Filter blockage,1,LOW,0.7891728032318419,0.7891728032318419,2024-10-17 08:12:06.700263
19,FCU_011,FCU,2025-03-10 07:33:09.600437,Fan motor failure,2,MEDIUM,3.986237326602338,3.986237326602338,2025-03-10 11:32:20.054813
19,FCU_041,FCU,2025-03-16 18:46:26.525790,Coil fouling,1,LOW,1.637266630713733,1.637266630713733,2025-03-16 20:24:40.685661
19,FCU_033,FCU,2025-03-16 19:35:13.442398,Fan motor failure,2,MEDIUM,5.1004611766198025,5.1004611766198025,2025-03-17 00:41:15.102634
19,FCU_031,FCU,2025-04-01 01:34:11.304284,Fan motor failure,2,MEDIUM,4.811788394556476,4.811788394556476,2025-04-01 06:22:53.742504
20,FCU_034,FCU,2024-07-04 04:43:39.662942,Thermostat failure,1,LOW,1.5690191633054271,1.5690191633054271,2024-07-04 06:17:48.131930
20,HP_001,HeatPump,2024-09-27 16:46:08.904945,Compressor degradation,4,CRITICAL,18.59044746452762,18.59044746452762,2024-09-28 11:21:34.515817
21,FCU_034,FCU,2023-10-20 17:36:32.962867,Valve actuator,2,MEDIUM,1.5726773859597576,1.5726773859597576,2023-10-20 19:10:54.601456
21,FCU_017,FCU,2024-04-02 22:38:09.902610,Thermostat failure,1,LOW,2.488318048397562,2.488318048397562,2024-04-03 01:07:27.847584
21,CHWP_001,CHW_Pump,2024-11-08 17:08:56.324844,Bearing wear,3,HIGH,9.633374803801361,9.633374803801361,2024-11-09 02:46:56.474138
21,FCU_006,FCU,2025-03-08 13:10:34.148279,Fan motor failure,2,MEDIUM,3.0176044281655052,3.0176044281655052,2025-03-08 16:11:37.524220
22,FCU_045,FCU,2024-05-29 03:56:51.080336,Coil fouling,1,LOW,2.8408423700415932,2.8408423700415932,2024-05-29 06:47:18.112868
22,FCU_011,FCU,2024-11-22 03:10:13.302650,Coil fouling,1,LOW,2.9304717912603913,2.9304717912603913,2024-11-22 06:06:03.001099
22,FCU_026,FCU,2025-01-03 05:51:03.383724,Thermostat failure,1,LOW,2.0753344654499,2.0753344654499,2025-01-03 07:55:34.587800
22,FCU_001,FCU,2025-03-11 18:42:51.232738,Filter blockage,1,LOW,0.9377013986289814,0.9377013986289814,2025-03-11 19:39:06.957773
22,HP_001,HeatPump,2025-03-20 09:21:21.432226,Refrigerant leak,3,HIGH,4.743455481612186,4.743455481612186,2025-03-20 14:05:57.871960
23,FCU_047,FCU,2023-10-03 07:57:09.253383,Fan motor failure,2,MEDIUM,4.358950554609219,4.358950554609219,2023-10-03 12:18:41.475380
23,HP_002,HeatPump,2024-08-03 14:52:07.048063,Compressor degradation,4,CRITICAL,17.300511246568057,17.300511246568057,2024-08-04 08:10:08.888551
23,FCU_005,FCU,2024-10-30 10:31:17.431957,Fan motor failure,2,MEDIUM,4.459150547166548,4.459150547166548,2024-10-30 14:58:50.373927
23,FCU_038,FCU,2025-01-18 12:00:26.970453,Fan motor failure,2,MEDIUM,4.600363173251386,4.600363173251386,2025-01-18 16:36:28.277877
23,FCU_013,FCU,2025-03-28 20:18:50.932781,Coil fouling,1,LOW,1.9363088523679322,1.9363088523679322,2025-03-28 22:15:01.644650
24,CHWP_003,CHW_Pump,2023-05-19 00:29:16.500211,Impeller damage,4,CRITICAL,9.852361567252556,9.852361567252556,2023-05-19 10:20:25.001853
24,FCU_034,FCU,2024-03-11 23:02:35.629933,Fan motor failure,2,MEDIUM,4.600095393254822,4.600095393254822,2024-03-12 03:38:35.973349
24,FCU_027,FCU,2025-04-03 06:43:11.585798,Coil fouling,1,LOW,1.5383619843141398,1.5383619843141398,2025-04-03 08:15:29.688942
25,FCU_002,FCU,2024-09-23 05:20:26.391070,Fan motor failure,2,MEDIUM,4.426572752900741,4.426572752900741,2024-09-23 09:46:02.052980
25,FCU_048,FCU,2024-12-19 14:38:27.471288,Fan motor failure,2,MEDIUM,4.121271449643772,4.121271449643772,2024-12-19 18:45:44.048507
26,FCU_014,FCU,2024-04-08 22:21:29.383833,Fan motor failure,2,MEDIUM,3.6283569466708174,3.6283569466708174,2024-04-09 01:59:11.468841
26,FCU_010,FCU,2024-08-04 09:14:00.157268,Coil fouling,1,LOW,2.189682761804174,2.189682761804174,2024-08-04 11:25:23.015210
27,FCU_003,FCU,2023-05-13 21:29:26.690279,Coil fouling,1,LOW,1.1032859100983767,1.1032859100983767,2023-05-13 22:35:38.519555
27,CHWP_002,CHW_Pump,2024-08-14 02:35:07.547974,Bearing wear,3,HIGH,5.7367523791952,5.7367523791952,2024-08-14 08:19:19.856539
27,FCU_021,FCU,2025-02-10 06:02:32.979263,Valve actuator,2,MEDIUM,4.092740019473117,4.092740019473117,2025-02-10 10:08:06.843333
28,FCU_042,FCU,2024-04-10 03:39:08.070652,Coil fouling,1,LOW,1.3509622881011845,1.3509622881011845,2024-04-10 05:00:11.534889
28,FCU_047,FCU,2024-08-06 05:34:01.670968,Fan motor failure,2,MEDIUM,4.957294588280263,4.957294588280263,2024-08-06 10:31:27.931486
28,FCU_012,FCU,2025-02-09 13:48:32.513734,Fan motor failure,2,MEDIUM,3.3992756486353395,3.3992756486353395,2025-02-09 17:12:29.906069
28,FCU_006,FCU,2025-05-11 01:31:27.317195,Valve actuator,2,MEDIUM,3.5783114375990253,3.5783114375990253,2025-05-11 05:06:09.238370
28,HP_002,HeatPump,2025-05-17 17:10:48.082043,Control valve failure,3,HIGH,2.6597427242793783,2.6597427242793783,2025-05-17 19:50:23.155850
29,FCU_004,FCU,2023-12-17 13:10:16.226828,Valve actuator,2,MEDIUM,3.826711430109492,3.826711430109492,2023-12-17 16:59:52.387976
29,FCU_019,FCU,2024-02-20 13:40:57.628821,Fan motor failure,2,MEDIUM,4.043008803758401,4.043008803758401,2024-02-20 17:43:32.460515
29,FCU_011,FCU,2024-10-22 21:08:36.136794,Thermostat failure,1,LOW,1.4054350621018334,1.4054350621018334,2024-10-22 22:32:55.703018
29,HWP_001,HW_Pump,2025-03-31 14:34:40.698425,Seal leakage,2,MEDIUM,3.2991761622430538,3.2991761622430538,2025-03-31 17:52:37.732609
30,FCU_047,FCU,2024-04-15 13:17:06.004811,Coil fouling,1,LOW,2.4637963270078465,2.4637963270078465,2024-04-15 15:44:55.671588
30,CHWP_002,CHW_Pump,2025-04-15 18:02:13.083557,Bearing wear,3,HIGH,12.434174243647998,12.434174243647998,2025-04-16 06:28:16.110834
31,HWP_002,HW_Pump,2024-04-03 21:49:37.645914,Seal leakage,2,MEDIUM,3.1297420265685987,3.1297420265685987,2024-04-04 00:57:24.717210
31,FCU_024,FCU,2024-09-04 10:59:14.332871,Filter blockage,1,LOW,1.1926970058684303,1.1926970058684303,2024-09-04 12:10:48.042092
31,HP_001,HeatPump,2024-09-12 11:11:48.440179,Refrigerant leak,3,HIGH,9.464908446113483,9.464908446113483,2024-09-12 20:39:42.110585
31,FCU_031,FCU,2024-10-02 14:32:02.827567,Coil fouling,1,LOW,2.8848152068900137,2.8848152068900137,2024-10-02 17:25:08.162312
31,FCU_035,FCU,2024-10-03 17:54:57.864859,Coil fouling,1,LOW,2.4590109234973623,2.4590109234973623,2024-10-03 20:22:30.304184
31,CHWP_001,CHW_Pump,2025-02-28 02:12:18.692729,Seal leakage,2,MEDIUM,4.038327136563885,4.038327136563885,2025-02-28 06:14:36.670421
31,FCU_034,FCU,2025-03-30 13:52:38.509143,Coil fouling,1,LOW,2.5766079631708,2.5766079631708,2025-03-30 16:27:14.297810
31,FCU_006,FCU,2025-04-24 20:44:14.502970,Filter blockage,1,LOW,0.874161569356093,0.874161569356093,2025-04-24 21:36:41.484620
31,FCU_029,FCU,2025-05-02 05:26:18.902557,Filter blockage,1,LOW,0.56051562192137,0.56051562192137,2025-05-02 05:59:56.758796
31,FCU_012,FCU,2025-05-07 08:54:05.800482,Coil fouling,1,LOW,1.4391562654136767,1.4391562654136767,2025-05-07 10:20:26.763037
31,FCU_017,FCU,2025-05-24 18:35:44.103301,Valve actuator,2,MEDIUM,1.7680212589508564,1.7680212589508564,2025-05-24 20:21:48.979833
32,FCU_044,FCU,2024-07-17 17:52:31.792911,Filter blockage,1,LOW,1.4767472150514558,1.4767472150514558,2024-07-17 19:21:08.082885
32,FCU_003,FCU,2024-09-25 10:25:18.649158,Fan motor failure,2,MEDIUM,4.27156529062166,4.27156529062166,2024-09-25 14:41:36.284204
32,CT_001,CoolingTower,2024-11-13 18:09:35.530345,Drift eliminator damage,2,MEDIUM,4.782230969335618,4.782230969335618,2024-11-13 22:56:31.561835
32,FCU_018,FCU,2024-12-27 13:27:13.244035,Fan motor failure,2,MEDIUM,4.026282011805225,4.026282011805225,2024-12-27 17:28:47.859277
32,FCU_014,FCU,2025-03-13 23:35:33.490957,Filter blockage,1,LOW,0.7968729676867552,0.7968729676867552,2025-03-14 00:23:22.233641
33,FCU_008,FCU,2024-10-22 13:30:32.265821,Coil fouling,1,LOW,2.2308763490177954,2.2308763490177954,2024-10-22 15:44:23.420677
33,FCU_003,FCU,2025-04-12 11:47:02.450745,Coil fouling,1,LOW,1.8043534344648726,1.8043534344648726,2025-04-12 13:35:18.123109
33,FCU_026,FCU,2025-05-15 13:06:03.167044,Coil fouling,1,LOW,1.9962918265082767,1.9962918265082767,2025-05-15 15:05:49.817619
33,FCU_009,FCU,2025-05-21 12:12:33.438058,Filter blockage,1,LOW,0.7895010474472665,0.7895010474472665,2025-05-21 12:59:55.641829
34,FCU_014,FCU,2024-06-29 15:42:39.738742,Fan motor failure,2,MEDIUM,4.248760861996556,4.248760861996556,2024-06-29 19:57:35.277845
34,FCU_045,FCU,2024-07-04 21:37:25.940760,Coil fouling,1,LOW,1.8146549969432122,1.8146549969432122,2024-07-04 23:26:18.698749
34,FCU_032,FCU,2024-08-31 19:37:29.718532,Filter blockage,1,LOW,0.6183829594153883,0.6183829594153883,2024-08-31 20:14:35.897186
34,FCU_013,FCU,2024-10-05 22:37:32.684210,Fan motor failure,2,MEDIUM,4.473037147016003,4.473037147016003,2024-10-06 03:05:55.617939
34,FCU_031,FCU,2025-03-18 22:47:04.433049,Fan motor failure,2,MEDIUM,2.272460959741981,2.272460959741981,2025-03-19 01:03:25.292504
34,FCU_050,FCU,2025-04-19 01:59:31.452299,Filter blockage,1,LOW,0.7556160708180878,0.7556160708180878,2025-04-19 02:44:51.670154
35,FCU_049,FCU,2023-10-15 04:53:41.049679,Fan motor failure,2,MEDIUM,3.255629136183239,3.255629136183239,2023-10-15 08:09:01.314569
35,FCU_002,FCU,2024-11-15 12:17:38.743076,Thermostat failure,1,LOW,2.5275443613303095,2.5275443613303095,2024-11-15 14:49:17.902777
36,FCU_048,FCU,2024-12-31 18:27:19.299450,Filter blockage,1,LOW,1.3523272903649641,1.3523272903649641,2024-12-31 19:48:27.677695
37,FCU_022,FCU,2024-05-30 10:25:55.419168,Coil fouling,1,LOW,2.5283488493118846,2.5283488493118846,2024-05-30 12:57:37.475026
37,FCU_036,FCU,2024-07-30 05:39:22.125625,Filter blockage,1,LOW,0.7801652006990454,0.7801652006990454,2024-07-30 06:26:10.720348
37,FCU_030,FCU,2024-12-15 10:47:16.672118,Coil fouling,1,LOW,3.316804191036056,3.316804191036056,2024-12-15 14:06:17.167206
37,FCU_024,FCU,2025-01-05 03:41:00.975878,Fan motor failure,2,MEDIUM,5.208279932022912,5.208279932022912,2025-01-05 08:53:30.783633
37,FCU_042,FCU,2025-03-07 18:42:56.979611,Fan motor failure,2,MEDIUM,2.885682925162118,2.885682925162118,2025-03-07 21:36:05.438142
37,FCU_008,FCU,2025-03-30 21:33:36.045831,Filter blockage,1,LOW,0.8767910353122901,0.8767910353122901,2025-03-30 22:26:12.493558
37,FCU_046,FCU,2025-04-25 04:22:06.497684,Valve actuator,2,MEDIUM,2.813070114837283,2.813070114837283,2025-04-25 07:10:53.550097
38,FCU_046,FCU,2024-05-21 14:59:43.731781,Fan motor failure,2,MEDIUM,3.7896956216548663,3.7896956216548663,2024-05-21 18:47:06.636019
38,HWP_001,HW_Pump,2024-06-01 05:36:11.389057,Motor overheating,3,HIGH,4.482930779388596,4.482930779388596,2024-06-01 10:05:09.939863
38,FCU_003,FCU,2025-05-25 19:33:31.656927,Fan motor failure,2,MEDIUM,4.697585187521192,4.697585187521192,2025-05-26 00:15:22.963602
39,FCU_008,FCU,2024-05-25 10:42:56.908175,Coil fouling,1,LOW,1.348893579715629,1.348893579715629,2024-05-25 12:03:52.925062
39,FCU_034,FCU,2024-10-12 09:42:15.119348,Thermostat failure,1,LOW,2.2120110233079675,2.2120110233079675,2024-10-12 11:54:58.359032
40,FCU_025,FCU,2024-10-27 03:09:16.006379,Coil fouling,1,LOW,1.5222385761676434,1.5222385761676434,2024-10-27 04:40:36.065253
40,HWP_002,HW_Pump,2025-02-09 08:40:24.480720,Bearing wear,3,HIGH,9.13572525373531,9.13572525373531,2025-02-09 17:48:33.091633
41,HWP_002,HW_Pump,2024-12-09 10:38:58.578560,Seal leakage,2,MEDIUM,5.015143327411307,5.015143327411307,2024-12-09 15:39:53.094539
41,FCU_042,FCU,2025-04-23 04:25:08.283451,Thermostat failure,1,LOW,1.8380127110601163,1.8380127110601163,2025-04-23 06:15:25.129211
41,HP_002,HeatPump,2025-04-27 21:18:52.444404,Compressor degradation,4,CRITICAL,12.695859890764693,12.695859890764693,2025-04-28 10:00:37.540011
42,FCU_014,FCU,2024-08-26 16:47:59.524977,Thermostat failure,1,LOW,2.0989064202867485,2.0989064202867485,2024-08-26 18:53:55.588090
42,FCU_009,FCU,2024-12-10 09:25:54.815879,Valve actuator,2,MEDIUM,3.7742871332388455,3.7742871332388455,2024-12-10 13:12:22.249559
42,FCU_001,FCU,2025-02-13 16:45:40.914310,Filter blockage,1,LOW,1.0914649378868417,1.0914649378868417,2025-02-13 17:51:10.188086
42,HP_001,HeatPump,2025-03-04 18:10:16.926606,Refrigerant leak,3,HIGH,8.262316185487588,8.262316185487588,2025-03-05 02:26:01.264874
42,CHWP_003,CHW_Pump,2025-05-08 15:39:26.548096,Impeller damage,4,CRITICAL,11.944919198961538,11.944919198961538,2025-05-09 03:36:08.257212
43,FCU_023,FCU,2024-10-09 09:30:56.848234,Thermostat failure,1,LOW,2.9053030552035843,2.9053030552035843,2024-10-09 12:25:15.939233
43,FCU_008,FCU,2025-05-17 05:45:46.192747,Valve actuator,2,MEDIUM,2.246447951456224,2.246447951456224,2025-05-17 08:00:33.405372
44,FCU_006,FCU,2024-02-25 15:51:10.786623,Filter blockage,1,LOW,0.6460910338727847,0.6460910338727847,2024-02-25 16:29:56.714345
44,FCU_046,FCU,2024-03-14 06:11:17.920074,Coil fouling,1,LOW,1.834900943317036,1.834900943317036,2024-03-14 08:01:23.563470
44,FCU_047,FCU,2024-03-28 19:08:42.287209,Thermostat failure,1,LOW,1.600457649889358,1.600457649889358,2024-03-28 20:44:43.934749
44,FCU_001,FCU,2024-08-01 10:02:58.166563,Coil fouling,1,LOW,2.3192222269368385,2.3192222269368385,2024-08-01 12:22:07.366580
44,FCU_040,FCU,2024-12-21 09:27:21.754375,Coil fouling,1,LOW,1.4267275798035746,1.4267275798035746,2024-12-21 10:52:57.973662
45,FCU_008,FCU,2024-05-21 19:11:51.407765,Valve actuator,2,MEDIUM,2.623345974745419,2.623345974745419,2024-05-21 21:49:15.453274
45,FCU_040,FCU,2025-05-16 20:05:40.657787,Fan motor failure,2,MEDIUM,3.05409896737717,3.05409896737717,2025-05-16 23:08:55.414070
46,FCU_026,FCU,2024-02-15 12:00:02.626772,Valve actuator,2,MEDIUM,2.4572545894917144,2.4572545894917144,2024-02-15 14:27:28.743294
46,HP_001,HeatPump,2024-05-30 17:06:23.704130,Compressor degradation,4,CRITICAL,8.990180009111304,8.990180009111304,2024-05-31 02:05:48.352163
46,FCU_037,FCU,2024-06-19 17:18:57.803745,Fan motor failure,2,MEDIUM,3.439224119697288,3.439224119697288,2024-06-19 20:45:19.010576
46,FCU_009,FCU,2024-12-25 18:08:43.435814,Filter blockage,1,LOW,1.706400072882607,1.706400072882607,2024-12-25 19:51:06.476076
46,FCU_023,FCU,2025-01-31 04:30:27.793347,Filter blockage,1,LOW,1.091261723733537,1.091261723733537,2025-01-31 05:35:56.335552
46,FCU_047,FCU,2025-02-12 22:36:15.351728,Valve actuator,2,MEDIUM,3.6986581850460354,3.6986581850460354,2025-02-13 02:18:10.521194
46,FCU_022,FCU,2025-02-23 05:23:13.727776,Coil fouling,1,LOW,2.4583079184900094,2.4583079184900094,2025-02-23 07:50:43.636283
46,FCU_003,FCU,2025-05-22 03:18:25.762074,Thermostat failure,1,LOW,2.1393916298704214,2.1393916298704214,2025-05-22 05:26:47.571942
47,HWP_002,HW_Pump,2023-10-07 19:22:32.015292,Impeller damage,4,CRITICAL,11.811111848707151,11.811111848707151,2023-10-08 07:11:12.017947
47,FCU_046,FCU,2024-04-03 23:43:34.130262,Thermostat failure,1,LOW,2.966376148832866,2.966376148832866,2024-04-04 02:41:33.084398
47,FCU_014,FCU,2024-06-03 00:30:23.063364,Coil fouling,1,LOW,1.8639731150432373,1.8639731150432373,2024-06-03 02:22:13.366578
47,FCU_048,FCU,2025-03-28 05:29:05.113523,Fan motor failure,2,MEDIUM,3.498375312045526,3.498375312045526,2025-03-28 08:58:59.264646
47,FCU_040,FCU,2025-05-21 16:14:46.414097,Coil fouling,1,LOW,2.7526938480347,2.7526938480347,2025-05-21 18:59:56.111950
48,FCU_018,FCU,2023-11-25 03:45:28.689367,Coil fouling,1,LOW,1.9293186177803303,1.9293186177803303,2023-11-25 05:41:14.236391
48,FCU_040,FCU,2024-12-06 13:12:57.515077,Filter blockage,1,LOW,1.224008407371663,1.224008407371663,2024-12-06 14:26:23.945344
48,FCU_021,FCU,2025-02-08 09:57:15.226220,Fan motor failure,2,MEDIUM,3.446601004921208,3.446601004921208,2025-02-08 13:24:02.989838
48,CT_001,CoolingTower,2025-03-02 12:53:49.667996,Fill media degradation,2,MEDIUM,7.165012330526329,7.165012330526329,2025-03-02 20:03:43.712386
49,FCU_036,FCU,2024-08-25 11:22:21.576652,Coil fouling,1,LOW,1.3682911993060551,1.3682911993060551,2024-08-25 12:44:27.424970
49,FCU_013,FCU,2024-11-12 19:57:41.412218,Coil fouling,1,LOW,1.729451410149172,1.729451410149172,2024-11-12 21:41:27.437295
49,FCU_031,FCU,2025-01-13 22:43:14.169703,Fan motor failure,2,MEDIUM,4.467111037373137,4.467111037373137,2025-01-14 03:11:15.769438
50,CHWP_002,CHW_Pump,2024-08-06 14:25:58.979554,Impeller damage,4,CRITICAL,10.96909147281055,10.96909147281055,2024-08-07 01:24:07.708856
50,FCU_002,FCU,2024-08-26 02:04:36.648831,Filter blockage,1,LOW,0.7138204448530594,0.7138204448530594,2024-08-26 02:47:26.402432
50,FCU_035,FCU,2024-10-14 10:01:24.122691,Coil fouling,1,LOW,1.8506444222640106,1.8506444222640106,2024-10-14 11:52:26.442611
50,FCU_009,FCU,2025-05-01 07:17:38.962243,Filter blockage,1,LOW,1.3972721989339927,1.3972721989339927,2025-05-01 08:41:29.142159
50,HP_002,HeatPump,2025-05-24 12:23:51.371015,Heat exchanger fouling,2,MEDIUM,5.433323910618524,5.433323910618524,2025-05-24 17:49:51.337093
51,HWP_001,HW_Pump,2023-12-22 14:17:34.877337,Impeller damage,4,CRITICAL,12.970082473903597,12.970082473903597,2023-12-23 03:15:47.174243
51,FCU_003,FCU,2024-05-02 04:09:39.274411,Fan motor failure,2,MEDIUM,3.1735767678657023,3.1735767678657023,2024-05-02 07:20:04.150775
51,FCU_043,FCU,2024-05-27 04:27:50.295586,Filter blockage,1,LOW,0.8868490108051778,0.8868490108051778,2024-05-27 05:21:02.952025
51,FCU_019,FCU,2024-06-14 12:54:18.526277,Fan motor failure,2,MEDIUM,4.209981100545244,4.209981100545244,2024-06-14 17:06:54.458239
51,FCU_024,FCU,2024-09-16 08:26:40.775824,Valve actuator,2,MEDIUM,1.7454188847549426,1.7454188847549426,2024-09-16 10:11:24.283809
51,FCU_026,FCU,2024-09-25 03:15:55.984648,Filter blockage,1,LOW,0.6251229560493758,0.6251229560493758,2024-09-25 03:53:26.427290
51,FCU_007,FCU,2024-10-23 12:17:26.747286,Thermostat failure,1,LOW,1.8790543025982152,1.8790543025982152,2024-10-23 14:10:11.342775
51,FCU_008,FCU,2025-05-04 05:22:30.256102,Coil fouling,1,LOW,2.214923700397394,2.214923700397394,2025-05-04 07:35:23.981423
52,HP_001,HeatPump,2023-07-20 21:05:10.378741,Control valve failure,3,HIGH,1.853365915687358,1.853365915687358,2023-07-20 22:56:22.496037
52,FCU_030,FCU,2023-08-28 03:30:45.406176,Filter blockage,1,LOW,1.5087345547531017,1.5087345547531017,2023-08-28 05:01:16.850573
52,FCU_028,FCU,2024-08-18 17:20:02.996468,Fan motor failure,2,MEDIUM,3.830497053346285,3.830497053346285,2024-08-18 21:09:52.785860
52,FCU_035,FCU,2025-01-31 02:56:32.165255,Fan motor failure,2,MEDIUM,3.335316661422046,3.335316661422046,2025-01-31 06:16:39.305236
52,FCU_012,FCU,2025-04-21 04:26:08.177039,Thermostat failure,1,LOW,2.1335822929938413,2.1335822929938413,2025-04-21 06:34:09.073294
53,FCU_038,FCU,2024-09-27 18:25:02.938443,Valve actuator,2,MEDIUM,1.633791741637998,1.633791741637998,2024-09-27 20:03:04.588713
53,FCU_017,FCU,2024-10-14 17:11:03.523697,Coil fouling,1,LOW,2.928861552900768,2.928861552900768,2024-10-14 20:06:47.425287
54,FCU_005,FCU,2024-05-23 23:29:18.816049,Valve actuator,2,MEDIUM,4.400914397268113,4.400914397268113,2024-05-24 03:53:22.107879
54,FCU_028,FCU,2024-07-03 09:44:48.116967,Filter blockage,1,LOW,0.9361082416562955,0.9361082416562955,2024-07-03 10:40:58.106637
54,FCU_040,FCU,2025-03-27 21:48:38.164353,Fan motor failure,2,MEDIUM,3.464467177735041,3.464467177735041,2025-03-28 01:16:30.246193
54,FCU_020,FCU,2025-05-27 08:22:16.048234,Filter blockage,1,LOW,0.9654561210943832,0.9654561210943832,2025-05-27 09:20:11.690270
55,FCU_024,FCU,2024-11-15 13:13:00.440568,Coil fouling,1,LOW,2.147600363477657,2.147600363477657,2024-11-15 15:21:51.801877
56,CHWP_001,CHW_Pump,2025-01-15 20:39:07.554131,Bearing wear,3,HIGH,10.510277482022826,10.510277482022826,2025-01-16 07:09:44.553066
56,FCU_023,FCU,2025-03-15 00:46:35.448501,Valve actuator,2,MEDIUM,2.7074757407095267,2.7074757407095267,2025-03-15 03:29:02.361168
56,FCU_025,FCU,2025-05-13 07:01:19.181448,Fan motor failure,2,MEDIUM,4.034754287646368,4.034754287646368,2025-05-13 11:03:24.296884
57,FCU_017,FCU,2024-01-24 01:42:30.771104,Thermostat failure,1,LOW,2.1527356592850375,2.1527356592850375,2024-01-24 03:51:40.619477
57,CHWP_001,CHW_Pump,2024-02-19 11:27:23.370230,Impeller damage,4,CRITICAL,10.242326561732682,10.242326561732682,2024-02-19 21:41:55.745852
57,FCU_011,FCU,2025-02-23 02:56:35.880984,Coil fouling,1,LOW,1.2022199479050855,1.2022199479050855,2025-02-23 04:08:43.872796
58,FCU_019,FCU,2024-11-26 15:41:01.739054,Valve actuator,2,MEDIUM,3.0206615533698655,3.0206615533698655,2024-11-26 18:42:16.120646
58,FCU_044,FCU,2025-02-21 07:48:40.152536,Fan motor failure,2,MEDIUM,3.945006767038154,3.945006767038154,2025-02-21 11:45:22.176897
58,FCU_034,FCU,2025-03-21 06:33:47.383232,Fan motor failure,2,MEDIUM,5.232577719704228,5.232577719704228,2025-03-21 11:47:44.663023
58,FCU_018,FCU,2025-04-22 21:14:23.965718,Fan motor failure,2,MEDIUM,5.725283047137796,5.725283047137796,2025-04-23 02:57:54.984688
59,HP_001,HeatPump,2024-01-21 15:39:14.948220,Control valve failure,3,HIGH,2.2986211107170695,2.2986211107170695,2024-01-21 17:57:09.984219
59,FCU_002,FCU,2024-03-31 09:12:37.476242,Valve actuator,2,MEDIUM,4.414055128216575,4.414055128216575,2024-03-31 13:37:28.074704
60,FCU_015,FCU,2024-01-17 03:40:02.748079,Coil fouling,1,LOW,1.4835159490468615,1.4835159490468615,2024-01-17 05:09:03.405496
60,HWP_002,HW_Pump,2024-04-08 08:01:48.045333,Bearing wear,3,HIGH,10.93054024446561,10.93054024446561,2024-04-08 18:57:37.990213
60,HP_002,HeatPump,2024-05-03 12:39:25.307287,Refrigerant leak,3,HIGH,8.21185487283597,8.21185487283597,2024-05-03 20:52:07.984829
60,CHWP_002,CHW_Pump,2024-08-21 07:46:12.904234,Bearing wear,3,HIGH,7.052572981217963,7.052572981217963,2024-08-21 14:49:22.166966
60,FCU_022,FCU,2024-10-03 12:41:11.033178,Filter blockage,1,LOW,1.5550319530398453,1.5550319530398453,2024-10-03 14:14:29.148209
60,FCU_047,FCU,2025-02-28 13:28:09.513501,Coil fouling,1,LOW,1.5465104030695338,1.5465104030695338,2025-02-28 15:00:56.950952
61,CHWP_001,CHW_Pump,2023-08-31 03:22:48.347532,Impeller damage,4,CRITICAL,11.565601087093354,11.565601087093354,2023-08-31 14:56:44.511446
61,FCU_031,FCU,2024-04-05 07:18:18.493401,Filter blockage,1,LOW,0.8840449926835354,0.8840449926835354,2024-04-05 08:11:21.055375
61,CHWP_003,CHW_Pump,2024-07-27 03:03:12.718787,Bearing wear,3,HIGH,8.232417895558674,8.232417895558674,2024-07-27 11:17:09.423211
61,FCU_040,FCU,2024-09-28 06:38:03.428888,Fan motor failure,2,MEDIUM,5.457306346747003,5.457306346747003,2024-09-28 12:05:29.731736
61,FCU_047,FCU,2024-10-12 09:02:29.767456,Thermostat failure,1,LOW,2.3406431583698883,2.3406431583698883,2024-10-12 11:22:56.082826
61,FCU_027,FCU,2025-03-06 12:17:45.119439,Coil fouling,1,LOW,1.8173777657073085,1.8173777657073085,2025-03-06 14:06:47.679396
61,FCU_036,FCU,2025-05-16 06:18:26.095865,Thermostat failure,1,LOW,1.9483587681493868,1.9483587681493868,2025-05-16 08:15:20.187430
62,CHWP_001,CHW_Pump,2024-04-28 05:49:39.390187,Bearing wear,3,HIGH,8.175887057955743,8.175887057955743,2024-04-28 14:00:12.583596
62,FCU_047,FCU,2024-11-06 20:04:03.363929,Coil fouling,1,LOW,2.1873437543601386,2.1873437543601386,2024-11-06 22:15:17.801445
62,FCU_040,FCU,2025-03-19 20:56:05.355265,Filter blockage,1,LOW,1.3251037357076718,1.3251037357076718,2025-03-19 22:15:35.728714
62,FCU_042,FCU,2025-03-22 13:12:31.317707,Thermostat failure,1,LOW,3.368552026167757,3.368552026167757,2025-03-22 16:34:38.105001
62,FCU_019,FCU,2025-05-03 13:39:41.250450,Fan motor failure,2,MEDIUM,4.325783775595876,4.325783775595876,2025-05-03 17:59:14.072042
62,FCU_048,FCU,2025-05-21 14:12:12.540008,Fan motor failure,2,MEDIUM,4.97335785125974,4.97335785125974,2025-05-21 19:10:36.628273
63,FCU_005,FCU,2024-11-23 11:16:12.844006,Filter blockage,1,LOW,0.6898421467990853,0.6898421467990853,2024-11-23 11:57:36.275734
64,FCU_005,FCU,2024-03-11 14:44:02.601531,Fan motor failure,2,MEDIUM,3.9581515230265727,3.9581515230265727,2024-03-11 18:41:31.947014
64,FCU_014,FCU,2024-10-31 08:01:44.108252,Filter blockage,1,LOW,1.2954425165361925,1.2954425165361925,2024-10-31 09:19:27.701312
64,FCU_048,FCU,2024-12-21 18:35:50.428722,Thermostat failure,1,LOW,1.5927876581202507,1.5927876581202507,2024-12-21 20:11:24.464291
65,HWP_001,HW_Pump,2025-01-10 03:34:55.197821,Bearing wear,3,HIGH,5.3316219535558576,5.3316219535558576,2025-01-10 08:54:49.036854
66,FCU_040,FCU,2024-08-16 11:10:39.163824,Filter blockage,1,LOW,1.296080149594404,1.296080149594404,2024-08-16 12:28:25.052363
66,FCU_039,FCU,2024-09-27 06:53:59.160057,Coil fouling,1,LOW,1.758379862324932,1.758379862324932,2024-09-27 08:39:29.327561
66,FCU_017,FCU,2024-12-15 10:55:51.329891,Valve actuator,2,MEDIUM,3.4503191926030277,3.4503191926030277,2024-12-15 14:22:52.478984
66,FCU_025,FCU,2024-12-17 14:29:47.268391,Valve actuator,2,MEDIUM,2.8043033581836845,2.8043033581836845,2024-12-17 17:18:02.760480
66,FCU_024,FCU,2025-01-26 22:43:06.885332,Thermostat failure,1,LOW,1.4141020799585864,1.4141020799585864,2025-01-27 00:07:57.652820
66,FCU_044,FCU,2025-02-01 18:43:18.053814,Filter blockage,1,LOW,1.8559058090550609,1.8559058090550609,2025-02-01 20:34:39.314727
66,FCU_026,FCU,2025-02-13 03:29:53.891783,Coil fouling,1,LOW,2.3031124442201465,2.3031124442201465,2025-02-13 05:48:05.096582
66,FCU_032,FCU,2025-04-06 00:53:28.066456,Coil fouling,1,LOW,1.8983612741159355,1.8983612741159355,2025-04-06 02:47:22.167043
67,HWP_002,HW_Pump,2023-03-08 13:00:20.224080,VFD malfunction,2,MEDIUM,4.610218905890973,4.610218905890973,2023-03-08 17:36:57.012141
67,FCU_027,FCU,2024-04-03 14:08:11.406138,Thermostat failure,1,LOW,2.1237248446050936,2.1237248446050936,2024-04-03 16:15:36.815579
67,FCU_004,FCU,2024-08-08 23:46:28.116071,Fan motor failure,2,MEDIUM,5.96591405716543,5.96591405716543,2024-08-09 05:44:25.406677
67,FCU_048,FCU,2024-10-06 20:32:00.659716,Coil fouling,1,LOW,1.7038011514210036,1.7038011514210036,2024-10-06 22:14:14.343861
68,FCU_034,FCU,2024-04-23 03:15:22.892090,Fan motor failure,2,MEDIUM,3.8902068771876173,3.8902068771876173,2024-04-23 07:08:47.636848
68,FCU_017,FCU,2024-06-03 07:46:59.965114,Filter blockage,1,LOW,1.0660765027428118,1.0660765027428118,2024-06-03 08:50:57.840524
68,CT_001,CoolingTower,2024-09-22 22:35:39.132987,Drift eliminator damage,2,MEDIUM,3.3478589261555136,3.3478589261555136,2024-09-23 01:56:31.425121
68,FCU_045,FCU,2024-12-29 09:11:10.597384,Filter blockage,1,LOW,1.0942306933357133,1.0942306933357133,2024-12-29 10:16:49.827880
68,FCU_019,FCU,2025-01-10 13:15:54.633428,Coil fouling,1,LOW,2.808859500396044,2.808859500396044,2025-01-10 16:04:26.527629
68,HP_002,HeatPump,2025-05-19 03:57:34.382693,Compressor degradation,4,CRITICAL,8.307322562574464,8.307322562574464,2025-05-19 12:16:00.743918
69,FCU_042,FCU,2024-04-20 21:54:22.257403,Thermostat failure,1,LOW,2.355269967577202,2.355269967577202,2024-04-21 00:15:41.229286
69,FCU_032,FCU,2024-05-05 14:43:29.572991,Fan motor failure,2,MEDIUM,3.211028463147469,3.211028463147469,2024-05-05 17:56:09.275458
69,FCU_008,FCU,2024-11-25 23:18:36.686530,Coil fouling,1,LOW,2.0707079101409875,2.0707079101409875,2024-11-26 01:22:51.235007
69,FCU_050,FCU,2025-03-07 04:33:45.351529,Fan motor failure,2,MEDIUM,5.493104029582916,5.493104029582916,2025-03-07 10:03:20.526035
69,FCU_012,FCU,2025-04-23 08:33:30.220021,Coil fouling,1,LOW,1.933536743831689,1.933536743831689,2025-04-23 10:29:30.952299
69,FCU_037,FCU,2025-05-20 07:31:57.681343,Coil fouling,1,LOW,2.0171307398049683,2.0171307398049683,2025-05-20 09:32:59.352006
70,FCU_006,FCU,2024-05-14 18:24:02.275707,Coil fouling,1,LOW,1.981371918344017,1.981371918344017,2024-05-14 20:22:55.214613
70,FCU_021,FCU,2024-09-12 13:10:36.807039,Coil fouling,1,LOW,2.5595390167179324,2.5595390167179324,2024-09-12 15:44:11.147499
70,FCU_034,FCU,2024-11-05 20:20:43.715168,Filter blockage,1,LOW,0.915023007411359,0.915023007411359,2024-11-05 21:15:37.797995
70,HWP_001,HW_Pump,2024-11-22 05:55:37.135586,Bearing wear,3,HIGH,9.20099767206103,9.20099767206103,2024-11-22 15:07:40.727205
70,HWP_002,HW_Pump,2024-11-27 16:21:26.958516,Seal leakage,2,MEDIUM,3.661247564934113,3.661247564934113,2024-11-27 20:01:07.449750
70,FCU_017,FCU,2024-11-28 15:29:36.316122,Coil fouling,1,LOW,1.9113949698695005,1.9113949698695005,2024-11-28 17:24:17.338014
70,FCU_028,FCU,2025-01-29 11:38:19.737297,Filter blockage,1,LOW,1.0200703300437435,1.0200703300437435,2025-01-29 12:39:31.990485
70,CHWP_001,CHW_Pump,2025-02-27 18:45:11.025680,Bearing wear,3,HIGH,8.067696092800709,8.067696092800709,2025-02-28 02:49:14.731614
70,FCU_004,FCU,2025-03-15 10:47:10.551224,Fan motor failure,2,MEDIUM,4.156239073946512,4.156239073946512,2025-03-15 14:56:33.011890
70,HP_001,HeatPump,2025-03-20 10:52:11.266896,Compressor degradation,4,CRITICAL,17.425208559730617,17.425208559730617,2025-03-21 04:17:42.017711
71,FCU_027,FCU,2025-04-28 19:17:28.422615,Filter blockage,1,LOW,0.9055433751370203,0.9055433751370203,2025-04-28 20:11:48.378765
71,FCU_007,FCU,2025-05-26 20:53:23.425089,Fan motor failure,2,MEDIUM,5.110990186727663,5.110990186727663,2025-05-27 02:00:02.989761
72,FCU_009,FCU,2024-08-27 20:31:45.349490,Valve actuator,2,MEDIUM,2.6958610884748455,2.6958610884748455,2024-08-27 23:13:30.449409
72,FCU_023,FCU,2025-04-25 13:37:05.275419,Fan motor failure,2,MEDIUM,2.700856125632766,2.700856125632766,2025-04-25 16:19:08.357471
75,FCU_030,FCU,2025-03-03 08:18:07.067610,Filter blockage,1,LOW,0.8617636164000652,0.8617636164000652,2025-03-03 09:09:49.416629
75,CHWP_002,CHW_Pump,2025-03-13 10:37:27.389192,Seal leakage,2,MEDIUM,5.68363762238926,5.68363762238926,2025-03-13 16:18:28.484633
75,HP_001,HeatPump,2025-05-05 04:48:18.566574,Control valve failure,3,HIGH,3.8207988635018046,3.8207988635018046,2025-05-05 08:37:33.442483
76,FCU_027,FCU,2024-12-12 21:34:43.371124,Thermostat failure,1,LOW,1.712841102496409,1.712841102496409,2024-12-12 23:17:29.599093
76,FCU_016,FCU,2025-03-31 08:32:58.612871,Filter blockage,1,LOW,1.3455118492978722,1.3455118492978722,2025-03-31 09:53:42.455528
77,HP_002,HeatPump,2024-01-21 19:44:32.457415,Sensor malfunction,1,LOW,2.071615643563617,2.071615643563617,2024-01-21 21:48:50.273732
77,FCU_021,FCU,2024-07-11 15:46:47.179040,Filter blockage,1,LOW,0.5022029742657528,0.5022029742657528,2024-07-11 16:16:55.109747
77,FCU_022,FCU,2024-11-10 10:31:26.331531,Thermostat failure,1,LOW,1.3864506845555526,1.3864506845555526,2024-11-10 11:54:37.553995
77,FCU_028,FCU,2025-01-11 16:18:12.627512,Thermostat failure,1,LOW,2.8242174101136874,2.8242174101136874,2025-01-11 19:07:39.810188
77,FCU_019,FCU,2025-05-07 11:23:42.670461,Valve actuator,2,MEDIUM,2.6837896549778595,2.6837896549778595,2025-05-07 14:04:44.313219
78,HWP_002,HW_Pump,2024-11-04 21:41:59.891157,Seal leakage,2,MEDIUM,6.181767139274762,6.181767139274762,2024-11-05 03:52:54.252858
78,FCU_048,FCU,2024-11-11 00:38:21.107236,Coil fouling,1,LOW,2.2769153094788157,2.2769153094788157,2024-11-11 02:54:58.002350
78,FCU_013,FCU,2025-01-20 10:47:18.222537,Valve actuator,2,MEDIUM,5.172230981073353,5.172230981073353,2025-01-20 15:57:38.254069
79,HP_001,HeatPump,2024-02-17 08:49:32.694141,Heat exchanger fouling,2,MEDIUM,3.9792203420973045,3.9792203420973045,2024-02-17 12:48:17.887373
79,FCU_025,FCU,2024-10-21 04:30:26.236684,Fan motor failure,2,MEDIUM,6.064191362130451,6.064191362130451,2024-10-21 10:34:17.325588
79,FCU_040,FCU,2025-01-22 04:39:33.157437,Coil fouling,1,LOW,2.8050439674908763,2.8050439674908763,2025-01-22 07:27:51.315720
79,FCU_021,FCU,2025-02-21 18:43:51.855182,Coil fouling,1,LOW,2.7258247664227944,2.7258247664227944,2025-02-21 21:27:24.824341
79,HP_002,HeatPump,2025-04-02 19:31:16.580904,Heat exchanger fouling,2,MEDIUM,4.074982913886872,4.074982913886872,2025-04-02 23:35:46.519394
80,FCU_017,FCU,2025-01-28 23:54:20.123150,Valve actuator,2,MEDIUM,3.127835224923949,3.127835224923949,2025-01-29 03:02:00.329960
80,HP_001,HeatPump,2025-04-06 21:30:34.686007,Compressor degradation,4,CRITICAL,11.614060630761529,11.614060630761529,2025-04-07 09:07:25.304278
81,CHWP_001,CHW_Pump,2024-04-30 08:26:59.495234,VFD malfunction,2,MEDIUM,3.426470487357347,3.426470487357347,2024-04-30 11:52:34.788988
81,FCU_042,FCU,2024-05-07 02:20:29.120678,Fan motor failure,2,MEDIUM,3.372100775702099,3.372100775702099,2024-05-07 05:42:48.683471
81,HP_002,HeatPump,2024-08-14 22:55:08.399647,Heat exchanger fouling,2,MEDIUM,5.98928972617359,5.98928972617359,2024-08-15 04:54:29.842661
81,FCU_031,FCU,2024-11-06 03:04:40.024946,Filter blockage,1,LOW,0.8045751656382946,0.8045751656382946,2024-11-06 03:52:56.495542
81,FCU_006,FCU,2024-11-10 00:18:24.014349,Coil fouling,1,LOW,2.223991576834682,2.223991576834682,2024-11-10 02:31:50.384026
81,FCU_032,FCU,2025-01-14 13:09:20.430382,Filter blockage,1,LOW,0.5,0.5,2025-01-14 13:39:20.430382
82,FCU_014,FCU,2024-09-29 09:29:30.961346,Filter blockage,1,LOW,1.0730453149553885,1.0730453149553885,2024-09-29 10:33:53.924480
82,FCU_017,FCU,2024-12-02 22:02:04.832550,Filter blockage,1,LOW,1.1005529599654267,1.1005529599654267,2024-12-02 23:08:06.823206
82,FCU_036,FCU,2024-12-30 17:09:23.154818,Coil fouling,1,LOW,2.100777200788553,2.100777200788553,2024-12-30 19:15:25.952741
82,FCU_013,FCU,2025-01-07 18:41:41.025916,Thermostat failure,1,LOW,2.1820981661858343,2.1820981661858343,2025-01-07 20:52:36.579314
82,FCU_022,FCU,2025-04-02 10:10:40.599295,Coil fouling,1,LOW,2.754374945797471,2.754374945797471,2025-04-02 12:55:56.349100
83,FCU_026,FCU,2023-07-26 17:15:04.552986,Fan motor failure,2,MEDIUM,4.570158154873125,4.570158154873125,2023-07-26 21:49:17.122344
83,FCU_034,FCU,2024-07-27 21:34:56.886321,Filter blockage,1,LOW,1.4909847505541665,1.4909847505541665,2024-07-27 23:04:24.431423
83,FCU_009,FCU,2025-01-27 04:16:20.370169,Valve actuator,2,MEDIUM,5.084786934665414,5.084786934665414,2025-01-27 09:21:25.603134
83,HP_002,HeatPump,2025-02-15 15:03:37.462712,Compressor degradation,4,CRITICAL,13.174719648284679,13.174719648284679,2025-02-16 04:14:06.453446
83,FCU_019,FCU,2025-02-28 18:23:17.520878,Filter blockage,1,LOW,0.9391969744243087,0.9391969744243087,2025-02-28 19:19:38.629986
83,FCU_038,FCU,2025-04-13 16:53:19.639593,Filter blockage,1,LOW,1.2618884783731044,1.2618884783731044,2025-04-13 18:09:02.438115
84,FCU_037,FCU,2024-08-15 01:10:49.830128,Valve actuator,2,MEDIUM,2.864774548808748,2.864774548808748,2024-08-15 04:02:43.018504
84,CHWP_002,CHW_Pump,2025-05-15 00:01:28.632791,Impeller damage,4,CRITICAL,8.033438770298977,8.033438770298977,2025-05-15 08:03:29.012364
85,FCU_006,FCU,2023-06-30 22:20:49.910004,Thermostat failure,1,LOW,2.1233375504470775,2.1233375504470775,2023-07-01 00:28:13.925186
85,FCU_049,FCU,2023-09-27 22:07:56.150553,Coil fouling,1,LOW,2.155734696696659,2.155734696696659,2023-09-28 00:17:16.795461
85,FCU_046,FCU,2024-08-03 13:20:11.460447,Coil fouling,1,LOW,2.6179334415942392,2.6179334415942392,2024-08-03 15:57:16.020837
85,FCU_037,FCU,2024-09-13 04:51:44.109874,Valve actuator,2,MEDIUM,5.434201047538491,5.434201047538491,2024-09-13 10:17:47.233645
85,FCU_009,FCU,2024-12-22 10:09:25.169381,Thermostat failure,1,LOW,1.5742715665372924,1.5742715665372924,2024-12-22 11:43:52.547021
85,FCU_024,FCU,2025-01-30 02:04:20.645565,Filter blockage,1,LOW,0.7850691914074104,0.7850691914074104,2025-01-30 02:51:26.894654
86,FCU_008,FCU,2023-11-27 19:38:12.339775,Fan motor failure,2,MEDIUM,5.168046362351574,5.168046362351574,2023-11-28 00:48:17.306679
86,FCU_016,FCU,2024-05-06 08:25:49.200052,Fan motor failure,2,MEDIUM,6.551355813632827,6.551355813632827,2024-05-06 14:58:54.080981
86,FCU_047,FCU,2024-07-30 17:23:34.599329,Fan motor failure,2,MEDIUM,5.307984708818095,5.307984708818095,2024-07-30 22:42:03.344281
86,FCU_027,FCU,2025-02-18 11:12:25.093153,Coil fouling,1,LOW,1.6340904554892632,1.6340904554892632,2025-02-18 12:50:27.818793
86,FCU_005,FCU,2025-02-20 08:29:54.286672,Valve actuator,2,MEDIUM,2.697567629144069,2.697567629144069,2025-02-20 11:11:45.530137
87,FCU_021,FCU,2024-11-09 21:47:43.828211,Thermostat failure,1,LOW,1.5854526824246857,1.5854526824246857,2024-11-09 23:22:51.457868
88,FCU_012,FCU,2024-03-07 05:48:59.561021,Fan motor failure,2,MEDIUM,4.058430441231349,4.058430441231349,2024-03-07 09:52:29.910609
88,FCU_024,FCU,2024-12-24 15:55:12.580464,Fan motor failure,2,MEDIUM,3.9433652935458268,3.9433652935458268,2024-12-24 19:51:48.695521
88,FCU_044,FCU,2025-01-19 07:44:23.881866,Fan motor failure,2,MEDIUM,5.840685210729326,5.840685210729326,2025-01-19 13:34:50.348625
88,CHWP_003,CHW_Pump,2025-02-21 21:49:23.005516,Seal leakage,2,MEDIUM,5.473001503983047,5.473001503983047,2025-02-22 03:17:45.810930
89,FCU_041,FCU,2024-04-17 07:49:05.612111,Fan motor failure,2,MEDIUM,3.296182833207838,3.296182833207838,2024-04-17 11:06:51.870311
89,HP_002,HeatPump,2024-05-02 06:06:24.428532,Heat exchanger fouling,2,MEDIUM,3.8728976326745617,3.8728976326745617,2024-05-02 09:58:46.860010
89,FCU_029,FCU,2025-03-20 23:27:49.007578,Valve actuator,2,MEDIUM,3.336138107231498,3.336138107231498,2025-03-21 02:47:59.104764
89,FCU_032,FCU,2025-04-21 21:40:10.131695,Fan motor failure,2,MEDIUM,4.212786839990523,4.212786839990523,2025-04-22 01:52:56.164319
90,FCU_005,FCU,2024-03-06 15:09:29.323508,Fan motor failure,2,MEDIUM,3.8294017690217608,3.8294017690217608,2024-03-06 18:59:15.169876
90,FCU_019,FCU,2024-10-20 16:00:59.789679,Fan motor failure,2,MEDIUM,3.341231896447145,3.341231896447145,2024-10-20 19:21:28.224506
91,CT_001,CoolingTower,2024-02-14 14:49:13.329462,Control system fault,3,HIGH,2.5284459708176774,2.5284459708176774,2024-02-14 17:20:55.734957
91,FCU_042,FCU,2024-03-23 04:50:10.832307,Coil fouling,1,LOW,1.9473795612728075,1.9473795612728075,2024-03-23 06:47:01.398728
91,FCU_015,FCU,2024-05-15 08:07:59.703655,Filter blockage,1,LOW,1.6042558627104635,1.6042558627104635,2024-05-15 09:44:15.024761
91,FCU_026,FCU,2024-10-22 05:37:44.207436,Fan motor failure,2,MEDIUM,4.471619647576778,4.471619647576778,2024-10-22 10:06:02.038167
91,FCU_014,FCU,2024-10-28 16:02:29.665164,Valve actuator,2,MEDIUM,1.4362357388229197,1.4362357388229197,2024-10-28 17:28:40.113824
92,FCU_015,FCU,2024-11-26 02:57:06.793911,Fan motor failure,2,MEDIUM,3.1892470457792887,3.1892470457792887,2024-11-26 06:08:28.083276
92,HP_002,HeatPump,2024-12-14 06:00:45.020627,Control valve failure,3,HIGH,2.677692341108737,2.677692341108737,2024-12-14 08:41:24.713055
92,FCU_002,FCU,2025-02-12 18:04:00.981298,Coil fouling,1,LOW,1.6975428628234521,1.6975428628234521,2025-02-12 19:45:52.135604
92,HWP_001,HW_Pump,2025-02-25 16:24:43.064204,Impeller damage,4,CRITICAL,11.39051277917405,11.39051277917405,2025-02-26 03:48:08.910209
92,HWP_002,HW_Pump,2025-04-01 19:15:47.193328,Impeller damage,4,CRITICAL,7.949595396768772,7.949595396768772,2025-04-02 03:12:45.736756
93,CHWP_001,CHW_Pump,2023-06-16 18:55:31.662762,Impeller damage,4,CRITICAL,11.736236947794787,11.736236947794787,2023-06-17 06:39:42.115774
93,FCU_027,FCU,2024-08-01 16:54:01.756131,Valve actuator,2,MEDIUM,4.272684126956113,4.272684126956113,2024-08-01 21:10:23.418988
93,FCU_035,FCU,2024-08-10 21:20:18.308385,Coil fouling,1,LOW,1.1524545735914418,1.1524545735914418,2024-08-10 22:29:27.144850
93,FCU_018,FCU,2025-01-19 20:47:04.032721,Valve actuator,2,MEDIUM,2.1598985300497326,2.1598985300497326,2025-01-19 22:56:39.667429
93,FCU_040,FCU,2025-05-01 04:40:03.729472,Fan motor failure,2,MEDIUM,4.333621317915171,4.333621317915171,2025-05-01 09:00:04.766216
93,FCU_019,FCU,2025-05-08 17:59:52.942853,Valve actuator,2,MEDIUM,2.2341420848279414,2.2341420848279414,2025-05-08 20:13:55.854358
93,FCU_047,FCU,2025-05-11 07:16:22.928680,Coil fouling,1,LOW,2.10547802536014,2.10547802536014,2025-05-11 09:22:42.649571
93,FCU_030,FCU,2025-05-29 09:37:37.691398,Filter blockage,1,LOW,1.1025546317939956,1.1025546317939956,2025-05-29 10:43:46.888072
94,FCU_027,FCU,2024-05-12 03:09:38.829817,Fan motor failure,2,MEDIUM,3.697107004335266,3.697107004335266,2024-05-12 06:51:28.415033
94,FCU_044,FCU,2024-12-12 16:41:14.011260,Fan motor failure,2,MEDIUM,3.884061354656528,3.884061354656528,2024-12-12 20:34:16.632137
94,FCU_043,FCU,2025-03-17 17:47:18.689813,Filter blockage,1,LOW,0.8680156084261598,0.8680156084261598,2025-03-17 18:39:23.546003
94,FCU_049,FCU,2025-04-21 23:13:39.863275,Thermostat failure,1,LOW,2.6277428880477722,2.6277428880477722,2025-04-22 01:51:19.737672
95,HP_001,HeatPump,2024-12-15 05:53:56.449275,Compressor degradation,4,CRITICAL,9.513036609879613,9.513036609879613,2024-12-15 15:24:43.381071
95,FCU_008,FCU,2024-12-26 03:29:54.546806,Coil fouling,1,LOW,2.6440460571084285,2.6440460571084285,2024-12-26 06:08:33.112612
96,FCU_003,FCU,2024-01-28 13:03:37.003481,Coil fouling,1,LOW,2.253612840597141,2.253612840597141,2024-01-28 15:18:50.009707
96,FCU_002,FCU,2024-07-19 20:04:08.704810,Valve actuator,2,MEDIUM,1.9522710270315404,1.9522710270315404,2024-07-19 22:01:16.880507
96,HP_002,HeatPump,2024-10-09 02:05:53.709190,Heat exchanger fouling,2,MEDIUM,4.219381378373096,4.219381378373096,2024-10-09 06:19:03.482152
96,FCU_008,FCU,2025-04-26 02:20:17.308060,Thermostat failure,1,LOW,2.4439517891844607,2.4439517891844607,2025-04-26 04:46:55.534501
96,FCU_036,FCU,2025-05-27 15:55:01.020684,Valve actuator,2,MEDIUM,1.1206193220396148,1.1206193220396148,2025-05-27 17:02:15.250243
97,FCU_044,FCU,2024-11-24 15:07:02.556640,Fan motor failure,2,MEDIUM,5.315717751008363,5.315717751008363,2024-11-24 20:25:59.140544
97,HWP_002,HW_Pump,2025-02-25 10:41:31.960155,Bearing wear,3,HIGH,8.098003496763114,8.098003496763114,2025-02-25 18:47:24.772743
97,FCU_038,FCU,2025-04-20 03:47:06.352456,Fan motor failure,2,MEDIUM,2.6405249061199845,2.6405249061199845,2025-04-20 06:25:32.242118
98,FCU_040,FCU,2024-10-06 11:35:38.134032,Coil fouling,1,LOW,1.4027821807486738,1.4027821807486738,2024-10-06 12:59:48.149883
98,FCU_024,FCU,2025-01-10 00:27:52.461996,Coil fouling,1,LOW,2.3216901098883658,2.3216901098883658,2025-01-10 02:47:10.546392
99,FCU_004,FCU,2023-11-10 21:24:49.768586,Thermostat failure,1,LOW,2.8036107197084297,2.8036107197084297,2023-11-11 00:13:02.767177
99,CT_001,CoolingTower,2024-02-23 22:02:44.896812,Water distribution system,3,HIGH,6.516312398292628,6.516312398292628,2024-02-24 04:33:43.621446
99,FCU_039,FCU,2024-07-06 08:14:54.410651,Fan motor failure,2,MEDIUM,3.3163389216613237,3.3163389216613237,2024-07-06 11:33:53.230769
99,FCU_034,FCU,2024-07-30 14:39:13.336629,Fan motor failure,2,MEDIUM,4.884046683468995,4.884046683468995,2024-07-30 19:32:15.904689
99,FCU_002,FCU,2024-11-29 13:48:31.669398,Fan motor failure,2,MEDIUM,4.828282346666723,4.828282346666723,2024-11-29 18:38:13.485846
99,FCU_007,FCU,2024-12-18 18:42:21.759614,Fan motor failure,2,MEDIUM,4.424967876073395,4.424967876073395,2024-12-18 23:07:51.643968
99,FCU_012,FCU,2024-12-28 06:29:27.507078,Valve actuator,2,MEDIUM,2.322666198560492,2.322666198560492,2024-12-28 08:48:49.105393
99,FCU_038,FCU,2025-04-24 09:30:45.466765,Fan motor failure,2,MEDIUM,3.251232698636824,3.251232698636824,2025-04-24 12:45:49.904480
100,FCU_005,FCU,2023-12-24 21:36:26.053838,Filter blockage,1,LOW,0.6228467850679075,0.6228467850679075,2023-12-24 22:13:48.302264
100,CT_001,CoolingTower,2024-05-26 03:26:49.396425,Water distribution system,3,HIGH,11.094563410343943,11.094563410343943,2024-05-26 14:32:29.824702
100,FCU_019,FCU,2024-11-29 23:45:59.554577,Coil fouling,1,LOW,1.7349085825628379,1.7349085825628379,2024-11-30 01:30:05.225474
100,FCU_024,FCU,2025-03-15 13:28:51.501211,Valve actuator,2,MEDIUM,3.9826924351200677,3.9826924351200677,2025-03-15 17:27:49.193977
100,FCU_020,FCU,2025-05-05 13:40:13.723364,Fan motor failure,2,MEDIUM,3.477719194352422,3.477719194352422,2025-05-05 17:08:53.512464
101,FCU_046,FCU,2024-07-15 01:10:20.927561,Fan motor failure,2,MEDIUM,3.867336431798544,3.867336431798544,2024-07-15 05:02:23.338715
101,HP_001,HeatPump,2024-08-30 12:12:16.120096,Compressor degradation,4,CRITICAL,20.1028505967078,20.1028505967078,2024-08-31 08:18:26.382244
101,FCU_014,FCU,2024-10-22 11:36:50.653802,Coil fouling,1,LOW,2.1052036798518343,2.1052036798518343,2024-10-22 13:43:09.387049
101,FCU_015,FCU,2025-03-18 12:47:43.862653,Fan motor failure,2,MEDIUM,3.7868298833217247,3.7868298833217247,2025-03-18 16:34:56.450233
101,FCU_019,FCU,2025-03-23 02:27:29.678861,Filter blockage,1,LOW,1.8301476681399078,1.8301476681399078,2025-03-23 04:17:18.210466
102,FCU_011,FCU,2024-01-31 01:52:11.867949,Fan motor failure,2,MEDIUM,5.238417413407572,5.238417413407572,2024-01-31 07:06:30.170637
102,FCU_038,FCU,2024-05-07 06:20:02.248686,Filter blockage,1,LOW,1.270788607496056,1.270788607496056,2024-05-07 07:36:17.087673
102,FCU_048,FCU,2025-05-08 01:24:22.804048,Coil fouling,1,LOW,1.8998655472290569,1.8998655472290569,2025-05-08 03:18:22.320018
103,FCU_031,FCU,2024-10-18 06:12:52.515817,Valve actuator,2,MEDIUM,3.6492409180840215,3.6492409180840215,2024-10-18 09:51:49.783122
103,FCU_039,FCU,2024-11-19 22:30:19.728360,Filter blockage,1,LOW,0.9834838157925397,0.9834838157925397,2024-11-19 23:29:20.270097
103,FCU_047,FCU,2025-02-26 19:53:07.286269,Fan motor failure,2,MEDIUM,3.184760604099552,3.184760604099552,2025-02-26 23:04:12.424444
104,FCU_047,FCU,2024-01-24 17:56:01.321031,Valve actuator,2,MEDIUM,1.3614291297019394,1.3614291297019394,2024-01-24 19:17:42.465898
104,FCU_034,FCU,2024-07-20 20:30:13.994420,Valve actuator,2,MEDIUM,4.334878675789049,4.334878675789049,2024-07-21 00:50:19.557653
104,FCU_020,FCU,2024-12-03 23:44:28.505739,Filter blockage,1,LOW,0.9340696901909826,0.9340696901909826,2024-12-04 00:40:31.156624
104,CHWP_002,CHW_Pump,2025-01-01 07:19:04.600580,Impeller damage,4,CRITICAL,11.104941835456936,11.104941835456936,2025-01-01 18:25:22.391188
104,FCU_014,FCU,2025-01-21 03:19:22.992816,Valve actuator,2,MEDIUM,4.687888666163041,4.687888666163041,2025-01-21 08:00:39.392014
105,HWP_002,HW_Pump,2024-01-11 12:31:23.343950,Impeller damage,4,CRITICAL,10.495058364994177,10.495058364994177,2024-01-11 23:01:05.554064
105,FCU_001,FCU,2024-03-14 19:10:30.572378,Fan motor failure,2,MEDIUM,5.421978725970639,5.421978725970639,2024-03-15 00:35:49.695791
105,FCU_007,FCU,2025-05-06 00:35:42.167321,Fan motor failure,2,MEDIUM,5.182595997718849,5.182595997718849,2025-05-06 05:46:39.512913
106,FCU_049,FCU,2024-03-03 12:07:31.824684,Fan motor failure,2,MEDIUM,4.3096731517579,4.3096731517579,2024-03-03 16:26:06.648030
106,FCU_020,FCU,2024-08-12 12:50:14.987751,Coil fouling,1,LOW,1.8967992579403679,1.8967992579403679,2024-08-12 14:44:03.465080
107,FCU_003,FCU,2024-11-01 07:24:29.813896,Coil fouling,1,LOW,1.5597851762041675,1.5597851762041675,2024-11-01 08:58:05.040530
108,FCU_019,FCU,2025-01-02 09:26:05.975527,Filter blockage,1,LOW,0.7538209806189968,0.7538209806189968,2025-01-02 10:11:19.731057
108,FCU_013,FCU,2025-01-19 21:52:15.196132,Thermostat failure,1,LOW,2.1982674652571563,2.1982674652571563,2025-01-20 00:04:08.959007
108,FCU_005,FCU,2025-02-16 04:13:07.548072,Fan motor failure,2,MEDIUM,5.9328549225561655,5.9328549225561655,2025-02-16 10:09:05.825793
108,FCU_018,FCU,2025-04-05 15:57:47.001964,Filter blockage,1,LOW,0.9851916860722494,0.9851916860722494,2025-04-05 16:56:53.692034
108,FCU_050,FCU,2025-05-08 05:42:35.228171,Fan motor failure,2,MEDIUM,3.194084074540268,3.194084074540268,2025-05-08 08:54:13.930839
108,FCU_022,FCU,2025-05-21 15:40:59.810264,Coil fouling,1,LOW,1.6427669437304226,1.6427669437304226,2025-05-21 17:19:33.771261
109,HP_002,HeatPump,2023-11-16 22:32:13.366589,Heat exchanger fouling,2,MEDIUM,4.908534904249925,4.908534904249925,2023-11-17 03:26:44.092244
109,FCU_018,FCU,2024-03-15 22:54:12.334800,Coil fouling,1,LOW,2.7798330147699626,2.7798330147699626,2024-03-16 01:40:59.733653
109,FCU_040,FCU,2024-05-05 10:24:51.592419,Fan motor failure,2,MEDIUM,3.6330550811367197,3.6330550811367197,2024-05-05 14:02:50.590711
109,FCU_013,FCU,2025-02-04 02:28:30.578986,Valve actuator,2,MEDIUM,2.4454897300434286,2.4454897300434286,2025-02-04 04:55:14.342014
109,FCU_020,FCU,2025-05-03 23:44:45.402864,Coil fouling,1,LOW,2.3661124194539247,2.3661124194539247,2025-05-04 02:06:43.407574
109,FCU_030,FCU,2025-05-26 10:17:18.398863,Coil fouling,1,LOW,2.559700423164291,2.559700423164291,2025-05-26 12:50:53.320386
110,FCU_011,FCU,2024-08-12 06:39:59.795343,Coil fouling,1,LOW,1.0969781749818788,1.0969781749818788,2024-08-12 07:45:48.916773
110,HP_001,HeatPump,2024-10-27 18:54:14.059122,Control valve failure,3,HIGH,4.160768325339111,4.160768325339111,2024-10-27 23:03:52.825093
110,FCU_009,FCU,2024-12-29 21:16:32.014505,Coil fouling,1,LOW,2.8382869905045087,2.8382869905045087,2024-12-30 00:06:49.847671
110,FCU_047,FCU,2025-02-05 01:24:45.102670,Valve actuator,2,MEDIUM,3.67988349927196,3.67988349927196,2025-02-05 05:05:32.683267
110,FCU_024,FCU,2025-04-01 05:56:32.104856,Fan motor failure,2,MEDIUM,3.2203675605230515,3.2203675605230515,2025-04-01 09:09:45.428074
111,FCU_033,FCU,2024-04-28 03:47:55.810375,Fan motor failure,2,MEDIUM,4.503614031243938,4.503614031243938,2024-04-28 08:18:08.820887
111,FCU_001,FCU,2024-06-24 15:01:21.295000,Valve actuator,2,MEDIUM,3.415947292349266,3.415947292349266,2024-06-24 18:26:18.705252
112,FCU_025,FCU,2023-07-31 19:39:54.676218,Coil fouling,1,LOW,1.5667670193694239,1.5667670193694239,2023-07-31 21:13:55.037488
112,FCU_012,FCU,2023-12-28 00:13:53.646210,Fan motor failure,2,MEDIUM,3.1648704001444976,3.1648704001444976,2023-12-28 03:23:47.179651
112,FCU_049,FCU,2024-12-10 19:04:30.225702,Fan motor failure,2,MEDIUM,5.599912315395013,5.599912315395013,2024-12-11 00:40:29.910037
112,HWP_002,HW_Pump,2025-01-16 04:52:30.337439,Seal leakage,2,MEDIUM,2.0352834786713583,2.0352834786713583,2025-01-16 06:54:37.357962
112,FCU_039,FCU,2025-03-07 05:09:34.699360,Fan motor failure,2,MEDIUM,3.140243755966366,3.140243755966366,2025-03-07 08:17:59.576881
113,HWP_001,HW_Pump,2023-04-27 01:41:12.624860,Seal leakage,2,MEDIUM,3.0949708576885158,3.0949708576885158,2023-04-27 04:46:54.519948
113,FCU_050,FCU,2024-03-18 15:51:37.709616,Thermostat failure,1,LOW,1.6346686216030784,1.6346686216030784,2024-03-18 17:29:42.516654
113,FCU_042,FCU,2024-04-14 21:09:13.123220,Valve actuator,2,MEDIUM,2.2289665173370508,2.2289665173370508,2024-04-14 23:22:57.402682
113,FCU_014,FCU,2025-03-24 16:26:37.953608,Filter blockage,1,LOW,0.8738490845531499,0.8738490845531499,2025-03-24 17:19:03.810312
113,FCU_015,FCU,2025-04-14 06:14:45.815270,Fan motor failure,2,MEDIUM,3.6066398544808704,3.6066398544808704,2025-04-14 09:51:09.718746
114,FCU_006,FCU,2023-12-14 00:50:38.618570,Filter blockage,1,LOW,1.015092211151006,1.015092211151006,2023-12-14 01:51:32.950530
114,CHWP_001,CHW_Pump,2024-01-25 03:30:25.367042,Impeller damage,4,CRITICAL,8.591169930260024,8.591169930260024,2024-01-25 12:05:53.578791
114,FCU_022,FCU,2024-06-11 15:19:11.392998,Thermostat failure,1,LOW,1.279221973956628,1.279221973956628,2024-06-11 16:35:56.592104
114,FCU_034,FCU,2025-04-20 17:39:22.852382,Coil fouling,1,LOW,1.780304271884277,1.780304271884277,2025-04-20 19:26:11.947761
115,FCU_021,FCU,2024-07-22 05:34:58.009933,Fan motor failure,2,MEDIUM,3.355874508416533,3.355874508416533,2024-07-22 08:56:19.158163
115,HWP_001,HW_Pump,2025-01-29 11:33:05.880959,Bearing wear,3,HIGH,7.845631060780542,7.845631060780542,2025-01-29 19:23:50.152778
116,FCU_012,FCU,2024-04-17 19:39:27.017415,Fan motor failure,2,MEDIUM,4.343483147590453,4.343483147590453,2024-04-18 00:00:03.556746
116,FCU_001,FCU,2024-11-04 03:40:37.582734,Filter blockage,1,LOW,1.2698177384075484,1.2698177384075484,2024-11-04 04:56:48.926592
116,FCU_034,FCU,2025-02-26 20:26:58.669988,Fan motor failure,2,MEDIUM,4.242041055339048,4.242041055339048,2025-02-27 00:41:30.017787
116,HP_002,HeatPump,2025-05-12 02:42:27.032930,Refrigerant leak,3,HIGH,7.186126364334732,7.186126364334732,2025-05-12 09:53:37.087842
117,FCU_016,FCU,2023-06-10 12:21:49.586831,Filter blockage,1,LOW,0.7602231397544058,0.7602231397544058,2023-06-10 13:07:26.390134
117,CHWP_002,CHW_Pump,2024-01-01 10:25:49.779289,Motor overheating,3,HIGH,5.046510250148435,5.046510250148435,2024-01-01 15:28:37.216190
117,FCU_022,FCU,2024-06-18 19:08:49.610063,Fan motor failure,2,MEDIUM,4.299575259418739,4.299575259418739,2024-06-18 23:26:48.080997
117,FCU_036,FCU,2024-07-02 06:27:46.903089,Coil fouling,1,LOW,2.4051941710433797,2.4051941710433797,2024-07-02 08:52:05.602105
117,HP_001,HeatPump,2024-08-05 00:52:41.530636,Heat exchanger fouling,2,MEDIUM,4.922738557649843,4.922738557649843,2024-08-05 05:48:03.389444
117,FCU_039,FCU,2024-10-24 05:56:31.051850,Valve actuator,2,MEDIUM,5.035781700101317,5.035781700101317,2024-10-24 10:58:39.865970
117,FCU_048,FCU,2025-01-11 16:03:20.852624,Valve actuator,2,MEDIUM,3.3723139613433877,3.3723139613433877,2025-01-11 19:25:41.182885
118,FCU_013,FCU,2024-05-17 22:10:28.820620,Coil fouling,1,LOW,1.3728892402300257,1.3728892402300257,2024-05-17 23:32:51.221885
118,FCU_023,FCU,2024-09-12 20:58:47.792121,Filter blockage,1,LOW,1.3364213882518918,1.3364213882518918,2024-09-12 22:18:58.909119
118,FCU_009,FCU,2024-10-03 03:38:03.906192,Filter blockage,1,LOW,1.0483758801920768,1.0483758801920768,2024-10-03 04:40:58.059361
118,FCU_020,FCU,2025-02-24 02:51:08.863249,Fan motor failure,2,MEDIUM,4.174420263603307,4.174420263603307,2025-02-24 07:01:36.776198
119,FCU_028,FCU,2024-08-12 09:20:14.303119,Coil fouling,1,LOW,1.9301284625477597,1.9301284625477597,2024-08-12 11:16:02.765584
119,FCU_008,FCU,2024-10-14 11:32:13.342963,Filter blockage,1,LOW,0.5677138420348595,0.5677138420348595,2024-10-14 12:06:17.112794
119,FCU_029,FCU,2025-03-30 14:18:58.469107,Valve actuator,2,MEDIUM,3.5927869586717995,3.5927869586717995,2025-03-30 17:54:32.502158
120,FCU_033,FCU,2024-03-11 14:05:16.105178,Coil fouling,1,LOW,3.046835744863548,3.046835744863548,2024-03-11 17:08:04.713860
120,FCU_031,FCU,2024-11-22 06:30:12.611189,Coil fouling,1,LOW,1.381407073278623,1.381407073278623,2024-11-22 07:53:05.676653
120,FCU_026,FCU,2025-01-19 05:34:21.025049,Filter blockage,1,LOW,0.8552344348827816,0.8552344348827816,2025-01-19 06:25:39.869015
120,HWP_002,HW_Pump,2025-02-15 20:05:00.704982,Impeller damage,4,CRITICAL,8.57856436761524,8.57856436761524,2025-02-16 04:39:43.536705
121,CHWP_001,CHW_Pump,2023-12-10 13:27:39.926060,Impeller damage,4,CRITICAL,10.837245790260717,10.837245790260717,2023-12-11 00:17:54.010905
121,HP_001,HeatPump,2024-03-11 18:47:38.454305,Compressor degradation,4,CRITICAL,11.747048650194973,11.747048650194973,2024-03-12 06:32:27.829446
121,FCU_013,FCU,2024-08-29 04:17:32.152155,Fan motor failure,2,MEDIUM,4.041159964114165,4.041159964114165,2024-08-29 08:20:00.328026
121,FCU_036,FCU,2025-01-08 13:34:57.138745,Valve actuator,2,MEDIUM,2.1850176901898357,2.1850176901898357,2025-01-08 15:46:03.202430
121,FCU_050,FCU,2025-04-27 09:29:55.250042,Coil fouling,1,LOW,3.679771597718988,3.679771597718988,2025-04-27 13:10:42.427794
122,FCU_009,FCU,2023-12-23 10:14:47.173398,Thermostat failure,1,LOW,1.999668524721534,1.999668524721534,2023-12-23 12:14:45.980087
122,HWP_001,HW_Pump,2024-04-17 19:51:27.917563,Impeller damage,4,CRITICAL,12.330050178975366,12.330050178975366,2024-04-18 08:11:16.098207
122,FCU_014,FCU,2024-07-15 21:10:24.237550,Valve actuator,2,MEDIUM,2.1409212992179705,2.1409212992179705,2024-07-15 23:18:51.554227
122,FCU_006,FCU,2024-10-15 17:31:25.711489,Filter blockage,1,LOW,0.9240246702416158,0.9240246702416158,2024-10-15 18:26:52.200302
122,FCU_001,FCU,2025-03-17 15:28:34.525737,Coil fouling,1,LOW,1.8130054458168159,1.8130054458168159,2025-03-17 17:17:21.345342
123,FCU_004,FCU,2023-12-21 09:41:16.561995,Valve actuator,2,MEDIUM,3.6020325152274957,3.6020325152274957,2023-12-21 13:17:23.879050
123,FCU_044,FCU,2024-02-03 17:37:55.887438,Valve actuator,2,MEDIUM,2.7971594992280586,2.7971594992280586,2024-02-03 20:25:45.661635
123,FCU_035,FCU,2025-04-16 04:37:34.617955,Valve actuator,2,MEDIUM,3.173820542519192,3.173820542519192,2025-04-16 07:48:00.371908
123,FCU_036,FCU,2025-05-06 12:05:51.368718,Filter blockage,1,LOW,0.8718676361768323,0.8718676361768323,2025-05-06 12:58:10.092208
124,FCU_008,FCU,2023-10-15 09:53:12.184250,Fan motor failure,2,MEDIUM,4.903119304753399,4.903119304753399,2023-10-15 14:47:23.413747
124,FCU_039,FCU,2023-12-23 11:35:17.612781,Valve actuator,2,MEDIUM,2.340759942875377,2.340759942875377,2023-12-23 13:55:44.348575
124,HP_002,HeatPump,2024-01-08 02:22:33.502465,Compressor degradation,4,CRITICAL,8.81636964324352,8.81636964324352,2024-01-08 11:11:32.433181
124,CT_001,CoolingTower,2024-03-10 01:12:56.400913,Water distribution system,3,HIGH,5.998011115904064,5.998011115904064,2024-03-10 07:12:49.240930
124,FCU_016,FCU,2024-10-22 01:14:43.451094,Coil fouling,1,LOW,1.8846729519970642,1.8846729519970642,2024-10-22 03:07:48.273721
124,FCU_002,FCU,2024-10-30 20:08:09.532812,Filter blockage,1,LOW,0.8313456383085364,0.8313456383085364,2024-10-30 20:58:02.377110
124,HP_001,HeatPump,2025-03-08 23:46:45.457295,Sensor malfunction,1,LOW,1.6310600502141308,1.6310600502141308,2025-03-09 01:24:37.273476
124,FCU_044,FCU,2025-03-14 07:04:05.194322,Valve actuator,2,MEDIUM,1.4082046721942794,1.4082046721942794,2025-03-14 08:28:34.731142
125,FCU_017,FCU,2023-07-17 19:17:39.300575,Coil fouling,1,LOW,1.9659192720553769,1.9659192720553769,2023-07-17 21:15:36.609954
125,FCU_028,FCU,2024-01-01 11:25:41.566279,Filter blockage,1,LOW,1.214297335467194,1.214297335467194,2024-01-01 12:38:33.036687
125,FCU_026,FCU,2024-02-17 11:23:57.389108,Filter blockage,1,LOW,0.8993051286216548,0.8993051286216548,2024-02-17 12:17:54.887571
125,FCU_042,FCU,2024-10-14 21:04:45.666665,Coil fouling,1,LOW,2.6961008487771325,2.6961008487771325,2024-10-14 23:46:31.629721
125,FCU_047,FCU,2025-02-10 00:47:43.457031,Thermostat failure,1,LOW,1.8932893070343182,1.8932893070343182,2025-02-10 02:41:19.298536
126,FCU_034,FCU,2025-03-17 16:04:33.278757,Filter blockage,1,LOW,1.0592587361564765,1.0592587361564765,2025-03-17 17:08:06.610207
126,HP_002,HeatPump,2025-03-29 22:42:59.857189,Refrigerant leak,3,HIGH,11.751149933592508,11.751149933592508,2025-03-30 10:28:03.996950
126,FCU_005,FCU,2025-05-02 00:20:34.658358,Coil fouling,1,LOW,2.238393206815864,2.238393206815864,2025-05-02 02:34:52.873903
126,FCU_031,FCU,2025-05-05 01:04:11.890294,Fan motor failure,2,MEDIUM,3.761791603203367,3.761791603203367,2025-05-05 04:49:54.340066
127,FCU_029,FCU,2024-05-06 22:41:20.487501,Fan motor failure,2,MEDIUM,3.5511758856223716,3.5511758856223716,2024-05-07 02:14:24.720689
127,FCU_009,FCU,2024-08-23 09:27:44.620833,Coil fouling,1,LOW,2.0889320575362293,2.0889320575362293,2024-08-23 11:33:04.776240
128,FCU_043,FCU,2023-10-08 15:20:05.954069,Filter blockage,1,LOW,1.1152218774653253,1.1152218774653253,2023-10-08 16:27:00.752828
128,FCU_034,FCU,2024-05-10 03:41:12.959232,Fan motor failure,2,MEDIUM,3.753495248180336,3.753495248180336,2024-05-10 07:26:25.542125
128,FCU_031,FCU,2024-08-17 17:07:26.603564,Fan motor failure,2,MEDIUM,3.9772358499403846,3.9772358499403846,2024-08-17 21:06:04.652624
128,FCU_039,FCU,2024-10-05 22:45:04.246546,Fan motor failure,2,MEDIUM,4.655544461427195,4.655544461427195,2024-10-06 03:24:24.206607
128,FCU_027,FCU,2024-11-25 11:06:07.136758,Fan motor failure,2,MEDIUM,2.74833984584154,2.74833984584154,2024-11-25 13:51:01.160203
128,FCU_012,FCU,2025-01-07 20:08:28.449505,Coil fouling,1,LOW,1.7282749751723523,1.7282749751723523,2025-01-07 21:52:10.239416
128,FCU_009,FCU,2025-04-29 02:51:49.640575,Coil fouling,1,LOW,2.0920255739751417,2.0920255739751417,2025-04-29 04:57:20.932641
128,FCU_047,FCU,2025-05-03 07:41:54.908202,Fan motor failure,2,MEDIUM,3.5997793500358752,3.5997793500358752,2025-05-03 11:17:54.113862
129,FCU_039,FCU,2024-05-28 23:14:04.617705,Filter blockage,1,LOW,1.1196630434333208,1.1196630434333208,2024-05-29 00:21:15.404661
129,FCU_001,FCU,2025-04-19 23:44:47.778477,Filter blockage,1,LOW,0.7127023282099393,0.7127023282099393,2025-04-20 00:27:33.506859
129,FCU_042,FCU,2025-05-27 09:47:29.277572,Valve actuator,2,MEDIUM,2.806479340070058,2.806479340070058,2025-05-27 12:35:52.603196
130,FCU_010,FCU,2023-12-18 04:04:16.138646,Valve actuator,2,MEDIUM,5.422224787530198,5.422224787530198,2023-12-18 09:29:36.147881
130,FCU_049,FCU,2024-07-31 07:28:37.251724,Filter blockage,1,LOW,0.8225502668350002,0.8225502668350002,2024-07-31 08:17:58.432685
130,FCU_017,FCU,2025-01-30 02:39:43.673247,Thermostat failure,1,LOW,2.573361941117399,2.573361941117399,2025-01-30 05:14:07.776235
130,FCU_041,FCU,2025-02-23 23:34:06.848445,Filter blockage,1,LOW,1.0579099968556258,1.0579099968556258,2025-02-24 00:37:35.324434
130,FCU_045,FCU,2025-04-12 08:00:53.393765,Thermostat failure,1,LOW,2.2922841092838455,2.2922841092838455,2025-04-12 10:18:25.616558
130,FCU_050,FCU,2025-04-21 19:33:17.387809,Coil fouling,1,LOW,1.9085506651037247,1.9085506651037247,2025-04-21 21:27:48.170203
131,FCU_014,FCU,2024-02-20 04:22:03.700127,Fan motor failure,2,MEDIUM,3.1653691931504673,3.1653691931504673,2024-02-20 07:31:59.029222
131,FCU_019,FCU,2024-06-15 10:34:59.339921,Fan motor failure,2,MEDIUM,6.283333886695133,6.283333886695133,2024-06-15 16:51:59.341913
131,FCU_016,FCU,2024-12-24 16:05:55.980220,Fan motor failure,2,MEDIUM,6.559965511674926,6.559965511674926,2024-12-24 22:39:31.856062
131,FCU_033,FCU,2025-03-24 11:45:38.363974,Fan motor failure,2,MEDIUM,3.8358564558100254,3.8358564558100254,2025-03-24 15:35:47.447215
131,FCU_050,FCU,2025-03-26 14:30:39.926647,Fan motor failure,2,MEDIUM,4.632406279622712,4.632406279622712,2025-03-26 19:08:36.589254
132,FCU_040,FCU,2023-12-02 20:24:37.158697,Filter blockage,1,LOW,0.8755160813338604,0.8755160813338604,2023-12-02 21:17:09.016590
132,CHWP_002,CHW_Pump,2024-09-24 09:26:41.445331,Seal leakage,2,MEDIUM,4.394535835357512,4.394535835357512,2024-09-24 13:50:21.774338
132,FCU_016,FCU,2024-10-08 12:42:07.760429,Fan motor failure,2,MEDIUM,3.4490303457614697,3.4490303457614697,2024-10-08 16:09:04.269674
132,HP_001,HeatPump,2024-10-31 10:59:34.813644,Refrigerant leak,3,HIGH,6.069080172125495,6.069080172125495,2024-10-31 17:03:43.502264
132,FCU_003,FCU,2024-12-26 12:17:06.718344,Valve actuator,2,MEDIUM,1.7599622277393232,1.7599622277393232,2024-12-26 14:02:42.582364
132,FCU_002,FCU,2025-01-20 07:32:50.522809,Coil fouling,1,LOW,1.5452850476909452,1.5452850476909452,2025-01-20 09:05:33.548981
133,FCU_036,FCU,2024-04-09 15:07:56.910689,Coil fouling,1,LOW,2.162219159759773,2.162219159759773,2024-04-09 17:17:40.899664
133,FCU_022,FCU,2024-11-18 13:57:52.913145,Coil fouling,1,LOW,2.3381628999053397,2.3381628999053397,2024-11-18 16:18:10.299585
133,FCU_036,FCU,2025-02-13 21:31:58.787482,Fan motor failure,2,MEDIUM,3.747283697638843,3.747283697638843,2025-02-14 01:16:49.008793
133,CHWP_003,CHW_Pump,2025-04-01 09:14:17.375718,Motor overheating,3,HIGH,8.728952305942528,8.728952305942528,2025-04-01 17:58:01.604019
133,FCU_021,FCU,2025-04-13 22:06:19.585826,Valve actuator,2,MEDIUM,6.361042900624841,6.361042900624841,2025-04-14 04:27:59.340268
134,FCU_030,FCU,2023-11-03 22:52:25.788927,Filter blockage,1,LOW,1.2149171196539557,1.2149171196539557,2023-11-04 00:05:19.490558
134,FCU_009,FCU,2023-12-23 18:45:01.460291,Thermostat failure,1,LOW,1.6319267209198458,1.6319267209198458,2023-12-23 20:22:56.396486
134,FCU_038,FCU,2024-03-18 03:39:11.459594,Filter blockage,1,LOW,0.7771689618121094,0.7771689618121094,2024-03-18 04:25:49.267857
134,FCU_020,FCU,2024-08-04 09:51:26.372398,Valve actuator,2,MEDIUM,2.1344060468198927,2.1344060468198927,2024-08-04 11:59:30.234167
134,HWP_002,HW_Pump,2024-10-25 14:59:58.683615,Seal leakage,2,MEDIUM,3.3862329628305594,3.3862329628305594,2024-10-25 18:23:09.122281
135,FCU_003,FCU,2024-03-25 13:29:19.606743,Valve actuator,2,MEDIUM,2.1600979340312736,2.1600979340312736,2024-03-25 15:38:55.959306
135,FCU_020,FCU,2024-04-17 07:33:55.238478,Filter blockage,1,LOW,0.8467810359977647,0.8467810359977647,2024-04-17 08:24:43.650208
135,FCU_004,FCU,2024-06-27 11:07:49.929519,Fan motor failure,2,MEDIUM,3.8026909410890037,3.8026909410890037,2024-06-27 14:55:59.616907
135,FCU_037,FCU,2024-07-28 22:42:04.791833,Valve actuator,2,MEDIUM,2.352682876695123,2.352682876695123,2024-07-29 01:03:14.450189
135,FCU_017,FCU,2024-07-30 15:38:37.829130,Coil fouling,1,LOW,1.4621141222730083,1.4621141222730083,2024-07-30 17:06:21.439970
135,FCU_019,FCU,2024-11-20 05:12:58.489823,Fan motor failure,2,MEDIUM,2.2553464366982907,2.2553464366982907,2024-11-20 07:28:17.736995
136,FCU_045,FCU,2023-11-04 14:35:20.911204,Fan motor failure,2,MEDIUM,2.6212067747588574,2.6212067747588574,2023-11-04 17:12:37.255593
136,FCU_011,FCU,2024-04-26 08:03:33.175717,Valve actuator,2,MEDIUM,1.953164054636034,1.953164054636034,2024-04-26 10:00:44.566314
136,CHWP_002,CHW_Pump,2024-06-25 10:09:08.793568,VFD malfunction,2,MEDIUM,6.179173388965591,6.179173388965591,2024-06-25 16:19:53.817768
136,FCU_021,FCU,2024-10-13 08:59:44.300755,Thermostat failure,1,LOW,2.5409993590111517,2.5409993590111517,2024-10-13 11:32:11.898447
136,FCU_031,FCU,2024-11-12 01:59:55.351143,Fan motor failure,2,MEDIUM,3.1741891969728386,3.1741891969728386,2024-11-12 05:10:22.432252
136,HP_002,HeatPump,2024-11-24 07:25:18.457479,Heat exchanger fouling,2,MEDIUM,3.668001158748589,3.668001158748589,2024-11-24 11:05:23.261650
136,FCU_018,FCU,2025-04-02 18:07:13.866453,Filter blockage,1,LOW,1.1720866179055303,1.1720866179055303,2025-04-02 19:17:33.378277
137,FCU_005,FCU,2025-03-05 22:47:40.476831,Filter blockage,1,LOW,1.228782163939367,1.228782163939367,2025-03-06 00:01:24.092621
137,FCU_027,FCU,2025-03-28 22:27:55.207710,Coil fouling,1,LOW,1.685075152246646,1.685075152246646,2025-03-29 00:09:01.478258
138,FCU_031,FCU,2024-05-20 03:35:32.845644,Filter blockage,1,LOW,1.2943108468960447,1.2943108468960447,2024-05-20 04:53:12.364693
138,FCU_016,FCU,2025-03-28 03:25:43.054938,Coil fouling,1,LOW,2.30044762736586,2.30044762736586,2025-03-28 05:43:44.666397
138,CHWP_003,CHW_Pump,2025-04-09 21:31:49.232867,Bearing wear,3,HIGH,6.946885132966102,6.946885132966102,2025-04-10 04:28:38.019346
139,HP_002,HeatPump,2024-04-10 20:24:44.753278,Heat exchanger fouling,2,MEDIUM,4.731248711100062,4.731248711100062,2024-04-11 01:08:37.248638
139,FCU_031,FCU,2025-04-04 14:54:00.834006,Filter blockage,1,LOW,0.6962165940992429,0.6962165940992429,2025-04-04 15:35:47.213745
140,FCU_023,FCU,2024-05-09 08:42:04.800079,Filter blockage,1,LOW,0.5183090400730871,0.5183090400730871,2024-05-09 09:13:10.712623
140,FCU_031,FCU,2025-02-10 08:58:08.927427,Fan motor failure,2,MEDIUM,3.342663869855381,3.342663869855381,2025-02-10 12:18:42.517358
141,FCU_005,FCU,2023-05-31 23:30:35.320452,Filter blockage,1,LOW,1.485486083376251,1.485486083376251,2023-06-01 00:59:43.070352
141,FCU_024,FCU,2025-03-17 06:29:41.272559,Valve actuator,2,MEDIUM,2.4169176225925644,2.4169176225925644,2025-03-17 08:54:42.176000
141,FCU_043,FCU,2025-03-28 00:02:41.939872,Valve actuator,2,MEDIUM,2.6275160810689693,2.6275160810689693,2025-03-28 02:40:20.997764
141,CHWP_002,CHW_Pump,2025-04-30 21:07:07.257179,Bearing wear,3,HIGH,6.694548049940544,6.694548049940544,2025-05-01 03:48:47.630159
142,FCU_031,FCU,2024-09-19 02:28:16.429089,Thermostat failure,1,LOW,1.1766080412803366,1.1766080412803366,2024-09-19 03:38:52.218038
143,CHWP_001,CHW_Pump,2024-08-29 08:36:52.206705,Bearing wear,3,HIGH,9.522277778299186,9.522277778299186,2024-08-29 18:08:12.406707
143,FCU_035,FCU,2024-10-02 09:51:00.627991,Coil fouling,1,LOW,2.5684822644158425,2.5684822644158425,2024-10-02 12:25:07.164143
143,FCU_023,FCU,2025-03-11 22:14:06.397334,Fan motor failure,2,MEDIUM,5.048660591839082,5.048660591839082,2025-03-12 03:17:01.575465
144,FCU_005,FCU,2024-07-15 22:07:24.192130,Thermostat failure,1,LOW,3.017178299576088,3.017178299576088,2024-07-16 01:08:26.034008
144,CT_001,CoolingTower,2024-07-21 20:09:11.441426,Fan motor failure,4,CRITICAL,10.306398346046322,10.306398346046322,2024-07-22 06:27:34.475472
144,FCU_010,FCU,2024-08-05 03:32:10.869439,Fan motor failure,2,MEDIUM,4.349825031519916,4.349825031519916,2024-08-05 07:53:10.239552
144,FCU_034,FCU,2024-12-03 04:51:11.605886,Thermostat failure,1,LOW,2.263107728432275,2.263107728432275,2024-12-03 07:06:58.793708
144,FCU_047,FCU,2025-01-01 13:46:16.873748,Thermostat failure,1,LOW,1.4664300503682084,1.4664300503682084,2025-01-01 15:14:16.021929
144,FCU_048,FCU,2025-01-18 08:23:25.355356,Coil fouling,1,LOW,1.5894218614970754,1.5894218614970754,2025-01-18 09:58:47.274057
144,FCU_012,FCU,2025-01-29 17:58:12.926361,Filter blockage,1,LOW,0.7550239352107593,0.7550239352107593,2025-01-29 18:43:31.012528
145,FCU_025,FCU,2024-07-17 00:37:57.853288,Thermostat failure,1,LOW,2.2477541376721226,2.2477541376721226,2024-07-17 02:52:49.768184
145,HP_002,HeatPump,2024-07-25 05:18:09.870072,Heat exchanger fouling,2,MEDIUM,4.729381676071894,4.729381676071894,2024-07-25 10:01:55.644106
145,HWP_001,HW_Pump,2024-08-01 15:04:34.698337,Seal leakage,2,MEDIUM,2.9122619379966737,2.9122619379966737,2024-08-01 17:59:18.841314
145,FCU_018,FCU,2024-08-31 06:41:25.850314,Valve actuator,2,MEDIUM,2.766808067518592,2.766808067518592,2024-08-31 09:27:26.359357
145,FCU_036,FCU,2025-05-21 14:08:54.265306,Coil fouling,1,LOW,3.3064008741957664,3.3064008741957664,2025-05-21 17:27:17.308453
146,HP_001,HeatPump,2023-07-23 21:07:27.744129,Heat exchanger fouling,2,MEDIUM,5.949851038065217,5.949851038065217,2023-07-24 03:04:27.207866
146,FCU_026,FCU,2024-08-18 18:59:39.117742,Fan motor failure,2,MEDIUM,4.778991401874696,4.778991401874696,2024-08-18 23:46:23.486789
146,FCU_013,FCU,2024-11-03 04:33:16.280366,Valve actuator,2,MEDIUM,3.2622354424223996,3.2622354424223996,2024-11-03 07:49:00.327959
146,FCU_002,FCU,2025-02-24 17:28:30.204230,Fan motor failure,2,MEDIUM,4.654391408510835,4.654391408510835,2025-02-24 22:07:46.013301
146,FCU_021,FCU,2025-04-05 02:31:48.010310,Coil fouling,1,LOW,2.0821771198128607,2.0821771198128607,2025-04-05 04:36:43.847941
147,FCU_045,FCU,2023-06-21 04:23:55.845813,Fan motor failure,2,MEDIUM,5.585706248985957,5.585706248985957,2023-06-21 09:59:04.388309
147,CHWP_002,CHW_Pump,2024-08-13 08:39:01.813560,Motor overheating,3,HIGH,11.967553790824137,11.967553790824137,2024-08-13 20:37:05.007207
147,FCU_038,FCU,2024-10-17 04:08:08.647542,Coil fouling,1,LOW,1.9983272616192023,1.9983272616192023,2024-10-17 06:08:02.625684
147,FCU_005,FCU,2024-12-19 00:10:07.414529,Filter blockage,1,LOW,1.5253508977320056,1.5253508977320056,2024-12-19 01:41:38.677761
147,HP_002,HeatPump,2024-12-22 12:39:36.343374,Compressor degradation,4,CRITICAL,13.497494354153991,13.497494354153991,2024-12-23 02:09:27.323049
147,FCU_001,FCU,2025-01-05 14:49:59.100030,Thermostat failure,1,LOW,2.198755401286519,2.198755401286519,2025-01-05 17:01:54.619475
148,HWP_001,HW_Pump,2024-03-30 23:23:36.024716,Impeller damage,4,CRITICAL,12.317356050612439,12.317356050612439,2024-03-31 11:42:38.506498
148,FCU_047,FCU,2024-05-12 11:25:07.033456,Coil fouling,1,LOW,2.292069141002869,2.292069141002869,2024-05-12 13:42:38.482364
148,FCU_026,FCU,2024-08-08 03:12:20.871167,Filter blockage,1,LOW,0.6249844697791562,0.6249844697791562,2024-08-08 03:49:50.815258
148,FCU_049,FCU,2025-03-10 22:40:29.567765,Valve actuator,2,MEDIUM,2.530204606416934,2.530204606416934,2025-03-11 01:12:18.304348
148,FCU_012,FCU,2025-05-01 22:45:53.684435,Filter blockage,1,LOW,0.6279107984404487,0.6279107984404487,2025-05-01 23:23:34.163309
149,FCU_029,FCU,2024-06-03 04:17:58.773063,Fan motor failure,2,MEDIUM,3.487941103115069,3.487941103115069,2024-06-03 07:47:15.361034
149,FCU_044,FCU,2024-06-10 23:58:35.241511,Coil fouling,1,LOW,1.4388721213058782,1.4388721213058782,2024-06-11 01:24:55.181148
149,FCU_002,FCU,2024-10-27 23:44:38.426683,Valve actuator,2,MEDIUM,3.7262600629134393,3.7262600629134393,2024-10-28 03:28:12.962909
149,HP_001,HeatPump,2024-11-27 12:41:56.315306,Sensor malfunction,1,LOW,1.9695001612015157,1.9695001612015157,2024-11-27 14:40:06.515886
150,HP_001,HeatPump,2024-04-30 20:29:18.751454,Heat exchanger fouling,2,MEDIUM,4.176360692512347,4.176360692512347,2024-05-01 00:39:53.649947
150,FCU_012,FCU,2024-05-04 08:10:08.922240,Thermostat failure,1,LOW,1.8818029595848362,1.8818029595848362,2024-05-04 10:03:03.412895
150,FCU_011,FCU,2024-09-13 11:05:47.913943,Fan motor failure,2,MEDIUM,4.676493775390247,4.676493775390247,2024-09-13 15:46:23.291534
150,FCU_005,FCU,2024-10-07 16:35:45.958200,Thermostat failure,1,LOW,1.4469230052437971,1.4469230052437971,2024-10-07 18:02:34.881019
150,FCU_002,FCU,2024-10-26 11:28:03.243199,Filter blockage,1,LOW,1.134252630351227,1.134252630351227,2024-10-26 12:36:06.552668
150,FCU_006,FCU,2025-01-28 03:23:05.314186,Filter blockage,1,LOW,0.976124067533092,0.976124067533092,2025-01-28 04:21:39.360829
151,CHWP_002,CHW_Pump,2024-03-26 18:15:45.222490,Motor overheating,3,HIGH,5.266200833998418,5.266200833998418,2024-03-26 23:31:43.545492
151,HP_001,HeatPump,2024-09-28 17:16:05.584419,Refrigerant leak,3,HIGH,3.44216350688517,3.44216350688517,2024-09-28 20:42:37.373044
152,CHWP_001,CHW_Pump,2025-03-17 16:26:59.968877,Bearing wear,3,HIGH,11.945240680111306,11.945240680111306,2025-03-18 04:23:42.835325
153,FCU_039,FCU,2024-08-29 09:21:16.109513,Coil fouling,1,LOW,2.743190283306445,2.743190283306445,2024-08-29 12:05:51.594533
154,FCU_034,FCU,2024-03-02 15:01:33.996416,Valve actuator,2,MEDIUM,1.9201111625516312,1.9201111625516312,2024-03-02 16:56:46.396601
154,FCU_016,FCU,2024-07-31 02:23:37.810422,Filter blockage,1,LOW,0.9685561852796554,0.9685561852796554,2024-07-31 03:21:44.612689
154,FCU_039,FCU,2024-12-17 23:04:38.875814,Coil fouling,1,LOW,1.6109093161516748,1.6109093161516748,2024-12-18 00:41:18.149352
154,FCU_015,FCU,2025-02-15 05:39:25.576048,Valve actuator,2,MEDIUM,2.744441685114911,2.744441685114911,2025-02-15 08:24:05.566114
154,FCU_041,FCU,2025-04-03 06:31:32.849887,Coil fouling,1,LOW,2.7436775701557057,2.7436775701557057,2025-04-03 09:16:10.089140
155,CHWP_002,CHW_Pump,2024-03-31 07:58:47.651954,Bearing wear,3,HIGH,11.552940800360993,11.552940800360993,2024-03-31 19:31:58.238835
155,FCU_021,FCU,2024-07-16 04:35:51.523344,Valve actuator,2,MEDIUM,2.9730357136727594,2.9730357136727594,2024-07-16 07:34:14.451913
155,HP_001,HeatPump,2024-12-06 04:21:47.074673,Compressor degradation,4,CRITICAL,13.99663961361674,13.99663961361674,2024-12-06 18:21:34.977282
155,FCU_024,FCU,2025-01-01 17:16:22.204359,Fan motor failure,2,MEDIUM,2.6595375089839766,2.6595375089839766,2025-01-01 19:55:56.539391
155,FCU_044,FCU,2025-02-02 03:11:47.660650,Coil fouling,1,LOW,1.361415439580894,1.361415439580894,2025-02-02 04:33:28.756232
157,CHWP_003,CHW_Pump,2023-09-17 04:55:37.813221,VFD malfunction,2,MEDIUM,2.5566465750755576,2.5566465750755576,2023-09-17 07:29:01.740891
157,FCU_048,FCU,2024-03-21 10:49:52.215967,Valve actuator,2,MEDIUM,5.0680800249380855,5.0680800249380855,2024-03-21 15:53:57.304057
157,FCU_034,FCU,2024-09-28 14:39:07.132766,Valve actuator,2,MEDIUM,3.5210398356442227,3.5210398356442227,2024-09-28 18:10:22.876174
157,FCU_040,FCU,2024-11-01 13:10:04.873172,Fan motor failure,2,MEDIUM,5.601111280370397,5.601111280370397,2024-11-01 18:46:08.873781
157,HWP_002,HW_Pump,2025-02-03 07:34:56.623742,Seal leakage,2,MEDIUM,4.695689244541782,4.695689244541782,2025-02-03 12:16:41.105022
157,FCU_001,FCU,2025-03-15 09:17:03.295272,Thermostat failure,1,LOW,1.6952563566115304,1.6952563566115304,2025-03-15 10:58:46.218156
157,FCU_022,FCU,2025-05-19 02:08:24.228237,Fan motor failure,2,MEDIUM,4.157549549127974,4.157549549127974,2025-05-19 06:17:51.406614
158,FCU_049,FCU,2024-01-20 09:54:27.534550,Coil fouling,1,LOW,1.937456438534827,1.937456438534827,2024-01-20 11:50:42.377729
158,HP_001,HeatPump,2024-04-06 06:16:19.309957,Compressor degradation,4,CRITICAL,17.346883841929987,17.346883841929987,2024-04-06 23:37:08.091788
158,FCU_038,FCU,2024-05-14 21:37:11.230506,Filter blockage,1,LOW,0.78924095189004,0.78924095189004,2024-05-14 22:24:32.497933
158,FCU_010,FCU,2024-08-28 13:20:52.685062,Filter blockage,1,LOW,1.5382624959259596,1.5382624959259596,2024-08-28 14:53:10.430047
158,CHWP_003,CHW_Pump,2024-10-05 05:35:15.631698,Motor overheating,3,HIGH,7.330864443333701,7.330864443333701,2024-10-05 12:55:06.743694
158,FCU_040,FCU,2024-10-25 13:39:22.996271,Fan motor failure,2,MEDIUM,3.5940123196537996,3.5940123196537996,2024-10-25 17:15:01.440622
158,FCU_043,FCU,2024-11-24 02:04:24.035831,Coil fouling,1,LOW,1.6260560545154574,1.6260560545154574,2024-11-24 03:41:57.837627
159,FCU_048,FCU,2023-12-15 19:12:44.206706,Valve actuator,2,MEDIUM,1.5889547975890448,1.5889547975890448,2023-12-15 20:48:04.443977
159,CHWP_001,CHW_Pump,2025-04-14 22:52:17.159546,Impeller damage,4,CRITICAL,6.3209508813538475,6.3209508813538475,2025-04-15 05:11:32.582719
160,FCU_024,FCU,2024-08-12 09:02:08.268912,Thermostat failure,1,LOW,1.8159147758990228,1.8159147758990228,2024-08-12 10:51:05.562105
160,FCU_041,FCU,2024-12-07 07:45:00.179090,Filter blockage,1,LOW,1.115939624086971,1.115939624086971,2024-12-07 08:51:57.561737
160,FCU_023,FCU,2024-12-21 16:52:36.339424,Filter blockage,1,LOW,1.207733109991511,1.207733109991511,2024-12-21 18:05:04.178620
160,FCU_028,FCU,2025-04-23 01:03:24.232326,Valve actuator,2,MEDIUM,2.4802120473588714,2.4802120473588714,2025-04-23 03:32:12.995696
161,FCU_043,FCU,2023-08-20 19:27:23.345002,Fan motor failure,2,MEDIUM,6.100206669791117,6.100206669791117,2023-08-21 01:33:24.089013
161,CT_001,CoolingTower,2023-10-09 19:36:27.166150,Fan motor failure,4,CRITICAL,11.155806582467408,11.155806582467408,2023-10-10 06:45:48.069847
161,HP_002,HeatPump,2024-12-01 15:40:01.471706,Control valve failure,3,HIGH,2.3958850911885174,2.3958850911885174,2024-12-01 18:03:46.658034
162,FCU_021,FCU,2024-02-06 00:08:07.864183,Coil fouling,1,LOW,2.6358300225004805,2.6358300225004805,2024-02-06 02:46:16.852264
162,FCU_006,FCU,2024-06-28 02:14:24.820101,Coil fouling,1,LOW,2.161161941212528,2.161161941212528,2024-06-28 04:24:05.003089
162,FCU_015,FCU,2024-11-17 21:19:44.227395,Fan motor failure,2,MEDIUM,3.559410794920253,3.559410794920253,2024-11-18 00:53:18.106257
162,FCU_023,FCU,2025-02-17 09:04:45.804808,Fan motor failure,2,MEDIUM,6.134938440949482,6.134938440949482,2025-02-17 15:12:51.583195
162,FCU_042,FCU,2025-02-28 04:16:02.347208,Fan motor failure,2,MEDIUM,4.153839346751764,4.153839346751764,2025-02-28 08:25:16.168856
162,FCU_048,FCU,2025-05-17 16:41:45.404175,Fan motor failure,2,MEDIUM,4.677273290480538,4.677273290480538,2025-05-17 21:22:23.588021
163,FCU_013,FCU,2024-08-14 16:00:59.875804,Filter blockage,1,LOW,0.8278971196160779,0.8278971196160779,2024-08-14 16:50:40.305435
163,FCU_034,FCU,2024-10-11 00:01:12.672310,Filter blockage,1,LOW,0.8615584239475326,0.8615584239475326,2024-10-11 00:52:54.282636
163,CHWP_001,CHW_Pump,2025-05-02 14:19:54.630207,Bearing wear,3,HIGH,10.904359083355137,10.904359083355137,2025-05-03 01:14:10.322907
164,FCU_047,FCU,2023-11-24 16:22:47.310517,Fan motor failure,2,MEDIUM,3.5444989266076843,3.5444989266076843,2023-11-24 19:55:27.506653
164,FCU_003,FCU,2024-04-30 05:58:18.767428,Fan motor failure,2,MEDIUM,4.501820094563711,4.501820094563711,2024-04-30 10:28:25.319768
164,FCU_032,FCU,2025-02-20 23:14:09.229521,Fan motor failure,2,MEDIUM,4.974457098529739,4.974457098529739,2025-02-21 04:12:37.275076
164,FCU_033,FCU,2025-03-26 01:58:24.470837,Fan motor failure,2,MEDIUM,2.4359249037270656,2.4359249037270656,2025-03-26 04:24:33.800490
164,CHWP_003,CHW_Pump,2025-05-25 16:56:40.873690,Seal leakage,2,MEDIUM,4.516443715801205,4.516443715801205,2025-05-25 21:27:40.071067
165,FCU_030,FCU,2023-10-31 08:46:00.209525,Coil fouling,1,LOW,1.7217366615038494,1.7217366615038494,2023-10-31 10:29:18.461506
165,FCU_031,FCU,2024-02-05 21:10:46.633113,Filter blockage,1,LOW,0.5667289151891999,0.5667289151891999,2024-02-05 21:44:46.857208
166,FCU_025,FCU,2023-06-05 23:48:35.221263,Coil fouling,1,LOW,1.8458817640779042,1.8458817640779042,2023-06-06 01:39:20.395614
166,FCU_017,FCU,2024-07-26 23:16:29.354745,Fan motor failure,2,MEDIUM,2.886338769098805,2.886338769098805,2024-07-27 02:09:40.174314
166,FCU_012,FCU,2024-07-28 14:50:11.892438,Coil fouling,1,LOW,2.2055220686262396,2.2055220686262396,2024-07-28 17:02:31.771885
166,FCU_018,FCU,2024-08-21 19:55:24.291151,Fan motor failure,2,MEDIUM,5.47886820687998,5.47886820687998,2024-08-22 01:24:08.216696
167,FCU_020,FCU,2024-04-16 18:57:43.742979,Fan motor failure,2,MEDIUM,4.131593720014716,4.131593720014716,2024-04-16 23:05:37.480371
167,FCU_008,FCU,2025-01-07 15:38:20.374299,Fan motor failure,2,MEDIUM,2.8005942814377605,2.8005942814377605,2025-01-07 18:26:22.513712
168,FCU_032,FCU,2024-02-20 10:30:10.936452,Thermostat failure,1,LOW,2.0059259503956457,2.0059259503956457,2024-02-20 12:30:32.269873
168,FCU_019,FCU,2024-04-01 11:41:25.943143,Fan motor failure,2,MEDIUM,3.513347518992198,3.513347518992198,2024-04-01 15:12:13.994211
168,FCU_009,FCU,2024-04-20 13:50:23.870323,Valve actuator,2,MEDIUM,3.832484040214981,3.832484040214981,2024-04-20 17:40:20.812868
168,HWP_001,HW_Pump,2024-07-31 23:42:44.358374,Seal leakage,2,MEDIUM,6.946087591884728,6.946087591884728,2024-08-01 06:39:30.273705
168,FCU_008,FCU,2024-09-15 08:10:05.290308,Filter blockage,1,LOW,1.7749843840090564,1.7749843840090564,2024-09-15 09:56:35.234090
169,FCU_011,FCU,2025-01-20 11:29:34.562939,Coil fouling,1,LOW,1.8481380835478336,1.8481380835478336,2025-01-20 13:20:27.860040
169,FCU_046,FCU,2025-04-08 09:56:27.392528,Fan motor failure,2,MEDIUM,4.2034411975506725,4.2034411975506725,2025-04-08 14:08:39.780839
170,FCU_023,FCU,2023-08-27 18:16:44.352381,Fan motor failure,2,MEDIUM,4.72897418580454,4.72897418580454,2023-08-27 23:00:28.659450
170,FCU_017,FCU,2024-09-03 19:05:37.372219,Filter blockage,1,LOW,1.1831392561202687,1.1831392561202687,2024-09-03 20:16:36.673541
170,FCU_003,FCU,2025-01-02 14:49:41.450214,Coil fouling,1,LOW,2.4183186696043055,2.4183186696043055,2025-01-02 17:14:47.397425
171,FCU_047,FCU,2024-07-30 15:07:12.430255,Filter blockage,1,LOW,0.9714267323433239,0.9714267323433239,2024-07-30 16:05:29.566491
171,FCU_013,FCU,2024-11-16 13:51:36.428730,Filter blockage,1,LOW,0.8572740355453645,0.8572740355453645,2024-11-16 14:43:02.615258
171,FCU_049,FCU,2025-04-12 15:02:00.438676,Filter blockage,1,LOW,1.634065670453445,1.634065670453445,2025-04-12 16:40:03.075090
172,FCU_049,FCU,2024-03-24 15:09:03.608067,Filter blockage,1,LOW,1.0423100169988568,1.0423100169988568,2024-03-24 16:11:35.924128
172,FCU_045,FCU,2025-01-11 07:17:50.359001,Coil fouling,1,LOW,1.8687821143956187,1.8687821143956187,2025-01-11 09:09:57.974613
172,FCU_037,FCU,2025-01-14 19:14:17.103747,Fan motor failure,2,MEDIUM,3.942999184104281,3.942999184104281,2025-01-14 23:10:51.900810
172,FCU_015,FCU,2025-04-23 16:53:27.896636,Filter blockage,1,LOW,1.1336787792099041,1.1336787792099041,2025-04-23 18:01:29.140241
173,FCU_050,FCU,2024-04-10 11:40:08.577792,Coil fouling,1,LOW,1.8639855862262962,1.8639855862262962,2024-04-10 13:31:58.925902
173,FCU_010,FCU,2024-05-05 07:12:29.370510,Valve actuator,2,MEDIUM,3.3229366111585503,3.3229366111585503,2024-05-05 10:31:51.942310
173,FCU_029,FCU,2024-06-09 04:49:03.506495,Valve actuator,2,MEDIUM,4.254782968305041,4.254782968305041,2024-06-09 09:04:20.725181
173,FCU_039,FCU,2025-03-11 04:04:35.405750,Fan motor failure,2,MEDIUM,4.6657607958656175,4.6657607958656175,2025-03-11 08:44:32.144615
173,FCU_007,FCU,2025-03-31 06:55:17.025429,Filter blockage,1,LOW,0.8183874714709103,0.8183874714709103,2025-03-31 07:44:23.220326
174,FCU_013,FCU,2023-11-29 09:30:38.013288,Coil fouling,1,LOW,1.0963027988307805,1.0963027988307805,2023-11-29 10:36:24.703364
174,FCU_024,FCU,2024-04-30 01:58:22.603111,Thermostat failure,1,LOW,1.6471774161474506,1.6471774161474506,2024-04-30 03:37:12.441809
174,HWP_001,HW_Pump,2024-11-05 09:37:54.451731,Seal leakage,2,MEDIUM,4.685262754593135,4.685262754593135,2024-11-05 14:19:01.397648
174,FCU_020,FCU,2025-01-01 00:57:04.319582,Filter blockage,1,LOW,1.2938915070010786,1.2938915070010786,2025-01-01 02:14:42.329007
174,FCU_005,FCU,2025-03-15 01:43:54.676138,Valve actuator,2,MEDIUM,2.644050618274491,2.644050618274491,2025-03-15 04:22:33.258364
174,FCU_042,FCU,2025-04-02 00:35:45.888042,Coil fouling,1,LOW,2.2867636281557377,2.2867636281557377,2025-04-02 02:52:58.237103
175,FCU_031,FCU,2024-04-04 17:02:39.355315,Fan motor failure,2,MEDIUM,5.028426022421444,5.028426022421444,2024-04-04 22:04:21.688996
175,FCU_025,FCU,2024-08-20 03:36:45.916457,Coil fouling,1,LOW,3.6829521925051547,3.6829521925051547,2024-08-20 07:17:44.544350
175,FCU_036,FCU,2025-01-19 05:09:30.574001,Fan motor failure,2,MEDIUM,2.9676861063504094,2.9676861063504094,2025-01-19 08:07:34.243984
175,FCU_008,FCU,2025-04-24 05:24:08.932707,Filter blockage,1,LOW,0.9408065612575465,0.9408065612575465,2025-04-24 06:20:35.836328
176,FCU_006,FCU,2023-08-16 23:49:13.671783,Filter blockage,1,LOW,0.6538430123122378,0.6538430123122378,2023-08-17 00:28:27.506627
176,CHWP_003,CHW_Pump,2024-07-03 14:54:26.161436,Bearing wear,3,HIGH,6.859981572456628,6.859981572456628,2024-07-03 21:46:02.095097
176,CT_001,CoolingTower,2024-09-18 07:25:44.287612,Fill media degradation,2,MEDIUM,16.777843691790018,16.777843691790018,2024-09-19 00:12:24.524902
176,FCU_019,FCU,2025-03-04 20:38:44.238932,Coil fouling,1,LOW,4.042600390355649,4.042600390355649,2025-03-05 00:41:17.600337
177,FCU_034,FCU,2023-10-31 10:36:35.112643,Fan motor failure,2,MEDIUM,5.783632443963959,5.783632443963959,2023-10-31 16:23:36.189441
177,FCU_040,FCU,2024-04-09 01:17:59.606727,Fan motor failure,2,MEDIUM,4.795201860005654,4.795201860005654,2024-04-09 06:05:42.333423
177,FCU_043,FCU,2024-04-22 01:39:06.834071,Filter blockage,1,LOW,1.1249914424643348,1.1249914424643348,2024-04-22 02:46:36.803264
177,FCU_044,FCU,2025-03-07 16:08:21.432247,Filter blockage,1,LOW,0.7569843354343944,0.7569843354343944,2025-03-07 16:53:46.575855
177,FCU_036,FCU,2025-04-19 10:10:32.410044,Fan motor failure,2,MEDIUM,4.655044350940242,4.655044350940242,2025-04-19 14:49:50.569707
178,CHWP_003,CHW_Pump,2024-05-19 08:58:06.520871,Bearing wear,3,HIGH,5.257729496960378,5.257729496960378,2024-05-19 14:13:34.347060
178,HP_001,HeatPump,2024-06-12 20:58:07.638285,Compressor degradation,4,CRITICAL,13.532882977406985,13.532882977406985,2024-06-13 10:30:06.017004
178,FCU_026,FCU,2024-06-24 04:08:13.253128,Valve actuator,2,MEDIUM,2.5498135784012645,2.5498135784012645,2024-06-24 06:41:12.582010
178,HP_001,HeatPump,2025-01-07 01:25:40.156936,Compressor degradation,4,CRITICAL,20.34394874408085,20.34394874408085,2025-01-07 21:46:18.372415
178,FCU_011,FCU,2025-01-15 16:33:22.852949,Filter blockage,1,LOW,1.1165334759236472,1.1165334759236472,2025-01-15 17:40:22.373462
179,FCU_004,FCU,2025-01-27 01:29:48.328496,Thermostat failure,1,LOW,2.0351386654316106,2.0351386654316106,2025-01-27 03:31:54.827692
179,FCU_038,FCU,2025-04-21 08:47:00.213843,Fan motor failure,2,MEDIUM,2.7680309078679635,2.7680309078679635,2025-04-21 11:33:05.125111
180,FCU_025,FCU,2023-07-24 08:30:03.203844,Fan motor failure,2,MEDIUM,4.050393421034187,4.050393421034187,2023-07-24 12:33:04.620160
180,HP_002,HeatPump,2024-04-08 12:55:14.032013,Heat exchanger fouling,2,MEDIUM,5.9710485543198955,5.9710485543198955,2024-04-08 18:53:29.806809
180,FCU_030,FCU,2024-06-27 04:35:19.496819,Fan motor failure,2,MEDIUM,3.9470768214081757,3.9470768214081757,2024-06-27 08:32:08.973376
180,HWP_001,HW_Pump,2024-08-08 03:36:56.467248,Seal leakage,2,MEDIUM,4.626914760197053,4.626914760197053,2024-08-08 08:14:33.360385
180,FCU_034,FCU,2024-09-03 02:50:09.718145,Coil fouling,1,LOW,1.7918660768249262,1.7918660768249262,2024-09-03 04:37:40.436022
180,FCU_008,FCU,2024-10-30 10:28:54.959683,Fan motor failure,2,MEDIUM,3.581078041445432,3.581078041445432,2024-10-30 14:03:46.840632
180,FCU_022,FCU,2025-05-01 06:51:05.616898,Coil fouling,1,LOW,2.3072107377309017,2.3072107377309017,2025-05-01 09:09:31.575554
181,FCU_036,FCU,2024-08-01 23:17:32.712211,Coil fouling,1,LOW,1.8556883936810682,1.8556883936810682,2024-08-02 01:08:53.190428
181,CHWP_003,CHW_Pump,2025-04-12 21:13:49.768579,VFD malfunction,2,MEDIUM,2.902712523379155,2.902712523379155,2025-04-13 00:07:59.533663
182,FCU_017,FCU,2023-10-14 06:41:19.505306,Thermostat failure,1,LOW,2.0778042740189115,2.0778042740189115,2023-10-14 08:45:59.600692
182,CT_001,CoolingTower,2024-02-21 23:25:36.429450,Drift eliminator damage,2,MEDIUM,4.079724607276813,4.079724607276813,2024-02-22 03:30:23.438036
182,FCU_012,FCU,2024-07-20 06:18:19.510549,Filter blockage,1,LOW,1.6500347906957422,1.6500347906957422,2024-07-20 07:57:19.635796
182,HP_001,HeatPump,2025-03-07 18:05:39.133852,Refrigerant leak,3,HIGH,6.057363249658716,6.057363249658716,2025-03-08 00:09:05.641551
183,FCU_036,FCU,2024-04-14 07:20:45.794067,Filter blockage,1,LOW,1.3819958877437568,1.3819958877437568,2024-04-14 08:43:40.979263
183,FCU_046,FCU,2024-11-28 00:53:24.089817,Filter blockage,1,LOW,0.9140236814519875,0.9140236814519875,2024-11-28 01:48:14.575070
183,CHWP_001,CHW_Pump,2025-02-20 20:07:31.325516,Bearing wear,3,HIGH,8.669656921580305,8.669656921580305,2025-02-21 04:47:42.090434
183,FCU_022,FCU,2025-03-22 19:41:40.703954,Fan motor failure,2,MEDIUM,5.341073499179842,5.341073499179842,2025-03-23 01:02:08.568551
183,CHWP_002,CHW_Pump,2025-05-19 15:42:13.700100,Bearing wear,3,HIGH,10.126931698028857,10.126931698028857,2025-05-20 01:49:50.654213
184,FCU_019,FCU,2024-05-08 23:23:59.592672,Filter blockage,1,LOW,1.042367778988382,1.042367778988382,2024-05-09 00:26:32.116676
184,FCU_001,FCU,2024-12-22 05:19:58.170610,Filter blockage,1,LOW,0.9519132919878672,0.9519132919878672,2024-12-22 06:17:05.058461
184,FCU_012,FCU,2024-12-31 21:55:26.474797,Coil fouling,1,LOW,1.7390064800021856,1.7390064800021856,2024-12-31 23:39:46.898125
184,FCU_050,FCU,2025-02-02 10:05:22.898710,Filter blockage,1,LOW,1.6079549003751594,1.6079549003751594,2025-02-02 11:41:51.536351
184,FCU_011,FCU,2025-03-09 19:33:01.042177,Filter blockage,1,LOW,1.1368240972936206,1.1368240972936206,2025-03-09 20:41:13.608927
184,FCU_015,FCU,2025-03-26 20:22:33.621539,Fan motor failure,2,MEDIUM,3.300379445116618,3.300379445116618,2025-03-26 23:40:34.987541
185,HP_001,HeatPump,2024-01-05 08:37:41.633854,Control valve failure,3,HIGH,3.0305014633699265,3.0305014633699265,2024-01-05 11:39:31.439122
185,CHWP_003,CHW_Pump,2024-03-02 04:43:11.474805,Seal leakage,2,MEDIUM,4.233056944788031,4.233056944788031,2024-03-02 08:57:10.479806
185,FCU_034,FCU,2024-05-18 02:12:53.277186,Fan motor failure,2,MEDIUM,4.2576633841117975,4.2576633841117975,2024-05-18 06:28:20.865369
185,CHWP_001,CHW_Pump,2024-06-09 22:00:23.532455,Impeller damage,4,CRITICAL,10.720853172842405,10.720853172842405,2024-06-10 08:43:38.603877
185,FCU_050,FCU,2024-07-12 22:26:37.081241,Fan motor failure,2,MEDIUM,4.263803382153881,4.263803382153881,2024-07-13 02:42:26.773417
185,FCU_015,FCU,2024-10-24 09:25:21.732848,Filter blockage,1,LOW,1.3904445618906272,1.3904445618906272,2024-10-24 10:48:47.333271
185,FCU_024,FCU,2025-05-20 14:11:59.349976,Fan motor failure,2,MEDIUM,5.184279742320189,5.184279742320189,2025-05-20 19:23:02.757048
186,FCU_006,FCU,2024-05-24 19:48:52.823736,Coil fouling,1,LOW,1.4578576892284558,1.4578576892284558,2024-05-24 21:16:21.111417
186,FCU_010,FCU,2024-06-01 11:39:29.953452,Fan motor failure,2,MEDIUM,5.875862837320753,5.875862837320753,2024-06-01 17:32:03.059666
187,FCU_011,FCU,2024-07-11 03:02:06.610828,Coil fouling,1,LOW,2.6734573244375177,2.6734573244375177,2024-07-11 05:42:31.057196
187,FCU_046,FCU,2024-07-27 21:15:26.996734,Coil fouling,1,LOW,1.6913332331239992,1.6913332331239992,2024-07-27 22:56:55.796373
187,CHWP_003,CHW_Pump,2024-12-31 04:02:15.555288,Seal leakage,2,MEDIUM,6.301382810227948,6.301382810227948,2024-12-31 10:20:20.533405
187,FCU_004,FCU,2025-01-13 10:13:17.051714,Valve actuator,2,MEDIUM,3.1921812550780286,3.1921812550780286,2025-01-13 13:24:48.904232
187,FCU_001,FCU,2025-02-09 22:47:26.756465,Fan motor failure,2,MEDIUM,3.719715104662808,3.719715104662808,2025-02-10 02:30:37.730842
188,FCU_003,FCU,2024-07-15 13:09:15.545421,Fan motor failure,2,MEDIUM,3.4658115527307016,3.4658115527307016,2024-07-15 16:37:12.467011
188,FCU_050,FCU,2024-12-01 17:41:07.071050,Coil fouling,1,LOW,1.6829007393606983,1.6829007393606983,2024-12-01 19:22:05.513712
188,FCU_042,FCU,2024-12-08 21:27:32.188735,Fan motor failure,2,MEDIUM,4.833427216311708,4.833427216311708,2024-12-09 02:17:32.526714
188,FCU_001,FCU,2025-01-03 03:09:45.497376,Coil fouling,1,LOW,1.479508722976331,1.479508722976331,2025-01-03 04:38:31.728779
188,HP_001,HeatPump,2025-02-13 08:58:40.946692,Heat exchanger fouling,2,MEDIUM,3.254283355416754,3.254283355416754,2025-02-13 12:13:56.366772
188,FCU_034,FCU,2025-03-12 06:54:57.745066,Coil fouling,1,LOW,2.966871500347881,2.966871500347881,2025-03-12 09:52:58.482467
188,FCU_005,FCU,2025-05-24 06:51:30.575587,Filter blockage,1,LOW,1.0070127988194877,1.0070127988194877,2025-05-24 07:51:55.821663
189,FCU_025,FCU,2024-02-06 04:56:48.107903,Coil fouling,1,LOW,1.7063084587745505,1.7063084587745505,2024-02-06 06:39:10.818355
189,HP_001,HeatPump,2024-10-04 11:42:50.469192,Heat exchanger fouling,2,MEDIUM,4.651226070682336,4.651226070682336,2024-10-04 16:21:54.883046
189,FCU_026,FCU,2024-10-29 00:21:14.016831,Coil fouling,1,LOW,1.9630308399101957,1.9630308399101957,2024-10-29 02:19:00.927855
189,FCU_001,FCU,2025-01-05 08:24:26.555852,Fan motor failure,2,MEDIUM,3.8460080033267117,3.8460080033267117,2025-01-05 12:15:12.184664
190,FCU_020,FCU,2023-08-31 02:17:39.167988,Fan motor failure,2,MEDIUM,5.499796007967249,5.499796007967249,2023-08-31 07:47:38.433617
190,FCU_048,FCU,2023-10-27 07:46:48.980292,Fan motor failure,2,MEDIUM,4.242536094357229,4.242536094357229,2023-10-27 12:01:22.110232
190,FCU_042,FCU,2024-10-07 17:30:20.837664,Valve actuator,2,MEDIUM,1.1554079798409609,1.1554079798409609,2024-10-07 18:39:40.306391
190,FCU_012,FCU,2025-01-13 15:16:01.459089,Filter blockage,1,LOW,0.9649482981807452,0.9649482981807452,2025-01-13 16:13:55.272962
190,HP_001,HeatPump,2025-03-28 17:24:20.015645,Heat exchanger fouling,2,MEDIUM,3.721549645768466,3.721549645768466,2025-03-28 21:07:37.594370
190,FCU_049,FCU,2025-04-20 09:54:52.201929,Filter blockage,1,LOW,1.6691351616269532,1.6691351616269532,2025-04-20 11:35:01.088511
190,FCU_034,FCU,2025-05-29 19:28:01.800298,Filter blockage,1,LOW,0.7439748060428091,0.7439748060428091,2025-05-29 20:12:40.109600
191,FCU_026,FCU,2023-11-20 12:03:55.432303,Coil fouling,1,LOW,1.910202687300273,1.910202687300273,2023-11-20 13:58:32.161977
191,HP_001,HeatPump,2024-08-25 13:57:03.570916,Control valve failure,3,HIGH,2.0634170612252944,2.0634170612252944,2024-08-25 16:00:51.872336
191,FCU_003,FCU,2024-10-22 07:13:36.971692,Fan motor failure,2,MEDIUM,4.1417181953734366,4.1417181953734366,2024-10-22 11:22:07.157195
191,FCU_022,FCU,2024-10-27 11:53:23.043450,Valve actuator,2,MEDIUM,2.948612072806218,2.948612072806218,2024-10-27 14:50:18.046912
192,HP_002,HeatPump,2024-11-12 12:44:44.416526,Heat exchanger fouling,2,MEDIUM,3.6826858819892876,3.6826858819892876,2024-11-12 16:25:42.085701
192,FCU_008,FCU,2025-05-24 00:25:06.973713,Fan motor failure,2,MEDIUM,5.088280933146509,5.088280933146509,2025-05-24 05:30:24.785072
193,FCU_027,FCU,2023-10-22 11:36:26.944799,Coil fouling,1,LOW,1.6788909078564476,1.6788909078564476,2023-10-22 13:17:10.952067
193,FCU_010,FCU,2024-05-06 07:09:03.090120,Valve actuator,2,MEDIUM,2.817190739045319,2.817190739045319,2024-05-06 09:58:04.976781
193,HWP_002,HW_Pump,2024-06-14 15:19:09.192690,Bearing wear,3,HIGH,10.764076426132796,10.764076426132796,2024-06-15 02:04:59.867824
194,FCU_001,FCU,2024-08-09 03:25:28.348605,Filter blockage,1,LOW,0.9286266966869618,0.9286266966869618,2024-08-09 04:21:11.404713
194,FCU_033,FCU,2024-08-12 18:16:26.733216,Thermostat failure,1,LOW,1.493365278602624,1.493365278602624,2024-08-12 19:46:02.848219
194,FCU_021,FCU,2024-10-05 23:41:10.572776,Filter blockage,1,LOW,0.9094792424988682,0.9094792424988682,2024-10-06 00:35:44.698049
194,HP_001,HeatPump,2024-11-19 05:37:33.017528,Control valve failure,3,HIGH,2.1869858514371283,2.1869858514371283,2024-11-19 07:48:46.166593
194,FCU_026,FCU,2025-03-23 13:37:29.278045,Filter blockage,1,LOW,0.8435545700056322,0.8435545700056322,2025-03-23 14:28:06.074497
194,CT_001,CoolingTower,2025-04-03 04:34:29.282598,Fan motor failure,4,CRITICAL,14.000197169120653,14.000197169120653,2025-04-03 18:34:29.992407
195,FCU_022,FCU,2023-07-26 11:12:16.976159,Fan motor failure,2,MEDIUM,5.857724930802601,5.857724930802601,2023-07-26 17:03:44.785910
195,FCU_041,FCU,2024-07-02 22:56:37.742647,Fan motor failure,2,MEDIUM,3.293965410179152,3.293965410179152,2024-07-03 02:14:16.018124
195,FCU_033,FCU,2024-07-05 17:19:16.307859,Coil fouling,1,LOW,3.249857662654234,3.249857662654234,2024-07-05 20:34:15.795445
195,FCU_029,FCU,2024-08-02 03:33:35.608394,Coil fouling,1,LOW,2.703653642117817,2.703653642117817,2024-08-02 06:15:48.761506
195,FCU_015,FCU,2024-11-09 19:31:24.197307,Valve actuator,2,MEDIUM,4.702469188876869,4.702469188876869,2024-11-10 00:13:33.086387
195,FCU_007,FCU,2025-03-03 18:02:19.393810,Fan motor failure,2,MEDIUM,3.698024393110272,3.698024393110272,2025-03-03 21:44:12.281625
195,CT_001,CoolingTower,2025-05-11 20:01:05.087351,Fill media degradation,2,MEDIUM,8.99103960663029,8.99103960663029,2025-05-12 05:00:32.829935
196,FCU_040,FCU,2023-09-05 11:54:51.222957,Coil fouling,1,LOW,1.3419019988216478,1.3419019988216478,2023-09-05 13:15:22.070153
196,FCU_039,FCU,2024-06-07 08:21:58.011426,Fan motor failure,2,MEDIUM,3.599424109853479,3.599424109853479,2024-06-07 11:57:55.938221
196,FCU_050,FCU,2024-11-19 07:46:47.439558,Coil fouling,1,LOW,2.184763102802733,2.184763102802733,2024-11-19 09:57:52.586728
196,FCU_036,FCU,2024-12-01 09:17:31.463471,Fan motor failure,2,MEDIUM,2.6057329317357385,2.6057329317357385,2024-12-01 11:53:52.102025
196,FCU_041,FCU,2025-04-12 07:24:55.318881,Coil fouling,1,LOW,2.492265313199647,2.492265313199647,2025-04-12 09:54:27.474009
197,CHWP_001,CHW_Pump,2023-09-09 22:39:34.308420,VFD malfunction,2,MEDIUM,3.1557116629329216,3.1557116629329216,2023-09-10 01:48:54.870407
197,FCU_016,FCU,2024-04-29 19:20:20.077115,Filter blockage,1,LOW,0.8515507585650761,0.8515507585650761,2024-04-29 20:11:25.659846
197,HP_002,HeatPump,2024-11-12 06:10:40.993842,Refrigerant leak,3,HIGH,9.663862563999242,9.663862563999242,2024-11-12 15:50:30.899072
197,FCU_047,FCU,2024-11-24 03:26:18.318422,Fan motor failure,2,MEDIUM,4.736093027407899,4.736093027407899,2024-11-24 08:10:28.253321
197,FCU_021,FCU,2024-12-03 08:19:39.680744,Filter blockage,1,LOW,1.0642202762148074,1.0642202762148074,2024-12-03 09:23:30.873738
197,CT_001,CoolingTower,2025-04-06 21:17:55.613328,Fill media degradation,2,MEDIUM,6.8214152579551985,6.8214152579551985,2025-04-07 04:07:12.708257
197,FCU_027,FCU,2025-05-17 14:54:34.352180,Filter blockage,1,LOW,1.0718306477998774,1.0718306477998774,2025-05-17 15:58:52.942512
198,FCU_046,FCU,2023-11-28 03:26:00.121945,Thermostat failure,1,LOW,1.4063887303579858,1.4063887303579858,2023-11-28 04:50:23.121374
198,FCU_038,FCU,2023-12-23 01:46:45.381260,Valve actuator,2,MEDIUM,2.724379195381204,2.724379195381204,2023-12-23 04:30:13.146363
198,FCU_009,FCU,2024-07-05 12:13:52.231025,Fan motor failure,2,MEDIUM,3.943790292531303,3.943790292531303,2024-07-05 16:10:29.876078
198,FCU_022,FCU,2024-09-14 14:05:38.287644,Filter blockage,1,LOW,1.4771115737710165,1.4771115737710165,2024-09-14 15:34:15.889310
198,FCU_007,FCU,2025-02-25 19:29:35.133041,Fan motor failure,2,MEDIUM,3.5001043163693186,3.5001043163693186,2025-02-25 22:59:35.508580
198,HP_002,HeatPump,2025-04-11 01:07:20.461490,Control valve failure,3,HIGH,2.1223184317551373,2.1223184317551373,2025-04-11 03:14:40.807844
198,CHWP_001,CHW_Pump,2025-05-29 10:58:17.813990,VFD malfunction,2,MEDIUM,3.132929882755292,3.132929882755292,2025-05-29 14:06:16.361568
199,FCU_034,FCU,2024-12-17 21:14:59.806045,Fan motor failure,2,MEDIUM,4.085588961137782,4.085588961137782,2024-12-18 01:20:07.926305
199,FCU_046,FCU,2025-02-02 12:19:50.110295,Coil fouling,1,LOW,2.5490478551120463,2.5490478551120463,2025-02-02 14:52:46.682573
200,FCU_025,FCU,2024-07-16 21:12:27.421827,Filter blockage,1,LOW,0.9689792424895055,0.9689792424895055,2024-07-16 22:10:35.747100
200,FCU_050,FCU,2024-11-14 05:56:31.113024,Coil fouling,1,LOW,1.9652905983960414,1.9652905983960414,2024-11-14 07:54:26.159178
201,FCU_022,FCU,2024-10-27 17:50:35.141892,Valve actuator,2,MEDIUM,1.9707923671473795,1.9707923671473795,2024-10-27 19:48:49.994414
201,FCU_050,FCU,2025-01-04 07:32:40.523871,Thermostat failure,1,LOW,2.009382095686942,2.009382095686942,2025-01-04 09:33:14.299415
201,FCU_020,FCU,2025-03-01 09:31:34.426794,Filter blockage,1,LOW,1.545002677978163,1.545002677978163,2025-03-01 11:04:16.436435
202,FCU_049,FCU,2024-10-07 22:38:42.999776,Filter blockage,1,LOW,1.0072982510765702,1.0072982510765702,2024-10-07 23:39:09.273480
202,FCU_042,FCU,2024-11-18 12:57:44.855046,Thermostat failure,1,LOW,1.545396981850832,1.545396981850832,2024-11-18 14:30:28.284181
202,FCU_043,FCU,2025-05-22 05:58:22.138291,Coil fouling,1,LOW,1.7769802288297352,1.7769802288297352,2025-05-22 07:44:59.267115
203,FCU_014,FCU,2025-03-10 13:58:20.951576,Thermostat failure,1,LOW,1.7487229270583733,1.7487229270583733,2025-03-10 15:43:16.354113
203,FCU_001,FCU,2025-03-14 03:22:50.512301,Filter blockage,1,LOW,0.9534495957895902,0.9534495957895902,2025-03-14 04:20:02.930846
203,HWP_002,HW_Pump,2025-03-30 03:11:24.787021,Motor overheating,3,HIGH,6.7082805032204424,6.7082805032204424,2025-03-30 09:53:54.596833
203,FCU_016,FCU,2025-05-14 02:35:13.298050,Filter blockage,1,LOW,1.0347075892807192,1.0347075892807192,2025-05-14 03:37:18.245371
204,FCU_025,FCU,2024-06-07 05:54:54.546994,Filter blockage,1,LOW,1.0199129931003124,1.0199129931003124,2024-06-07 06:56:06.233769
204,FCU_046,FCU,2025-04-27 19:27:31.271342,Fan motor failure,2,MEDIUM,4.051926418174826,4.051926418174826,2025-04-27 23:30:38.206447
205,FCU_032,FCU,2023-10-14 16:33:14.647025,Fan motor failure,2,MEDIUM,3.283231291023365,3.283231291023365,2023-10-14 19:50:14.279673
205,FCU_010,FCU,2024-08-06 01:06:06.065051,Coil fouling,1,LOW,1.7990413787973825,1.7990413787973825,2024-08-06 02:54:02.614015
205,FCU_008,FCU,2024-08-15 05:54:08.665139,Valve actuator,2,MEDIUM,3.481031411374174,3.481031411374174,2024-08-15 09:23:00.378220
205,FCU_029,FCU,2024-12-14 11:40:59.116224,Fan motor failure,2,MEDIUM,2.712472768320214,2.712472768320214,2024-12-14 14:23:44.018190
205,FCU_030,FCU,2025-02-26 00:36:18.858696,Filter blockage,1,LOW,0.6769636033899956,0.6769636033899956,2025-02-26 01:16:55.927668
205,HP_002,HeatPump,2025-05-01 01:01:54.163983,Control valve failure,3,HIGH,2.2027773599302303,2.2027773599302303,2025-05-01 03:14:04.162479
205,FCU_007,FCU,2025-05-03 11:55:31.492508,Coil fouling,1,LOW,1.868089339949548,1.868089339949548,2025-05-03 13:47:36.614132
206,FCU_006,FCU,2024-01-27 13:25:33.863277,Coil fouling,1,LOW,2.426957768505823,2.426957768505823,2024-01-27 15:51:10.911244
206,FCU_020,FCU,2024-11-10 09:36:42.086739,Fan motor failure,2,MEDIUM,4.47955095209832,4.47955095209832,2024-11-10 14:05:28.470167
207,FCU_009,FCU,2024-05-22 10:09:44.011228,Valve actuator,2,MEDIUM,3.456208151725064,3.456208151725064,2024-05-22 13:37:06.360574
207,HP_002,HeatPump,2024-06-10 20:44:10.264141,Heat exchanger fouling,2,MEDIUM,3.010709273512471,3.010709273512471,2024-06-10 23:44:48.817526
207,FCU_022,FCU,2024-07-08 14:44:19.311667,Coil fouling,1,LOW,1.7436013485169373,1.7436013485169373,2024-07-08 16:28:56.276522
207,FCU_007,FCU,2024-08-10 18:37:48.527081,Fan motor failure,2,MEDIUM,3.5380849665739476,3.5380849665739476,2024-08-10 22:10:05.632961
207,FCU_005,FCU,2024-08-12 07:11:41.437122,Thermostat failure,1,LOW,1.5949395801305593,1.5949395801305593,2024-08-12 08:47:23.219610
207,FCU_035,FCU,2025-01-28 02:24:29.189957,Valve actuator,2,MEDIUM,2.1644171096896097,2.1644171096896097,2025-01-28 04:34:21.091552
207,HWP_001,HW_Pump,2025-05-13 15:44:19.423804,Motor overheating,3,HIGH,4.613774855673833,4.613774855673833,2025-05-13 20:21:09.013284
208,FCU_027,FCU,2024-06-06 16:05:24.775504,Fan motor failure,2,MEDIUM,4.28530863864749,4.28530863864749,2024-06-06 20:22:31.886603
209,FCU_022,FCU,2024-01-07 04:22:11.399391,Filter blockage,1,LOW,0.955846874270283,0.955846874270283,2024-01-07 05:19:32.448138
209,FCU_019,FCU,2025-02-15 16:46:27.394092,Fan motor failure,2,MEDIUM,2.8033863872968117,2.8033863872968117,2025-02-15 19:34:39.585086
209,FCU_049,FCU,2025-03-02 22:45:29.235468,Fan motor failure,2,MEDIUM,4.7876884945292515,4.7876884945292515,2025-03-03 03:32:44.914048
210,FCU_041,FCU,2024-03-08 13:07:32.933184,Fan motor failure,2,MEDIUM,2.895145731580182,2.895145731580182,2024-03-08 16:01:15.457818
210,FCU_035,FCU,2024-03-11 21:55:22.376080,Fan motor failure,2,MEDIUM,4.984114367760212,4.984114367760212,2024-03-12 02:54:25.187804
210,HWP_002,HW_Pump,2024-05-19 15:57:23.150276,Bearing wear,3,HIGH,6.1154174327780995,6.1154174327780995,2024-05-19 22:04:18.653034
210,FCU_018,FCU,2024-10-27 06:26:43.619315,Coil fouling,1,LOW,1.5041572174250595,1.5041572174250595,2024-10-27 07:56:58.585298
210,HP_002,HeatPump,2024-11-17 10:04:03.633586,Heat exchanger fouling,2,MEDIUM,4.972747047403536,4.972747047403536,2024-11-17 15:02:25.522957
210,FCU_015,FCU,2024-12-16 20:03:45.386746,Thermostat failure,1,LOW,1.9651446695703176,1.9651446695703176,2024-12-16 22:01:39.907556
211,FCU_010,FCU,2024-08-12 00:02:25.520387,Fan motor failure,2,MEDIUM,6.188572081255463,6.188572081255463,2024-08-12 06:13:44.379880
211,FCU_028,FCU,2024-09-11 16:38:10.294185,Filter blockage,1,LOW,0.5941022765289788,0.5941022765289788,2024-09-11 17:13:49.062381
211,HP_002,HeatPump,2024-10-12 12:20:48.963044,Compressor degradation,4,CRITICAL,15.306304561894681,15.306304561894681,2024-10-13 03:39:11.659467
211,CHWP_003,CHW_Pump,2024-10-29 07:04:06.799355,Impeller damage,4,CRITICAL,8.87811958909101,8.87811958909101,2024-10-29 15:56:48.029876
211,FCU_038,FCU,2024-11-23 00:06:56.216356,Coil fouling,1,LOW,1.1156283389701054,1.1156283389701054,2024-11-23 01:13:52.478376
211,FCU_032,FCU,2025-02-15 19:00:11.220171,Fan motor failure,2,MEDIUM,3.9506497113465002,3.9506497113465002,2025-02-15 22:57:13.559132
212,FCU_034,FCU,2024-08-07 17:27:55.113956,Thermostat failure,1,LOW,2.243085921925661,2.243085921925661,2024-08-07 19:42:30.223275
212,FCU_001,FCU,2024-09-20 00:55:38.653973,Filter blockage,1,LOW,0.6199876144041438,0.6199876144041438,2024-09-20 01:32:50.609385
212,FCU_004,FCU,2024-12-16 10:31:28.360006,Filter blockage,1,LOW,1.6914293601526509,1.6914293601526509,2024-12-16 12:12:57.505703
212,FCU_041,FCU,2025-01-06 15:52:36.163013,Thermostat failure,1,LOW,1.9877370540869155,1.9877370540869155,2025-01-06 17:51:52.016408
213,HWP_002,HW_Pump,2024-10-20 21:36:59.988502,Bearing wear,3,HIGH,6.050763590059205,6.050763590059205,2024-10-21 03:40:02.737426
213,FCU_008,FCU,2025-03-27 09:20:11.928319,Coil fouling,1,LOW,2.811779596604249,2.811779596604249,2025-03-27 12:08:54.334867
213,FCU_014,FCU,2025-05-23 01:40:04.787740,Valve actuator,2,MEDIUM,4.803636893294532,4.803636893294532,2025-05-23 06:28:17.880556
214,FCU_025,FCU,2023-10-24 10:42:28.670548,Coil fouling,1,LOW,1.6091683400360959,1.6091683400360959,2023-10-24 12:19:01.676572
214,FCU_026,FCU,2024-06-17 01:53:02.899477,Valve actuator,2,MEDIUM,2.745270678980874,2.745270678980874,2024-06-17 04:37:45.873921
214,HP_001,HeatPump,2025-02-14 11:26:28.989134,Heat exchanger fouling,2,MEDIUM,3.1703912174770084,3.1703912174770084,2025-02-14 14:36:42.397517
215,FCU_037,FCU,2024-04-11 09:21:16.517851,Fan motor failure,2,MEDIUM,2.2880399930412767,2.2880399930412767,2024-04-11 11:38:33.461826
215,FCU_021,FCU,2024-11-07 21:27:55.546327,Filter blockage,1,LOW,1.0674613313377497,1.0674613313377497,2024-11-07 22:31:58.407120
215,FCU_007,FCU,2025-01-26 15:45:31.629160,Coil fouling,1,LOW,2.172706184616756,2.172706184616756,2025-01-26 17:55:53.371425
215,FCU_036,FCU,2025-05-08 08:00:47.173779,Fan motor failure,2,MEDIUM,6.533795905226486,6.533795905226486,2025-05-08 14:32:48.839038
215,FCU_001,FCU,2025-05-15 09:00:30.348982,Thermostat failure,1,LOW,1.8321124391990924,1.8321124391990924,2025-05-15 10:50:25.953763
216,FCU_009,FCU,2024-07-20 04:26:43.524657,Filter blockage,1,LOW,1.4203016882847082,1.4203016882847082,2024-07-20 05:51:56.610735
216,FCU_017,FCU,2024-10-26 07:06:58.516529,Fan motor failure,2,MEDIUM,3.272017143990767,3.272017143990767,2024-10-26 10:23:17.778247
216,FCU_011,FCU,2025-04-23 04:01:27.157139,Fan motor failure,2,MEDIUM,4.666192252948193,4.666192252948193,2025-04-23 08:41:25.449250
217,HWP_002,HW_Pump,2025-02-02 21:10:23.456839,Impeller damage,4,CRITICAL,10.966821909636897,10.966821909636897,2025-02-03 08:08:24.015714
217,FCU_002,FCU,2025-02-19 14:52:29.712735,Fan motor failure,2,MEDIUM,3.0495102581310443,3.0495102581310443,2025-02-19 17:55:27.949664
217,FCU_041,FCU,2025-04-09 06:38:41.723626,Fan motor failure,2,MEDIUM,4.563392327273209,4.563392327273209,2025-04-09 11:12:29.936004
218,FCU_007,FCU,2024-05-03 04:30:35.855766,Thermostat failure,1,LOW,1.9646346050806072,1.9646346050806072,2024-05-03 06:28:28.540344
218,FCU_043,FCU,2024-08-25 14:07:08.205791,Filter blockage,1,LOW,0.5889456538963735,0.5889456538963735,2024-08-25 14:42:28.410145
218,FCU_024,FCU,2024-12-19 02:48:39.745825,Coil fouling,1,LOW,1.420855283311688,1.420855283311688,2024-12-19 04:13:54.824845
219,FCU_028,FCU,2023-12-07 19:52:07.289655,Fan motor failure,2,MEDIUM,4.271575802774952,4.271575802774952,2023-12-08 00:08:24.962545
219,CHWP_003,CHW_Pump,2024-03-15 18:57:53.150642,Motor overheating,3,HIGH,11.968828863849701,11.968828863849701,2024-03-16 06:56:00.934552
219,HP_002,HeatPump,2024-08-07 15:01:06.949196,Heat exchanger fouling,2,MEDIUM,4.7544594901237724,4.7544594901237724,2024-08-07 19:46:23.003360
219,FCU_013,FCU,2024-11-02 17:52:49.586877,Filter blockage,1,LOW,1.159528511622171,1.159528511622171,2024-11-02 19:02:23.889519
219,FCU_030,FCU,2024-12-23 05:47:38.787941,Thermostat failure,1,LOW,2.5941150007505835,2.5941150007505835,2024-12-23 08:23:17.601944
219,FCU_027,FCU,2025-01-28 18:41:43.991654,Coil fouling,1,LOW,1.3964068329098125,1.3964068329098125,2025-01-28 20:05:31.056252
219,FCU_050,FCU,2025-03-29 03:11:34.733250,Valve actuator,2,MEDIUM,1.8207035270401746,1.8207035270401746,2025-03-29 05:00:49.265947
219,FCU_025,FCU,2025-05-05 16:18:30.951400,Fan motor failure,2,MEDIUM,3.8054121530510567,3.8054121530510567,2025-05-05 20:06:50.435151
219,HP_002,HeatPump,2025-05-15 00:59:03.266608,Sensor malfunction,1,LOW,1.7650511046209139,1.7650511046209139,2025-05-15 02:44:57.450585
220,HP_002,HeatPump,2024-03-20 18:04:42.892314,Heat exchanger fouling,2,MEDIUM,3.8620898358697544,3.8620898358697544,2024-03-20 21:56:26.415723
220,FCU_050,FCU,2024-07-21 15:39:17.080923,Valve actuator,2,MEDIUM,4.18074245194579,4.18074245194579,2024-07-21 19:50:07.753750
220,FCU_010,FCU,2024-10-12 15:55:19.222427,Fan motor failure,2,MEDIUM,3.12902270120041,3.12902270120041,2024-10-12 19:03:03.704151
220,FCU_011,FCU,2025-03-08 04:26:54.340095,Thermostat failure,1,LOW,2.7022065410517535,2.7022065410517535,2025-03-08 07:09:02.283643
220,FCU_017,FCU,2025-05-23 16:22:40.350042,Coil fouling,1,LOW,1.8502595119637961,1.8502595119637961,2025-05-23 18:13:41.284285
221,FCU_031,FCU,2024-09-13 16:08:37.050158,Filter blockage,1,LOW,0.8527725189600934,0.8527725189600934,2024-09-13 16:59:47.031226
221,FCU_026,FCU,2025-05-01 06:13:55.628959,Filter blockage,1,LOW,1.2214384155678009,1.2214384155678009,2025-05-01 07:27:12.807255
222,HP_002,HeatPump,2024-06-05 11:09:02.174765,Control valve failure,3,HIGH,4.131518868372322,4.131518868372322,2024-06-05 15:16:55.642691
223,FCU_001,FCU,2023-08-31 21:45:04.529440,Coil fouling,1,LOW,2.4862914904742888,2.4862914904742888,2023-09-01 00:14:15.178806
223,FCU_042,FCU,2025-04-19 16:24:15.731324,Coil fouling,1,LOW,2.5738911570044976,2.5738911570044976,2025-04-19 18:58:41.739489
224,FCU_025,FCU,2024-05-17 11:43:59.848902,Thermostat failure,1,LOW,2.1670769232248945,2.1670769232248945,2024-05-17 13:54:01.325826
224,FCU_016,FCU,2024-09-14 01:30:50.850208,Fan motor failure,2,MEDIUM,4.700593886589077,4.700593886589077,2024-09-14 06:12:52.988200
224,FCU_022,FCU,2025-02-07 00:51:03.172817,Valve actuator,2,MEDIUM,4.3467869077721035,4.3467869077721035,2025-02-07 05:11:51.605685
224,CHWP_003,CHW_Pump,2025-02-23 11:14:13.504509,Bearing wear,3,HIGH,6.671423825382825,6.671423825382825,2025-02-23 17:54:30.630280
225,FCU_026,FCU,2023-02-15 11:57:54.247959,Coil fouling,1,LOW,2.4245617724104997,2.4245617724104997,2023-02-15 14:23:22.670340
225,HP_001,HeatPump,2024-07-31 04:51:41.782564,Control valve failure,3,HIGH,2.382376856067427,2.382376856067427,2024-07-31 07:14:38.339246
225,FCU_018,FCU,2024-09-11 15:30:03.737681,Coil fouling,1,LOW,2.3601802385594266,2.3601802385594266,2024-09-11 17:51:40.386540
225,CHWP_002,CHW_Pump,2025-03-10 02:30:05.619901,Impeller damage,4,CRITICAL,13.520677215842126,13.520677215842126,2025-03-10 16:01:20.057878
225,HWP_002,HW_Pump,2025-03-29 10:03:57.979227,Impeller damage,4,CRITICAL,11.117918680708232,11.117918680708232,2025-03-29 21:11:02.486478
226,HWP_001,HW_Pump,2023-08-16 09:31:07.808184,Impeller damage,4,CRITICAL,8.356489497569614,8.356489497569614,2023-08-16 17:52:31.170375
226,CHWP_002,CHW_Pump,2024-09-27 06:36:04.716263,Motor overheating,3,HIGH,3.5715203637706328,3.5715203637706328,2024-09-27 10:10:22.189573
226,HP_002,HeatPump,2024-10-19 18:16:26.509555,Compressor degradation,4,CRITICAL,15.896170742714613,15.896170742714613,2024-10-20 10:10:12.724229
226,FCU_001,FCU,2024-12-14 11:32:49.922622,Filter blockage,1,LOW,0.7002939059536393,0.7002939059536393,2024-12-14 12:14:50.980683
226,FCU_017,FCU,2025-02-26 07:07:46.529434,Fan motor failure,2,MEDIUM,4.643700554631773,4.643700554631773,2025-02-26 11:46:23.851431
226,FCU_003,FCU,2025-03-12 18:23:08.912745,Thermostat failure,1,LOW,2.272233508684577,2.272233508684577,2025-03-12 20:39:28.953376
226,FCU_038,FCU,2025-04-01 15:58:46.403282,Thermostat failure,1,LOW,2.493269169058069,2.493269169058069,2025-04-01 18:28:22.172291
227,FCU_043,FCU,2024-05-11 07:33:40.402365,Fan motor failure,2,MEDIUM,3.0619800243370494,3.0619800243370494,2024-05-11 10:37:23.530453
227,FCU_039,FCU,2024-06-14 23:17:37.940076,Coil fouling,1,LOW,1.9102922129526922,1.9102922129526922,2024-06-15 01:12:14.992043
227,FCU_024,FCU,2024-08-29 15:34:31.729905,Coil fouling,1,LOW,1.9755609109928614,1.9755609109928614,2024-08-29 17:33:03.749185
227,FCU_002,FCU,2024-11-09 07:53:04.626034,Filter blockage,1,LOW,1.2252260053584703,1.2252260053584703,2024-11-09 09:06:35.439653
227,HP_001,HeatPump,2025-01-08 00:45:06.460521,Refrigerant leak,3,HIGH,5.488751157274131,5.488751157274131,2025-01-08 06:14:25.964687
227,FCU_009,FCU,2025-01-08 14:42:58.322248,Coil fouling,1,LOW,2.1067528922911696,2.1067528922911696,2025-01-08 16:49:22.632660
228,FCU_002,FCU,2024-04-21 13:08:59.346450,Fan motor failure,2,MEDIUM,3.269687819571867,3.269687819571867,2024-04-21 16:25:10.222600
228,CT_001,CoolingTower,2024-05-20 07:07:35.593362,Fan motor failure,4,CRITICAL,12.26819956804181,12.26819956804181,2024-05-20 19:23:41.111807
228,FCU_030,FCU,2024-09-12 07:24:40.561910,Coil fouling,1,LOW,2.1165636298253228,2.1165636298253228,2024-09-12 09:31:40.190977
228,FCU_050,FCU,2025-03-26 14:35:16.844698,Coil fouling,1,LOW,2.502523227617479,2.502523227617479,2025-03-26 17:05:25.928317
228,FCU_023,FCU,2025-04-17 21:28:30.839676,Fan motor failure,2,MEDIUM,4.002133625557068,4.002133625557068,2025-04-18 01:28:38.520728
229,FCU_031,FCU,2024-01-06 22:38:29.040717,Thermostat failure,1,LOW,1.9199180402401717,1.9199180402401717,2024-01-07 00:33:40.745662
229,FCU_004,FCU,2024-12-07 03:21:34.838442,Coil fouling,1,LOW,1.8578001185382047,1.8578001185382047,2024-12-07 05:13:02.918869
229,FCU_032,FCU,2025-04-10 01:32:39.157518,Fan motor failure,2,MEDIUM,4.317385713043549,4.317385713043549,2025-04-10 05:51:41.746085
230,HWP_001,HW_Pump,2024-10-15 10:07:16.735279,Bearing wear,3,HIGH,5.9102568066205405,5.9102568066205405,2024-10-15 16:01:53.659783
230,FCU_048,FCU,2024-11-19 02:10:44.292727,Filter blockage,1,LOW,0.983110999852723,0.983110999852723,2024-11-19 03:09:43.492326
230,FCU_035,FCU,2025-01-29 06:55:01.398367,Fan motor failure,2,MEDIUM,3.8505782461461253,3.8505782461461253,2025-01-29 10:46:03.480053
230,FCU_013,FCU,2025-02-15 15:42:44.771744,Coil fouling,1,LOW,2.5331572946530154,2.5331572946530154,2025-02-15 18:14:44.138005
230,FCU_027,FCU,2025-02-20 01:02:51.138927,Coil fouling,1,LOW,1.1854997416564534,1.1854997416564534,2025-02-20 02:13:58.937997
231,CHWP_001,CHW_Pump,2024-01-31 23:34:15.829525,Impeller damage,4,CRITICAL,9.220316596144897,9.220316596144897,2024-02-01 08:47:28.969271
231,FCU_013,FCU,2024-02-11 02:21:28.242666,Thermostat failure,1,LOW,2.1094961282034843,2.1094961282034843,2024-02-11 04:28:02.428728
231,HWP_001,HW_Pump,2024-10-21 22:10:11.757623,Impeller damage,4,CRITICAL,6.8910443663923,6.8910443663923,2024-10-22 05:03:39.517342
231,FCU_035,FCU,2025-04-05 07:52:45.483686,Thermostat failure,1,LOW,1.3167968708707882,1.3167968708707882,2025-04-05 09:11:45.952421
231,HP_002,HeatPump,2025-04-18 21:15:56.781395,Compressor degradation,4,CRITICAL,10.48644454026465,10.48644454026465,2025-04-19 07:45:07.981740
232,FCU_007,FCU,2024-10-01 12:22:53.103278,Coil fouling,1,LOW,1.694665592735638,1.694665592735638,2024-10-01 14:04:33.899412
232,FCU_036,FCU,2024-10-09 06:33:46.009768,Thermostat failure,1,LOW,2.881450596866401,2.881450596866401,2024-10-09 09:26:39.231917
232,FCU_034,FCU,2024-11-19 07:17:37.626913,Filter blockage,1,LOW,0.6011807525707735,0.6011807525707735,2024-11-19 07:53:41.877622
232,FCU_013,FCU,2025-02-02 10:03:14.580335,Fan motor failure,2,MEDIUM,3.675798207787385,3.675798207787385,2025-02-02 13:43:47.453883
232,FCU_003,FCU,2025-04-08 05:51:02.282189,Fan motor failure,2,MEDIUM,5.285882509087802,5.285882509087802,2025-04-08 11:08:11.459222
232,FCU_047,FCU,2025-04-16 10:11:26.832021,Coil fouling,1,LOW,2.5125180380662506,2.5125180380662506,2025-04-16 12:42:11.896958
233,FCU_002,FCU,2023-08-12 10:43:56.070138,Valve actuator,2,MEDIUM,2.133913033052643,2.133913033052643,2023-08-12 12:51:58.157057
234,FCU_042,FCU,2023-12-12 12:57:57.102128,Fan motor failure,2,MEDIUM,3.5486734938141056,3.5486734938141056,2023-12-12 16:30:52.326706
234,FCU_027,FCU,2024-08-11 11:54:23.889624,Valve actuator,2,MEDIUM,2.349461226294642,2.349461226294642,2024-08-11 14:15:21.950039
234,FCU_004,FCU,2024-08-30 19:46:37.442556,Thermostat failure,1,LOW,2.1092594526302406,2.1092594526302406,2024-08-30 21:53:10.776585
234,FCU_022,FCU,2024-12-09 21:00:35.488645,Thermostat failure,1,LOW,2.3224192848941376,2.3224192848941376,2024-12-09 23:19:56.198071
234,FCU_036,FCU,2025-01-24 18:07:15.405042,Filter blockage,1,LOW,1.024369456442491,1.024369456442491,2025-01-24 19:08:43.135085
235,HP_001,HeatPump,2023-06-24 05:31:17.668513,Refrigerant leak,3,HIGH,6.1336391277815085,6.1336391277815085,2023-06-24 11:39:18.769373
235,FCU_045,FCU,2024-01-09 10:24:11.595802,Thermostat failure,1,LOW,1.5671106915911723,1.5671106915911723,2024-01-09 11:58:13.194292
235,FCU_020,FCU,2024-06-24 05:17:14.943431,Coil fouling,1,LOW,2.0816743129504913,2.0816743129504913,2024-06-24 07:22:08.970958
235,FCU_040,FCU,2024-09-01 17:16:55.948916,Fan motor failure,2,MEDIUM,3.0481107993219347,3.0481107993219347,2024-09-01 20:19:49.147794
235,FCU_034,FCU,2024-10-18 16:53:12.274138,Fan motor failure,2,MEDIUM,5.457776620096056,5.457776620096056,2024-10-18 22:20:40.269970
235,HP_002,HeatPump,2025-01-04 00:05:45.818954,Control valve failure,3,HIGH,2.0150044309491193,2.0150044309491193,2025-01-04 02:06:39.834905
235,FCU_033,FCU,2025-02-13 11:05:04.179486,Fan motor failure,2,MEDIUM,5.605988533908268,5.605988533908268,2025-02-13 16:41:25.738208
235,CT_001,CoolingTower,2025-05-08 06:15:57.430592,Fan motor failure,4,CRITICAL,10.497930953373771,10.497930953373771,2025-05-08 16:45:49.982024
236,CHWP_001,CHW_Pump,2023-12-20 11:31:38.601566,Seal leakage,2,MEDIUM,3.613025628077264,3.613025628077264,2023-12-20 15:08:25.493827
236,FCU_027,FCU,2024-08-08 22:41:20.148099,Coil fouling,1,LOW,1.9078655145575747,1.9078655145575747,2024-08-09 00:35:48.463951
236,FCU_021,FCU,2024-09-28 08:37:21.711292,Valve actuator,2,MEDIUM,2.0717873146191383,2.0717873146191383,2024-09-28 10:41:40.145625
236,CHWP_002,CHW_Pump,2024-10-31 21:59:43.802604,Bearing wear,3,HIGH,6.351551699727467,6.351551699727467,2024-11-01 04:20:49.388723
236,FCU_036,FCU,2025-02-18 07:42:37.619085,Fan motor failure,2,MEDIUM,4.1260034132015955,4.1260034132015955,2025-02-18 11:50:11.231373
236,FCU_038,FCU,2025-03-18 11:34:05.952113,Fan motor failure,2,MEDIUM,3.4359573641209167,3.4359573641209167,2025-03-18 15:00:15.398624
236,FCU_039,FCU,2025-04-23 21:19:29.928743,Thermostat failure,1,LOW,2.359883350817572,2.359883350817572,2025-04-23 23:41:05.508806
237,FCU_037,FCU,2023-11-14 09:27:58.320273,Fan motor failure,2,MEDIUM,4.524708152425945,4.524708152425945,2023-11-14 13:59:27.269622
237,FCU_021,FCU,2024-08-21 11:39:21.658118,Fan motor failure,2,MEDIUM,3.414698494709596,3.414698494709596,2024-08-21 15:04:14.572699
237,FCU_018,FCU,2024-12-15 13:01:03.598901,Valve actuator,2,MEDIUM,5.1471000445373685,5.1471000445373685,2024-12-15 18:09:53.159061
238,FCU_028,FCU,2023-10-21 20:02:02.420941,Coil fouling,1,LOW,1.8056783329378594,1.8056783329378594,2023-10-21 21:50:22.862940
238,CT_001,CoolingTower,2023-12-22 11:30:47.072962,Fan motor failure,4,CRITICAL,10.301229426219498,10.301229426219498,2023-12-22 21:48:51.498896
238,FCU_050,FCU,2024-10-23 20:00:32.381772,Coil fouling,1,LOW,2.0730469425920797,2.0730469425920797,2024-10-23 22:04:55.350765
239,FCU_038,FCU,2024-03-16 22:39:04.396606,Fan motor failure,2,MEDIUM,4.969061353635292,4.969061353635292,2024-03-17 03:37:13.017479
239,FCU_002,FCU,2024-06-01 00:33:43.539583,Coil fouling,1,LOW,2.283155951245658,2.283155951245658,2024-06-01 02:50:42.901007
239,FCU_018,FCU,2024-10-15 00:41:41.075851,Coil fouling,1,LOW,2.9321884276212127,2.9321884276212127,2024-10-15 03:37:36.954190
239,FCU_032,FCU,2024-10-26 17:18:37.812043,Coil fouling,1,LOW,1.5227905450990673,1.5227905450990673,2024-10-26 18:49:59.858005
239,FCU_022,FCU,2024-12-05 06:32:34.686761,Valve actuator,2,MEDIUM,1.6708687577494223,1.6708687577494223,2024-12-05 08:12:49.814289
239,HP_001,HeatPump,2025-04-26 17:59:06.214821,Sensor malfunction,1,LOW,1.8019869381052855,1.8019869381052855,2025-04-26 19:47:13.367798
239,HWP_001,HW_Pump,2025-05-17 20:54:15.909826,Motor overheating,3,HIGH,7.190286447316772,7.190286447316772,2025-05-18 04:05:40.941036
240,HWP_002,HW_Pump,2023-11-22 14:38:49.901317,Seal leakage,2,MEDIUM,3.7227530938144433,3.7227530938144433,2023-11-22 18:22:11.812455
240,FCU_013,FCU,2024-09-09 12:53:25.769902,Filter blockage,1,LOW,1.3648342730803216,1.3648342730803216,2024-09-09 14:15:19.173285
240,FCU_036,FCU,2024-10-04 20:05:56.875890,Valve actuator,2,MEDIUM,4.3281292513220775,4.3281292513220775,2024-10-05 00:25:38.141195
240,FCU_020,FCU,2025-01-27 16:40:11.914523,Filter blockage,1,LOW,0.7443304171492929,0.7443304171492929,2025-01-27 17:24:51.504025
240,FCU_003,FCU,2025-04-18 21:02:14.881135,Filter blockage,1,LOW,1.0621220012220036,1.0621220012220036,2025-04-18 22:05:58.520339
241,FCU_032,FCU,2024-05-07 00:12:28.779093,Fan motor failure,2,MEDIUM,4.850035534088516,4.850035534088516,2024-05-07 05:03:28.907016
241,FCU_035,FCU,2024-06-10 13:35:02.582937,Valve actuator,2,MEDIUM,1.9507348561655917,1.9507348561655917,2024-06-10 15:32:05.228419
241,FCU_037,FCU,2024-10-29 05:45:53.204164,Valve actuator,2,MEDIUM,3.459489497812001,3.459489497812001,2024-10-29 09:13:27.366356
241,FCU_008,FCU,2025-01-22 00:23:26.886250,Filter blockage,1,LOW,1.5160988486136604,1.5160988486136604,2025-01-22 01:54:24.842105
241,FCU_026,FCU,2025-04-30 10:30:56.419633,Filter blockage,1,LOW,0.9535207768940145,0.9535207768940145,2025-04-30 11:28:09.094430
242,FCU_022,FCU,2023-11-18 11:00:13.846595,Filter blockage,1,LOW,1.3723754193239532,1.3723754193239532,2023-11-18 12:22:34.398105
242,FCU_026,FCU,2024-08-14 15:58:36.585983,Filter blockage,1,LOW,0.9680916281157671,0.9680916281157671,2024-08-14 16:56:41.715844
242,FCU_007,FCU,2024-11-14 23:31:39.632624,Coil fouling,1,LOW,1.7575034887382717,1.7575034887382717,2024-11-15 01:17:06.645183
242,FCU_038,FCU,2024-11-23 03:04:11.719364,Fan motor failure,2,MEDIUM,2.950667390883931,2.950667390883931,2024-11-23 06:01:14.121971
242,FCU_033,FCU,2025-01-10 01:07:51.271311,Thermostat failure,1,LOW,1.6610593539442524,1.6610593539442524,2025-01-10 02:47:31.084985
242,FCU_044,FCU,2025-02-01 15:22:48.442262,Valve actuator,2,MEDIUM,2.357077064832721,2.357077064832721,2025-02-01 17:44:13.919695
242,FCU_032,FCU,2025-05-27 20:59:44.000637,Filter blockage,1,LOW,0.920763919063889,0.920763919063889,2025-05-27 21:54:58.750746
243,FCU_040,FCU,2024-08-03 05:25:03.059468,Coil fouling,1,LOW,1.8231286522443024,1.8231286522443024,2024-08-03 07:14:26.322616
243,FCU_006,FCU,2025-02-14 16:26:08.133570,Fan motor failure,2,MEDIUM,3.7087030504999237,3.7087030504999237,2025-02-14 20:08:39.464552
243,FCU_032,FCU,2025-03-13 15:02:39.823903,Coil fouling,1,LOW,1.2734248288537695,1.2734248288537695,2025-03-13 16:19:04.153287
243,FCU_003,FCU,2025-03-15 05:52:22.502297,Thermostat failure,1,LOW,1.9993202021286773,1.9993202021286773,2025-03-15 07:52:20.055025
243,FCU_047,FCU,2025-03-18 04:34:35.376726,Fan motor failure,2,MEDIUM,3.2166266026798445,3.2166266026798445,2025-03-18 07:47:35.232496
243,HWP_002,HW_Pump,2025-03-20 14:36:52.880633,Bearing wear,3,HIGH,11.415467253765044,11.415467253765044,2025-03-21 02:01:48.562747
243,FCU_043,FCU,2025-05-27 22:50:12.517874,Fan motor failure,2,MEDIUM,4.324875057756086,4.324875057756086,2025-05-28 03:09:42.068082
244,FCU_002,FCU,2023-07-12 00:04:18.236543,Fan motor failure,2,MEDIUM,2.6504146073702426,2.6504146073702426,2023-07-12 02:43:19.729130
244,FCU_034,FCU,2025-02-11 00:49:38.276227,Filter blockage,1,LOW,1.0169895775187534,1.0169895775187534,2025-02-11 01:50:39.438706
244,FCU_006,FCU,2025-03-20 22:44:46.543797,Valve actuator,2,MEDIUM,3.405536596119658,3.405536596119658,2025-03-21 02:09:06.475543
244,FCU_021,FCU,2025-05-22 20:02:31.622835,Coil fouling,1,LOW,1.269105377658278,1.269105377658278,2025-05-22 21:18:40.402195
245,FCU_037,FCU,2024-01-21 21:03:22.853126,Fan motor failure,2,MEDIUM,3.5153890305707804,3.5153890305707804,2024-01-22 00:34:18.253636
245,FCU_018,FCU,2024-05-29 21:31:55.707576,Coil fouling,1,LOW,2.094042013289147,2.094042013289147,2024-05-29 23:37:34.258824
245,FCU_023,FCU,2024-07-18 23:31:15.101494,Coil fouling,1,LOW,1.7577156166888033,1.7577156166888033,2024-07-19 01:16:42.877714
245,FCU_045,FCU,2024-11-06 09:55:23.755596,Thermostat failure,1,LOW,2.4888861453891455,2.4888861453891455,2024-11-06 12:24:43.745719
245,HWP_002,HW_Pump,2024-11-22 07:39:44.977943,Bearing wear,3,HIGH,8.13985911112103,8.13985911112103,2024-11-22 15:48:08.470743
245,FCU_049,FCU,2025-03-06 04:48:53.758264,Coil fouling,1,LOW,2.04500931801793,2.04500931801793,2025-03-06 06:51:35.791809
245,FCU_015,FCU,2025-03-26 03:16:06.410819,Valve actuator,2,MEDIUM,2.800144480024369,2.800144480024369,2025-03-26 06:04:06.930947
246,FCU_041,FCU,2024-07-08 15:01:48.181704,Filter blockage,1,LOW,1.1738998922152966,1.1738998922152966,2024-07-08 16:12:14.221316
246,FCU_018,FCU,2024-11-28 04:22:07.896744,Fan motor failure,2,MEDIUM,4.698317934475704,4.698317934475704,2024-11-28 09:04:01.841308
246,FCU_003,FCU,2025-04-23 23:33:47.519263,Fan motor failure,2,MEDIUM,4.704692794177262,4.704692794177262,2025-04-24 04:16:04.413322
247,FCU_008,FCU,2023-10-07 01:37:14.566420,Fan motor failure,2,MEDIUM,2.7743347221725085,2.7743347221725085,2023-10-07 04:23:42.171420
247,FCU_027,FCU,2024-02-20 00:25:11.771647,Valve actuator,2,MEDIUM,3.3165447187967243,3.3165447187967243,2024-02-20 03:44:11.332635
247,FCU_036,FCU,2024-04-01 05:43:58.285663,Fan motor failure,2,MEDIUM,5.9301005837512895,5.9301005837512895,2024-04-01 11:39:46.647765
247,FCU_023,FCU,2024-11-22 18:04:23.426272,Coil fouling,1,LOW,3.356196270548678,3.356196270548678,2024-11-22 21:25:45.732846
247,FCU_018,FCU,2024-11-25 05:15:44.496326,Coil fouling,1,LOW,2.258464008412941,2.258464008412941,2024-11-25 07:31:14.966756
247,FCU_012,FCU,2025-05-25 15:50:56.672895,Fan motor failure,2,MEDIUM,3.8040149953773623,3.8040149953773623,2025-05-25 19:39:11.126878
248,FCU_009,FCU,2024-01-21 21:00:53.933366,Fan motor failure,2,MEDIUM,6.827968834796239,6.827968834796239,2024-01-22 03:50:34.621171
248,FCU_016,FCU,2024-04-13 22:57:23.443479,Coil fouling,1,LOW,1.8453071194118715,1.8453071194118715,2024-04-14 00:48:06.549109
248,FCU_019,FCU,2024-07-24 08:02:24.798034,Filter blockage,1,LOW,0.8713927559758374,0.8713927559758374,2024-07-24 08:54:41.811956
248,FCU_006,FCU,2024-10-20 16:38:52.925037,Coil fouling,1,LOW,1.821711017527177,1.821711017527177,2024-10-20 18:28:11.084700
248,FCU_005,FCU,2024-11-16 16:10:09.164786,Filter blockage,1,LOW,1.5996134619026139,1.5996134619026139,2024-11-16 17:46:07.773249
248,FCU_018,FCU,2025-02-01 06:30:22.297184,Filter blockage,1,LOW,1.1893681854678801,1.1893681854678801,2025-02-01 07:41:44.022652
248,HP_002,HeatPump,2025-04-26 22:22:46.730514,Heat exchanger fouling,2,MEDIUM,2.9538698764960314,2.9538698764960314,2025-04-27 01:20:00.662069
248,CHWP_002,CHW_Pump,2025-05-23 13:36:15.840768,Seal leakage,2,MEDIUM,5.596348952008455,5.596348952008455,2025-05-23 19:12:02.696995
248,FCU_043,FCU,2025-05-29 18:50:47.552115,Filter blockage,1,LOW,0.7183673624393552,0.7183673624393552,2025-05-29 19:33:53.674620
249,FCU_038,FCU,2023-04-13 01:27:06.602618,Thermostat failure,1,LOW,1.754288968266066,1.754288968266066,2023-04-13 03:12:22.042904
249,FCU_043,FCU,2023-10-07 01:20:02.326929,Coil fouling,1,LOW,3.2295367179681325,3.2295367179681325,2023-10-07 04:33:48.659114
249,FCU_035,FCU,2024-10-21 16:03:42.336177,Thermostat failure,1,LOW,1.4085649061848409,1.4085649061848409,2024-10-21 17:28:13.169839
249,FCU_001,FCU,2025-05-15 13:18:54.250882,Thermostat failure,1,LOW,1.7204827003303074,1.7204827003303074,2025-05-15 15:02:07.988603
250,HP_001,HeatPump,2024-06-14 14:02:37.648461,Compressor degradation,4,CRITICAL,11.61840333947331,11.61840333947331,2024-06-15 01:39:43.900483
250,FCU_008,FCU,2024-07-14 21:08:52.587915,Filter blockage,1,LOW,1.5716677791855727,1.5716677791855727,2024-07-14 22:43:10.591920
250,FCU_003,FCU,2025-03-12 13:32:11.635230,Valve actuator,2,MEDIUM,4.1804587465563,4.1804587465563,2025-03-12 17:43:01.286718
250,FCU_007,FCU,2025-05-26 01:14:31.899117,Fan motor failure,2,MEDIUM,5.41134024990174,5.41134024990174,2025-05-26 06:39:12.724017
251,FCU_008,FCU,2023-08-09 13:51:06.391965,Filter blockage,1,LOW,0.8927960328382669,0.8927960328382669,2023-08-09 14:44:40.457683
251,CHWP_001,CHW_Pump,2024-05-13 16:40:28.998526,Impeller damage,4,CRITICAL,12.171085157809802,12.171085157809802,2024-05-14 04:50:44.905094
251,HP_002,HeatPump,2025-01-07 15:16:40.606243,Heat exchanger fouling,2,MEDIUM,4.684791665233916,4.684791665233916,2025-01-07 19:57:45.856238
251,FCU_040,FCU,2025-04-02 13:55:03.915126,Thermostat failure,1,LOW,1.6469289707879988,1.6469289707879988,2025-04-02 15:33:52.859421
251,FCU_030,FCU,2025-05-03 22:30:01.939734,Coil fouling,1,LOW,2.7779700268792396,2.7779700268792396,2025-05-04 01:16:42.631831
252,FCU_043,FCU,2024-01-26 15:41:28.859180,Valve actuator,2,MEDIUM,5.5399847361213865,5.5399847361213865,2024-01-26 21:13:52.804230
252,FCU_015,FCU,2024-03-13 22:28:53.244552,Fan motor failure,2,MEDIUM,4.631704339335321,4.631704339335321,2024-03-14 03:06:47.380174
252,FCU_022,FCU,2024-05-09 13:11:08.044064,Coil fouling,1,LOW,2.3213594874008066,2.3213594874008066,2024-05-09 15:30:24.938219
252,FCU_046,FCU,2025-01-07 17:27:16.546970,Fan motor failure,2,MEDIUM,3.0601189749950017,3.0601189749950017,2025-01-07 20:30:52.975280
252,FCU_009,FCU,2025-01-25 11:43:12.462079,Coil fouling,1,LOW,1.0650406627259172,1.0650406627259172,2025-01-25 12:47:06.608465
252,FCU_002,FCU,2025-03-08 06:26:20.272814,Filter blockage,1,LOW,0.6950351369822779,0.6950351369822779,2025-03-08 07:08:02.399307
252,FCU_049,FCU,2025-05-12 03:00:02.388132,Fan motor failure,2,MEDIUM,3.983711163751616,3.983711163751616,2025-05-12 06:59:03.748322
252,FCU_023,FCU,2025-05-19 18:34:20.614894,Valve actuator,2,MEDIUM,3.7765031812137813,3.7765031812137813,2025-05-19 22:20:56.026346
253,HP_002,HeatPump,2024-09-13 03:52:40.754937,Compressor degradation,4,CRITICAL,13.98035810895305,13.98035810895305,2024-09-13 17:51:30.044129
253,FCU_047,FCU,2024-11-06 21:26:16.339451,Fan motor failure,2,MEDIUM,3.34206016437507,3.34206016437507,2024-11-07 00:46:47.756043
253,FCU_002,FCU,2025-02-16 08:44:02.847823,Valve actuator,2,MEDIUM,2.9300802421382652,2.9300802421382652,2025-02-16 11:39:51.136695
253,FCU_046,FCU,2025-02-24 01:02:09.688650,Valve actuator,2,MEDIUM,2.2298866606371672,2.2298866606371672,2025-02-24 03:15:57.280628
253,FCU_016,FCU,2025-03-15 22:01:46.395331,Fan motor failure,2,MEDIUM,4.986262163305465,4.986262163305465,2025-03-16 03:00:56.939119
253,FCU_032,FCU,2025-03-24 08:35:25.458188,Filter blockage,1,LOW,1.2081756951938556,1.2081756951938556,2025-03-24 09:47:54.890691
253,FCU_028,FCU,2025-04-13 11:14:01.774281,Thermostat failure,1,LOW,1.9741527630073001,1.9741527630073001,2025-04-13 13:12:28.724228
253,FCU_012,FCU,2025-04-22 15:47:03.675245,Coil fouling,1,LOW,2.0975194131239245,2.0975194131239245,2025-04-22 17:52:54.745132
254,HWP_001,HW_Pump,2024-07-28 11:22:56.507110,Impeller damage,4,CRITICAL,11.38650949455692,11.38650949455692,2024-07-28 22:46:07.941290
254,FCU_050,FCU,2024-08-18 09:01:54.189958,Valve actuator,2,MEDIUM,4.643006458532709,4.643006458532709,2024-08-18 13:40:29.013209
254,FCU_035,FCU,2025-04-27 04:10:46.996224,Fan motor failure,2,MEDIUM,2.7905865389189515,2.7905865389189515,2025-04-27 06:58:13.107764
254,FCU_002,FCU,2025-05-25 07:41:28.438061,Valve actuator,2,MEDIUM,2.4916214540597696,2.4916214540597696,2025-05-25 10:10:58.275296
255,FCU_003,FCU,2025-02-22 06:52:48.679509,Coil fouling,1,LOW,2.919983268064111,2.919983268064111,2025-02-22 09:48:00.619274
255,FCU_024,FCU,2025-03-06 16:08:16.093998,Valve actuator,2,MEDIUM,1.933085073161021,1.933085073161021,2025-03-06 18:04:15.200261
255,FCU_019,FCU,2025-05-23 12:40:00.448016,Filter blockage,1,LOW,1.3221231415429973,1.3221231415429973,2025-05-23 13:59:20.091326
255,HP_002,HeatPump,2025-05-26 15:40:33.476526,Control valve failure,3,HIGH,3.7008979488418845,3.7008979488418845,2025-05-26 19:22:36.709142
256,FCU_012,FCU,2024-10-20 12:54:19.036710,Thermostat failure,1,LOW,2.336251804822176,2.336251804822176,2024-10-20 15:14:29.543207
256,FCU_038,FCU,2025-05-29 01:44:10.367885,Fan motor failure,2,MEDIUM,5.191470972397708,5.191470972397708,2025-05-29 06:55:39.663386
257,FCU_005,FCU,2024-10-27 12:41:49.616972,Thermostat failure,1,LOW,1.6587458858837223,1.6587458858837223,2024-10-27 14:21:21.102161
257,FCU_031,FCU,2024-11-16 01:21:49.141748,Filter blockage,1,LOW,1.0345437706222975,1.0345437706222975,2024-11-16 02:23:53.499322
257,FCU_047,FCU,2025-03-18 18:02:26.856658,Fan motor failure,2,MEDIUM,4.150464774068799,4.150464774068799,2025-03-18 22:11:28.529845
257,FCU_013,FCU,2025-03-31 03:56:54.284318,Fan motor failure,2,MEDIUM,3.2137808264193177,3.2137808264193177,2025-03-31 07:09:43.895293
257,FCU_028,FCU,2025-05-25 14:09:37.025927,Coil fouling,1,LOW,1.953021170845636,1.953021170845636,2025-05-25 16:06:47.902142
258,FCU_004,FCU,2024-05-04 15:14:44.503606,Filter blockage,1,LOW,0.7564253626599413,0.7564253626599413,2024-05-04 16:00:07.634912
258,FCU_011,FCU,2025-02-17 03:11:40.198641,Valve actuator,2,MEDIUM,4.508474332043514,4.508474332043514,2025-02-17 07:42:10.706236
258,FCU_032,FCU,2025-05-07 10:11:10.619792,Fan motor failure,2,MEDIUM,4.718592125413199,4.718592125413199,2025-05-07 14:54:17.551443
259,CHWP_003,CHW_Pump,2024-08-06 20:56:54.757590,Seal leakage,2,MEDIUM,4.033600230763755,4.033600230763755,2024-08-07 00:58:55.718421
259,FCU_039,FCU,2024-09-29 07:51:51.881537,Coil fouling,1,LOW,1.4904746517489305,1.4904746517489305,2024-09-29 09:21:17.590283
259,FCU_033,FCU,2025-04-18 14:49:33.304739,Fan motor failure,2,MEDIUM,3.3918621046590474,3.3918621046590474,2025-04-18 18:13:04.008316
259,FCU_028,FCU,2025-05-25 07:15:58.148126,Coil fouling,1,LOW,2.3072865499835142,2.3072865499835142,2025-05-25 09:34:24.379706
260,FCU_006,FCU,2025-04-24 06:56:28.139234,Thermostat failure,1,LOW,2.1900962312117676,2.1900962312117676,2025-04-24 09:07:52.485666
260,HWP_001,HW_Pump,2025-05-22 06:13:04.631031,Bearing wear,3,HIGH,5.330498146037836,5.330498146037836,2025-05-22 11:32:54.424357
261,FCU_043,FCU,2024-05-27 08:48:24.795525,Coil fouling,1,LOW,1.6465743092974323,1.6465743092974323,2024-05-27 10:27:12.463038
261,FCU_028,FCU,2025-03-22 18:25:44.954012,Fan motor failure,2,MEDIUM,3.948136263770022,3.948136263770022,2025-03-22 22:22:38.244562
262,HP_001,HeatPump,2024-03-28 11:19:01.387025,Control valve failure,3,HIGH,3.1309431998984505,3.1309431998984505,2024-03-28 14:26:52.782545
262,FCU_012,FCU,2024-07-21 00:41:32.558913,Coil fouling,1,LOW,1.6657041513937079,1.6657041513937079,2024-07-21 02:21:29.093858
262,FCU_014,FCU,2024-10-31 13:33:09.676859,Coil fouling,1,LOW,2.2511739537257283,2.2511739537257283,2024-10-31 15:48:13.903092
262,FCU_006,FCU,2024-11-17 18:23:38.712742,Fan motor failure,2,MEDIUM,4.056889456901173,4.056889456901173,2024-11-17 22:27:03.514787
262,FCU_043,FCU,2025-02-25 06:04:49.842044,Fan motor failure,2,MEDIUM,4.2901029491958385,4.2901029491958385,2025-02-25 10:22:14.212661
262,HP_002,HeatPump,2025-03-10 20:58:23.125567,Compressor degradation,4,CRITICAL,10.99800264669309,10.99800264669309,2025-03-11 07:58:15.935095
263,FCU_019,FCU,2024-08-28 16:45:46.474893,Valve actuator,2,MEDIUM,3.4427156175488145,3.4427156175488145,2024-08-28 20:12:20.251116
263,FCU_008,FCU,2024-11-17 06:49:08.592667,Fan motor failure,2,MEDIUM,4.266652444578951,4.266652444578951,2024-11-17 11:05:08.541467
263,FCU_003,FCU,2025-02-09 19:49:44.924019,Fan motor failure,2,MEDIUM,5.227304279249382,5.227304279249382,2025-02-10 01:03:23.219424
263,FCU_046,FCU,2025-04-12 22:49:02.002033,Filter blockage,1,LOW,1.3483619367187525,1.3483619367187525,2025-04-13 00:09:56.105005
263,HWP_001,HW_Pump,2025-04-29 02:50:25.366259,Seal leakage,2,MEDIUM,3.558286680336992,3.558286680336992,2025-04-29 06:23:55.198308
263,FCU_015,FCU,2025-05-24 02:25:27.605046,Thermostat failure,1,LOW,2.573526128495584,2.573526128495584,2025-05-24 04:59:52.299109
264,FCU_020,FCU,2024-01-30 04:44:09.473181,Valve actuator,2,MEDIUM,2.5563096307050497,2.5563096307050497,2024-01-30 07:17:32.187852
264,CT_001,CoolingTower,2024-02-14 10:22:14.585413,Fan motor failure,4,CRITICAL,10.601284898411617,10.601284898411617,2024-02-14 20:58:19.211047
264,FCU_034,FCU,2024-04-15 18:18:39.457680,Coil fouling,1,LOW,3.6378420676321284,3.6378420676321284,2024-04-15 21:56:55.689123
264,HWP_001,HW_Pump,2025-03-05 23:11:02.926124,Impeller damage,4,CRITICAL,12.013172810699107,12.013172810699107,2025-03-06 11:11:50.348243
264,FCU_006,FCU,2025-03-25 19:01:14.374104,Fan motor failure,2,MEDIUM,3.3231597555289487,3.3231597555289487,2025-03-25 22:20:37.749224
265,CHWP_003,CHW_Pump,2024-03-31 07:36:01.958672,Impeller damage,4,CRITICAL,9.552024102794281,9.552024102794281,2024-03-31 17:09:09.245442
265,FCU_010,FCU,2024-05-08 00:33:22.885488,Filter blockage,1,LOW,0.7420238836126358,0.7420238836126358,2024-05-08 01:17:54.171469
265,FCU_029,FCU,2024-11-24 18:28:56.527052,Fan motor failure,2,MEDIUM,2.773360219422808,2.773360219422808,2024-11-24 21:15:20.623842
265,FCU_007,FCU,2025-01-17 17:27:43.195616,Fan motor failure,2,MEDIUM,3.047309260650653,3.047309260650653,2025-01-17 20:30:33.508954
265,HP_002,HeatPump,2025-04-22 12:50:16.913804,Refrigerant leak,3,HIGH,6.42637216870036,6.42637216870036,2025-04-22 19:15:51.853611
266,FCU_010,FCU,2024-10-26 12:05:32.075096,Valve actuator,2,MEDIUM,3.384600420287037,3.384600420287037,2024-10-26 15:28:36.636609
266,FCU_009,FCU,2024-11-17 01:06:43.394971,Fan motor failure,2,MEDIUM,2.5989575327965655,2.5989575327965655,2024-11-17 03:42:39.642089
266,FCU_044,FCU,2024-12-09 07:22:07.148186,Coil fouling,1,LOW,1.7948033881738534,1.7948033881738534,2024-12-09 09:09:48.440383
266,FCU_008,FCU,2025-01-24 21:28:42.659113,Thermostat failure,1,LOW,1.347989255818803,1.347989255818803,2025-01-24 22:49:35.420434
266,FCU_004,FCU,2025-02-12 13:43:21.775954,Fan motor failure,2,MEDIUM,4.76475581779958,4.76475581779958,2025-02-12 18:29:14.896898
266,HP_001,HeatPump,2025-05-14 15:35:12.775983,Compressor degradation,4,CRITICAL,13.891877539674297,13.891877539674297,2025-05-15 05:28:43.535126
267,FCU_013,FCU,2024-06-27 03:07:03.088624,Coil fouling,1,LOW,3.256664316447238,3.256664316447238,2024-06-27 06:22:27.080163
267,FCU_042,FCU,2024-09-01 22:23:38.785464,Fan motor failure,2,MEDIUM,3.312109005778278,3.312109005778278,2024-09-02 01:42:22.377885
267,FCU_023,FCU,2024-09-05 21:49:39.464000,Filter blockage,1,LOW,1.7510424610954953,1.7510424610954953,2024-09-05 23:34:43.216860
267,HP_001,HeatPump,2024-10-30 19:42:02.688702,Heat exchanger fouling,2,MEDIUM,2.734310411739916,2.734310411739916,2024-10-30 22:26:06.206184
267,HWP_002,HW_Pump,2025-01-18 02:10:52.040964,Impeller damage,4,CRITICAL,24.64608929780117,24.64608929780117,2025-01-19 02:49:37.962436
268,FCU_034,FCU,2025-02-16 14:09:04.302482,Fan motor failure,2,MEDIUM,5.792766738070374,5.792766738070374,2025-02-16 19:56:38.262739
269,FCU_030,FCU,2024-03-26 13:15:28.877736,Filter blockage,1,LOW,0.8874582539415545,0.8874582539415545,2024-03-26 14:08:43.727450
269,FCU_017,FCU,2024-07-10 22:11:39.948857,Coil fouling,1,LOW,1.7866127338017512,1.7866127338017512,2024-07-10 23:58:51.754699
269,FCU_047,FCU,2024-12-08 13:12:17.587594,Filter blockage,1,LOW,1.6486012116148443,1.6486012116148443,2024-12-08 14:51:12.551956
269,FCU_026,FCU,2025-05-24 05:51:11.134025,Fan motor failure,2,MEDIUM,3.9520793416542337,3.9520793416542337,2025-05-24 09:48:18.619655
270,FCU_001,FCU,2023-11-30 17:25:00.856600,Coil fouling,1,LOW,2.024022933797158,2.024022933797158,2023-11-30 19:26:27.339162
270,FCU_036,FCU,2024-10-11 23:40:41.743955,Coil fouling,1,LOW,2.1322823328854374,2.1322823328854374,2024-10-12 01:48:37.960353
271,HP_002,HeatPump,2023-06-06 06:35:45.444801,Compressor degradation,4,CRITICAL,11.823908248902033,11.823908248902033,2023-06-06 18:25:11.514497
271,FCU_036,FCU,2025-01-05 08:08:56.183516,Thermostat failure,1,LOW,1.8494756986150958,1.8494756986150958,2025-01-05 09:59:54.296031
271,FCU_024,FCU,2025-01-22 03:52:24.825996,Fan motor failure,2,MEDIUM,6.022014333250462,6.022014333250462,2025-01-22 09:53:44.077596
271,FCU_018,FCU,2025-04-13 01:55:05.616900,Fan motor failure,2,MEDIUM,2.795533310420708,2.795533310420708,2025-04-13 04:42:49.536818
272,CHWP_001,CHW_Pump,2024-04-06 04:34:09.258423,Seal leakage,2,MEDIUM,3.191385900017249,3.191385900017249,2024-04-06 07:45:38.247663
272,HP_002,HeatPump,2024-05-11 14:13:57.315328,Compressor degradation,4,CRITICAL,9.851118077854547,9.851118077854547,2024-05-12 00:05:01.340408
272,FCU_001,FCU,2024-08-03 11:27:56.501270,Filter blockage,1,LOW,1.4028555958171312,1.4028555958171312,2024-08-03 12:52:06.781415
272,FCU_020,FCU,2024-12-21 23:36:07.799179,Thermostat failure,1,LOW,2.9964376895803513,2.9964376895803513,2024-12-22 02:35:54.974861
272,FCU_011,FCU,2025-03-17 01:59:25.698563,Thermostat failure,1,LOW,1.9657454155616705,1.9657454155616705,2025-03-17 03:57:22.382059
272,FCU_047,FCU,2025-05-19 20:28:55.562654,Coil fouling,1,LOW,1.4568081103072328,1.4568081103072328,2025-05-19 21:56:20.071851
273,FCU_038,FCU,2023-12-31 09:14:13.944944,Valve actuator,2,MEDIUM,1.6522617323314917,1.6522617323314917,2023-12-31 10:53:22.087180
273,FCU_042,FCU,2025-01-27 21:19:27.343828,Coil fouling,1,LOW,2.103756676998794,2.103756676998794,2025-01-27 23:25:40.867865
273,FCU_034,FCU,2025-02-24 15:18:27.674779,Valve actuator,2,MEDIUM,2.7960405770272927,2.7960405770272927,2025-02-24 18:06:13.420856
274,FCU_038,FCU,2024-01-15 20:02:14.476256,Coil fouling,1,LOW,1.598126180117486,1.598126180117486,2024-01-15 21:38:07.730504
274,FCU_003,FCU,2024-09-03 04:51:32.569152,Fan motor failure,2,MEDIUM,4.250996372820282,4.250996372820282,2024-09-03 09:06:36.156094
274,FCU_021,FCU,2024-12-28 22:51:13.558219,Filter blockage,1,LOW,1.400221249570118,1.400221249570118,2024-12-29 00:15:14.354717
274,FCU_018,FCU,2025-01-28 00:52:05.681522,Coil fouling,1,LOW,1.5581626868438683,1.5581626868438683,2025-01-28 02:25:35.067195
274,FCU_040,FCU,2025-03-11 06:27:39.323633,Coil fouling,1,LOW,2.773507757304968,2.773507757304968,2025-03-11 09:14:03.951559
274,FCU_009,FCU,2025-04-05 10:29:30.916246,Coil fouling,1,LOW,3.3437166700183107,3.3437166700183107,2025-04-05 13:50:08.296258
274,FCU_010,FCU,2025-04-25 13:15:53.208758,Filter blockage,1,LOW,1.2452693849238174,1.2452693849238174,2025-04-25 14:30:36.178544
274,FCU_042,FCU,2025-05-06 04:07:23.845466,Valve actuator,2,MEDIUM,3.875950435743578,3.875950435743578,2025-05-06 07:59:57.267035
275,HWP_001,HW_Pump,2024-04-10 03:21:17.903754,VFD malfunction,2,MEDIUM,1.6018368205898275,1.6018368205898275,2024-04-10 04:57:24.516308
275,FCU_027,FCU,2024-05-18 21:21:16.198164,Filter blockage,1,LOW,1.1026852596758001,1.1026852596758001,2024-05-18 22:27:25.865099
275,FCU_040,FCU,2024-08-25 22:39:16.515502,Fan motor failure,2,MEDIUM,2.5549627023643917,2.5549627023643917,2024-08-26 01:12:34.381231
275,FCU_021,FCU,2024-09-29 18:00:07.208610,Coil fouling,1,LOW,2.9809727999724966,2.9809727999724966,2024-09-29 20:58:58.710690
275,FCU_023,FCU,2024-10-04 06:16:24.610035,Coil fouling,1,LOW,2.075476815040805,2.075476815040805,2024-10-04 08:20:56.326569
275,FCU_039,FCU,2024-10-29 03:45:25.045119,Valve actuator,2,MEDIUM,1.6044277907326425,1.6044277907326425,2024-10-29 05:21:40.985166
275,FCU_030,FCU,2025-01-24 03:05:57.568156,Filter blockage,1,LOW,0.9352967614172818,0.9352967614172818,2025-01-24 04:02:04.636497
275,FCU_015,FCU,2025-03-21 07:13:20.528320,Coil fouling,1,LOW,1.012779977560285,1.012779977560285,2025-03-21 08:14:06.536239
275,FCU_047,FCU,2025-04-16 03:45:19.715308,Coil fouling,1,LOW,1.499652446677963,1.499652446677963,2025-04-16 05:15:18.464116
276,FCU_034,FCU,2024-01-29 03:09:37.393492,Valve actuator,2,MEDIUM,3.39065754986027,3.39065754986027,2024-01-29 06:33:03.760671
276,FCU_021,FCU,2024-06-11 13:15:01.085198,Valve actuator,2,MEDIUM,4.0765203759734945,4.0765203759734945,2024-06-11 17:19:36.558552
276,FCU_027,FCU,2024-08-14 21:24:59.899890,Fan motor failure,2,MEDIUM,2.859558710809402,2.859558710809402,2024-08-15 00:16:34.311249
276,CHWP_003,CHW_Pump,2024-11-26 15:38:42.371144,VFD malfunction,2,MEDIUM,2.7986915482373926,2.7986915482373926,2024-11-26 18:26:37.660718
276,FCU_032,FCU,2025-02-22 00:26:00.920783,Thermostat failure,1,LOW,2.854795338635077,2.854795338635077,2025-02-22 03:17:18.184002
276,FCU_018,FCU,2025-05-13 16:42:20.804378,Thermostat failure,1,LOW,2.0157473845928844,2.0157473845928844,2025-05-13 18:43:17.494963
277,FCU_010,FCU,2023-04-24 01:44:53.656318,Filter blockage,1,LOW,0.5138503028606525,0.5138503028606525,2023-04-24 02:15:43.517408
277,FCU_047,FCU,2024-01-18 12:32:21.601172,Filter blockage,1,LOW,1.4770201719979976,1.4770201719979976,2024-01-18 14:00:58.873791
277,FCU_024,FCU,2024-08-26 02:40:03.060408,Thermostat failure,1,LOW,1.4658331610332251,1.4658331610332251,2024-08-26 04:08:00.059788
277,HP_001,HeatPump,2025-02-01 07:01:09.968400,Heat exchanger fouling,2,MEDIUM,5.199312363135931,5.199312363135931,2025-02-01 12:13:07.492907
277,HP_002,HeatPump,2025-03-12 18:44:52.474733,Heat exchanger fouling,2,MEDIUM,2.9242967263722006,2.9242967263722006,2025-03-12 21:40:19.942948
277,FCU_020,FCU,2025-03-25 05:10:54.488893,Filter blockage,1,LOW,1.1559089006054288,1.1559089006054288,2025-03-25 06:20:15.760935
277,FCU_041,FCU,2025-04-12 12:43:30.246543,Valve actuator,2,MEDIUM,2.5784001293527377,2.5784001293527377,2025-04-12 15:18:12.487009
277,FCU_016,FCU,2025-05-02 05:01:58.948388,Filter blockage,1,LOW,0.659303016660283,0.659303016660283,2025-05-02 05:41:32.439248
277,FCU_013,FCU,2025-05-20 08:04:58.238942,Fan motor failure,2,MEDIUM,3.075843016111994,3.075843016111994,2025-05-20 11:09:31.273800
278,FCU_016,FCU,2023-09-03 19:59:37.575854,Filter blockage,1,LOW,1.011567977062333,1.011567977062333,2023-09-03 21:00:19.220571
278,FCU_025,FCU,2024-11-07 21:54:25.697200,Thermostat failure,1,LOW,2.292462703714994,2.292462703714994,2024-11-08 00:11:58.562933
278,FCU_041,FCU,2025-01-09 15:23:14.478736,Thermostat failure,1,LOW,3.047888374449043,3.047888374449043,2025-01-09 18:26:06.876884
278,HP_001,HeatPump,2025-03-14 02:45:08.582353,Refrigerant leak,3,HIGH,4.707352781089179,4.707352781089179,2025-03-14 07:27:35.052365
278,FCU_012,FCU,2025-03-22 02:13:28.848900,Coil fouling,1,LOW,2.3013438269835973,2.3013438269835973,2025-03-22 04:31:33.686677
279,FCU_034,FCU,2024-07-09 15:35:55.830911,Thermostat failure,1,LOW,2.268451389317843,2.268451389317843,2024-07-09 17:52:02.255913
279,FCU_024,FCU,2024-09-04 07:03:32.880572,Filter blockage,1,LOW,1.1978979545898767,1.1978979545898767,2024-09-04 08:15:25.313209
279,FCU_027,FCU,2024-10-08 09:40:15.018460,Filter blockage,1,LOW,1.098132454420039,1.098132454420039,2024-10-08 10:46:08.295296
279,FCU_009,FCU,2024-10-26 14:54:32.807030,Fan motor failure,2,MEDIUM,4.3203461003815775,4.3203461003815775,2024-10-26 19:13:46.052991
279,FCU_001,FCU,2024-12-23 14:54:36.110516,Thermostat failure,1,LOW,1.8603469688462522,1.8603469688462522,2024-12-23 16:46:13.359604
279,FCU_019,FCU,2025-04-13 00:48:14.181014,Filter blockage,1,LOW,0.5882082278859871,0.5882082278859871,2025-04-13 01:23:31.730634
280,HWP_001,HW_Pump,2024-11-09 23:48:15.601008,Motor overheating,3,HIGH,6.462164111374162,6.462164111374162,2024-11-10 06:15:59.391809
281,FCU_025,FCU,2023-09-23 17:43:24.370004,Thermostat failure,1,LOW,1.754888364251287,1.754888364251287,2023-09-23 19:28:41.968115
281,FCU_008,FCU,2025-05-14 23:18:42.194724,Fan motor failure,2,MEDIUM,5.268610560556954,5.268610560556954,2025-05-15 04:34:49.192742
282,FCU_039,FCU,2025-02-19 08:48:44.751166,Thermostat failure,1,LOW,2.0258923312635786,2.0258923312635786,2025-02-19 10:50:17.963559
283,FCU_028,FCU,2024-08-30 07:33:13.074883,Coil fouling,1,LOW,1.195056714219206,1.195056714219206,2024-08-30 08:44:55.279054
283,HWP_001,HW_Pump,2024-12-13 23:40:44.645518,Impeller damage,4,CRITICAL,11.924663545877065,11.924663545877065,2024-12-14 11:36:13.434283
283,FCU_046,FCU,2025-04-07 14:31:39.570178,Filter blockage,1,LOW,0.7171536359224024,0.7171536359224024,2025-04-07 15:14:41.323267
284,FCU_016,FCU,2024-03-23 01:31:15.051895,Coil fouling,1,LOW,2.1345341261735324,2.1345341261735324,2024-03-23 03:39:19.374749
284,HP_002,HeatPump,2024-07-14 00:26:57.058574,Heat exchanger fouling,2,MEDIUM,4.220028501858594,4.220028501858594,2024-07-14 04:40:09.161181
284,CHWP_001,CHW_Pump,2024-11-05 07:45:48.733533,Seal leakage,2,MEDIUM,4.717120369132995,4.717120369132995,2024-11-05 12:28:50.366862
285,HWP_001,HW_Pump,2023-06-25 22:14:45.100753,Bearing wear,3,HIGH,9.598939162838818,9.598939162838818,2023-06-26 07:50:41.281739
285,FCU_006,FCU,2025-01-05 07:39:58.845985,Filter blockage,1,LOW,1.1086445556926554,1.1086445556926554,2025-01-05 08:46:29.966385
285,FCU_021,FCU,2025-04-25 02:35:48.549031,Coil fouling,1,LOW,0.9800915416597805,0.9800915416597805,2025-04-25 03:34:36.878581
286,FCU_022,FCU,2024-02-19 08:12:19.501730,Coil fouling,1,LOW,2.1527874378437595,2.1527874378437595,2024-02-19 10:21:29.536506
286,FCU_035,FCU,2024-08-31 08:22:32.561420,Fan motor failure,2,MEDIUM,4.23900590503657,4.23900590503657,2024-08-31 12:36:52.982678
286,FCU_026,FCU,2025-01-04 06:14:38.164957,Thermostat failure,1,LOW,1.6022613167577622,1.6022613167577622,2025-01-04 07:50:46.305697
286,FCU_027,FCU,2025-05-24 13:30:16.808255,Fan motor failure,2,MEDIUM,2.918797564534865,2.918797564534865,2025-05-24 16:25:24.479487
287,FCU_003,FCU,2023-11-01 17:11:22.445825,Fan motor failure,2,MEDIUM,3.795254677689264,3.795254677689264,2023-11-01 20:59:05.362665
287,FCU_035,FCU,2024-11-25 11:56:57.714969,Fan motor failure,2,MEDIUM,3.863723178376601,3.863723178376601,2024-11-25 15:48:47.118411
287,HP_001,HeatPump,2024-12-01 09:31:57.943262,Heat exchanger fouling,2,MEDIUM,5.2006345423395715,5.2006345423395715,2024-12-01 14:44:00.227614
288,HP_002,HeatPump,2023-05-28 10:03:57.387886,Heat exchanger fouling,2,MEDIUM,4.520785461501807,4.520785461501807,2023-05-28 14:35:12.215547
288,FCU_029,FCU,2024-09-09 08:41:48.808522,Fan motor failure,2,MEDIUM,3.7802468094336903,3.7802468094336903,2024-09-09 12:28:37.697036
288,FCU_011,FCU,2024-10-22 17:17:24.254020,Thermostat failure,1,LOW,2.9532085481867987,2.9532085481867987,2024-10-22 20:14:35.804793
288,FCU_032,FCU,2025-01-24 10:22:58.360984,Fan motor failure,2,MEDIUM,3.4251788241579186,3.4251788241579186,2025-01-24 13:48:29.004751
288,FCU_024,FCU,2025-02-25 02:03:09.494072,Valve actuator,2,MEDIUM,3.1231569883418135,3.1231569883418135,2025-02-25 05:10:32.859230
288,FCU_035,FCU,2025-03-08 11:26:41.643636,Coil fouling,1,LOW,2.2344539070462224,2.2344539070462224,2025-03-08 13:40:45.677701
289,FCU_033,FCU,2024-09-19 23:13:01.407529,Fan motor failure,2,MEDIUM,3.649425689648109,3.649425689648109,2024-09-20 02:51:59.340012
289,FCU_011,FCU,2024-10-27 03:11:54.027706,Coil fouling,1,LOW,2.14581532353824,2.14581532353824,2024-10-27 05:20:38.962871
289,HP_002,HeatPump,2024-10-30 13:01:09.616339,Refrigerant leak,3,HIGH,6.368025521332117,6.368025521332117,2024-10-30 19:23:14.508216
289,HP_001,HeatPump,2025-03-27 01:42:27.409895,Heat exchanger fouling,2,MEDIUM,5.2657098221208845,5.2657098221208845,2025-03-27 06:58:23.965255
290,HWP_002,HW_Pump,2024-03-14 14:11:37.468915,Seal leakage,2,MEDIUM,4.873148841599683,4.873148841599683,2024-03-14 19:04:00.804745
290,FCU_038,FCU,2024-08-10 04:25:02.734542,Coil fouling,1,LOW,2.001971669636403,2.001971669636403,2024-08-10 06:25:09.832553
290,FCU_001,FCU,2024-08-22 18:50:41.203110,Filter blockage,1,LOW,1.0318362437510373,1.0318362437510373,2024-08-22 19:52:35.813588
290,CT_001,CoolingTower,2024-11-29 13:20:09.499652,Fill media degradation,2,MEDIUM,6.600632457975509,6.600632457975509,2024-11-29 19:56:11.776501
290,FCU_024,FCU,2025-05-09 06:14:23.839698,Fan motor failure,2,MEDIUM,4.253785803307925,4.253785803307925,2025-05-09 10:29:37.468590
291,CT_001,CoolingTower,2023-10-05 16:34:45.633813,Fan motor failure,4,CRITICAL,10.335813440622289,10.335813440622289,2023-10-06 02:54:54.562199
291,FCU_050,FCU,2024-06-16 15:27:38.976390,Thermostat failure,1,LOW,2.4858039021222003,2.4858039021222003,2024-06-16 17:56:47.870438
291,HP_002,HeatPump,2024-07-28 07:56:36.031641,Refrigerant leak,3,HIGH,7.95973630674737,7.95973630674737,2024-07-28 15:54:11.082345
291,FCU_010,FCU,2024-08-17 18:48:04.783647,Fan motor failure,2,MEDIUM,3.8856387596948143,3.8856387596948143,2024-08-17 22:41:13.083182
291,FCU_040,FCU,2024-12-03 22:49:55.479207,Filter blockage,1,LOW,0.7418736173748908,0.7418736173748908,2024-12-03 23:34:26.224230
292,FCU_026,FCU,2024-07-02 19:06:14.187617,Valve actuator,2,MEDIUM,3.4497968001487402,3.4497968001487402,2024-07-02 22:33:13.456098
292,FCU_010,FCU,2024-08-13 12:39:03.434808,Coil fouling,1,LOW,2.838085006469619,2.838085006469619,2024-08-13 15:29:20.540831
292,FCU_029,FCU,2024-11-23 14:43:03.762066,Fan motor failure,2,MEDIUM,3.882164779587338,3.882164779587338,2024-11-23 18:35:59.555273
292,FCU_031,FCU,2025-02-09 06:58:38.491662,Coil fouling,1,LOW,2.568797416809539,2.568797416809539,2025-02-09 09:32:46.162363
292,FCU_043,FCU,2025-04-08 17:48:26.733730,Fan motor failure,2,MEDIUM,7.420681749615164,7.420681749615164,2025-04-09 01:13:41.188029
292,FCU_017,FCU,2025-04-15 23:21:17.629130,Valve actuator,2,MEDIUM,3.8859942537295655,3.8859942537295655,2025-04-16 03:14:27.208443
293,FCU_013,FCU,2023-05-12 15:25:06.899294,Coil fouling,1,LOW,1.1243400701958615,1.1243400701958615,2023-05-12 16:32:34.523547
293,FCU_003,FCU,2023-08-05 13:06:55.982154,Coil fouling,1,LOW,1.8983923432889713,1.8983923432889713,2023-08-05 15:00:50.194590
293,FCU_014,FCU,2024-04-11 00:41:43.552987,Valve actuator,2,MEDIUM,1.8441437537064236,1.8441437537064236,2024-04-11 02:32:22.470500
293,FCU_038,FCU,2024-06-07 12:54:11.191572,Filter blockage,1,LOW,1.2064501261052527,1.2064501261052527,2024-06-07 14:06:34.412026
293,CHWP_001,CHW_Pump,2025-01-07 05:08:40.638001,Motor overheating,3,HIGH,4.810927294073511,4.810927294073511,2025-01-07 09:57:19.976260
293,HP_002,HeatPump,2025-04-27 21:56:48.493003,Refrigerant leak,3,HIGH,10.210364259359231,10.210364259359231,2025-04-28 08:09:25.804337
294,FCU_013,FCU,2024-11-06 14:13:45.914342,Filter blockage,1,LOW,0.8890288765598416,0.8890288765598416,2024-11-06 15:07:06.418298
294,FCU_018,FCU,2025-05-01 19:58:01.478184,Fan motor failure,2,MEDIUM,3.7740900716502046,3.7740900716502046,2025-05-01 23:44:28.202442
295,FCU_033,FCU,2023-04-07 15:13:17.363336,Fan motor failure,2,MEDIUM,4.175930405442893,4.175930405442893,2023-04-07 19:23:50.712796
295,FCU_050,FCU,2024-09-08 02:05:42.183090,Coil fouling,1,LOW,2.0558506902425138,2.0558506902425138,2024-09-08 04:09:03.245575
295,FCU_001,FCU,2024-09-29 17:03:35.291499,Filter blockage,1,LOW,0.5763872938997034,0.5763872938997034,2024-09-29 17:38:10.285757
296,FCU_044,FCU,2024-11-08 07:02:34.552115,Fan motor failure,2,MEDIUM,3.9296341346426407,3.9296341346426407,2024-11-08 10:58:21.235000
296,FCU_010,FCU,2025-01-21 10:20:38.341564,Valve actuator,2,MEDIUM,2.6879578660591017,2.6879578660591017,2025-01-21 13:01:54.989882
296,FCU_022,FCU,2025-03-14 03:00:54.498804,Coil fouling,1,LOW,1.6076803644952908,1.6076803644952908,2025-03-14 04:37:22.148116
297,FCU_019,FCU,2024-08-31 14:32:28.250189,Filter blockage,1,LOW,1.0978046625385112,1.0978046625385112,2024-08-31 15:38:20.346974
297,CT_001,CoolingTower,2024-10-09 07:44:09.711871,Fan motor failure,4,CRITICAL,11.959139513704015,11.959139513704015,2024-10-09 19:41:42.614120
297,FCU_011,FCU,2025-03-13 14:18:21.249669,Coil fouling,1,LOW,1.4519983479207341,1.4519983479207341,2025-03-13 15:45:28.443722
298,FCU_039,FCU,2024-03-03 10:53:36.834901,Filter blockage,1,LOW,0.7973212904450725,0.7973212904450725,2024-03-03 11:41:27.191547
298,FCU_027,FCU,2024-09-02 17:29:19.141135,Thermostat failure,1,LOW,1.8526151849763688,1.8526151849763688,2024-09-02 19:20:28.555801
298,FCU_020,FCU,2025-05-13 18:01:04.602856,Fan motor failure,2,MEDIUM,2.5527337518950106,2.5527337518950106,2025-05-13 20:34:14.444363
299,FCU_021,FCU,2025-03-28 13:20:23.882094,Valve actuator,2,MEDIUM,4.427919948309341,4.427919948309341,2025-03-28 17:46:04.393908
299,CHWP_002,CHW_Pump,2025-04-07 12:45:09.564847,Impeller damage,4,CRITICAL,24.926240002705132,24.926240002705132,2025-04-08 13:40:44.028857
299,FCU_041,FCU,2025-04-25 14:01:07.384829,Coil fouling,1,LOW,1.9071585339472685,1.9071585339472685,2025-04-25 15:55:33.155551
300,FCU_036,FCU,2024-09-24 00:11:14.401452,Valve actuator,2,MEDIUM,2.933106277656862,2.933106277656862,2024-09-24 03:07:13.584052
300,FCU_014,FCU,2025-03-31 13:01:41.368549,Thermostat failure,1,LOW,1.96057450409977,1.96057450409977,2025-03-31 14:59:19.436764
300,FCU_037,FCU,2025-05-28 06:51:02.640172,Coil fouling,1,LOW,1.4503142997912617,1.4503142997912617,2025-05-28 08:18:03.771651
301,HWP_002,HW_Pump,2024-08-12 06:56:08.758699,Seal leakage,2,MEDIUM,6.629672468747503,6.629672468747503,2024-08-12 13:33:55.579586
301,FCU_020,FCU,2025-02-08 19:23:30.877314,Fan motor failure,2,MEDIUM,4.414815952979644,4.414815952979644,2025-02-08 23:48:24.214745
301,FCU_039,FCU,2025-04-06 00:49:35.517998,Filter blockage,1,LOW,1.4870230641768338,1.4870230641768338,2025-04-06 02:18:48.801029
301,FCU_026,FCU,2025-05-06 23:52:53.550293,Fan motor failure,2,MEDIUM,4.824884126986892,4.824884126986892,2025-05-07 04:42:23.133150
302,HP_002,HeatPump,2024-08-20 07:30:30.030432,Control valve failure,3,HIGH,3.4253164548683044,3.4253164548683044,2024-08-20 10:56:01.169670
303,FCU_044,FCU,2024-05-31 22:38:05.581161,Coil fouling,1,LOW,2.148475614298877,2.148475614298877,2024-06-01 00:47:00.093372
303,CHWP_003,CHW_Pump,2025-03-06 18:34:35.414802,Bearing wear,3,HIGH,11.8341952188263,11.8341952188263,2025-03-07 06:24:38.517590
303,CHWP_001,CHW_Pump,2025-03-30 15:34:26.301508,Impeller damage,4,CRITICAL,7.807410973974314,7.807410973974314,2025-03-30 23:22:52.981014
303,HWP_002,HW_Pump,2025-04-02 10:50:43.356809,Bearing wear,3,HIGH,7.689336608688656,7.689336608688656,2025-04-02 18:32:04.968600
304,FCU_036,FCU,2025-01-21 15:35:46.048679,Valve actuator,2,MEDIUM,1.7609694288238367,1.7609694288238367,2025-01-21 17:21:25.538623
304,FCU_050,FCU,2025-02-04 05:51:24.458134,Fan motor failure,2,MEDIUM,3.0104139219487815,3.0104139219487815,2025-02-04 08:52:01.948253
304,FCU_030,FCU,2025-02-10 14:34:39.785574,Coil fouling,1,LOW,2.939832870220275,2.939832870220275,2025-02-10 17:31:03.183907
304,FCU_002,FCU,2025-03-11 16:40:14.460088,Filter blockage,1,LOW,1.74670818828886,1.74670818828886,2025-03-11 18:25:02.609566
305,HP_001,HeatPump,2023-11-09 01:07:09.843618,Refrigerant leak,3,HIGH,9.67223791968272,9.67223791968272,2023-11-09 10:47:29.900129
305,FCU_034,FCU,2024-12-29 14:33:22.922624,Valve actuator,2,MEDIUM,2.908282999884078,2.908282999884078,2024-12-29 17:27:52.741424
305,FCU_036,FCU,2025-01-06 06:50:51.098958,Coil fouling,1,LOW,2.2055051575564137,2.2055051575564137,2025-01-06 09:03:10.917525
305,FCU_015,FCU,2025-02-01 16:59:59.759518,Coil fouling,1,LOW,2.2650491636441066,2.2650491636441066,2025-02-01 19:15:53.936507
306,FCU_006,FCU,2024-11-22 03:14:18.187220,Filter blockage,1,LOW,1.027946001006826,1.027946001006826,2024-11-22 04:15:58.792824
306,FCU_033,FCU,2024-12-05 13:00:54.891117,Filter blockage,1,LOW,1.577916137631545,1.577916137631545,2024-12-05 14:35:35.389212
306,FCU_037,FCU,2025-04-08 07:31:47.150694,Fan motor failure,2,MEDIUM,5.570143633987854,5.570143633987854,2025-04-08 13:05:59.667776
306,FCU_043,FCU,2025-04-21 08:04:26.528691,Valve actuator,2,MEDIUM,2.156642478352497,2.156642478352497,2025-04-21 10:13:50.441613
307,FCU_017,FCU,2023-12-29 06:36:07.236917,Valve actuator,2,MEDIUM,4.098786666011708,4.098786666011708,2023-12-29 10:42:02.868915
307,FCU_034,FCU,2025-01-18 08:06:55.084043,Fan motor failure,2,MEDIUM,3.7157828586189727,3.7157828586189727,2025-01-18 11:49:51.902334
308,FCU_019,FCU,2023-09-02 03:53:16.766401,Valve actuator,2,MEDIUM,2.270619050193901,2.270619050193901,2023-09-02 06:09:30.994982
308,FCU_022,FCU,2024-05-13 08:41:21.324931,Fan motor failure,2,MEDIUM,3.4821150059013943,3.4821150059013943,2024-05-13 12:10:16.938952
308,FCU_002,FCU,2025-02-06 03:23:29.806641,Valve actuator,2,MEDIUM,4.6024855349299045,4.6024855349299045,2025-02-06 07:59:38.754567
309,FCU_042,FCU,2025-02-04 03:40:47.360004,Fan motor failure,2,MEDIUM,3.422154830383418,3.422154830383418,2025-02-04 07:06:07.117393
309,CHWP_003,CHW_Pump,2025-03-31 05:07:33.757278,Seal leakage,2,MEDIUM,3.5035950189505525,3.5035950189505525,2025-03-31 08:37:46.699346
309,FCU_006,FCU,2025-04-14 19:31:24.791854,Coil fouling,1,LOW,1.612995236339323,1.612995236339323,2025-04-14 21:08:11.574705
309,FCU_022,FCU,2025-05-28 02:03:14.546763,Thermostat failure,1,LOW,2.523999986089356,2.523999986089356,2025-05-28 04:34:40.946713
310,CHWP_002,CHW_Pump,2024-06-11 21:17:30.630599,Motor overheating,3,HIGH,5.3132575347440145,5.3132575347440145,2024-06-12 02:36:18.357724
310,FCU_032,FCU,2024-07-18 17:19:19.772900,Filter blockage,1,LOW,0.8507599969788017,0.8507599969788017,2024-07-18 18:10:22.508889
310,FCU_043,FCU,2025-03-16 05:06:29.254363,Thermostat failure,1,LOW,2.2205930689860107,2.2205930689860107,2025-03-16 07:19:43.389411
310,FCU_044,FCU,2025-03-31 16:07:19.797919,Thermostat failure,1,LOW,1.9600706563011014,1.9600706563011014,2025-03-31 18:04:56.052282
311,CHWP_003,CHW_Pump,2025-01-02 05:11:01.848673,Bearing wear,3,HIGH,6.521766493352292,6.521766493352292,2025-01-02 11:42:20.208049
311,FCU_027,FCU,2025-04-18 09:52:58.840435,Fan motor failure,2,MEDIUM,3.167700941918879,3.167700941918879,2025-04-18 13:03:02.563826
312,FCU_043,FCU,2025-04-27 08:11:10.106531,Fan motor failure,2,MEDIUM,2.637777079607569,2.637777079607569,2025-04-27 10:49:26.104018
312,FCU_019,FCU,2025-05-02 07:51:54.772603,Filter blockage,1,LOW,1.178588936436777,1.178588936436777,2025-05-02 09:02:37.692774
313,FCU_019,FCU,2024-07-02 03:50:55.479394,Fan motor failure,2,MEDIUM,4.190972860682666,4.190972860682666,2024-07-02 08:02:22.981692
313,FCU_024,FCU,2024-10-21 15:38:10.566568,Fan motor failure,2,MEDIUM,4.287227975585779,4.287227975585779,2024-10-21 19:55:24.587280
313,FCU_009,FCU,2025-01-07 05:36:50.531291,Coil fouling,1,LOW,2.3256756170559423,2.3256756170559423,2025-01-07 07:56:22.963512
314,FCU_005,FCU,2024-06-29 20:24:01.043983,Fan motor failure,2,MEDIUM,7.127059115423672,7.127059115423672,2024-06-30 03:31:38.456799
314,FCU_002,FCU,2024-08-23 22:31:47.348605,Fan motor failure,2,MEDIUM,5.841264117769073,5.841264117769073,2024-08-24 04:22:15.899429
314,HP_002,HeatPump,2024-11-02 23:35:30.235134,Compressor degradation,4,CRITICAL,10.694851377852663,10.694851377852663,2024-11-03 10:17:11.700094
314,FCU_019,FCU,2024-11-07 12:51:20.548398,Fan motor failure,2,MEDIUM,4.181608274572646,4.181608274572646,2024-11-07 17:02:14.338186
314,FCU_042,FCU,2025-02-27 10:50:45.278114,Filter blockage,1,LOW,1.588284848084487,1.588284848084487,2025-02-27 12:26:03.103567
314,FCU_030,FCU,2025-05-08 12:02:30.089327,Filter blockage,1,LOW,0.81182227464008,0.81182227464008,2025-05-08 12:51:12.649516
314,FCU_047,FCU,2025-05-16 18:40:15.220618,Fan motor failure,2,MEDIUM,4.748418590417201,4.748418590417201,2025-05-16 23:25:09.527544
315,FCU_019,FCU,2024-02-15 14:20:59.125671,Filter blockage,1,LOW,0.8324135759660148,0.8324135759660148,2024-02-15 15:10:55.814544
315,FCU_045,FCU,2024-05-10 01:42:29.099108,Fan motor failure,2,MEDIUM,3.1029460402745945,3.1029460402745945,2024-05-10 04:48:39.704853
315,FCU_027,FCU,2024-12-09 17:40:55.348384,Fan motor failure,2,MEDIUM,8.631822726852228,8.631822726852228,2024-12-10 02:18:49.910201
315,HP_002,HeatPump,2024-12-27 00:44:20.502624,Compressor degradation,4,CRITICAL,13.025512754784469,13.025512754784469,2024-12-27 13:45:52.348541
315,FCU_001,FCU,2025-04-11 14:37:17.610386,Valve actuator,2,MEDIUM,3.0421796687056113,3.0421796687056113,2025-04-11 17:39:49.457193
315,FCU_032,FCU,2025-05-03 21:42:34.263345,Fan motor failure,2,MEDIUM,4.15206601347077,4.15206601347077,2025-05-04 01:51:41.700993
315,FCU_004,FCU,2025-05-24 06:59:48.210143,Thermostat failure,1,LOW,2.2092437357336214,2.2092437357336214,2025-05-24 09:12:21.487592
316,FCU_038,FCU,2023-12-15 20:29:03.018175,Fan motor failure,2,MEDIUM,4.2688875699197295,4.2688875699197295,2023-12-16 00:45:11.013427
316,FCU_027,FCU,2024-01-28 13:23:27.608118,Coil fouling,1,LOW,1.7394579649369246,1.7394579649369246,2024-01-28 15:07:49.656792
316,CHWP_001,CHW_Pump,2024-08-03 03:57:47.626323,Impeller damage,4,CRITICAL,20.961199621780075,20.961199621780075,2024-08-04 00:55:27.944961
316,HP_001,HeatPump,2024-09-24 18:47:26.810580,Heat exchanger fouling,2,MEDIUM,4.254550284044126,4.254550284044126,2024-09-24 23:02:43.191603
317,CHWP_001,CHW_Pump,2024-06-30 15:50:51.908648,Bearing wear,3,HIGH,6.695917823194072,6.695917823194072,2024-06-30 22:32:37.212811
317,FCU_008,FCU,2025-03-12 18:54:16.934067,Coil fouling,1,LOW,1.8868401048452008,1.8868401048452008,2025-03-12 20:47:29.558444
318,FCU_040,FCU,2024-02-18 20:08:01.992999,Fan motor failure,2,MEDIUM,2.462836830070152,2.462836830070152,2024-02-18 22:35:48.205587
318,FCU_020,FCU,2024-10-04 10:23:11.373534,Filter blockage,1,LOW,1.9695786054575712,1.9695786054575712,2024-10-04 12:21:21.856514
318,FCU_013,FCU,2024-12-16 01:09:45.645194,Fan motor failure,2,MEDIUM,6.0801422931071505,6.0801422931071505,2024-12-16 07:14:34.157449
318,FCU_015,FCU,2025-02-19 07:43:16.903658,Fan motor failure,2,MEDIUM,4.3554086831286325,4.3554086831286325,2025-02-19 12:04:36.374917
318,FCU_039,FCU,2025-02-26 12:27:44.175429,Valve actuator,2,MEDIUM,4.4865214114952625,4.4865214114952625,2025-02-26 16:56:55.652510
318,FCU_047,FCU,2025-03-26 02:40:17.468030,Fan motor failure,2,MEDIUM,2.372843573063115,2.372843573063115,2025-03-26 05:02:39.704893
318,FCU_034,FCU,2025-05-17 16:56:33.426060,Valve actuator,2,MEDIUM,2.724563864546764,2.724563864546764,2025-05-17 19:40:01.855972
319,FCU_003,FCU,2024-10-09 21:49:35.218531,Coil fouling,1,LOW,1.46676501429712,1.46676501429712,2024-10-09 23:17:35.572582
319,FCU_048,FCU,2025-01-17 22:41:22.295724,Valve actuator,2,MEDIUM,2.4433433383424807,2.4433433383424807,2025-01-18 01:07:58.331742
319,FCU_014,FCU,2025-01-26 12:52:14.223949,Coil fouling,1,LOW,2.719882144189468,2.719882144189468,2025-01-26 15:35:25.799668
319,FCU_041,FCU,2025-04-02 20:33:39.785214,Fan motor failure,2,MEDIUM,5.959979970255415,5.959979970255415,2025-04-03 02:31:15.713107
319,FCU_029,FCU,2025-04-17 18:45:39.363681,Coil fouling,1,LOW,1.8305187694609082,1.8305187694609082,2025-04-17 20:35:29.231251
320,FCU_040,FCU,2024-06-19 02:43:47.059345,Fan motor failure,2,MEDIUM,4.102852694956949,4.102852694956949,2024-06-19 06:49:57.329047
320,FCU_035,FCU,2024-08-07 07:24:49.956460,Valve actuator,2,MEDIUM,5.7130508233963395,5.7130508233963395,2024-08-07 13:07:36.939424
320,CT_001,CoolingTower,2024-08-14 05:17:21.473119,Fill media degradation,2,MEDIUM,11.886274496454886,11.886274496454886,2024-08-14 17:10:32.061306
320,HP_002,HeatPump,2025-02-23 05:18:12.779397,Heat exchanger fouling,2,MEDIUM,3.6479505351436687,3.6479505351436687,2025-02-23 08:57:05.401324
320,FCU_043,FCU,2025-03-02 15:52:37.121054,Filter blockage,1,LOW,1.0689417954045812,1.0689417954045812,2025-03-02 16:56:45.311517
320,FCU_042,FCU,2025-03-09 00:43:53.628951,Fan motor failure,2,MEDIUM,4.447712931100572,4.447712931100572,2025-03-09 05:10:45.395503
321,FCU_028,FCU,2024-07-20 07:17:52.203541,Fan motor failure,2,MEDIUM,3.118728742532356,3.118728742532356,2024-07-20 10:24:59.627014
321,FCU_019,FCU,2024-08-16 05:07:59.399316,Fan motor failure,2,MEDIUM,5.415970813195791,5.415970813195791,2024-08-16 10:32:56.894244
321,CHWP_003,CHW_Pump,2024-10-17 17:12:24.778849,Impeller damage,4,CRITICAL,15.352647587958089,15.352647587958089,2024-10-18 08:33:34.310166
321,CHWP_002,CHW_Pump,2025-03-17 09:47:30.358154,Bearing wear,3,HIGH,8.808392431307734,8.808392431307734,2025-03-17 18:36:00.570907
321,FCU_004,FCU,2025-04-29 22:12:45.933307,Valve actuator,2,MEDIUM,5.657087949519979,5.657087949519979,2025-04-30 03:52:11.449925
322,FCU_033,FCU,2023-09-24 04:50:08.841953,Coil fouling,1,LOW,2.636548378527019,2.636548378527019,2023-09-24 07:28:20.416116
322,FCU_036,FCU,2024-09-06 05:39:31.959466,Valve actuator,2,MEDIUM,3.6173834611836386,3.6173834611836386,2024-09-06 09:16:34.539926
322,HP_002,HeatPump,2024-12-04 21:05:59.544809,Refrigerant leak,3,HIGH,2.4603567232867083,2.4603567232867083,2024-12-04 23:33:36.829013
322,HWP_001,HW_Pump,2025-01-28 18:01:34.749261,Bearing wear,3,HIGH,12.703604121164474,12.703604121164474,2025-01-29 06:43:47.724097
322,FCU_035,FCU,2025-02-11 02:05:27.484537,Fan motor failure,2,MEDIUM,4.089438926553482,4.089438926553482,2025-02-11 06:10:49.464673
323,FCU_016,FCU,2024-02-15 00:05:45.267119,Valve actuator,2,MEDIUM,4.073447142494817,4.073447142494817,2024-02-15 04:10:09.676832
323,FCU_011,FCU,2024-04-05 10:49:54.411551,Coil fouling,1,LOW,1.8054653586259322,1.8054653586259322,2024-04-05 12:38:14.086842
323,FCU_002,FCU,2024-07-21 03:10:38.632419,Thermostat failure,1,LOW,1.7650419136085087,1.7650419136085087,2024-07-21 04:56:32.783308
323,FCU_023,FCU,2024-09-27 04:30:41.728627,Fan motor failure,2,MEDIUM,3.1497211396326557,3.1497211396326557,2024-09-27 07:39:40.724730
323,FCU_008,FCU,2024-10-15 18:51:24.986120,Filter blockage,1,LOW,1.0899744971138452,1.0899744971138452,2024-10-15 19:56:48.894310
323,CHWP_001,CHW_Pump,2025-01-19 18:31:50.762246,Motor overheating,3,HIGH,6.942033072227705,6.942033072227705,2025-01-20 01:28:22.081306
323,HP_002,HeatPump,2025-02-09 18:57:28.372974,Compressor degradation,4,CRITICAL,17.787924558568374,17.787924558568374,2025-02-10 12:44:44.901385
323,FCU_032,FCU,2025-05-12 11:36:34.326720,Valve actuator,2,MEDIUM,2.093726941131883,2.093726941131883,2025-05-12 13:42:11.743708
324,FCU_050,FCU,2023-11-25 09:40:35.258385,Fan motor failure,2,MEDIUM,3.5611400981683152,3.5611400981683152,2023-11-25 13:14:15.362738
324,CT_001,CoolingTower,2024-07-10 21:02:35.199026,Control system fault,3,HIGH,5.907286893369548,5.907286893369548,2024-07-11 02:57:01.431842
324,FCU_020,FCU,2025-04-01 07:13:23.692830,Valve actuator,2,MEDIUM,4.132881986274419,4.132881986274419,2025-04-01 11:21:22.067981
324,FCU_039,FCU,2025-04-04 22:00:33.969927,Fan motor failure,2,MEDIUM,3.664879932905713,3.664879932905713,2025-04-05 01:40:27.537685
325,FCU_024,FCU,2024-04-02 19:14:25.603388,Filter blockage,1,LOW,1.4175459781075634,1.4175459781075634,2024-04-02 20:39:28.768909
325,FCU_044,FCU,2024-08-05 12:51:56.914141,Filter blockage,1,LOW,0.7941489455253004,0.7941489455253004,2024-08-05 13:39:35.850345
325,FCU_010,FCU,2024-11-07 02:21:45.299468,Filter blockage,1,LOW,1.0531631895116504,1.0531631895116504,2024-11-07 03:24:56.686950
325,FCU_049,FCU,2024-11-13 00:23:42.590005,Coil fouling,1,LOW,2.482965956413923,2.482965956413923,2024-11-13 02:52:41.267448
325,FCU_003,FCU,2025-02-16 08:39:28.159642,Valve actuator,2,MEDIUM,3.075416357172036,3.075416357172036,2025-02-16 11:43:59.658528
325,FCU_034,FCU,2025-05-26 07:48:03.445095,Coil fouling,1,LOW,1.728196219422991,1.728196219422991,2025-05-26 09:31:44.951485
326,FCU_033,FCU,2025-01-29 17:17:43.600016,Filter blockage,1,LOW,0.8892993183858402,0.8892993183858402,2025-01-29 18:11:05.077562
326,FCU_006,FCU,2025-04-20 18:35:05.387970,Valve actuator,2,MEDIUM,3.2654976536077887,3.2654976536077887,2025-04-20 21:51:01.179523
327,FCU_045,FCU,2024-11-25 20:43:25.960751,Filter blockage,1,LOW,0.9590679735850501,0.9590679735850501,2024-11-25 21:40:58.605456
327,CHWP_003,CHW_Pump,2025-02-18 18:54:02.507975,Impeller damage,4,CRITICAL,8.087150339641703,8.087150339641703,2025-02-19 02:59:16.249198
327,FCU_001,FCU,2025-05-19 07:19:29.495478,Fan motor failure,2,MEDIUM,4.975531779506511,4.975531779506511,2025-05-19 12:18:01.409884
328,HP_002,HeatPump,2024-06-27 11:41:19.234408,Sensor malfunction,1,LOW,2.9146202428307557,2.9146202428307557,2024-06-27 14:36:11.867282
328,FCU_042,FCU,2024-11-19 13:27:51.865293,Fan motor failure,2,MEDIUM,4.218203727490835,4.218203727490835,2024-11-19 17:40:57.398712
328,FCU_003,FCU,2025-01-20 01:28:46.270741,Coil fouling,1,LOW,1.8731405974472135,1.8731405974472135,2025-01-20 03:21:09.576892
328,FCU_027,FCU,2025-02-01 06:32:36.611414,Coil fouling,1,LOW,1.6477874057269095,1.6477874057269095,2025-02-01 08:11:28.646075
328,FCU_006,FCU,2025-02-14 08:53:19.712018,Filter blockage,1,LOW,1.274973749709071,1.274973749709071,2025-02-14 10:09:49.617517
328,FCU_043,FCU,2025-05-16 07:22:08.929812,Fan motor failure,2,MEDIUM,4.962815550953187,4.962815550953187,2025-05-16 12:19:55.065795
329,FCU_014,FCU,2024-03-16 03:03:55.634581,Valve actuator,2,MEDIUM,4.0224406288598455,4.0224406288598455,2024-03-16 07:05:16.420845
329,HP_001,HeatPump,2024-08-02 00:32:51.208066,Refrigerant leak,3,HIGH,3.5590331671636797,3.5590331671636797,2024-08-02 04:06:23.727468
329,FCU_036,FCU,2025-03-01 03:29:28.300618,Filter blockage,1,LOW,1.1782851203457754,1.1782851203457754,2025-03-01 04:40:10.127051
329,CHWP_002,CHW_Pump,2025-03-26 14:48:10.328081,Bearing wear,3,HIGH,6.895786764664612,6.895786764664612,2025-03-26 21:41:55.160434
329,FCU_042,FCU,2025-04-03 15:20:47.680997,Filter blockage,1,LOW,0.9216202100849133,0.9216202100849133,2025-04-03 16:16:05.513753
329,FCU_022,FCU,2025-05-07 12:52:01.799385,Thermostat failure,1,LOW,2.415809669373465,2.415809669373465,2025-05-07 15:16:58.714195
330,FCU_016,FCU,2024-06-09 11:53:56.053657,Valve actuator,2,MEDIUM,2.198180276293563,2.198180276293563,2024-06-09 14:05:49.502652
330,FCU_004,FCU,2025-02-10 22:01:24.597344,Filter blockage,1,LOW,1.2038423524365338,1.2038423524365338,2025-02-10 23:13:38.429813
330,FCU_013,FCU,2025-03-04 09:32:01.865355,Filter blockage,1,LOW,0.8525021560846455,0.8525021560846455,2025-03-04 10:23:10.873117
330,FCU_026,FCU,2025-05-16 12:30:18.377062,Filter blockage,1,LOW,1.2392075814892263,1.2392075814892263,2025-05-16 13:44:39.524355
331,CT_001,CoolingTower,2024-02-06 10:25:32.074823,Control system fault,3,HIGH,1.9647864036122955,1.9647864036122955,2024-02-06 12:23:25.305876
331,FCU_047,FCU,2024-09-15 08:52:44.483827,Coil fouling,1,LOW,1.4393406993022269,1.4393406993022269,2024-09-15 10:19:06.110344
331,FCU_008,FCU,2024-12-08 00:03:12.708321,Filter blockage,1,LOW,1.371723557620901,1.371723557620901,2024-12-08 01:25:30.913128
332,HWP_002,HW_Pump,2023-12-21 04:36:34.509610,Seal leakage,2,MEDIUM,4.830662722738005,4.830662722738005,2023-12-21 09:26:24.895412
332,FCU_042,FCU,2024-03-11 01:27:33.081962,Fan motor failure,2,MEDIUM,5.502295710388772,5.502295710388772,2024-03-11 06:57:41.346519
332,FCU_045,FCU,2024-06-29 16:17:48.501431,Fan motor failure,2,MEDIUM,2.49941080080263,2.49941080080263,2024-06-29 18:47:46.380314
332,FCU_011,FCU,2024-12-06 08:45:08.930262,Thermostat failure,1,LOW,2.6090415264780416,2.6090415264780416,2024-12-06 11:21:41.479757
332,FCU_048,FCU,2024-12-27 10:41:34.545621,Fan motor failure,2,MEDIUM,3.5808480115912382,3.5808480115912382,2024-12-27 14:16:25.598463
332,FCU_006,FCU,2025-03-23 08:36:06.528841,Filter blockage,1,LOW,1.253801167657158,1.253801167657158,2025-03-23 09:51:20.213045
332,FCU_025,FCU,2025-03-27 23:32:05.755956,Fan motor failure,2,MEDIUM,3.2008438126375025,3.2008438126375025,2025-03-28 02:44:08.793681
333,FCU_035,FCU,2024-01-12 21:50:59.221314,Coil fouling,1,LOW,1.8803160700312564,1.8803160700312564,2024-01-12 23:43:48.359166
333,FCU_004,FCU,2024-07-20 05:02:50.089027,Valve actuator,2,MEDIUM,3.8581096450167385,3.8581096450167385,2024-07-20 08:54:19.283749
333,FCU_016,FCU,2024-12-07 12:13:52.033570,Filter blockage,1,LOW,1.204228443795453,1.204228443795453,2024-12-07 13:26:07.255968
333,FCU_034,FCU,2025-01-06 15:29:23.537513,Fan motor failure,2,MEDIUM,4.001560587340914,4.001560587340914,2025-01-06 19:29:29.155627
333,HWP_001,HW_Pump,2025-01-10 12:25:57.081771,Impeller damage,4,CRITICAL,8.221410069865092,8.221410069865092,2025-01-10 20:39:14.158023
333,FCU_018,FCU,2025-04-14 21:14:26.665540,Fan motor failure,2,MEDIUM,2.570566164698101,2.570566164698101,2025-04-14 23:48:40.703733
333,FCU_001,FCU,2025-04-17 06:36:29.196438,Valve actuator,2,MEDIUM,2.7519744608493233,2.7519744608493233,2025-04-17 09:21:36.304497
333,FCU_025,FCU,2025-04-27 17:02:19.401471,Valve actuator,2,MEDIUM,2.6169567652756345,2.6169567652756345,2025-04-27 19:39:20.445826
333,FCU_031,FCU,2025-05-04 09:33:08.672257,Valve actuator,2,MEDIUM,4.638789762602199,4.638789762602199,2025-05-04 14:11:28.315402
334,CT_001,CoolingTower,2023-10-27 12:43:17.722184,Fill media degradation,2,MEDIUM,5.273715020422455,5.273715020422455,2023-10-27 17:59:43.096258
334,FCU_021,FCU,2023-11-05 13:06:59.536130,Fan motor failure,2,MEDIUM,5.739575418881862,5.739575418881862,2023-11-05 18:51:22.007638
334,HP_002,HeatPump,2024-07-09 13:56:56.714921,Compressor degradation,4,CRITICAL,13.111162208333466,13.111162208333466,2024-07-10 03:03:36.898871
334,FCU_034,FCU,2024-11-15 23:30:00.688340,Coil fouling,1,LOW,3.1163651937574492,3.1163651937574492,2024-11-16 02:36:59.603038
334,CHWP_002,CHW_Pump,2024-11-24 21:06:54.192638,Bearing wear,3,HIGH,9.170765811346504,9.170765811346504,2024-11-25 06:17:08.949559
334,FCU_010,FCU,2024-12-10 16:32:52.810604,Fan motor failure,2,MEDIUM,3.9903295045722165,3.9903295045722165,2024-12-10 20:32:17.996820
334,FCU_028,FCU,2025-05-06 06:38:37.308226,Thermostat failure,1,LOW,2.0347503802715927,2.0347503802715927,2025-05-06 08:40:42.409595
335,FCU_019,FCU,2024-04-09 18:37:54.486796,Filter blockage,1,LOW,1.1065518015978786,1.1065518015978786,2024-04-09 19:44:18.073282
335,HWP_001,HW_Pump,2024-07-31 18:07:18.234742,Bearing wear,3,HIGH,9.055901122108086,9.055901122108086,2024-08-01 03:10:39.478782
335,FCU_011,FCU,2024-10-16 15:45:38.823652,Coil fouling,1,LOW,2.069786895284601,2.069786895284601,2024-10-16 17:49:50.056475
335,FCU_045,FCU,2025-01-05 07:43:25.120277,Fan motor failure,2,MEDIUM,3.1996851195803986,3.1996851195803986,2025-01-05 10:55:23.986707
335,FCU_040,FCU,2025-01-12 13:33:10.044733,Thermostat failure,1,LOW,2.3998058503227417,2.3998058503227417,2025-01-12 15:57:09.345794
335,FCU_036,FCU,2025-01-15 13:38:06.797774,Coil fouling,1,LOW,1.905274771649748,1.905274771649748,2025-01-15 15:32:25.786952
335,FCU_023,FCU,2025-04-11 01:51:47.723208,Fan motor failure,2,MEDIUM,4.541407994867177,4.541407994867177,2025-04-11 06:24:16.791990
336,HWP_002,HW_Pump,2024-11-25 19:16:12.975556,Impeller damage,4,CRITICAL,5.852203719600267,5.852203719600267,2024-11-26 01:07:20.908947
336,FCU_010,FCU,2025-01-11 18:19:51.527294,Coil fouling,1,LOW,1.7269029254109822,1.7269029254109822,2025-01-11 20:03:28.377825
336,CT_001,CoolingTower,2025-02-09 15:28:52.566493,Fan motor failure,4,CRITICAL,10.664603623373683,10.664603623373683,2025-02-10 02:08:45.139537
336,FCU_011,FCU,2025-03-09 21:11:05.542838,Thermostat failure,1,LOW,2.198230206755201,2.198230206755201,2025-03-09 23:22:59.171582
338,CHWP_002,CHW_Pump,2024-11-22 00:14:51.793019,Motor overheating,3,HIGH,4.5592686560450515,4.5592686560450515,2024-11-22 04:48:25.160181
339,FCU_048,FCU,2024-09-05 10:51:58.771326,Coil fouling,1,LOW,2.3033102773479843,2.3033102773479843,2024-09-05 13:10:10.688324
339,FCU_013,FCU,2025-01-14 18:12:05.431487,Filter blockage,1,LOW,1.2091941712830396,1.2091941712830396,2025-01-14 19:24:38.530504
339,FCU_049,FCU,2025-04-09 12:04:38.466040,Fan motor failure,2,MEDIUM,3.751017656155813,3.751017656155813,2025-04-09 15:49:42.129602
340,FCU_009,FCU,2023-08-19 08:07:51.904502,Filter blockage,1,LOW,0.7311973402972863,0.7311973402972863,2023-08-19 08:51:44.214927
340,FCU_007,FCU,2024-10-31 23:30:37.185254,Fan motor failure,2,MEDIUM,3.957835271620481,3.957835271620481,2024-11-01 03:28:05.392232
340,FCU_018,FCU,2024-11-21 11:23:05.779283,Coil fouling,1,LOW,2.105411666142779,2.105411666142779,2024-11-21 13:29:25.261281
340,CHWP_002,CHW_Pump,2025-01-16 15:14:01.842453,Bearing wear,3,HIGH,9.10653093308883,9.10653093308883,2025-01-17 00:20:25.353812
340,FCU_041,FCU,2025-05-21 04:55:15.314358,Coil fouling,1,LOW,2.3687209465874166,2.3687209465874166,2025-05-21 07:17:22.709766
341,CHWP_001,CHW_Pump,2024-03-26 06:42:37.871950,Bearing wear,3,HIGH,6.485239851842406,6.485239851842406,2024-03-26 13:11:44.735417
341,FCU_043,FCU,2024-10-12 20:34:58.375163,Coil fouling,1,LOW,1.9728787412933781,1.9728787412933781,2024-10-12 22:33:20.738632
341,FCU_016,FCU,2024-11-30 14:33:36.734357,Coil fouling,1,LOW,1.8594147364636342,1.8594147364636342,2024-11-30 16:25:10.627408
341,FCU_002,FCU,2024-12-04 22:00:25.490478,Fan motor failure,2,MEDIUM,4.00076151006535,4.00076151006535,2024-12-05 02:00:28.231914
343,FCU_034,FCU,2025-01-15 15:25:35.035219,Valve actuator,2,MEDIUM,4.318708180480945,4.318708180480945,2025-01-15 19:44:42.384669
343,FCU_036,FCU,2025-03-10 18:39:51.722515,Coil fouling,1,LOW,3.0739100598152174,3.0739100598152174,2025-03-10 21:44:17.798730
344,HP_002,HeatPump,2023-10-12 19:32:40.436741,Compressor degradation,4,CRITICAL,9.477862373463605,9.477862373463605,2023-10-13 05:01:20.741285
344,FCU_036,FCU,2024-03-12 03:57:00.873004,Filter blockage,1,LOW,1.355035209601196,1.355035209601196,2024-03-12 05:18:18.999759
344,HWP_002,HW_Pump,2024-08-12 10:44:56.654268,Impeller damage,4,CRITICAL,9.199865917636556,9.199865917636556,2024-08-12 19:56:56.171571
344,FCU_042,FCU,2024-11-04 23:39:32.223022,Filter blockage,1,LOW,0.8311436115233373,0.8311436115233373,2024-11-05 00:29:24.340023
344,FCU_014,FCU,2024-12-12 07:15:03.180759,Filter blockage,1,LOW,0.7774938512125197,0.7774938512125197,2024-12-12 08:01:42.158623
345,HP_002,HeatPump,2023-02-25 03:48:36.106769,Sensor malfunction,1,LOW,1.4446871224147886,1.4446871224147886,2023-02-25 05:15:16.980410
345,HP_002,HeatPump,2023-11-13 15:52:09.264002,Refrigerant leak,3,HIGH,5.179749070474525,5.179749070474525,2023-11-13 21:02:56.360656
345,FCU_023,FCU,2024-08-21 19:36:41.333400,Filter blockage,1,LOW,0.739941650421663,0.739941650421663,2024-08-21 20:21:05.123342
345,FCU_009,FCU,2024-10-06 17:05:46.027374,Valve actuator,2,MEDIUM,2.299398006584817,2.299398006584817,2024-10-06 19:23:43.860198
345,FCU_024,FCU,2025-02-15 12:43:36.796462,Filter blockage,1,LOW,0.9102609813082535,0.9102609813082535,2025-02-15 13:38:13.735995
345,HP_001,HeatPump,2025-03-08 13:00:14.845101,Compressor degradation,4,CRITICAL,19.381276964979556,19.381276964979556,2025-03-09 08:23:07.442175
345,FCU_025,FCU,2025-05-21 06:41:54.307595,Filter blockage,1,LOW,0.9241449022252054,0.9241449022252054,2025-05-21 07:37:21.229243
346,FCU_043,FCU,2024-03-31 23:43:43.068789,Thermostat failure,1,LOW,1.774555868387039,1.774555868387039,2024-04-01 01:30:11.469915
346,FCU_004,FCU,2024-09-18 01:03:14.187819,Coil fouling,1,LOW,2.147156122552669,2.147156122552669,2024-09-18 03:12:03.949860
346,HP_001,HeatPump,2024-09-24 12:57:32.620996,Heat exchanger fouling,2,MEDIUM,4.117310178945436,4.117310178945436,2024-09-24 17:04:34.937640
346,FCU_015,FCU,2025-05-20 12:54:45.481996,Fan motor failure,2,MEDIUM,5.350638859529381,5.350638859529381,2025-05-20 18:15:47.781890
347,FCU_004,FCU,2023-12-07 20:21:38.782600,Fan motor failure,2,MEDIUM,3.361591725345386,3.361591725345386,2023-12-07 23:43:20.512811
347,FCU_024,FCU,2024-06-30 00:08:10.818172,Fan motor failure,2,MEDIUM,3.467829572329439,3.467829572329439,2024-06-30 03:36:15.004632
347,FCU_029,FCU,2024-08-19 09:18:05.819627,Coil fouling,1,LOW,2.104671334432655,2.104671334432655,2024-08-19 11:24:22.636431
347,FCU_023,FCU,2025-02-06 10:24:52.475301,Filter blockage,1,LOW,0.5903303476263811,0.5903303476263811,2025-02-06 11:00:17.664552
348,HWP_001,HW_Pump,2024-04-20 23:24:00.573350,Bearing wear,3,HIGH,7.29530414173186,7.29530414173186,2024-04-21 06:41:43.668260
348,FCU_035,FCU,2024-07-05 10:47:35.363114,Fan motor failure,2,MEDIUM,5.465070634268295,5.465070634268295,2024-07-05 16:15:29.617397
348,FCU_028,FCU,2024-08-01 13:30:37.025757,Thermostat failure,1,LOW,2.100584018438026,2.100584018438026,2024-08-01 15:36:39.128223
348,FCU_036,FCU,2024-12-30 23:23:19.660462,Coil fouling,1,LOW,2.1726966756993757,2.1726966756993757,2024-12-31 01:33:41.368495
349,FCU_029,FCU,2023-05-30 19:07:26.391323,Coil fouling,1,LOW,1.746045184368785,1.746045184368785,2023-05-30 20:52:12.153987
349,FCU_024,FCU,2024-02-20 23:40:45.519292,Thermostat failure,1,LOW,2.163029061830061,2.163029061830061,2024-02-21 01:50:32.423915
349,FCU_027,FCU,2024-07-10 10:19:18.531992,Coil fouling,1,LOW,1.7030265589941886,1.7030265589941886,2024-07-10 12:01:29.427604
349,FCU_026,FCU,2024-10-12 10:00:30.440758,Filter blockage,1,LOW,0.8832646568290665,0.8832646568290665,2024-10-12 10:53:30.193523
349,HWP_002,HW_Pump,2025-01-03 02:30:39.248355,Impeller damage,4,CRITICAL,8.293923478015055,8.293923478015055,2025-01-03 10:48:17.372876
349,FCU_002,FCU,2025-02-17 14:46:40.964421,Fan motor failure,2,MEDIUM,3.7711257726252345,3.7711257726252345,2025-02-17 18:32:57.017202
350,CHWP_001,CHW_Pump,2024-09-07 07:39:16.332471,Impeller damage,4,CRITICAL,16.328524351767175,16.328524351767175,2024-09-07 23:58:59.020137
350,FCU_012,FCU,2024-09-19 19:56:27.650555,Fan motor failure,2,MEDIUM,3.6421979160181035,3.6421979160181035,2024-09-19 23:34:59.563053
351,FCU_018,FCU,2023-10-23 03:05:50.285158,Valve actuator,2,MEDIUM,2.74379596193307,2.74379596193307,2023-10-23 05:50:27.950621
351,FCU_046,FCU,2025-02-06 16:36:12.819987,Filter blockage,1,LOW,0.6927414251263471,0.6927414251263471,2025-02-06 17:17:46.689117
351,CHWP_002,CHW_Pump,2025-04-17 23:07:09.798482,Seal leakage,2,MEDIUM,2.742745127841143,2.742745127841143,2025-04-18 01:51:43.680942
352,FCU_001,FCU,2024-07-18 02:06:58.536077,Fan motor failure,2,MEDIUM,2.966640332061705,2.966640332061705,2024-07-18 05:04:58.441272
352,FCU_009,FCU,2024-12-17 23:00:35.378159,Coil fouling,1,LOW,2.435168691036757,2.435168691036757,2024-12-18 01:26:41.985447
352,FCU_039,FCU,2025-01-17 12:30:38.275931,Coil fouling,1,LOW,1.575890733912573,1.575890733912573,2025-01-17 14:05:11.482573
352,FCU_005,FCU,2025-02-20 23:12:25.586656,Valve actuator,2,MEDIUM,2.374978963554043,2.374978963554043,2025-02-21 01:34:55.510925
352,FCU_006,FCU,2025-04-19 14:26:29.184688,Coil fouling,1,LOW,1.4153278238780382,1.4153278238780382,2025-04-19 15:51:24.364854
353,FCU_036,FCU,2023-06-14 08:14:59.748337,Thermostat failure,1,LOW,2.663527023362344,2.663527023362344,2023-06-14 10:54:48.445621
353,FCU_028,FCU,2023-11-24 13:48:08.968651,Thermostat failure,1,LOW,2.3725601040326287,2.3725601040326287,2023-11-24 16:10:30.185026
353,FCU_004,FCU,2025-02-01 18:02:52.931844,Valve actuator,2,MEDIUM,1.7775031493477897,1.7775031493477897,2025-02-01 19:49:31.943182
354,FCU_007,FCU,2024-08-03 14:16:04.485496,Coil fouling,1,LOW,2.773397729683607,2.773397729683607,2024-08-03 17:02:28.717323
354,HP_001,HeatPump,2024-11-24 19:12:24.022504,Sensor malfunction,1,LOW,1.2600448242067985,1.2600448242067985,2024-11-24 20:28:00.183871
354,FCU_047,FCU,2024-12-13 20:57:12.847391,Coil fouling,1,LOW,1.7504082402688554,1.7504082402688554,2024-12-13 22:42:14.317056
354,FCU_031,FCU,2024-12-25 18:57:00.992918,Valve actuator,2,MEDIUM,2.3560031357322204,2.3560031357322204,2024-12-25 21:18:22.604207
355,FCU_026,FCU,2023-11-14 06:24:50.537811,Coil fouling,1,LOW,1.7067374421246422,1.7067374421246422,2023-11-14 08:07:14.792603
355,FCU_002,FCU,2024-10-01 11:21:02.136077,Fan motor failure,2,MEDIUM,3.2435416741379,3.2435416741379,2024-10-01 14:35:38.886104
355,FCU_006,FCU,2025-02-09 06:05:22.765685,Valve actuator,2,MEDIUM,3.053922359675675,3.053922359675675,2025-02-09 09:08:36.886180
355,HWP_001,HW_Pump,2025-04-11 09:22:20.539959,Seal leakage,2,MEDIUM,3.4258296051240684,3.4258296051240684,2025-04-11 12:47:53.526537
356,FCU_010,FCU,2024-04-14 07:31:46.037815,Coil fouling,1,LOW,2.669993366453675,2.669993366453675,2024-04-14 10:11:58.013934
356,FCU_040,FCU,2024-09-10 09:10:47.540577,Valve actuator,2,MEDIUM,2.7580124847749894,2.7580124847749894,2024-09-10 11:56:16.385522
356,HWP_002,HW_Pump,2025-01-27 02:37:41.857576,Impeller damage,4,CRITICAL,11.908391034478521,11.908391034478521,2025-01-27 14:32:12.065300
356,FCU_035,FCU,2025-05-08 01:14:42.012119,Coil fouling,1,LOW,1.6328820906185142,1.6328820906185142,2025-05-08 02:52:40.387645
356,FCU_018,FCU,2025-05-28 23:00:58.488213,Thermostat failure,1,LOW,1.6675122252269834,1.6675122252269834,2025-05-29 00:41:01.532224
357,FCU_003,FCU,2024-09-03 17:36:37.210097,Thermostat failure,1,LOW,2.09952997113532,2.09952997113532,2024-09-03 19:42:35.517993
357,FCU_037,FCU,2024-09-06 10:45:31.293082,Fan motor failure,2,MEDIUM,4.4406592012305035,4.4406592012305035,2024-09-06 15:11:57.666206
357,CHWP_001,CHW_Pump,2024-12-10 09:01:30.132272,Seal leakage,2,MEDIUM,4.432446286891117,4.432446286891117,2024-12-10 13:27:26.938905
357,FCU_041,FCU,2025-01-06 21:59:34.989948,Valve actuator,2,MEDIUM,2.303324294106795,2.303324294106795,2025-01-07 00:17:46.957407
357,FCU_017,FCU,2025-05-17 10:23:27.387695,Fan motor failure,2,MEDIUM,2.740190683995035,2.740190683995035,2025-05-17 13:07:52.074157
358,HWP_002,HW_Pump,2023-12-16 13:06:54.088377,Seal leakage,2,MEDIUM,4.306350867371233,4.306350867371233,2023-12-16 17:25:16.951500
358,FCU_013,FCU,2024-10-11 13:00:01.286559,Fan motor failure,2,MEDIUM,2.95560047010718,2.95560047010718,2024-10-11 15:57:21.448251
358,FCU_044,FCU,2025-04-16 03:20:04.029367,Coil fouling,1,LOW,2.1790175524204733,2.1790175524204733,2025-04-16 05:30:48.492556
359,CHWP_003,CHW_Pump,2024-08-31 07:46:25.630880,Bearing wear,3,HIGH,8.065830754372062,8.065830754372062,2024-08-31 15:50:22.621596
359,FCU_005,FCU,2025-03-25 19:50:23.241541,Fan motor failure,2,MEDIUM,3.902707230372681,3.902707230372681,2025-03-25 23:44:32.987570
359,FCU_011,FCU,2025-03-27 08:49:28.761934,Coil fouling,1,LOW,3.389982139969756,3.389982139969756,2025-03-27 12:12:52.697638
359,FCU_042,FCU,2025-04-06 01:35:31.548638,Fan motor failure,2,MEDIUM,4.74457947523325,4.74457947523325,2025-04-06 06:20:12.034749
359,CT_001,CoolingTower,2025-05-26 22:53:06.907991,Water distribution system,3,HIGH,7.50846675853245,7.50846675853245,2025-05-27 06:23:37.388322
360,HP_001,HeatPump,2024-04-04 13:28:49.696674,Compressor degradation,4,CRITICAL,12.47426748267117,12.47426748267117,2024-04-05 01:57:17.059612
360,FCU_032,FCU,2024-05-01 14:00:51.364534,Filter blockage,1,LOW,0.5492186358186969,0.5492186358186969,2024-05-01 14:33:48.551623
360,FCU_006,FCU,2025-02-23 09:54:10.570323,Fan motor failure,2,MEDIUM,2.8996968175816904,2.8996968175816904,2025-02-23 12:48:09.478866
361,FCU_045,FCU,2024-05-21 21:51:08.181537,Filter blockage,1,LOW,1.1871915843086482,1.1871915843086482,2024-05-21 23:02:22.071241
361,FCU_018,FCU,2024-09-26 10:19:51.393404,Coil fouling,1,LOW,1.864751574633846,1.864751574633846,2024-09-26 12:11:44.499073
361,FCU_039,FCU,2024-10-18 12:22:59.923110,Filter blockage,1,LOW,0.7252179714754802,0.7252179714754802,2024-10-18 13:06:30.707807
361,FCU_001,FCU,2024-12-17 23:06:30.699410,Coil fouling,1,LOW,2.3816856218308193,2.3816856218308193,2024-12-18 01:29:24.767649
361,CHWP_002,CHW_Pump,2025-01-18 18:28:05.767374,Seal leakage,2,MEDIUM,3.975128472167927,3.975128472167927,2025-01-18 22:26:36.229874
361,FCU_006,FCU,2025-02-12 11:46:03.334531,Thermostat failure,1,LOW,2.3116853293764223,2.3116853293764223,2025-02-12 14:04:45.401717
362,FCU_014,FCU,2024-05-28 12:22:39.388931,Fan motor failure,2,MEDIUM,5.128826837939734,5.128826837939734,2024-05-28 17:30:23.165548
362,CHWP_001,CHW_Pump,2024-07-22 23:37:11.388308,Motor overheating,3,HIGH,9.969499740168988,9.969499740168988,2024-07-23 09:35:21.587373
362,FCU_031,FCU,2024-08-31 09:53:18.253247,Fan motor failure,2,MEDIUM,3.278615993873488,3.278615993873488,2024-08-31 13:10:01.270825
362,FCU_050,FCU,2024-12-17 00:01:34.291557,Valve actuator,2,MEDIUM,2.255990927785124,2.255990927785124,2024-12-17 02:16:55.858897
362,FCU_024,FCU,2025-01-06 03:09:05.385316,Coil fouling,1,LOW,2.742406124830699,2.742406124830699,2025-01-06 05:53:38.047365
362,FCU_025,FCU,2025-04-19 04:00:36.332071,Valve actuator,2,MEDIUM,3.1354185736701816,3.1354185736701816,2025-04-19 07:08:43.838936
362,FCU_018,FCU,2025-04-21 20:46:47.640970,Coil fouling,1,LOW,2.0828610312273486,2.0828610312273486,2025-04-21 22:51:45.940682
363,FCU_040,FCU,2024-03-24 16:50:53.221372,Thermostat failure,1,LOW,2.343967817568605,2.343967817568605,2024-03-24 19:11:31.505515
363,FCU_038,FCU,2024-09-01 08:28:12.518873,Valve actuator,2,MEDIUM,2.4847408847484345,2.4847408847484345,2024-09-01 10:57:17.586058
363,FCU_035,FCU,2025-02-06 14:42:47.219387,Thermostat failure,1,LOW,3.024213187826976,3.024213187826976,2025-02-06 17:44:14.386863
363,FCU_024,FCU,2025-02-17 08:57:53.167239,Coil fouling,1,LOW,1.7785703961257098,1.7785703961257098,2025-02-17 10:44:36.020665
364,FCU_024,FCU,2023-04-21 21:42:50.880544,Filter blockage,1,LOW,0.7404848937433054,0.7404848937433054,2023-04-21 22:27:16.626161
364,FCU_042,FCU,2024-04-15 14:15:09.113209,Valve actuator,2,MEDIUM,2.2658508864301505,2.2658508864301505,2024-04-15 16:31:06.176400
364,CHWP_003,CHW_Pump,2024-05-28 10:21:51.045857,Seal leakage,2,MEDIUM,2.7234881493304126,2.7234881493304126,2024-05-28 13:05:15.603195
364,FCU_018,FCU,2024-06-24 01:40:52.290807,Valve actuator,2,MEDIUM,2.324685167669082,2.324685167669082,2024-06-24 04:00:21.157411
364,HWP_001,HW_Pump,2025-03-08 10:58:12.958715,Impeller damage,4,CRITICAL,11.860731975816948,11.860731975816948,2025-03-08 22:49:51.593828
364,HP_002,HeatPump,2025-04-06 12:58:23.771782,Control valve failure,3,HIGH,2.812627394821841,2.812627394821841,2025-04-06 15:47:09.230403
364,FCU_021,FCU,2025-04-08 11:26:34.539364,Valve actuator,2,MEDIUM,3.5454529596842757,3.5454529596842757,2025-04-08 14:59:18.170019
365,FCU_020,FCU,2023-12-31 02:02:56.908068,Thermostat failure,1,LOW,2.779080195182635,2.779080195182635,2023-12-31 04:49:41.596771
365,FCU_047,FCU,2024-03-19 04:54:51.573193,Valve actuator,2,MEDIUM,6.089447238501237,6.089447238501237,2024-03-19 11:00:13.583252
365,FCU_009,FCU,2024-10-17 18:56:21.922152,Coil fouling,1,LOW,1.532082719260264,1.532082719260264,2024-10-17 20:28:17.419941
365,FCU_034,FCU,2025-01-03 08:36:29.497034,Fan motor failure,2,MEDIUM,3.6306221625681743,3.6306221625681743,2025-01-03 12:14:19.736819
365,FCU_044,FCU,2025-02-10 10:41:10.680639,Valve actuator,2,MEDIUM,1.9838590130089562,1.9838590130089562,2025-02-10 12:40:12.573086
365,FCU_014,FCU,2025-03-05 20:18:28.383018,Valve actuator,2,MEDIUM,4.117525203639549,4.117525203639549,2025-03-06 00:25:31.473751
365,FCU_016,FCU,2025-04-04 12:11:47.542804,Coil fouling,1,LOW,1.6859937748051828,1.6859937748051828,2025-04-04 13:52:57.120393
366,FCU_029,FCU,2024-02-25 23:59:16.342687,Coil fouling,1,LOW,1.78105528810265,1.78105528810265,2024-02-26 01:46:08.141724
367,CHWP_002,CHW_Pump,2023-11-10 20:56:49.949035,Bearing wear,3,HIGH,7.204812058827059,7.204812058827059,2023-11-11 04:09:07.272447
367,FCU_046,FCU,2023-11-11 17:56:34.854772,Thermostat failure,1,LOW,1.5993808676755548,1.5993808676755548,2023-11-11 19:32:32.625896
367,FCU_047,FCU,2024-06-11 01:10:14.077740,Fan motor failure,2,MEDIUM,4.68065095473366,4.68065095473366,2024-06-11 05:51:04.421177
367,HWP_002,HW_Pump,2024-08-23 13:12:21.483874,Bearing wear,3,HIGH,11.630322565198894,11.630322565198894,2024-08-24 00:50:10.645109
367,CHWP_002,CHW_Pump,2024-09-14 17:26:20.972245,Seal leakage,2,MEDIUM,1.8137604693649683,1.8137604693649683,2024-09-14 19:15:10.509935
367,CHWP_003,CHW_Pump,2024-09-21 14:55:56.966125,Impeller damage,4,CRITICAL,8.57673865213867,8.57673865213867,2024-09-21 23:30:33.225273
367,FCU_017,FCU,2025-04-17 06:28:43.060945,Fan motor failure,2,MEDIUM,3.5825829705453334,3.5825829705453334,2025-04-17 10:03:40.359639
368,FCU_034,FCU,2023-12-15 07:03:58.075011,Fan motor failure,2,MEDIUM,4.9101457974565745,4.9101457974565745,2023-12-15 11:58:34.599882
368,FCU_022,FCU,2024-01-08 09:12:45.234281,Valve actuator,2,MEDIUM,2.9565203133692424,2.9565203133692424,2024-01-08 12:10:08.707409
368,HWP_001,HW_Pump,2024-02-25 22:13:25.542447,Motor overheating,3,HIGH,5.682400706410941,5.682400706410941,2024-02-26 03:54:22.184990
368,FCU_046,FCU,2024-03-31 12:26:31.298066,Valve actuator,2,MEDIUM,2.118210037804426,2.118210037804426,2024-03-31 14:33:36.854202
368,CHWP_003,CHW_Pump,2024-04-28 16:56:59.041067,Impeller damage,4,CRITICAL,12.645910785065473,12.645910785065473,2024-04-29 05:35:44.319893
368,FCU_031,FCU,2024-09-30 11:34:56.863469,Fan motor failure,2,MEDIUM,4.745175772306151,4.745175772306151,2024-09-30 16:19:39.496249
368,HP_002,HeatPump,2024-12-13 08:50:10.036972,Refrigerant leak,3,HIGH,6.760427092041788,6.760427092041788,2024-12-13 15:35:47.574503
368,FCU_029,FCU,2024-12-17 16:29:26.840423,Thermostat failure,1,LOW,1.687064364738043,1.687064364738043,2024-12-17 18:10:40.272136
368,FCU_024,FCU,2025-01-18 00:54:30.853663,Thermostat failure,1,LOW,3.2704425450728585,3.2704425450728585,2025-01-18 04:10:44.446825
368,FCU_043,FCU,2025-02-08 01:48:17.918976,Thermostat failure,1,LOW,2.517718805021301,2.517718805021301,2025-02-08 04:19:21.706674
368,FCU_048,FCU,2025-03-21 18:05:08.076776,Coil fouling,1,LOW,3.014476077727601,3.014476077727601,2025-03-21 21:06:00.190656
369,FCU_028,FCU,2023-07-10 22:36:35.888666,Fan motor failure,2,MEDIUM,5.428374926800409,5.428374926800409,2023-07-11 04:02:18.038402
369,HWP_001,HW_Pump,2023-12-07 19:12:13.534810,Impeller damage,4,CRITICAL,14.398662020255538,14.398662020255538,2023-12-08 09:36:08.718083
369,CHWP_001,CHW_Pump,2024-05-28 23:41:28.494624,Impeller damage,4,CRITICAL,16.21411365165094,16.21411365165094,2024-05-29 15:54:19.303770
369,FCU_044,FCU,2024-11-07 09:50:14.559050,Fan motor failure,2,MEDIUM,4.609045622042007,4.609045622042007,2024-11-07 14:26:47.123289
369,FCU_005,FCU,2025-05-18 16:00:04.964970,Coil fouling,1,LOW,2.268568127284373,2.268568127284373,2025-05-18 18:16:11.810228
370,CHWP_001,CHW_Pump,2023-11-08 11:03:56.159945,Bearing wear,3,HIGH,5.913747019562756,5.913747019562756,2023-11-08 16:58:45.649215
370,FCU_048,FCU,2023-12-31 00:33:56.995363,Fan motor failure,2,MEDIUM,2.936774353752205,2.936774353752205,2023-12-31 03:30:09.383037
370,FCU_034,FCU,2024-03-08 12:38:09.265224,Coil fouling,1,LOW,2.122560175185073,2.122560175185073,2024-03-08 14:45:30.481855
370,FCU_009,FCU,2024-04-22 02:17:26.507045,Filter blockage,1,LOW,1.5208197729933224,1.5208197729933224,2024-04-22 03:48:41.458228
370,FCU_023,FCU,2025-02-15 04:26:59.892111,Coil fouling,1,LOW,1.7659875076598268,1.7659875076598268,2025-02-15 06:12:57.447139
370,FCU_049,FCU,2025-02-16 10:00:51.316144,Thermostat failure,1,LOW,1.8861134193598348,1.8861134193598348,2025-02-16 11:54:01.324454
370,FCU_029,FCU,2025-03-19 10:13:17.127924,Coil fouling,1,LOW,1.9333326241211315,1.9333326241211315,2025-03-19 12:09:17.125371
370,FCU_003,FCU,2025-05-01 16:16:54.358043,Fan motor failure,2,MEDIUM,4.263607314097722,4.263607314097722,2025-05-01 20:32:43.344374
371,FCU_007,FCU,2024-05-26 09:57:59.403792,Fan motor failure,2,MEDIUM,5.397245948034049,5.397245948034049,2024-05-26 15:21:49.489205
371,FCU_010,FCU,2024-10-02 13:20:43.817427,Fan motor failure,2,MEDIUM,3.7365554824232152,3.7365554824232152,2024-10-02 17:04:55.417164
371,FCU_021,FCU,2025-05-10 14:49:32.241730,Valve actuator,2,MEDIUM,2.165195589961079,2.165195589961079,2025-05-10 16:59:26.945854
371,HWP_002,HW_Pump,2025-05-18 01:24:21.185809,Seal leakage,2,MEDIUM,3.3736625520848857,3.3736625520848857,2025-05-18 04:46:46.370997
372,FCU_050,FCU,2024-05-31 12:28:42.818129,Filter blockage,1,LOW,1.0173207033311125,1.0173207033311125,2024-05-31 13:29:45.172661
372,FCU_047,FCU,2024-09-15 15:36:21.675043,Valve actuator,2,MEDIUM,2.509010224674907,2.509010224674907,2024-09-15 18:06:54.111852
372,FCU_013,FCU,2024-12-25 14:09:24.551419,Filter blockage,1,LOW,0.9528762316378002,0.9528762316378002,2024-12-25 15:06:34.905853
372,FCU_022,FCU,2025-05-17 17:19:47.162100,Thermostat failure,1,LOW,1.6994153896401014,1.6994153896401014,2025-05-17 19:01:45.057503
373,FCU_014,FCU,2024-04-25 05:13:09.177938,Coil fouling,1,LOW,1.782022031953504,1.782022031953504,2024-04-25 07:00:04.457253
373,FCU_044,FCU,2024-10-16 12:50:08.104353,Fan motor failure,2,MEDIUM,3.32334975328248,3.32334975328248,2024-10-16 16:09:32.163465
373,HP_001,HeatPump,2024-12-05 17:54:38.521683,Sensor malfunction,1,LOW,2.215466035723256,2.215466035723256,2024-12-05 20:07:34.199412
373,FCU_048,FCU,2025-04-28 05:03:55.723358,Fan motor failure,2,MEDIUM,5.041559361748434,5.041559361748434,2025-04-28 10:06:25.337060
374,FCU_040,FCU,2023-09-10 04:31:58.696392,Coil fouling,1,LOW,2.244953920210953,2.244953920210953,2023-09-10 06:46:40.530505
374,FCU_044,FCU,2024-08-24 18:57:11.505007,Thermostat failure,1,LOW,1.6794413602200695,1.6794413602200695,2024-08-24 20:37:57.493904
374,FCU_045,FCU,2024-10-07 00:26:25.752591,Coil fouling,1,LOW,1.7182036099393432,1.7182036099393432,2024-10-07 02:09:31.285587
374,FCU_010,FCU,2024-12-25 09:44:23.615813,Fan motor failure,2,MEDIUM,2.5389912317782297,2.5389912317782297,2024-12-25 12:16:43.984247
375,FCU_039,FCU,2024-07-01 00:59:57.718714,Coil fouling,1,LOW,2.012627484264486,2.012627484264486,2024-07-01 03:00:43.177657
375,FCU_029,FCU,2024-10-28 06:49:10.300892,Filter blockage,1,LOW,1.0230417589929017,1.0230417589929017,2024-10-28 07:50:33.251224
375,FCU_049,FCU,2025-01-30 06:35:00.661508,Fan motor failure,2,MEDIUM,5.122589565974147,5.122589565974147,2025-01-30 11:42:21.983946
375,FCU_007,FCU,2025-05-05 00:44:10.753619,Coil fouling,1,LOW,2.07389938781115,2.07389938781115,2025-05-05 02:48:36.791415
376,FCU_041,FCU,2024-05-25 19:09:46.693008,Coil fouling,1,LOW,2.1879678197352854,2.1879678197352854,2024-05-25 21:21:03.377159
376,FCU_006,FCU,2024-08-06 09:16:53.871994,Filter blockage,1,LOW,1.2745555649063554,1.2745555649063554,2024-08-06 10:33:22.272028
376,FCU_018,FCU,2024-09-12 15:39:15.545308,Valve actuator,2,MEDIUM,4.796437233000862,4.796437233000862,2024-09-12 20:27:02.719347
376,HWP_001,HW_Pump,2025-03-29 02:46:47.997919,Bearing wear,3,HIGH,10.92057506635303,10.92057506635303,2025-03-29 13:42:02.068158
377,FCU_015,FCU,2024-07-18 12:44:51.187954,Filter blockage,1,LOW,0.8873419656150882,0.8873419656150882,2024-07-18 13:38:05.619030
377,FCU_009,FCU,2025-04-24 23:29:06.194587,Thermostat failure,1,LOW,2.5723442485256673,2.5723442485256673,2025-04-25 02:03:26.633882
377,FCU_001,FCU,2025-05-14 01:34:10.910614,Fan motor failure,2,MEDIUM,5.299480064826016,5.299480064826016,2025-05-14 06:52:09.038847
378,FCU_022,FCU,2024-02-20 07:10:53.252118,Fan motor failure,2,MEDIUM,6.336059758376955,6.336059758376955,2024-02-20 13:31:03.067248
378,FCU_015,FCU,2024-05-03 02:56:55.085633,Coil fouling,1,LOW,3.147466166592957,3.147466166592957,2024-05-03 06:05:45.963833
378,FCU_003,FCU,2024-05-15 23:22:04.641763,Coil fouling,1,LOW,2.7357953350542057,2.7357953350542057,2024-05-16 02:06:13.504969
378,FCU_047,FCU,2025-04-13 06:09:42.514167,Valve actuator,2,MEDIUM,2.5416345215219973,2.5416345215219973,2025-04-13 08:42:12.398444
378,HP_002,HeatPump,2025-04-15 03:23:58.279041,Refrigerant leak,3,HIGH,6.2056662450302245,6.2056662450302245,2025-04-15 09:36:18.677523
378,FCU_034,FCU,2025-04-25 17:49:59.553900,Coil fouling,1,LOW,1.5370097141108128,1.5370097141108128,2025-04-25 19:22:12.788871
379,FCU_033,FCU,2024-08-19 09:38:12.009644,Valve actuator,2,MEDIUM,3.545408278922259,3.545408278922259,2024-08-19 13:10:55.479448
379,FCU_046,FCU,2024-12-29 06:38:59.470105,Valve actuator,2,MEDIUM,3.532720910839705,3.532720910839705,2024-12-29 10:10:57.265384
379,FCU_045,FCU,2025-04-25 03:45:52.743011,Fan motor failure,2,MEDIUM,3.929859472528743,3.929859472528743,2025-04-25 07:41:40.237112
380,FCU_049,FCU,2024-02-06 13:47:12.451611,Filter blockage,1,LOW,0.7590901452013363,0.7590901452013363,2024-02-06 14:32:45.176134
380,FCU_008,FCU,2024-09-01 04:04:34.511733,Fan motor failure,2,MEDIUM,3.994338974497172,3.994338974497172,2024-09-01 08:04:14.132041
380,FCU_045,FCU,2024-12-10 02:32:54.402665,Thermostat failure,1,LOW,1.9248248465262205,1.9248248465262205,2024-12-10 04:28:23.772112
380,HWP_002,HW_Pump,2025-05-24 12:05:18.838723,VFD malfunction,2,MEDIUM,3.2370005046648456,3.2370005046648456,2025-05-24 15:19:32.040540
381,FCU_028,FCU,2025-02-27 04:52:27.736668,Fan motor failure,2,MEDIUM,3.3861000433781716,3.3861000433781716,2025-02-27 08:15:37.696824
381,FCU_010,FCU,2025-05-17 06:02:26.943339,Fan motor failure,2,MEDIUM,5.873807561764852,5.873807561764852,2025-05-17 11:54:52.650561
382,HWP_001,HW_Pump,2024-01-15 07:04:07.109629,Seal leakage,2,MEDIUM,3.607256307167876,3.607256307167876,2024-01-15 10:40:33.232335
382,FCU_013,FCU,2025-01-09 23:17:20.224548,Filter blockage,1,LOW,0.700885123207471,0.700885123207471,2025-01-09 23:59:23.410992
383,FCU_021,FCU,2024-06-28 23:11:25.558979,Filter blockage,1,LOW,1.0705239001084144,1.0705239001084144,2024-06-29 00:15:39.445019
383,FCU_037,FCU,2024-10-09 15:24:23.139451,Valve actuator,2,MEDIUM,3.1615584012593083,3.1615584012593083,2024-10-09 18:34:04.749696
383,CT_001,CoolingTower,2024-10-30 12:58:16.349654,Fill media degradation,2,MEDIUM,6.493565390298198,6.493565390298198,2024-10-30 19:27:53.185059
383,FCU_046,FCU,2025-04-28 10:00:31.875204,Thermostat failure,1,LOW,1.3491493033832656,1.3491493033832656,2025-04-28 11:21:28.812696
383,FCU_043,FCU,2025-05-07 13:36:50.480639,Coil fouling,1,LOW,3.758293463973232,3.758293463973232,2025-05-07 17:22:20.337109
384,FCU_023,FCU,2023-11-30 22:59:32.689539,Thermostat failure,1,LOW,2.3934460472795736,2.3934460472795736,2023-12-01 01:23:09.095309
384,HP_001,HeatPump,2024-03-06 10:30:35.414751,Heat exchanger fouling,2,MEDIUM,3.477580449783727,3.477580449783727,2024-03-06 13:59:14.704370
384,FCU_046,FCU,2024-04-22 05:40:22.145849,Coil fouling,1,LOW,2.6702278340775756,2.6702278340775756,2024-04-22 08:20:34.966052
384,FCU_026,FCU,2024-09-04 17:43:23.027169,Filter blockage,1,LOW,0.9734187037467262,0.9734187037467262,2024-09-04 18:41:47.334502
384,CHWP_002,CHW_Pump,2025-02-07 11:38:10.561218,VFD malfunction,2,MEDIUM,3.087022765001624,3.087022765001624,2025-02-07 14:43:23.843172
385,FCU_002,FCU,2024-09-09 00:52:35.313985,Filter blockage,1,LOW,0.5,0.5,2024-09-09 01:22:35.313985
385,FCU_005,FCU,2025-04-23 07:36:23.937202,Fan motor failure,2,MEDIUM,3.854883325779392,3.854883325779392,2025-04-23 11:27:41.517175
385,FCU_021,FCU,2025-05-08 23:40:11.128292,Filter blockage,1,LOW,1.4018998251746693,1.4018998251746693,2025-05-09 01:04:17.967663
385,HWP_002,HW_Pump,2025-05-29 18:45:32.239341,Impeller damage,4,CRITICAL,9.18912973342639,9.18912973342639,2025-05-30 03:56:53.106381
386,FCU_014,FCU,2024-07-16 22:44:51.835132,Coil fouling,1,LOW,2.988034628673549,2.988034628673549,2024-07-17 01:44:08.759795
386,FCU_032,FCU,2024-09-14 19:20:34.253121,Fan motor failure,2,MEDIUM,3.2303192020854388,3.2303192020854388,2024-09-14 22:34:23.402249
386,HWP_001,HW_Pump,2024-09-25 01:48:46.846086,Bearing wear,3,HIGH,6.293387424288751,6.293387424288751,2024-09-25 08:06:23.040813
386,FCU_028,FCU,2024-10-15 20:48:04.675042,Valve actuator,2,MEDIUM,3.557112582259807,3.557112582259807,2024-10-16 00:21:30.280338
386,CHWP_001,CHW_Pump,2025-02-15 08:49:50.138115,Bearing wear,3,HIGH,4.93232518802148,4.93232518802148,2025-02-15 13:45:46.508792
387,HWP_002,HW_Pump,2024-06-22 18:43:43.295477,Motor overheating,3,HIGH,5.76466771945205,5.76466771945205,2024-06-23 00:29:36.099267
387,FCU_020,FCU,2024-12-24 09:37:00.508573,Thermostat failure,1,LOW,1.7377331641661158,1.7377331641661158,2024-12-24 11:21:16.347964
387,FCU_002,FCU,2024-12-26 20:44:45.231770,Filter blockage,1,LOW,0.6733547109919441,0.6733547109919441,2024-12-26 21:25:09.308730
388,HP_001,HeatPump,2024-11-18 03:50:03.980138,Refrigerant leak,3,HIGH,8.423614241802245,8.423614241802245,2024-11-18 12:15:28.991408
388,FCU_014,FCU,2025-04-19 05:33:43.148934,Valve actuator,2,MEDIUM,6.009339853511983,6.009339853511983,2025-04-19 11:34:16.772407
388,FCU_045,FCU,2025-04-24 08:31:55.400106,Valve actuator,2,MEDIUM,2.4931524834963232,2.4931524834963232,2025-04-24 11:01:30.749047
388,FCU_018,FCU,2025-05-15 03:57:40.201966,Filter blockage,1,LOW,0.8143781167559786,0.8143781167559786,2025-05-15 04:46:31.963186
388,FCU_048,FCU,2025-05-26 04:50:35.162569,Fan motor failure,2,MEDIUM,5.571201039611648,5.571201039611648,2025-05-26 10:24:51.486312
389,CHWP_002,CHW_Pump,2023-06-04 05:02:58.061727,VFD malfunction,2,MEDIUM,1.996439772501312,1.996439772501312,2023-06-04 07:02:45.244908
389,FCU_029,FCU,2024-03-04 04:49:09.484446,Coil fouling,1,LOW,1.7412231594361998,1.7412231594361998,2024-03-04 06:33:37.887820
389,HP_001,HeatPump,2025-05-05 20:25:02.448304,Heat exchanger fouling,2,MEDIUM,3.455332383804643,3.455332383804643,2025-05-05 23:52:21.644886
389,FCU_049,FCU,2025-05-18 03:37:09.002301,Filter blockage,1,LOW,1.7785908992773118,1.7785908992773118,2025-05-18 05:23:51.929538
390,HP_001,HeatPump,2024-04-26 23:33:15.040812,Heat exchanger fouling,2,MEDIUM,6.4679081952960615,6.4679081952960615,2024-04-27 06:01:19.510315
390,FCU_025,FCU,2024-06-22 16:07:07.418126,Filter blockage,1,LOW,2.0118001674705233,2.0118001674705233,2024-06-22 18:07:49.898729
390,FCU_039,FCU,2024-06-23 06:26:44.076258,Fan motor failure,2,MEDIUM,3.56411775348488,3.56411775348488,2024-06-23 10:00:34.900171
390,FCU_033,FCU,2024-09-18 01:16:54.830618,Thermostat failure,1,LOW,1.6144489899640455,1.6144489899640455,2024-09-18 02:53:46.846982
390,FCU_042,FCU,2024-09-30 22:20:18.767954,Fan motor failure,2,MEDIUM,4.312583642669458,4.312583642669458,2024-10-01 02:39:04.069068
390,HP_002,HeatPump,2024-10-08 13:19:28.910272,Compressor degradation,4,CRITICAL,15.346713148409881,15.346713148409881,2024-10-09 04:40:17.077606
390,FCU_001,FCU,2025-03-28 10:26:53.710236,Fan motor failure,2,MEDIUM,3.0769598950281565,3.0769598950281565,2025-03-28 13:31:30.765858
391,FCU_018,FCU,2024-04-01 11:03:19.012693,Filter blockage,1,LOW,0.8795708226354946,0.8795708226354946,2024-04-01 11:56:05.467654
391,HWP_002,HW_Pump,2024-09-12 00:49:04.020265,Impeller damage,4,CRITICAL,8.756294130305381,8.756294130305381,2024-09-12 09:34:26.679134
391,FCU_032,FCU,2024-10-04 22:28:22.765830,Valve actuator,2,MEDIUM,1.6227526616041608,1.6227526616041608,2024-10-05 00:05:44.675412
391,FCU_024,FCU,2024-11-15 10:37:27.309364,Valve actuator,2,MEDIUM,3.088910603219698,3.088910603219698,2024-11-15 13:42:47.387536
391,FCU_043,FCU,2024-12-30 01:35:00.622113,Filter blockage,1,LOW,1.1568382346902,1.1568382346902,2024-12-30 02:44:25.239758
391,FCU_044,FCU,2025-04-15 10:50:52.240245,Coil fouling,1,LOW,2.1657216682323592,2.1657216682323592,2025-04-15 13:00:48.838251
392,HP_001,HeatPump,2024-04-21 12:09:25.841029,Control valve failure,3,HIGH,4.025699230535482,4.025699230535482,2024-04-21 16:10:58.358259
392,FCU_028,FCU,2024-07-30 08:59:00.747745,Fan motor failure,2,MEDIUM,5.093924712794883,5.093924712794883,2024-07-30 14:04:38.876711
392,FCU_025,FCU,2024-10-15 21:43:16.633443,Coil fouling,1,LOW,2.057705848090156,2.057705848090156,2024-10-15 23:46:44.374496
392,FCU_042,FCU,2024-11-02 01:27:03.415535,Valve actuator,2,MEDIUM,3.5078005696759593,3.5078005696759593,2024-11-02 04:57:31.497586
392,HWP_001,HW_Pump,2025-03-28 07:57:07.229532,Bearing wear,3,HIGH,10.07042691498784,10.07042691498784,2025-03-28 18:01:20.766426
392,FCU_033,FCU,2025-04-04 03:36:17.352962,Filter blockage,1,LOW,0.9086880766684411,0.9086880766684411,2025-04-04 04:30:48.630038
393,HWP_001,HW_Pump,2024-02-25 06:51:22.362364,Impeller damage,4,CRITICAL,10.6258293088913,10.6258293088913,2024-02-25 17:28:55.347876
393,FCU_014,FCU,2024-03-04 17:39:09.201835,Thermostat failure,1,LOW,1.7946382235729166,1.7946382235729166,2024-03-04 19:26:49.899440
393,FCU_035,FCU,2024-08-02 03:44:02.102200,Coil fouling,1,LOW,2.5571281941061184,2.5571281941061184,2024-08-02 06:17:27.763699
393,FCU_036,FCU,2024-09-16 00:07:21.396867,Fan motor failure,2,MEDIUM,3.9784947934558,3.9784947934558,2024-09-16 04:06:03.978123
393,HP_002,HeatPump,2025-01-28 12:59:44.755743,Compressor degradation,4,CRITICAL,10.623170275676573,10.623170275676573,2025-01-28 23:37:08.168735
393,FCU_032,FCU,2025-03-30 17:58:12.275715,Coil fouling,1,LOW,1.58254117704857,1.58254117704857,2025-03-30 19:33:09.423952
393,FCU_020,FCU,2025-05-17 17:16:01.944084,Valve actuator,2,MEDIUM,4.938701859115273,4.938701859115273,2025-05-17 22:12:21.270777
394,FCU_003,FCU,2024-06-01 02:46:39.675827,Fan motor failure,2,MEDIUM,3.09950799010475,3.09950799010475,2024-06-01 05:52:37.904591
394,FCU_046,FCU,2024-08-15 20:07:07.146173,Fan motor failure,2,MEDIUM,2.826742228050685,2.826742228050685,2024-08-15 22:56:43.418194
394,FCU_021,FCU,2025-01-10 04:53:05.511916,Thermostat failure,1,LOW,2.255699434654281,2.255699434654281,2025-01-10 07:08:26.029881
394,FCU_025,FCU,2025-01-17 08:12:13.422597,Coil fouling,1,LOW,2.9600026888854596,2.9600026888854596,2025-01-17 11:09:49.432277
394,FCU_049,FCU,2025-02-10 19:51:10.453554,Thermostat failure,1,LOW,1.8353755209598808,1.8353755209598808,2025-02-10 21:41:17.805429
394,FCU_019,FCU,2025-02-15 20:16:54.350670,Coil fouling,1,LOW,1.9078675520607664,1.9078675520607664,2025-02-15 22:11:22.673857
395,FCU_023,FCU,2024-08-29 11:19:22.639691,Valve actuator,2,MEDIUM,5.337244076707738,5.337244076707738,2024-08-29 16:39:36.718367
395,FCU_010,FCU,2024-12-09 07:39:17.603858,Coil fouling,1,LOW,1.7834669457503958,1.7834669457503958,2024-12-09 09:26:18.084863
395,HP_001,HeatPump,2024-12-21 01:56:12.027132,Heat exchanger fouling,2,MEDIUM,2.126023380457168,2.126023380457168,2024-12-21 04:03:45.711302
395,CHWP_001,CHW_Pump,2024-12-29 18:43:59.470804,Seal leakage,2,MEDIUM,3.9765810326542748,3.9765810326542748,2024-12-29 22:42:35.162522
395,FCU_016,FCU,2025-01-07 22:42:06.109685,Thermostat failure,1,LOW,1.5923894732743458,1.5923894732743458,2025-01-08 00:17:38.711789
395,FCU_001,FCU,2025-02-27 22:16:57.098693,Filter blockage,1,LOW,0.9555503952762323,0.9555503952762323,2025-02-27 23:14:17.080116
395,FCU_039,FCU,2025-03-30 09:03:29.187867,Filter blockage,1,LOW,1.0499615615829305,1.0499615615829305,2025-03-30 10:06:29.049489
396,FCU_034,FCU,2024-06-14 08:44:04.957501,Thermostat failure,1,LOW,2.080750507781876,2.080750507781876,2024-06-14 10:48:55.659329
396,FCU_035,FCU,2024-09-08 08:17:08.344080,Coil fouling,1,LOW,1.9055459334127192,1.9055459334127192,2024-09-08 10:11:28.309440
396,CHWP_002,CHW_Pump,2024-11-14 18:29:16.006931,Bearing wear,3,HIGH,8.850137165014672,8.850137165014672,2024-11-15 03:20:16.500725
396,FCU_015,FCU,2024-11-26 21:20:00.382470,Valve actuator,2,MEDIUM,2.9734298669395627,2.9734298669395627,2024-11-27 00:18:24.729991
396,FCU_019,FCU,2025-03-03 09:23:09.926757,Fan motor failure,2,MEDIUM,2.7922211645178696,2.7922211645178696,2025-03-03 12:10:41.922949
396,HWP_001,HW_Pump,2025-03-07 05:27:17.522159,Impeller damage,4,CRITICAL,8.02480708828732,8.02480708828732,2025-03-07 13:28:46.827677
396,FCU_045,FCU,2025-04-28 05:12:50.320052,Filter blockage,1,LOW,1.1183262629714787,1.1183262629714787,2025-04-28 06:19:56.294599
397,FCU_024,FCU,2024-10-29 22:07:27.312717,Fan motor failure,2,MEDIUM,7.528448148021863,7.528448148021863,2024-10-30 05:39:09.726050
397,HP_002,HeatPump,2024-11-04 05:22:22.362354,Heat exchanger fouling,2,MEDIUM,3.3347635689399473,3.3347635689399473,2024-11-04 08:42:27.511202
397,FCU_026,FCU,2025-03-16 06:34:00.933201,Filter blockage,1,LOW,1.5314583798391714,1.5314583798391714,2025-03-16 08:05:54.183368
398,FCU_036,FCU,2024-04-10 01:16:27.565120,Filter blockage,1,LOW,0.9064866381529487,0.9064866381529487,2024-04-10 02:10:50.917017
398,FCU_010,FCU,2024-06-02 03:33:40.266965,Valve actuator,2,MEDIUM,3.0038419567647097,3.0038419567647097,2024-06-02 06:33:54.098009
398,FCU_033,FCU,2024-08-31 09:33:58.581218,Valve actuator,2,MEDIUM,2.9008826982004914,2.9008826982004914,2024-08-31 12:28:01.758932
398,FCU_019,FCU,2024-10-28 13:41:25.612326,Fan motor failure,2,MEDIUM,3.5565745615310864,3.5565745615310864,2024-10-28 17:14:49.280748
398,FCU_028,FCU,2025-01-07 16:18:04.273005,Coil fouling,1,LOW,1.961257625864616,1.961257625864616,2025-01-07 18:15:44.800458
398,FCU_024,FCU,2025-02-21 16:19:25.447439,Fan motor failure,2,MEDIUM,4.4406780587222014,4.4406780587222014,2025-02-21 20:45:51.888450
399,FCU_039,FCU,2024-02-12 02:59:40.065640,Fan motor failure,2,MEDIUM,3.837424330020924,3.837424330020924,2024-02-12 06:49:54.793228
399,FCU_037,FCU,2024-07-15 11:05:29.079561,Filter blockage,1,LOW,0.878199336363923,0.878199336363923,2024-07-15 11:58:10.597172
399,FCU_044,FCU,2024-09-24 11:25:41.634007,Fan motor failure,2,MEDIUM,3.373471753304406,3.373471753304406,2024-09-24 14:48:06.132319
399,FCU_010,FCU,2024-10-09 19:44:48.607437,Filter blockage,1,LOW,0.8915068786880864,0.8915068786880864,2024-10-09 20:38:18.032200
399,FCU_026,FCU,2024-10-29 15:38:58.889567,Filter blockage,1,LOW,1.6676846901176705,1.6676846901176705,2024-10-29 17:19:02.554451
399,HWP_001,HW_Pump,2024-12-21 15:08:24.880895,Motor overheating,3,HIGH,3.8731653055121638,3.8731653055121638,2024-12-21 19:00:48.275995
399,FCU_025,FCU,2025-01-09 15:58:39.350428,Filter blockage,1,LOW,0.8740546132929512,0.8740546132929512,2025-01-09 16:51:05.947036
399,FCU_029,FCU,2025-01-11 09:45:51.131929,Valve actuator,2,MEDIUM,5.431095690542538,5.431095690542538,2025-01-11 15:11:43.076415
399,FCU_027,FCU,2025-03-06 19:13:37.675634,Thermostat failure,1,LOW,1.69384068313053,1.69384068313053,2025-03-06 20:55:15.502093
400,FCU_038,FCU,2024-01-07 10:35:02.696949,Coil fouling,1,LOW,2.0675423590443702,2.0675423590443702,2024-01-07 12:39:05.849442
401,CHWP_002,CHW_Pump,2023-08-29 06:48:46.323545,VFD malfunction,2,MEDIUM,4.634895093080982,4.634895093080982,2023-08-29 11:26:51.945880
401,FCU_005,FCU,2024-10-22 15:09:42.551469,Filter blockage,1,LOW,1.5322414587694468,1.5322414587694468,2024-10-22 16:41:38.620721
401,FCU_050,FCU,2025-01-21 04:19:53.314449,Filter blockage,1,LOW,0.9297710964406434,0.9297710964406434,2025-01-21 05:15:40.490396
401,FCU_016,FCU,2025-03-25 21:48:39.692283,Fan motor failure,2,MEDIUM,4.8817908372040515,4.8817908372040515,2025-03-26 02:41:34.139297
402,FCU_018,FCU,2024-06-04 11:02:52.137587,Valve actuator,2,MEDIUM,2.6682339387331604,2.6682339387331604,2024-06-04 13:42:57.779766
402,FCU_042,FCU,2024-08-17 20:32:21.488486,Filter blockage,1,LOW,1.103319735950751,1.103319735950751,2024-08-17 21:38:33.439535
403,FCU_049,FCU,2024-10-25 19:45:43.578564,Coil fouling,1,LOW,1.9903429748701853,1.9903429748701853,2024-10-25 21:45:08.813274
404,FCU_008,FCU,2024-04-17 11:28:37.158310,Valve actuator,2,MEDIUM,4.623320973378331,4.623320973378331,2024-04-17 16:06:01.113814
404,FCU_029,FCU,2024-10-21 16:15:41.945381,Valve actuator,2,MEDIUM,3.293602640065885,3.293602640065885,2024-10-21 19:33:18.914885
404,FCU_021,FCU,2024-11-04 06:24:39.954339,Filter blockage,1,LOW,0.9629261347122925,0.9629261347122925,2024-11-04 07:22:26.488424
404,FCU_019,FCU,2025-01-08 09:06:41.119586,Coil fouling,1,LOW,1.9024250387554722,1.9024250387554722,2025-01-08 11:00:49.849726
404,FCU_034,FCU,2025-04-07 10:09:48.393795,Fan motor failure,2,MEDIUM,3.1472875018617,3.1472875018617,2025-04-07 13:18:38.628802
404,FCU_022,FCU,2025-05-21 03:01:34.492912,Fan motor failure,2,MEDIUM,5.1347864394742535,5.1347864394742535,2025-05-21 08:09:39.724094
405,FCU_048,FCU,2024-07-08 02:44:03.380897,Fan motor failure,2,MEDIUM,4.2315733224224275,4.2315733224224275,2024-07-08 06:57:57.044858
405,FCU_041,FCU,2024-08-02 05:26:20.631557,Coil fouling,1,LOW,1.1600461594776212,1.1600461594776212,2024-08-02 06:35:56.797731
405,FCU_028,FCU,2025-03-25 15:16:58.006887,Coil fouling,1,LOW,1.7389022197475188,1.7389022197475188,2025-03-25 17:01:18.054878
406,FCU_040,FCU,2025-03-07 22:59:01.659800,Fan motor failure,2,MEDIUM,4.211969523433332,4.211969523433332,2025-03-08 03:11:44.750084
406,CHWP_003,CHW_Pump,2025-03-17 11:44:18.310384,Bearing wear,3,HIGH,6.709468284463873,6.709468284463873,2025-03-17 18:26:52.396208
407,FCU_036,FCU,2024-03-10 15:18:56.257914,Fan motor failure,2,MEDIUM,5.020115732117976,5.020115732117976,2024-03-10 20:20:08.674550
407,FCU_039,FCU,2024-04-24 00:30:02.920348,Filter blockage,1,LOW,1.2957190070299638,1.2957190070299638,2024-04-24 01:47:47.508773
407,FCU_038,FCU,2024-05-01 20:11:48.557974,Coil fouling,1,LOW,1.1821975926085782,1.1821975926085782,2024-05-01 21:22:44.469307
407,FCU_048,FCU,2025-02-10 08:36:41.652367,Thermostat failure,1,LOW,1.1471124495843177,1.1471124495843177,2025-02-10 09:45:31.257186
407,FCU_037,FCU,2025-02-20 06:15:22.853970,Coil fouling,1,LOW,2.5180181879042642,2.5180181879042642,2025-02-20 08:46:27.719446
407,FCU_018,FCU,2025-02-25 00:47:45.766807,Coil fouling,1,LOW,1.44472873863914,1.44472873863914,2025-02-25 02:14:26.790266
407,FCU_035,FCU,2025-03-25 05:14:30.626947,Filter blockage,1,LOW,1.2178563994987985,1.2178563994987985,2025-03-25 06:27:34.909985
407,FCU_043,FCU,2025-04-15 10:06:35.693253,Fan motor failure,2,MEDIUM,2.6941526253434653,2.6941526253434653,2025-04-15 12:48:14.642704
408,FCU_035,FCU,2024-12-09 04:48:12.856935,Fan motor failure,2,MEDIUM,2.928887609537247,2.928887609537247,2024-12-09 07:43:56.852329
408,FCU_015,FCU,2025-05-10 19:49:11.649269,Valve actuator,2,MEDIUM,1.8703051712050185,1.8703051712050185,2025-05-10 21:41:24.747885
409,FCU_033,FCU,2024-01-11 13:56:49.506089,Filter blockage,1,LOW,0.9779731878146921,0.9779731878146921,2024-01-11 14:55:30.209565
409,FCU_002,FCU,2024-01-18 17:08:08.312216,Filter blockage,1,LOW,0.6507058851168854,0.6507058851168854,2024-01-18 17:47:10.853402
409,HP_002,HeatPump,2024-03-02 10:59:07.812703,Control valve failure,3,HIGH,5.480151564877615,5.480151564877615,2024-03-02 16:27:56.358337
409,HP_001,HeatPump,2025-01-13 23:32:33.332176,Sensor malfunction,1,LOW,1.4646221309795031,1.4646221309795031,2025-01-14 01:00:25.971848
409,FCU_046,FCU,2025-05-16 23:46:29.434415,Coil fouling,1,LOW,2.0641863363803234,2.0641863363803234,2025-05-17 01:50:20.505226
410,FCU_033,FCU,2024-03-04 03:21:21.910536,Fan motor failure,2,MEDIUM,4.210079401322474,4.210079401322474,2024-03-04 07:33:58.196381
410,FCU_029,FCU,2024-07-08 03:13:34.534654,Fan motor failure,2,MEDIUM,3.6143401906957853,3.6143401906957853,2024-07-08 06:50:26.159341
410,FCU_030,FCU,2024-08-23 04:27:28.954764,Valve actuator,2,MEDIUM,2.488979241113297,2.488979241113297,2024-08-23 06:56:49.280032
410,HP_001,HeatPump,2024-10-25 21:33:36.643598,Refrigerant leak,3,HIGH,4.126585770571004,4.126585770571004,2024-10-26 01:41:12.352372
410,FCU_026,FCU,2024-12-14 17:39:35.644967,Coil fouling,1,LOW,1.741877734186718,1.741877734186718,2024-12-14 19:24:06.404810
410,CHWP_003,CHW_Pump,2024-12-29 19:16:52.417550,Motor overheating,3,HIGH,3.781674590997767,3.781674590997767,2024-12-29 23:03:46.446078
411,FCU_032,FCU,2024-06-09 04:50:45.373069,Fan motor failure,2,MEDIUM,3.978018058008949,3.978018058008949,2024-06-09 08:49:26.238078
411,FCU_035,FCU,2024-12-28 20:04:32.137146,Fan motor failure,2,MEDIUM,5.196496737220227,5.196496737220227,2024-12-29 01:16:19.525400
412,HWP_002,HW_Pump,2024-08-03 23:08:15.239353,Seal leakage,2,MEDIUM,3.5480568656308784,3.5480568656308784,2024-08-04 02:41:08.244069
412,FCU_037,FCU,2025-02-13 14:04:13.777758,Valve actuator,2,MEDIUM,4.210447191910052,4.210447191910052,2025-02-13 18:16:51.387649
413,FCU_033,FCU,2024-01-14 15:20:25.543405,Fan motor failure,2,MEDIUM,4.9183593767059905,4.9183593767059905,2024-01-14 20:15:31.637161
413,FCU_044,FCU,2024-05-31 17:29:28.367297,Valve actuator,2,MEDIUM,2.3042808750409343,2.3042808750409343,2024-05-31 19:47:43.778447
413,FCU_002,FCU,2024-09-13 21:50:30.254839,Valve actuator,2,MEDIUM,4.136152193513874,4.136152193513874,2024-09-14 01:58:40.402736
413,FCU_049,FCU,2025-02-12 07:16:28.415224,Fan motor failure,2,MEDIUM,3.040979140619322,3.040979140619322,2025-02-12 10:18:55.940130
413,FCU_029,FCU,2025-05-07 04:16:10.159784,Fan motor failure,2,MEDIUM,2.0548624091527987,2.0548624091527987,2025-05-07 06:19:27.664457
414,CHWP_002,CHW_Pump,2024-02-10 15:51:51.292330,Motor overheating,3,HIGH,4.294361350517484,4.294361350517484,2024-02-10 20:09:30.993192
414,FCU_026,FCU,2024-08-21 05:03:47.861690,Fan motor failure,2,MEDIUM,4.246819534136414,4.246819534136414,2024-08-21 09:18:36.412013
415,FCU_040,FCU,2024-04-26 23:13:31.601894,Thermostat failure,1,LOW,2.2538610378722455,2.2538610378722455,2024-04-27 01:28:45.501630
415,FCU_041,FCU,2024-09-01 03:36:05.475553,Coil fouling,1,LOW,2.804599899542708,2.804599899542708,2024-09-01 06:24:22.035191
415,FCU_008,FCU,2025-01-15 21:09:49.807295,Fan motor failure,2,MEDIUM,3.972727251593998,3.972727251593998,2025-01-16 01:08:11.625401
415,FCU_005,FCU,2025-02-14 09:56:34.078029,Thermostat failure,1,LOW,2.2318978690026983,2.2318978690026983,2025-02-14 12:10:28.910357
415,FCU_036,FCU,2025-04-18 23:42:48.298572,Valve actuator,2,MEDIUM,2.394302772941263,2.394302772941263,2025-04-19 02:06:27.788555
415,FCU_011,FCU,2025-05-16 23:58:27.647382,Filter blockage,1,LOW,1.6655357648614613,1.6655357648614613,2025-05-17 01:38:23.576136
416,FCU_001,FCU,2023-12-16 02:16:17.593802,Coil fouling,1,LOW,2.819374717068383,2.819374717068383,2023-12-16 05:05:27.342783
416,FCU_008,FCU,2024-04-20 23:51:34.744475,Coil fouling,1,LOW,2.248541425696741,2.248541425696741,2024-04-21 02:06:29.493608
416,FCU_004,FCU,2024-10-26 17:09:22.502505,Filter blockage,1,LOW,1.584355331207826,1.584355331207826,2024-10-26 18:44:26.181697
416,FCU_031,FCU,2025-01-27 19:59:05.403224,Fan motor failure,2,MEDIUM,4.5627425842104365,4.5627425842104365,2025-01-28 00:32:51.276527
417,FCU_031,FCU,2024-03-30 05:58:20.170386,Thermostat failure,1,LOW,2.063639980822262,2.063639980822262,2024-03-30 08:02:09.274317
417,CHWP_001,CHW_Pump,2024-05-08 04:23:07.101892,Impeller damage,4,CRITICAL,7.841924194058293,7.841924194058293,2024-05-08 12:13:38.028991
417,FCU_041,FCU,2025-03-05 18:47:33.219462,Fan motor failure,2,MEDIUM,4.733252125985372,4.733252125985372,2025-03-05 23:31:32.927116
418,FCU_004,FCU,2024-01-12 21:28:45.719631,Fan motor failure,2,MEDIUM,4.985218247259103,4.985218247259103,2024-01-13 02:27:52.505321
418,FCU_017,FCU,2024-12-09 02:21:39.655590,Fan motor failure,2,MEDIUM,6.014654648206788,6.014654648206788,2024-12-09 08:22:32.412324
418,FCU_027,FCU,2024-12-27 09:24:01.262792,Valve actuator,2,MEDIUM,2.9071319276563306,2.9071319276563306,2024-12-27 12:18:26.937732
418,FCU_016,FCU,2025-02-08 11:49:11.154958,Valve actuator,2,MEDIUM,3.7126113182235416,3.7126113182235416,2025-02-08 15:31:56.555704
418,FCU_021,FCU,2025-04-06 14:15:56.028913,Valve actuator,2,MEDIUM,5.050177767920666,5.050177767920666,2025-04-06 19:18:56.668878
418,FCU_030,FCU,2025-04-11 03:42:34.054324,Filter blockage,1,LOW,0.9601302300543421,0.9601302300543421,2025-04-11 04:40:10.523152
419,FCU_015,FCU,2024-05-20 15:28:48.442631,Coil fouling,1,LOW,2.5413721044463897,2.5413721044463897,2024-05-20 18:01:17.382207
419,FCU_038,FCU,2025-01-16 05:03:34.263182,Thermostat failure,1,LOW,1.7774739406892217,1.7774739406892217,2025-01-16 06:50:13.169368
420,FCU_020,FCU,2023-07-04 19:44:48.780580,Fan motor failure,2,MEDIUM,4.395564041819709,4.395564041819709,2023-07-05 00:08:32.811131
420,FCU_029,FCU,2024-05-29 22:26:21.837004,Filter blockage,1,LOW,1.2043044584898572,1.2043044584898572,2024-05-29 23:38:37.333055
420,FCU_042,FCU,2024-10-02 02:49:07.870346,Coil fouling,1,LOW,2.7400701943815036,2.7400701943815036,2024-10-02 05:33:32.123046
420,FCU_008,FCU,2025-02-08 17:05:00.116528,Fan motor failure,2,MEDIUM,4.480837699357021,4.480837699357021,2025-02-08 21:33:51.132246
420,FCU_018,FCU,2025-04-30 04:25:37.432370,Filter blockage,1,LOW,1.0242301237000975,1.0242301237000975,2025-04-30 05:27:04.660815
420,FCU_040,FCU,2025-05-27 12:44:15.459868,Fan motor failure,2,MEDIUM,2.0755914840703835,2.0755914840703835,2025-05-27 14:48:47.589211
421,FCU_026,FCU,2024-05-17 10:51:42.632671,Valve actuator,2,MEDIUM,2.5471655321831115,2.5471655321831115,2024-05-17 13:24:32.428587
421,FCU_006,FCU,2024-06-25 20:32:51.278094,Coil fouling,1,LOW,2.34241557936272,2.34241557936272,2024-06-25 22:53:23.974180
421,FCU_016,FCU,2024-07-12 17:48:30.136340,Coil fouling,1,LOW,2.107153258730124,2.107153258730124,2024-07-12 19:54:55.888071
421,FCU_031,FCU,2024-12-16 03:55:16.951134,Filter blockage,1,LOW,0.8533573774964732,0.8533573774964732,2024-12-16 04:46:29.037693
422,FCU_048,FCU,2024-07-11 17:42:29.885629,Coil fouling,1,LOW,2.866959327077998,2.866959327077998,2024-07-11 20:34:30.939206
422,FCU_012,FCU,2024-08-27 04:13:28.841829,Coil fouling,1,LOW,3.0391900804990506,3.0391900804990506,2024-08-27 07:15:49.926119
422,FCU_050,FCU,2024-12-29 08:54:46.330171,Thermostat failure,1,LOW,1.4600600991471733,1.4600600991471733,2024-12-29 10:22:22.546528
422,FCU_020,FCU,2025-02-11 19:10:01.387950,Coil fouling,1,LOW,2.7527448344686793,2.7527448344686793,2025-02-11 21:55:11.269354
422,FCU_010,FCU,2025-04-06 03:02:43.237821,Coil fouling,1,LOW,1.738352708841635,1.738352708841635,2025-04-06 04:47:01.307573
422,FCU_041,FCU,2025-05-09 03:52:57.662911,Valve actuator,2,MEDIUM,3.271919617121959,3.271919617121959,2025-05-09 07:09:16.573533
423,FCU_045,FCU,2024-08-25 11:24:13.182190,Valve actuator,2,MEDIUM,2.3873408628162456,2.3873408628162456,2024-08-25 13:47:27.609296
423,FCU_039,FCU,2024-10-09 21:13:08.318785,Fan motor failure,2,MEDIUM,5.9221372844880555,5.9221372844880555,2024-10-10 03:08:28.013009
423,FCU_014,FCU,2024-10-26 12:10:46.669394,Filter blockage,1,LOW,0.8093909588919376,0.8093909588919376,2024-10-26 12:59:20.476846
423,FCU_042,FCU,2025-04-06 02:13:31.013065,Fan motor failure,2,MEDIUM,5.046867968323435,5.046867968323435,2025-04-06 07:16:19.737751
424,HP_001,HeatPump,2024-05-16 13:59:11.415933,Refrigerant leak,3,HIGH,9.525915803625416,9.525915803625416,2024-05-16 23:30:44.712826
425,FCU_011,FCU,2024-05-25 23:26:18.220988,Coil fouling,1,LOW,1.4430267149222424,1.4430267149222424,2024-05-26 00:52:53.117162
425,FCU_006,FCU,2024-10-09 22:51:52.135805,Valve actuator,2,MEDIUM,3.932147794519006,3.932147794519006,2024-10-10 02:47:47.867865
425,FCU_043,FCU,2024-11-30 09:52:55.839732,Fan motor failure,2,MEDIUM,3.7984979066272557,3.7984979066272557,2024-11-30 13:40:50.432196
426,CHWP_001,CHW_Pump,2023-10-23 17:09:15.576416,Motor overheating,3,HIGH,5.573058128566743,5.573058128566743,2023-10-23 22:43:38.585679
426,HWP_001,HW_Pump,2024-12-22 07:44:41.187856,Motor overheating,3,HIGH,6.069757213175539,6.069757213175539,2024-12-22 13:48:52.313823
427,FCU_017,FCU,2025-03-23 02:18:25.029214,Coil fouling,1,LOW,1.75048152328757,1.75048152328757,2025-03-23 04:03:26.762698
427,CHWP_002,CHW_Pump,2025-03-23 04:16:57.648113,Bearing wear,3,HIGH,6.107499996323179,6.107499996323179,2025-03-23 10:23:24.648100
428,CHWP_002,CHW_Pump,2024-09-23 19:09:58.240788,Seal leakage,2,MEDIUM,2.7611019629986226,2.7611019629986226,2024-09-23 21:55:38.207855
428,FCU_046,FCU,2024-11-06 03:01:55.775399,Valve actuator,2,MEDIUM,3.383222557299919,3.383222557299919,2024-11-06 06:24:55.376605
428,HP_001,HeatPump,2024-11-12 14:39:39.070136,Compressor degradation,4,CRITICAL,10.74703542325231,10.74703542325231,2024-11-13 01:24:28.397660
428,FCU_031,FCU,2025-02-11 03:49:27.923326,Valve actuator,2,MEDIUM,2.0933292819904943,2.0933292819904943,2025-02-11 05:55:03.908741
429,FCU_006,FCU,2024-04-19 14:22:46.673494,Fan motor failure,2,MEDIUM,3.5628959373049134,3.5628959373049134,2024-04-19 17:56:33.098868
429,FCU_042,FCU,2024-11-12 15:52:41.322011,Thermostat failure,1,LOW,1.4087780745218696,1.4087780745218696,2024-11-12 17:17:12.923079
429,HP_002,HeatPump,2024-12-24 11:46:07.778129,Control valve failure,3,HIGH,1.6645387206141735,1.6645387206141735,2024-12-24 13:26:00.117523
430,FCU_001,FCU,2023-09-27 05:41:56.634096,Coil fouling,1,LOW,2.1684238717834696,2.1684238717834696,2023-09-27 07:52:02.960034
430,FCU_011,FCU,2024-09-21 17:35:38.485313,Fan motor failure,2,MEDIUM,4.925397258601724,4.925397258601724,2024-09-21 22:31:09.915444
430,CHWP_003,CHW_Pump,2024-11-26 00:23:50.637688,Seal leakage,2,MEDIUM,5.954147685826342,5.954147685826342,2024-11-26 06:21:05.569357
430,FCU_022,FCU,2025-04-02 23:40:45.179053,Thermostat failure,1,LOW,1.6221637965426035,1.6221637965426035,2025-04-03 01:18:04.968721
430,FCU_014,FCU,2025-05-20 18:45:39.984589,Thermostat failure,1,LOW,2.537440681126418,2.537440681126418,2025-05-20 21:17:54.771041
431,FCU_039,FCU,2023-10-20 05:31:29.537052,Filter blockage,1,LOW,0.7716083141304352,0.7716083141304352,2023-10-20 06:17:47.326983
431,FCU_001,FCU,2024-08-09 11:41:00.027544,Fan motor failure,2,MEDIUM,3.9779036516437993,3.9779036516437993,2024-08-09 15:39:40.480690
431,CT_001,CoolingTower,2025-01-31 02:11:44.065883,Control system fault,3,HIGH,1.5595598566081028,1.5595598566081028,2025-01-31 03:45:18.481367
431,HP_002,HeatPump,2025-03-22 14:44:31.081071,Compressor degradation,4,CRITICAL,17.93322841613768,17.93322841613768,2025-03-23 08:40:30.703369
432,FCU_036,FCU,2024-06-30 18:38:16.355345,Fan motor failure,2,MEDIUM,8.438985398144604,8.438985398144604,2024-07-01 03:04:36.702778
432,FCU_016,FCU,2024-11-02 04:44:44.925014,Filter blockage,1,LOW,0.6718234893661175,0.6718234893661175,2024-11-02 05:25:03.489576
432,HP_002,HeatPump,2024-11-12 20:45:58.008823,Compressor degradation,4,CRITICAL,8.081530651374479,8.081530651374479,2024-11-13 04:50:51.519168
432,FCU_024,FCU,2025-01-12 01:09:07.626474,Coil fouling,1,LOW,1.7130550939058113,1.7130550939058113,2025-01-12 02:51:54.624812
432,FCU_031,FCU,2025-04-03 08:43:44.702241,Fan motor failure,2,MEDIUM,3.329202765661868,3.329202765661868,2025-04-03 12:03:29.832197
433,FCU_026,FCU,2025-01-17 20:38:39.379955,Fan motor failure,2,MEDIUM,3.1439988775676637,3.1439988775676637,2025-01-17 23:47:17.775914
433,FCU_041,FCU,2025-02-15 16:11:51.649313,Filter blockage,1,LOW,1.1390099582885502,1.1390099582885502,2025-02-15 17:20:12.085163
434,FCU_010,FCU,2024-02-02 13:40:34.201233,Valve actuator,2,MEDIUM,3.9774562374315385,3.9774562374315385,2024-02-02 17:39:13.043688
434,FCU_023,FCU,2024-03-02 00:03:20.275917,Filter blockage,1,LOW,1.421273353076794,1.421273353076794,2024-03-02 01:28:36.859988
434,FCU_003,FCU,2025-04-03 01:51:46.180704,Thermostat failure,1,LOW,1.6235496759520271,1.6235496759520271,2025-04-03 03:29:10.959537
434,FCU_041,FCU,2025-04-11 13:42:35.054222,Coil fouling,1,LOW,2.4660522093578727,2.4660522093578727,2025-04-11 16:10:32.842176
435,HP_002,HeatPump,2024-09-17 01:58:36.403213,Sensor malfunction,1,LOW,1.8292107416284216,1.8292107416284216,2024-09-17 03:48:21.561883
435,FCU_036,FCU,2025-03-16 14:05:21.658570,Fan motor failure,2,MEDIUM,4.311549301178511,4.311549301178511,2025-03-16 18:24:03.236054
435,FCU_037,FCU,2025-04-29 03:59:00.476841,Valve actuator,2,MEDIUM,3.9095186298078537,3.9095186298078537,2025-04-29 07:53:34.743908
436,FCU_003,FCU,2025-03-29 08:11:19.951332,Valve actuator,2,MEDIUM,2.0954863781301656,2.0954863781301656,2025-03-29 10:17:03.702293
437,FCU_049,FCU,2023-08-05 17:33:38.221078,Coil fouling,1,LOW,1.6795972325120905,1.6795972325120905,2023-08-05 19:14:24.771115
437,FCU_012,FCU,2024-03-03 13:06:46.890284,Thermostat failure,1,LOW,2.586275320161799,2.586275320161799,2024-03-03 15:41:57.481437
437,FCU_036,FCU,2024-07-01 15:13:41.706552,Valve actuator,2,MEDIUM,1.7495663318127246,1.7495663318127246,2024-07-01 16:58:40.145347
437,FCU_022,FCU,2025-02-02 12:36:35.779345,Filter blockage,1,LOW,0.8518054350901755,0.8518054350901755,2025-02-02 13:27:42.278911
437,FCU_043,FCU,2025-03-18 13:24:55.026774,Filter blockage,1,LOW,1.436463294861185,1.436463294861185,2025-03-18 14:51:06.294636
438,FCU_021,FCU,2024-12-24 04:35:59.204238,Coil fouling,1,LOW,1.9215763935439059,1.9215763935439059,2024-12-24 06:31:16.879255
438,FCU_027,FCU,2025-04-14 01:07:08.479924,Thermostat failure,1,LOW,1.9988665415216058,1.9988665415216058,2025-04-14 03:07:04.399473
439,HP_002,HeatPump,2023-09-17 11:53:59.925059,Heat exchanger fouling,2,MEDIUM,3.403398768542771,3.403398768542771,2023-09-17 15:18:12.160626
439,CT_001,CoolingTower,2024-02-19 06:15:47.376834,Water distribution system,3,HIGH,6.789198157805945,6.789198157805945,2024-02-19 13:03:08.490202
439,FCU_032,FCU,2024-07-29 19:06:12.448684,Fan motor failure,2,MEDIUM,3.0722549221243325,3.0722549221243325,2024-07-29 22:10:32.566404
439,FCU_006,FCU,2024-09-29 03:46:00.571943,Thermostat failure,1,LOW,1.4476362910161051,1.4476362910161051,2024-09-29 05:12:52.062591
439,FCU_026,FCU,2024-12-26 08:51:45.910492,Thermostat failure,1,LOW,1.264082845120021,1.264082845120021,2024-12-26 10:07:36.608734
439,FCU_030,FCU,2024-12-31 16:30:22.897332,Valve actuator,2,MEDIUM,3.870564567454746,3.870564567454746,2024-12-31 20:22:36.929775
439,FCU_046,FCU,2025-05-21 03:56:07.986541,Filter blockage,1,LOW,1.3205004999916874,1.3205004999916874,2025-05-21 05:15:21.788341
440,FCU_009,FCU,2024-03-06 05:37:13.100867,Fan motor failure,2,MEDIUM,3.57628391587837,3.57628391587837,2024-03-06 09:11:47.722964
440,FCU_036,FCU,2024-08-05 16:53:42.633728,Filter blockage,1,LOW,0.9897450444948798,0.9897450444948798,2024-08-05 17:53:05.715888
440,FCU_026,FCU,2025-01-09 19:28:43.330664,Filter blockage,1,LOW,0.713748776287331,0.713748776287331,2025-01-09 20:11:32.826259
440,FCU_033,FCU,2025-01-16 21:32:56.685515,Fan motor failure,2,MEDIUM,2.8360962522926947,2.8360962522926947,2025-01-17 00:23:06.632023
440,FCU_019,FCU,2025-01-20 06:07:22.481009,Coil fouling,1,LOW,2.0826944874703295,2.0826944874703295,2025-01-20 08:12:20.181164
440,FCU_028,FCU,2025-01-20 06:45:33.085700,Filter blockage,1,LOW,0.8272178742716231,0.8272178742716231,2025-01-20 07:35:11.070047
441,FCU_040,FCU,2024-12-29 06:22:28.776190,Coil fouling,1,LOW,2.9170682251866356,2.9170682251866356,2024-12-29 09:17:30.221801
441,HP_001,HeatPump,2025-01-16 22:55:30.525459,Refrigerant leak,3,HIGH,8.485084539068932,8.485084539068932,2025-01-17 07:24:36.829800
441,CT_001,CoolingTower,2025-04-20 01:34:12.532282,Fan motor failure,4,CRITICAL,14.34261143352701,14.34261143352701,2025-04-20 15:54:45.933443
442,FCU_004,FCU,2024-08-17 15:22:13.018893,Valve actuator,2,MEDIUM,2.687432625195594,2.687432625195594,2024-08-17 18:03:27.776344
442,FCU_018,FCU,2024-11-21 01:30:14.000069,Thermostat failure,1,LOW,1.7225237215048599,1.7225237215048599,2024-11-21 03:13:35.085466
442,FCU_026,FCU,2025-02-04 16:42:29.642197,Filter blockage,1,LOW,0.9045384038588703,0.9045384038588703,2025-02-04 17:36:45.980451
442,FCU_036,FCU,2025-04-19 02:21:33.109713,Valve actuator,2,MEDIUM,2.00929655303138,2.00929655303138,2025-04-19 04:22:06.577304
442,FCU_041,FCU,2025-05-03 01:24:08.385069,Valve actuator,2,MEDIUM,2.936437346008875,2.936437346008875,2025-05-03 04:20:19.559515
443,FCU_042,FCU,2023-05-27 20:41:12.421143,Filter blockage,1,LOW,1.3910266419523862,1.3910266419523862,2023-05-27 22:04:40.117054
443,FCU_024,FCU,2024-05-17 20:24:32.113257,Fan motor failure,2,MEDIUM,3.2731619379905275,3.2731619379905275,2024-05-17 23:40:55.496234
443,FCU_049,FCU,2024-05-27 17:20:54.902655,Thermostat failure,1,LOW,2.2567680577487845,2.2567680577487845,2024-05-27 19:36:19.267663
443,FCU_026,FCU,2024-09-12 09:56:01.500956,Coil fouling,1,LOW,2.1902686358699763,2.1902686358699763,2024-09-12 12:07:26.468045
443,FCU_031,FCU,2024-09-29 15:03:45.004572,Fan motor failure,2,MEDIUM,3.074149484661888,3.074149484661888,2024-09-29 18:08:11.942717
443,FCU_050,FCU,2025-01-15 20:49:03.902342,Filter blockage,1,LOW,0.8120873361501383,0.8120873361501383,2025-01-15 21:37:47.416752
444,FCU_025,FCU,2023-11-16 21:08:17.609969,Fan motor failure,2,MEDIUM,3.1384139564856897,3.1384139564856897,2023-11-17 00:16:35.900212
444,FCU_048,FCU,2024-10-16 07:16:32.502409,Fan motor failure,2,MEDIUM,3.903101269901923,3.903101269901923,2024-10-16 11:10:43.666981
444,FCU_042,FCU,2025-03-29 09:34:11.105608,Fan motor failure,2,MEDIUM,4.9650387956813224,4.9650387956813224,2025-03-29 14:32:05.245272
444,FCU_006,FCU,2025-04-18 16:09:47.149737,Coil fouling,1,LOW,2.9037223062256525,2.9037223062256525,2025-04-18 19:04:00.550039
445,HP_002,HeatPump,2023-09-13 13:41:33.895869,Heat exchanger fouling,2,MEDIUM,5.367034275584572,5.367034275584572,2023-09-13 19:03:35.219261
445,CHWP_002,CHW_Pump,2025-03-01 14:59:09.400789,Bearing wear,3,HIGH,10.634759353161883,10.634759353161883,2025-03-02 01:37:14.534460
445,FCU_049,FCU,2025-04-21 13:55:43.271190,Fan motor failure,2,MEDIUM,3.935811698973095,3.935811698973095,2025-04-21 17:51:52.193306
446,HP_002,HeatPump,2024-06-24 02:54:37.413012,Heat exchanger fouling,2,MEDIUM,4.465152800681101,4.465152800681101,2024-06-24 07:22:31.963094
446,FCU_007,FCU,2024-10-02 17:19:19.857675,Thermostat failure,1,LOW,2.289780825386267,2.289780825386267,2024-10-02 19:36:43.068646
446,FCU_044,FCU,2025-02-07 06:29:37.307895,Coil fouling,1,LOW,1.888395851400658,1.888395851400658,2025-02-07 08:22:55.532960
446,HWP_002,HW_Pump,2025-04-12 10:05:56.697863,Bearing wear,3,HIGH,7.579496517471633,7.579496517471633,2025-04-12 17:40:42.885326
447,FCU_021,FCU,2024-05-13 04:34:52.002290,Fan motor failure,2,MEDIUM,3.8537590989639905,3.8537590989639905,2024-05-13 08:26:05.535046
447,CHWP_001,CHW_Pump,2024-06-06 19:49:39.046618,Seal leakage,2,MEDIUM,4.270946388901933,4.270946388901933,2024-06-07 00:05:54.453618
447,FCU_018,FCU,2024-09-14 20:05:49.316299,Coil fouling,1,LOW,3.6314455066374522,3.6314455066374522,2024-09-14 23:43:42.520123
447,FCU_041,FCU,2025-04-05 18:39:56.392855,Fan motor failure,2,MEDIUM,2.8722627089572366,2.8722627089572366,2025-04-05 21:32:16.538607
448,FCU_015,FCU,2024-03-14 20:24:13.574388,Coil fouling,1,LOW,1.9265468158255807,1.9265468158255807,2024-03-14 22:19:49.142925
448,FCU_030,FCU,2024-04-16 02:19:29.859844,Coil fouling,1,LOW,2.7836959150783303,2.7836959150783303,2024-04-16 05:06:31.165138
448,FCU_007,FCU,2025-01-22 01:20:04.491630,Fan motor failure,2,MEDIUM,2.9812692423148475,2.9812692423148475,2025-01-22 04:18:57.060902
449,FCU_045,FCU,2024-07-13 01:19:07.558646,Coil fouling,1,LOW,1.9908664048670095,1.9908664048670095,2024-07-13 03:18:34.677704
449,FCU_022,FCU,2024-11-16 11:12:40.978586,Thermostat failure,1,LOW,1.991767204390614,1.991767204390614,2024-11-16 13:12:11.340522
449,HWP_001,HW_Pump,2025-04-28 20:42:50.307276,Bearing wear,3,HIGH,7.99319207273686,7.99319207273686,2025-04-29 04:42:25.798738
450,FCU_004,FCU,2024-02-14 12:14:08.791659,Coil fouling,1,LOW,1.841098616309438,1.841098616309438,2024-02-14 14:04:36.746678
450,FCU_001,FCU,2024-02-24 01:44:01.202771,Valve actuator,2,MEDIUM,2.2087395600333535,2.2087395600333535,2024-02-24 03:56:32.665187
450,HP_002,HeatPump,2024-07-25 18:04:24.678326,Refrigerant leak,3,HIGH,5.491147952869877,5.491147952869877,2024-07-25 23:33:52.810956
450,HWP_002,HW_Pump,2025-03-01 20:26:06.886725,Impeller damage,4,CRITICAL,7.888878506233656,7.888878506233656,2025-03-02 04:19:26.849347
450,FCU_025,FCU,2025-03-07 10:28:58.732311,Thermostat failure,1,LOW,1.556529038547866,1.556529038547866,2025-03-07 12:02:22.236850
450,FCU_043,FCU,2025-04-24 22:13:45.059082,Fan motor failure,2,MEDIUM,3.3350892680731166,3.3350892680731166,2025-04-25 01:33:51.380447
451,FCU_028,FCU,2023-11-22 05:54:06.579642,Valve actuator,2,MEDIUM,2.098894592771894,2.098894592771894,2023-11-22 08:00:02.600176
451,FCU_033,FCU,2024-06-05 06:36:57.237551,Thermostat failure,1,LOW,2.210267228129284,2.210267228129284,2024-06-05 08:49:34.199572
451,FCU_041,FCU,2024-08-18 05:35:29.805657,Thermostat failure,1,LOW,2.013089526198501,2.013089526198501,2024-08-18 07:36:16.927951
451,FCU_050,FCU,2025-01-14 11:24:39.429112,Valve actuator,2,MEDIUM,2.1089062514790013,2.1089062514790013,2025-01-14 13:31:11.491617
451,FCU_019,FCU,2025-05-17 11:21:32.277416,Fan motor failure,2,MEDIUM,3.8224754038382707,3.8224754038382707,2025-05-17 15:10:53.188870
452,FCU_001,FCU,2025-05-13 19:17:49.992351,Fan motor failure,2,MEDIUM,2.1880318063183135,2.1880318063183135,2025-05-13 21:29:06.906854
453,HWP_002,HW_Pump,2024-02-04 14:04:23.079011,VFD malfunction,2,MEDIUM,2.501374230461419,2.501374230461419,2024-02-04 16:34:28.026241
453,FCU_030,FCU,2024-07-03 08:11:29.158669,Fan motor failure,2,MEDIUM,4.844859432368678,4.844859432368678,2024-07-03 13:02:10.652626
453,FCU_001,FCU,2024-09-06 07:44:30.611560,Coil fouling,1,LOW,1.3977279320158977,1.3977279320158977,2024-09-06 09:08:22.432115
453,FCU_004,FCU,2024-10-13 05:11:56.641341,Valve actuator,2,MEDIUM,2.808327493813228,2.808327493813228,2024-10-13 08:00:26.620319
453,FCU_009,FCU,2025-05-03 01:01:36.155692,Fan motor failure,2,MEDIUM,3.0849415912181763,3.0849415912181763,2025-05-03 04:06:41.945420
453,FCU_012,FCU,2025-05-09 07:10:55.675283,Fan motor failure,2,MEDIUM,3.4397773564157195,3.4397773564157195,2025-05-09 10:37:18.873766
454,HP_002,HeatPump,2024-07-24 04:41:05.945284,Refrigerant leak,3,HIGH,7.016132103547742,7.016132103547742,2024-07-24 11:42:04.020857
454,FCU_040,FCU,2024-12-28 05:05:56.511369,Coil fouling,1,LOW,2.2944009877827973,2.2944009877827973,2024-12-28 07:23:36.354925
454,FCU_020,FCU,2025-03-02 00:17:17.113034,Valve actuator,2,MEDIUM,3.8826674546952793,3.8826674546952793,2025-03-02 04:10:14.715871
454,FCU_014,FCU,2025-03-21 18:24:02.946634,Valve actuator,2,MEDIUM,2.1847193551808957,2.1847193551808957,2025-03-21 20:35:07.936313
454,FCU_034,FCU,2025-04-10 21:54:37.858846,Valve actuator,2,MEDIUM,5.25852609001968,5.25852609001968,2025-04-11 03:10:08.552770
454,FCU_044,FCU,2025-04-24 02:14:20.096921,Valve actuator,2,MEDIUM,3.0048382152444724,3.0048382152444724,2025-04-24 05:14:37.514496
454,FCU_029,FCU,2025-05-15 01:08:47.172520,Fan motor failure,2,MEDIUM,3.392247912756457,3.392247912756457,2025-05-15 04:32:19.265006
455,HP_001,HeatPump,2024-02-07 00:45:04.308890,Heat exchanger fouling,2,MEDIUM,2.971548434655096,2.971548434655096,2024-02-07 03:43:21.883255
455,FCU_032,FCU,2024-06-22 21:20:59.007320,Filter blockage,1,LOW,1.4347840201490922,1.4347840201490922,2024-06-22 22:47:04.229793
455,HWP_002,HW_Pump,2025-04-21 12:16:11.353172,Bearing wear,3,HIGH,7.630016172374466,7.630016172374466,2025-04-21 19:53:59.411393
455,FCU_029,FCU,2025-05-16 13:58:29.906042,Valve actuator,2,MEDIUM,3.4248231492439385,3.4248231492439385,2025-05-16 17:23:59.269379
456,FCU_050,FCU,2024-02-15 02:44:14.182694,Coil fouling,1,LOW,1.7942128844159768,1.7942128844159768,2024-02-15 04:31:53.349078
456,HP_002,HeatPump,2024-09-09 04:52:38.628215,Control valve failure,3,HIGH,3.1199097323971565,3.1199097323971565,2024-09-09 07:59:50.303252
456,FCU_020,FCU,2024-12-06 20:10:33.277473,Coil fouling,1,LOW,1.8181088045205331,1.8181088045205331,2024-12-06 21:59:38.469169
456,FCU_042,FCU,2024-12-29 14:33:59.197581,Filter blockage,1,LOW,1.143394796738935,1.143394796738935,2024-12-29 15:42:35.418849
456,FCU_011,FCU,2025-01-18 20:07:28.848198,Fan motor failure,2,MEDIUM,4.12452918493398,4.12452918493398,2025-01-19 00:14:57.153264
456,FCU_022,FCU,2025-02-17 14:48:59.439385,Filter blockage,1,LOW,0.9867797977562828,0.9867797977562828,2025-02-17 15:48:11.846657
457,FCU_026,FCU,2024-01-11 05:28:37.403800,Coil fouling,1,LOW,2.7625887539788536,2.7625887539788536,2024-01-11 08:14:22.723314
457,FCU_004,FCU,2024-07-18 15:22:01.187475,Valve actuator,2,MEDIUM,4.193290242939986,4.193290242939986,2024-07-18 19:33:37.032350
457,FCU_022,FCU,2024-12-02 04:37:37.561051,Filter blockage,1,LOW,1.3584412563832027,1.3584412563832027,2024-12-02 05:59:07.949574
457,FCU_020,FCU,2024-12-19 20:20:27.959372,Coil fouling,1,LOW,1.3079013282018765,1.3079013282018765,2024-12-19 21:38:56.404154
457,HWP_001,HW_Pump,2024-12-24 20:51:41.814889,Seal leakage,2,MEDIUM,4.108150761512191,4.108150761512191,2024-12-25 00:58:11.157630
457,HP_002,HeatPump,2025-01-23 10:51:48.455959,Control valve failure,3,HIGH,2.7192696935300025,2.7192696935300025,2025-01-23 13:34:57.826856
457,FCU_018,FCU,2025-02-12 09:12:18.362407,Coil fouling,1,LOW,2.335706133149286,2.335706133149286,2025-02-12 11:32:26.904486
457,FCU_035,FCU,2025-02-24 00:21:44.696644,Coil fouling,1,LOW,3.1797175584911854,3.1797175584911854,2025-02-24 03:32:31.679855
458,HP_002,HeatPump,2024-10-13 15:10:01.270035,Refrigerant leak,3,HIGH,6.040169835964642,6.040169835964642,2024-10-13 21:12:25.881444
458,FCU_019,FCU,2025-02-14 18:11:30.331834,Filter blockage,1,LOW,1.1279486997401267,1.1279486997401267,2025-02-14 19:19:10.947153
459,FCU_023,FCU,2023-12-28 19:49:51.489058,Valve actuator,2,MEDIUM,4.07959638486356,4.07959638486356,2023-12-28 23:54:38.036044
459,FCU_026,FCU,2024-10-08 17:38:36.202546,Fan motor failure,2,MEDIUM,4.303094148578352,4.303094148578352,2024-10-08 21:56:47.341481
459,FCU_037,FCU,2024-11-06 13:36:39.368368,Valve actuator,2,MEDIUM,3.6663320902682597,3.6663320902682597,2024-11-06 17:16:38.163893
459,HP_002,HeatPump,2024-11-07 02:32:35.108582,Refrigerant leak,3,HIGH,4.763134891740954,4.763134891740954,2024-11-07 07:18:22.394192
459,FCU_036,FCU,2024-12-18 00:26:40.163594,Filter blockage,1,LOW,1.3557148153448306,1.3557148153448306,2024-12-18 01:48:00.736929
459,FCU_019,FCU,2025-04-21 07:55:47.774987,Coil fouling,1,LOW,1.702337559708199,1.702337559708199,2025-04-21 09:37:56.190202
460,FCU_028,FCU,2023-06-30 00:59:43.032599,Fan motor failure,2,MEDIUM,4.931406954278809,4.931406954278809,2023-06-30 05:55:36.097634
460,FCU_046,FCU,2024-12-13 08:24:07.590300,Fan motor failure,2,MEDIUM,4.634421742166755,4.634421742166755,2024-12-13 13:02:11.508572
460,HP_002,HeatPump,2025-01-28 05:21:03.471258,Heat exchanger fouling,2,MEDIUM,2.641866369497979,2.641866369497979,2025-01-28 07:59:34.190188
460,FCU_041,FCU,2025-02-05 02:26:30.841713,Thermostat failure,1,LOW,1.4218810565471875,1.4218810565471875,2025-02-05 03:51:49.613517
460,FCU_034,FCU,2025-05-13 12:12:18.861709,Fan motor failure,2,MEDIUM,3.502652540226016,3.502652540226016,2025-05-13 15:42:28.410854
460,FCU_013,FCU,2025-05-28 13:07:48.361269,Fan motor failure,2,MEDIUM,2.343542127762239,2.343542127762239,2025-05-28 15:28:25.112929
461,FCU_007,FCU,2024-01-29 19:15:54.945957,Fan motor failure,2,MEDIUM,5.328424380153669,5.328424380153669,2024-01-30 00:35:37.273726
461,FCU_017,FCU,2024-04-02 07:56:41.670321,Fan motor failure,2,MEDIUM,3.305100492285248,3.305100492285248,2024-04-02 11:15:00.032093
461,FCU_036,FCU,2024-10-23 09:19:49.697273,Coil fouling,1,LOW,2.7775631101981046,2.7775631101981046,2024-10-23 12:06:28.924470
461,FCU_011,FCU,2024-12-01 05:28:47.710161,Filter blockage,1,LOW,0.9094403558275916,0.9094403558275916,2024-12-01 06:23:21.695442
462,FCU_017,FCU,2024-03-21 17:46:41.529074,Valve actuator,2,MEDIUM,3.949757420616036,3.949757420616036,2024-03-21 21:43:40.655788
462,FCU_040,FCU,2025-03-08 20:06:32.419941,Valve actuator,2,MEDIUM,1.789950130474228,1.789950130474228,2025-03-08 21:53:56.240411
463,FCU_020,FCU,2024-05-29 13:46:00.732751,Coil fouling,1,LOW,1.655289933633723,1.655289933633723,2024-05-29 15:25:19.776512
463,FCU_046,FCU,2025-01-04 19:51:24.417214,Coil fouling,1,LOW,2.2024904382691393,2.2024904382691393,2025-01-04 22:03:33.382792
463,FCU_028,FCU,2025-02-22 20:26:36.806470,Thermostat failure,1,LOW,1.7837373500919953,1.7837373500919953,2025-02-22 22:13:38.260930
463,FCU_017,FCU,2025-03-03 17:45:52.882271,Filter blockage,1,LOW,1.0278581483579086,1.0278581483579086,2025-03-03 18:47:33.171605
463,FCU_019,FCU,2025-04-21 10:09:05.256546,Filter blockage,1,LOW,1.3177150046473383,1.3177150046473383,2025-04-21 11:28:09.030563
464,FCU_030,FCU,2024-01-10 18:27:17.767177,Valve actuator,2,MEDIUM,3.053159081073394,3.053159081073394,2024-01-10 21:30:29.139869
464,FCU_019,FCU,2024-07-29 14:06:26.044618,Thermostat failure,1,LOW,2.060171715038396,2.060171715038396,2024-07-29 16:10:02.662792
464,FCU_011,FCU,2024-10-02 06:44:51.830951,Valve actuator,2,MEDIUM,4.056447616918036,4.056447616918036,2024-10-02 10:48:15.042372
464,FCU_015,FCU,2025-01-02 04:54:54.524505,Valve actuator,2,MEDIUM,2.012761457242506,2.012761457242506,2025-01-02 06:55:40.465751
464,FCU_038,FCU,2025-04-23 05:49:13.099108,Coil fouling,1,LOW,3.2892102041641365,3.2892102041641365,2025-04-23 09:06:34.255843
464,FCU_044,FCU,2025-05-11 08:38:18.275875,Thermostat failure,1,LOW,1.4748099941005104,1.4748099941005104,2025-05-11 10:06:47.591854
465,FCU_018,FCU,2024-11-18 08:46:32.061701,Coil fouling,1,LOW,2.130541842691605,2.130541842691605,2024-11-18 10:54:22.012335
465,FCU_045,FCU,2024-12-21 21:33:09.275049,Coil fouling,1,LOW,2.1597341722497214,2.1597341722497214,2024-12-21 23:42:44.318069
465,FCU_022,FCU,2025-03-12 00:50:07.533072,Coil fouling,1,LOW,1.868165276969214,1.868165276969214,2025-03-12 02:42:12.928069
465,FCU_007,FCU,2025-05-09 16:17:03.705107,Thermostat failure,1,LOW,2.580485872554841,2.580485872554841,2025-05-09 18:51:53.454248
465,FCU_046,FCU,2025-05-17 17:31:55.343643,Valve actuator,2,MEDIUM,3.5520861778584245,3.5520861778584245,2025-05-17 21:05:02.853883
466,FCU_016,FCU,2024-09-27 08:47:50.163406,Filter blockage,1,LOW,1.0819412658496046,1.0819412658496046,2024-09-27 09:52:45.151963
466,CHWP_003,CHW_Pump,2025-02-16 09:42:27.957626,Impeller damage,4,CRITICAL,10.629068206824956,10.629068206824956,2025-02-16 20:20:12.603171
466,FCU_035,FCU,2025-05-07 03:40:45.913758,Coil fouling,1,LOW,2.1673907855679975,2.1673907855679975,2025-05-07 05:50:48.520586
467,FCU_004,FCU,2024-06-06 10:02:43.460539,Valve actuator,2,MEDIUM,2.8608299444820187,2.8608299444820187,2024-06-06 12:54:22.448339
467,CT_001,CoolingTower,2024-10-31 18:32:03.350735,Fill media degradation,2,MEDIUM,7.22720896458036,7.22720896458036,2024-11-01 01:45:41.303007
467,FCU_034,FCU,2025-04-20 10:37:49.516145,Valve actuator,2,MEDIUM,3.4634850486398467,3.4634850486398467,2025-04-20 14:05:38.062320
468,FCU_027,FCU,2024-12-07 19:35:09.335105,Fan motor failure,2,MEDIUM,3.370259513157183,3.370259513157183,2024-12-07 22:57:22.269352
469,CT_001,CoolingTower,2023-12-23 07:21:50.333453,Water distribution system,3,HIGH,4.009044723173759,4.009044723173759,2023-12-23 11:22:22.894456
470,CHWP_002,CHW_Pump,2024-06-03 02:25:40.155699,Seal leakage,2,MEDIUM,2.5387632823986572,2.5387632823986572,2024-06-03 04:57:59.703516
470,HP_001,HeatPump,2025-03-29 01:19:14.512352,Refrigerant leak,3,HIGH,3.801601774220611,3.801601774220611,2025-03-29 05:07:20.278739
470,FCU_024,FCU,2025-05-05 03:21:11.301219,Filter blockage,1,LOW,0.9662546645261031,0.9662546645261031,2025-05-05 04:19:09.818011
471,FCU_014,FCU,2023-10-08 02:12:13.254358,Filter blockage,1,LOW,1.0059230649289452,1.0059230649289452,2023-10-08 03:12:34.577392
471,FCU_001,FCU,2024-10-28 04:56:56.435725,Thermostat failure,1,LOW,2.5716153519018263,2.5716153519018263,2024-10-28 07:31:14.250992
472,FCU_014,FCU,2023-11-21 14:35:55.881989,Fan motor failure,2,MEDIUM,4.805526579697881,4.805526579697881,2023-11-21 19:24:15.777676
472,FCU_009,FCU,2024-05-26 23:12:42.365702,Thermostat failure,1,LOW,1.9401264328876031,1.9401264328876031,2024-05-27 01:09:06.820860
472,CT_001,CoolingTower,2025-02-12 09:25:21.702612,Fan motor failure,4,CRITICAL,13.550033489058292,13.550033489058292,2025-02-12 22:58:21.823173
473,FCU_043,FCU,2024-08-02 20:16:18.358331,Fan motor failure,2,MEDIUM,4.17092766903176,4.17092766903176,2024-08-03 00:26:33.697940
473,FCU_026,FCU,2024-09-10 08:34:53.082073,Fan motor failure,2,MEDIUM,3.5753473227642023,3.5753473227642023,2024-09-10 12:09:24.332435
473,FCU_046,FCU,2025-02-25 22:20:26.247029,Filter blockage,1,LOW,0.8691326090200883,0.8691326090200883,2025-02-25 23:12:35.124421
474,FCU_037,FCU,2024-08-13 18:33:32.060946,Coil fouling,1,LOW,2.054483291534613,2.054483291534613,2024-08-13 20:36:48.200796
474,FCU_018,FCU,2024-11-29 00:01:47.675974,Fan motor failure,2,MEDIUM,4.445822665221966,4.445822665221966,2024-11-29 04:28:32.637569
474,FCU_033,FCU,2024-12-01 18:35:50.915094,Fan motor failure,2,MEDIUM,4.1596139635885825,4.1596139635885825,2024-12-01 22:45:25.525363
475,HWP_002,HW_Pump,2024-12-02 19:46:21.873492,Seal leakage,2,MEDIUM,4.925619159556332,4.925619159556332,2024-12-03 00:41:54.102466
475,FCU_023,FCU,2025-01-28 07:58:00.851405,Fan motor failure,2,MEDIUM,3.850675572639943,3.850675572639943,2025-01-28 11:49:03.283467
476,HP_002,HeatPump,2024-04-16 21:47:49.481630,Control valve failure,3,HIGH,3.3862505972880395,3.3862505972880395,2024-04-17 01:10:59.983780
476,FCU_046,FCU,2024-05-20 02:50:29.081262,Filter blockage,1,LOW,1.1142563389124291,1.1142563389124291,2024-05-20 03:57:20.404082
476,CHWP_001,CHW_Pump,2024-12-21 17:37:44.066312,Motor overheating,3,HIGH,6.966872502785808,6.966872502785808,2024-12-22 00:35:44.807322
476,FCU_037,FCU,2025-04-30 20:59:08.959576,Fan motor failure,2,MEDIUM,3.7402337496047466,3.7402337496047466,2025-05-01 00:43:33.801075
477,FCU_005,FCU,2024-05-17 11:51:50.045808,Thermostat failure,1,LOW,1.9607609277450009,1.9607609277450009,2024-05-17 13:49:28.785148
477,FCU_039,FCU,2024-06-26 01:34:18.985048,Valve actuator,2,MEDIUM,2.5542630228129517,2.5542630228129517,2024-06-26 04:07:34.331930
477,FCU_011,FCU,2024-11-17 06:13:40.557109,Coil fouling,1,LOW,2.7450038725841055,2.7450038725841055,2024-11-17 08:58:22.571050
477,FCU_044,FCU,2024-11-29 10:36:39.945594,Filter blockage,1,LOW,1.0826579832586556,1.0826579832586556,2024-11-29 11:41:37.514334
477,FCU_043,FCU,2025-04-26 15:43:26.412041,Coil fouling,1,LOW,2.2036263562954983,2.2036263562954983,2025-04-26 17:55:39.466924
478,CHWP_001,CHW_Pump,2023-05-12 15:56:12.375185,Seal leakage,2,MEDIUM,6.918804822782218,6.918804822782218,2023-05-12 22:51:20.072547
478,FCU_037,FCU,2025-02-11 11:16:19.225445,Fan motor failure,2,MEDIUM,4.609319136073688,4.609319136073688,2025-02-11 15:52:52.774335
478,FCU_021,FCU,2025-05-22 09:29:49.036572,Filter blockage,1,LOW,0.586541484688871,0.586541484688871,2025-05-22 10:05:00.585917
479,HP_002,HeatPump,2023-10-22 00:49:26.037897,Refrigerant leak,3,HIGH,3.426570928737105,3.426570928737105,2023-10-22 04:15:01.693240
479,FCU_021,FCU,2025-03-01 18:31:05.521691,Fan motor failure,2,MEDIUM,3.6545085166696727,3.6545085166696727,2025-03-01 22:10:21.752351
480,HWP_001,HW_Pump,2025-05-05 00:43:06.047897,Bearing wear,3,HIGH,7.678103502193186,7.678103502193186,2025-05-05 08:23:47.220505
481,FCU_026,FCU,2024-03-21 07:04:16.598577,Filter blockage,1,LOW,0.967911979026772,0.967911979026772,2024-03-21 08:02:21.081701
481,FCU_006,FCU,2024-03-30 20:33:45.791059,Filter blockage,1,LOW,1.0616043449135544,1.0616043449135544,2024-03-30 21:37:27.566701
481,FCU_022,FCU,2025-01-10 23:03:00.020335,Coil fouling,1,LOW,2.993768890796775,2.993768890796775,2025-01-11 02:02:37.588342
481,HP_002,HeatPump,2025-04-04 01:21:45.199815,Sensor malfunction,1,LOW,3.2391991618203235,3.2391991618203235,2025-04-04 04:36:06.316798
481,FCU_050,FCU,2025-05-04 13:25:28.230790,Filter blockage,1,LOW,1.0091740822030515,1.0091740822030515,2025-05-04 14:26:01.257486
481,HWP_002,HW_Pump,2025-05-21 10:56:31.109608,Impeller damage,4,CRITICAL,10.720936346352175,10.720936346352175,2025-05-21 21:39:46.480455
482,HP_001,HeatPump,2023-07-21 09:08:18.932938,Heat exchanger fouling,2,MEDIUM,4.759364975269482,4.759364975269482,2023-07-21 13:53:52.646849
482,FCU_019,FCU,2024-06-12 03:33:43.068042,Thermostat failure,1,LOW,1.5130990803434503,1.5130990803434503,2024-06-12 05:04:30.224731
482,HP_001,HeatPump,2024-08-07 00:00:29.682394,Compressor degradation,4,CRITICAL,9.70324084505567,9.70324084505567,2024-08-07 09:42:41.349436
482,FCU_036,FCU,2024-10-13 02:26:37.281239,Coil fouling,1,LOW,2.2692782613573703,2.2692782613573703,2024-10-13 04:42:46.682980
482,FCU_006,FCU,2024-11-21 22:06:00.801917,Coil fouling,1,LOW,1.5895772356348845,1.5895772356348845,2024-11-21 23:41:23.279965
482,FCU_050,FCU,2025-05-07 01:37:44.416887,Thermostat failure,1,LOW,2.9030047127262533,2.9030047127262533,2025-05-07 04:31:55.233853
482,FCU_015,FCU,2025-05-14 08:57:05.535627,Filter blockage,1,LOW,1.1536654494461658,1.1536654494461658,2025-05-14 10:06:18.731245
482,FCU_010,FCU,2025-05-22 10:32:11.180033,Fan motor failure,2,MEDIUM,4.782563112230156,4.782563112230156,2025-05-22 15:19:08.407237
483,FCU_036,FCU,2024-02-07 04:21:29.328978,Fan motor failure,2,MEDIUM,3.4193179750562033,3.4193179750562033,2024-02-07 07:46:38.873688
483,FCU_040,FCU,2024-10-16 12:05:04.762897,Coil fouling,1,LOW,1.8524856070341538,1.8524856070341538,2024-10-16 13:56:13.711082
483,FCU_021,FCU,2025-02-21 20:57:49.389265,Thermostat failure,1,LOW,2.403906783751574,2.403906783751574,2025-02-21 23:22:03.453687
483,CHWP_001,CHW_Pump,2025-03-05 00:14:34.759664,Seal leakage,2,MEDIUM,4.9145749507326775,4.9145749507326775,2025-03-05 05:09:27.229487
483,FCU_010,FCU,2025-04-07 05:45:17.627412,Fan motor failure,2,MEDIUM,3.903151587644579,3.903151587644579,2025-04-07 09:39:28.973128
484,HWP_001,HW_Pump,2023-06-18 01:41:48.864044,Seal leakage,2,MEDIUM,5.481104121763577,5.481104121763577,2023-06-18 07:10:40.838882
484,CT_001,CoolingTower,2024-03-13 15:41:30.951803,Water distribution system,3,HIGH,4.443642999952848,4.443642999952848,2024-03-13 20:08:08.066603
484,FCU_011,FCU,2024-10-15 12:38:31.450260,Fan motor failure,2,MEDIUM,3.7989106532297052,3.7989106532297052,2024-10-15 16:26:27.528612
484,FCU_028,FCU,2025-03-15 12:24:45.866645,Filter blockage,1,LOW,0.827369402057839,0.827369402057839,2025-03-15 13:14:24.396492
485,HP_002,HeatPump,2023-09-10 23:38:25.782608,Control valve failure,3,HIGH,3.212763672714161,3.212763672714161,2023-09-11 02:51:11.731830
485,FCU_014,FCU,2024-02-15 02:56:51.076214,Fan motor failure,2,MEDIUM,4.266271995949482,4.266271995949482,2024-02-15 07:12:49.655399
485,FCU_047,FCU,2024-05-12 11:46:20.895727,Valve actuator,2,MEDIUM,3.4476260054506254,3.4476260054506254,2024-05-12 15:13:12.349347
486,FCU_038,FCU,2023-07-18 19:32:19.871826,Thermostat failure,1,LOW,2.3445987440961678,2.3445987440961678,2023-07-18 21:53:00.427305
486,FCU_040,FCU,2024-08-21 21:51:02.665502,Thermostat failure,1,LOW,2.124953618929424,2.124953618929424,2024-08-21 23:58:32.498530
486,FCU_026,FCU,2025-03-31 00:04:35.884693,Thermostat failure,1,LOW,2.174506388246449,2.174506388246449,2025-03-31 02:15:04.107691
486,FCU_044,FCU,2025-05-28 21:39:09.361314,Coil fouling,1,LOW,2.076587071470771,2.076587071470771,2025-05-28 23:43:45.074771
487,HP_001,HeatPump,2023-07-13 03:09:44.177043,Refrigerant leak,3,HIGH,3.908215600821933,3.908215600821933,2023-07-13 07:04:13.753206
487,FCU_031,FCU,2023-11-24 15:32:09.355866,Valve actuator,2,MEDIUM,2.869952487991326,2.869952487991326,2023-11-24 18:24:21.184823
487,FCU_007,FCU,2023-12-16 21:34:18.365242,Filter blockage,1,LOW,0.8616225172467531,0.8616225172467531,2023-12-16 22:26:00.206304
487,CT_001,CoolingTower,2024-01-04 05:09:03.171522,Drift eliminator damage,2,MEDIUM,3.118463536399123,3.118463536399123,2024-01-04 08:16:09.640253
487,HP_002,HeatPump,2024-08-30 16:53:42.931216,Control valve failure,3,HIGH,2.218291171802373,2.218291171802373,2024-08-30 19:06:48.779434
487,HP_001,HeatPump,2025-01-08 08:31:08.014218,Compressor degradation,4,CRITICAL,14.349702105982068,14.349702105982068,2025-01-08 22:52:06.941800
487,FCU_004,FCU,2025-03-06 21:27:10.402591,Fan motor failure,2,MEDIUM,4.083880286329066,4.083880286329066,2025-03-07 01:32:12.371622
488,CT_001,CoolingTower,2024-07-24 15:27:28.851908,Fan motor failure,4,CRITICAL,15.652633399078354,15.652633399078354,2024-07-25 07:06:38.332145
488,FCU_007,FCU,2025-03-08 16:58:47.060619,Fan motor failure,2,MEDIUM,5.343375591946368,5.343375591946368,2025-03-08 22:19:23.212750
488,FCU_004,FCU,2025-03-26 16:18:49.257865,Thermostat failure,1,LOW,1.3230331706974596,1.3230331706974596,2025-03-26 17:38:12.177280
489,FCU_046,FCU,2024-03-03 10:04:23.049902,Coil fouling,1,LOW,2.675893930984434,2.675893930984434,2024-03-03 12:44:56.268054
489,FCU_048,FCU,2024-04-26 00:04:40.792503,Thermostat failure,1,LOW,2.3567426316370135,2.3567426316370135,2024-04-26 02:26:05.065977
489,CHWP_002,CHW_Pump,2024-07-20 06:20:21.249112,Impeller damage,4,CRITICAL,7.058522894888675,7.058522894888675,2024-07-20 13:23:51.931534
489,FCU_025,FCU,2025-03-03 19:33:49.714624,Coil fouling,1,LOW,1.6105442313687184,1.6105442313687184,2025-03-03 21:10:27.673857
489,HP_002,HeatPump,2025-03-16 12:52:10.587624,Sensor malfunction,1,LOW,1.5509185581621996,1.5509185581621996,2025-03-16 14:25:13.894433
490,HP_001,HeatPump,2025-02-24 19:47:18.414100,Heat exchanger fouling,2,MEDIUM,2.975159181155394,2.975159181155394,2025-02-24 22:45:48.987152
490,FCU_014,FCU,2025-05-02 10:06:34.705381,Valve actuator,2,MEDIUM,2.4910802268503303,2.4910802268503303,2025-05-02 12:36:02.594198
491,HP_002,HeatPump,2023-10-30 01:55:18.154319,Refrigerant leak,3,HIGH,3.8947276841031537,3.8947276841031537,2023-10-30 05:48:59.173982
491,FCU_050,FCU,2024-03-27 02:23:22.058794,Filter blockage,1,LOW,0.9273969358135002,0.9273969358135002,2024-03-27 03:19:00.687763
491,FCU_016,FCU,2024-09-13 17:32:40.671609,Fan motor failure,2,MEDIUM,6.028930619454007,6.028930619454007,2024-09-13 23:34:24.821839
491,FCU_046,FCU,2024-10-27 22:23:18.746680,Valve actuator,2,MEDIUM,5.199250946753052,5.199250946753052,2024-10-28 03:35:16.050088
491,FCU_029,FCU,2025-02-21 11:16:35.304604,Fan motor failure,2,MEDIUM,3.7179748069071215,3.7179748069071215,2025-02-21 14:59:40.013909
491,FCU_043,FCU,2025-03-22 04:57:38.662953,Filter blockage,1,LOW,1.0849274901312305,1.0849274901312305,2025-03-22 06:02:44.401917
492,FCU_005,FCU,2024-05-21 05:52:06.088783,Filter blockage,1,LOW,1.510322897464117,1.510322897464117,2024-05-21 07:22:43.251214
492,HWP_001,HW_Pump,2024-09-14 11:59:22.898186,Motor overheating,3,HIGH,8.381058204617807,8.381058204617807,2024-09-14 20:22:14.707723
493,FCU_044,FCU,2024-07-19 17:56:45.003310,Coil fouling,1,LOW,1.415604856354702,1.415604856354702,2024-07-19 19:21:41.180793
493,CT_001,CoolingTower,2024-10-28 02:32:18.186520,Fill media degradation,2,MEDIUM,6.278850399163167,6.278850399163167,2024-10-28 08:49:02.047957
493,FCU_008,FCU,2025-01-06 01:37:37.588590,Fan motor failure,2,MEDIUM,3.3091250026527836,3.3091250026527836,2025-01-06 04:56:10.438600
493,CHWP_003,CHW_Pump,2025-03-09 02:48:40.801408,Bearing wear,3,HIGH,8.722291853717296,8.722291853717296,2025-03-09 11:32:01.052081
494,FCU_015,FCU,2024-01-14 12:13:52.468152,Valve actuator,2,MEDIUM,2.32515083297094,2.32515083297094,2024-01-14 14:33:23.011151
494,FCU_028,FCU,2024-11-09 08:25:57.792668,Filter blockage,1,LOW,0.7244396212584587,0.7244396212584587,2024-11-09 09:09:25.775305
494,FCU_011,FCU,2025-01-06 15:06:45.955064,Filter blockage,1,LOW,0.7864672919355632,0.7864672919355632,2025-01-06 15:53:57.237315
494,HWP_002,HW_Pump,2025-04-03 20:43:11.344694,Bearing wear,3,HIGH,5.476633520960827,5.476633520960827,2025-04-04 02:11:47.225369
495,FCU_044,FCU,2024-07-01 08:05:17.080028,Coil fouling,1,LOW,2.0794143607744,2.0794143607744,2024-07-01 10:10:02.971727
495,FCU_042,FCU,2024-12-13 21:14:46.581966,Fan motor failure,2,MEDIUM,3.4312161936266756,3.4312161936266756,2024-12-14 00:40:38.960263
496,FCU_015,FCU,2024-04-03 13:48:02.703489,Coil fouling,1,LOW,2.4775952786418993,2.4775952786418993,2024-04-03 16:16:42.046492
497,FCU_018,FCU,2024-01-20 14:56:29.360249,Valve actuator,2,MEDIUM,2.5947693349776535,2.5947693349776535,2024-01-20 17:32:10.529855
497,FCU_023,FCU,2025-01-30 17:53:54.803230,Fan motor failure,2,MEDIUM,2.892693842151999,2.892693842151999,2025-01-30 20:47:28.501062
497,FCU_049,FCU,2025-02-04 19:57:12.791468,Coil fouling,1,LOW,2.0392614810701626,2.0392614810701626,2025-02-04 21:59:34.132800
497,FCU_030,FCU,2025-02-25 05:58:24.690711,Thermostat failure,1,LOW,1.7817812008722858,1.7817812008722858,2025-02-25 07:45:19.103034
497,HWP_001,HW_Pump,2025-05-16 17:06:02.332021,Motor overheating,3,HIGH,6.655550780075872,6.655550780075872,2025-05-16 23:45:22.314829
498,FCU_033,FCU,2024-11-24 18:35:29.304356,Filter blockage,1,LOW,0.9149350019214635,0.9149350019214635,2024-11-24 19:30:23.070363
498,CHWP_002,CHW_Pump,2025-05-06 06:22:31.466706,Motor overheating,3,HIGH,4.491612335777858,4.491612335777858,2025-05-06 10:52:01.271115
498,FCU_018,FCU,2025-05-13 09:49:57.982816,Valve actuator,2,MEDIUM,1.7411898940981634,1.7411898940981634,2025-05-13 11:34:26.266435
498,FCU_024,FCU,2025-05-27 21:08:39.317940,Coil fouling,1,LOW,2.240223226046086,2.240223226046086,2025-05-27 23:23:04.121554
499,FCU_050,FCU,2024-09-28 18:08:02.425731,Valve actuator,2,MEDIUM,2.60828660367726,2.60828660367726,2024-09-28 20:44:32.257504
499,HWP_001,HW_Pump,2025-02-17 07:55:14.521224,Seal leakage,2,MEDIUM,4.077823911152323,4.077823911152323,2025-02-17 11:59:54.687304
499,FCU_045,FCU,2025-04-04 18:41:16.459649,Fan motor failure,2,MEDIUM,5.065484363804037,5.065484363804037,2025-04-04 23:45:12.203359
500,FCU_031,FCU,2024-03-11 11:28:16.330935,Coil fouling,1,LOW,1.8884815400505284,1.8884815400505284,2024-03-11 13:21:34.864479
500,HWP_001,HW_Pump,2024-06-07 15:27:08.922125,Bearing wear,3,HIGH,4.736376496652062,4.736376496652062,2024-06-07 20:11:19.877513
500,FCU_045,FCU,2024-06-24 09:06:27.078700,Filter blockage,1,LOW,0.9945219081559975,0.9945219081559975,2024-06-24 10:06:07.357569
500,FCU_006,FCU,2024-09-05 05:12:32.347172,Fan motor failure,2,MEDIUM,3.7951782374314593,3.7951782374314593,2024-09-05 09:00:14.988827
500,FCU_040,FCU,2025-02-23 07:31:26.948384,Fan motor failure,2,MEDIUM,3.8942788269634034,3.8942788269634034,2025-02-23 11:25:06.352161
501,FCU_007,FCU,2024-10-22 20:06:29.910891,Filter blockage,1,LOW,0.689926459830966,0.689926459830966,2024-10-22 20:47:53.646146
501,FCU_010,FCU,2024-12-03 06:21:27.380120,Fan motor failure,2,MEDIUM,5.024497604359582,5.024497604359582,2024-12-03 11:22:55.571496
501,CHWP_001,CHW_Pump,2025-01-04 23:09:01.639345,Seal leakage,2,MEDIUM,3.797183287901769,3.797183287901769,2025-01-05 02:56:51.499181
501,FCU_031,FCU,2025-01-16 03:54:58.145045,Fan motor failure,2,MEDIUM,4.218488129314222,4.218488129314222,2025-01-16 08:08:04.702311
501,FCU_008,FCU,2025-04-08 09:38:22.595329,Valve actuator,2,MEDIUM,2.961905943116674,2.961905943116674,2025-04-08 12:36:05.456724
501,FCU_002,FCU,2025-05-12 06:28:16.915199,Filter blockage,1,LOW,0.9513106760867711,0.9513106760867711,2025-05-12 07:25:21.633633
502,FCU_012,FCU,2023-12-08 18:50:34.407282,Fan motor failure,2,MEDIUM,3.9779139097184584,3.9779139097184584,2023-12-08 22:49:14.897357
502,HWP_002,HW_Pump,2023-12-16 19:51:04.366776,Motor overheating,3,HIGH,6.8480641832338875,6.8480641832338875,2023-12-17 02:41:57.397836
502,FCU_036,FCU,2024-04-20 02:10:56.197922,Thermostat failure,1,LOW,2.4216906322597156,2.4216906322597156,2024-04-20 04:36:14.284198
502,FCU_004,FCU,2024-07-25 17:31:50.520398,Valve actuator,2,MEDIUM,3.4156332829084626,3.4156332829084626,2024-07-25 20:56:46.800216
503,FCU_005,FCU,2024-10-11 01:45:18.432067,Fan motor failure,2,MEDIUM,5.45011421922149,5.45011421922149,2024-10-11 07:12:18.843256
503,FCU_018,FCU,2024-10-25 21:41:54.636663,Filter blockage,1,LOW,0.6532077701504794,0.6532077701504794,2024-10-25 22:21:06.184636
504,FCU_021,FCU,2025-01-21 17:11:58.571763,Filter blockage,1,LOW,0.9301087102188418,0.9301087102188418,2025-01-21 18:07:46.963120
504,FCU_027,FCU,2025-03-18 18:20:15.273084,Coil fouling,1,LOW,2.213281201527697,2.213281201527697,2025-03-18 20:33:03.085409
504,FCU_035,FCU,2025-05-05 15:36:51.256770,Coil fouling,1,LOW,2.6298206573469636,2.6298206573469636,2025-05-05 18:14:38.611136
505,FCU_023,FCU,2024-02-18 20:47:12.164897,Fan motor failure,2,MEDIUM,4.31302449290472,4.31302449290472,2024-02-19 01:05:59.053071
505,FCU_045,FCU,2024-08-22 19:41:43.557668,Valve actuator,2,MEDIUM,4.3371016512549385,4.3371016512549385,2024-08-23 00:01:57.123613
505,FCU_019,FCU,2024-10-12 06:17:07.143193,Coil fouling,1,LOW,2.106929043628439,2.106929043628439,2024-10-12 08:23:32.087750
505,FCU_013,FCU,2025-04-04 10:07:44.788410,Coil fouling,1,LOW,3.3284264914218857,3.3284264914218857,2025-04-04 13:27:27.123779
506,HP_001,HeatPump,2023-12-31 03:09:53.108528,Control valve failure,3,HIGH,2.8528234151404397,2.8528234151404397,2023-12-31 06:01:03.272823
506,FCU_002,FCU,2024-07-12 07:37:18.459285,Fan motor failure,2,MEDIUM,5.03187541551682,5.03187541551682,2024-07-12 12:39:13.210781
506,FCU_018,FCU,2024-10-28 09:59:53.806094,Fan motor failure,2,MEDIUM,3.582662705036332,3.582662705036332,2024-10-28 13:34:51.391832
506,FCU_024,FCU,2024-11-04 13:29:12.908063,Coil fouling,1,LOW,2.7446644807697584,2.7446644807697584,2024-11-04 16:13:53.700194
506,FCU_015,FCU,2024-11-22 00:44:16.054904,Coil fouling,1,LOW,2.611175349246681,2.611175349246681,2024-11-22 03:20:56.286161
506,FCU_029,FCU,2025-02-26 22:38:54.086145,Valve actuator,2,MEDIUM,3.0329121743985374,3.0329121743985374,2025-02-27 01:40:52.569973
507,FCU_050,FCU,2023-12-26 16:45:30.827679,Coil fouling,1,LOW,1.2289356626520551,1.2289356626520551,2023-12-26 17:59:14.996065
507,FCU_046,FCU,2025-03-18 13:18:39.526023,Thermostat failure,1,LOW,2.3729434359599026,2.3729434359599026,2025-03-18 15:41:02.122392
508,HP_002,HeatPump,2024-06-18 20:04:36.086007,Heat exchanger fouling,2,MEDIUM,4.681046682015237,4.681046682015237,2024-06-19 00:45:27.854062
508,FCU_029,FCU,2024-08-07 12:21:24.590774,Filter blockage,1,LOW,0.9498102587195119,0.9498102587195119,2024-08-07 13:18:23.907705
508,CHWP_003,CHW_Pump,2024-09-01 08:06:59.799881,Impeller damage,4,CRITICAL,13.260875777997901,13.260875777997901,2024-09-01 21:22:38.952682
508,FCU_003,FCU,2024-10-27 08:15:20.911851,Fan motor failure,2,MEDIUM,7.4872469355471205,7.4872469355471205,2024-10-27 15:44:35.000819
508,HWP_001,HW_Pump,2025-04-16 03:47:52.256950,Motor overheating,3,HIGH,10.619405968875144,10.619405968875144,2025-04-16 14:25:02.118438
509,FCU_014,FCU,2024-06-08 19:57:48.385723,Fan motor failure,2,MEDIUM,4.939381864608399,4.939381864608399,2024-06-09 00:54:10.160436
509,FCU_041,FCU,2024-06-10 02:03:34.741269,Valve actuator,2,MEDIUM,4.374099042597616,4.374099042597616,2024-06-10 06:26:01.497822
509,FCU_005,FCU,2025-04-13 09:22:50.968287,Fan motor failure,2,MEDIUM,4.937323048020403,4.937323048020403,2025-04-13 14:19:05.331260
510,FCU_038,FCU,2024-04-06 22:27:43.118071,Fan motor failure,2,MEDIUM,3.5687270204170156,3.5687270204170156,2024-04-07 02:01:50.535345
510,FCU_020,FCU,2024-04-07 03:04:20.409591,Valve actuator,2,MEDIUM,2.902385636453372,2.902385636453372,2024-04-07 05:58:28.997882
510,FCU_026,FCU,2024-08-18 09:49:27.112677,Fan motor failure,2,MEDIUM,2.143310108893386,2.143310108893386,2024-08-18 11:58:03.029069
510,FCU_023,FCU,2025-04-15 22:31:10.233062,Coil fouling,1,LOW,2.721807324857206,2.721807324857206,2025-04-16 01:14:28.739431
510,HWP_002,HW_Pump,2025-05-25 02:29:04.206337,Seal leakage,2,MEDIUM,3.709891856428305,3.709891856428305,2025-05-25 06:11:39.817020
511,FCU_050,FCU,2023-12-15 15:57:17.095078,Valve actuator,2,MEDIUM,3.5584292304759932,3.5584292304759932,2023-12-15 19:30:47.440308
511,CHWP_003,CHW_Pump,2024-05-11 14:55:28.213899,Bearing wear,3,HIGH,7.3013477666977,7.3013477666977,2024-05-11 22:13:33.065859
511,FCU_011,FCU,2025-01-14 11:36:19.445812,Fan motor failure,2,MEDIUM,4.015968823312783,4.015968823312783,2025-01-14 15:37:16.933576
511,CHWP_002,CHW_Pump,2025-03-28 15:57:00.289556,Motor overheating,3,HIGH,8.460943654932978,8.460943654932978,2025-03-29 00:24:39.686714
512,FCU_032,FCU,2023-11-26 16:10:40.037686,Fan motor failure,2,MEDIUM,4.6431445220071295,4.6431445220071295,2023-11-26 20:49:15.357965
512,FCU_019,FCU,2025-01-15 20:57:23.573295,Valve actuator,2,MEDIUM,2.3215291896892336,2.3215291896892336,2025-01-15 23:16:41.078378
513,FCU_005,FCU,2024-02-16 21:27:18.540962,Coil fouling,1,LOW,2.428061400334497,2.428061400334497,2024-02-16 23:52:59.562003
513,FCU_033,FCU,2024-06-17 06:25:28.252963,Fan motor failure,2,MEDIUM,3.515226818950561,3.515226818950561,2024-06-17 09:56:23.069511
513,FCU_027,FCU,2024-10-31 15:48:49.766703,Coil fouling,1,LOW,2.42803129897738,2.42803129897738,2024-10-31 18:14:30.679379
513,FCU_050,FCU,2024-11-28 16:04:25.680812,Filter blockage,1,LOW,0.7497297646643176,0.7497297646643176,2024-11-28 16:49:24.707965
513,FCU_002,FCU,2024-11-30 19:11:39.112806,Fan motor failure,2,MEDIUM,3.5326911079673753,3.5326911079673753,2024-11-30 22:43:36.800795
514,FCU_024,FCU,2024-01-05 14:16:24.818724,Fan motor failure,2,MEDIUM,4.426194963782733,4.426194963782733,2024-01-05 18:41:59.120594
514,FCU_016,FCU,2025-02-21 17:22:43.287870,Thermostat failure,1,LOW,2.2256503916697064,2.2256503916697064,2025-02-21 19:36:15.629280
515,CT_001,CoolingTower,2023-04-13 15:26:48.631950,Fill media degradation,2,MEDIUM,8.345445822954254,8.345445822954254,2023-04-13 23:47:32.236913
515,CHWP_001,CHW_Pump,2024-07-19 11:03:42.773761,Bearing wear,3,HIGH,8.334603559326919,8.334603559326919,2024-07-19 19:23:47.346575
515,FCU_005,FCU,2025-01-27 02:51:01.115778,Fan motor failure,2,MEDIUM,5.961837866986006,5.961837866986006,2025-01-27 08:48:43.732099
515,FCU_047,FCU,2025-02-20 08:06:16.154785,Filter blockage,1,LOW,0.7309483876922395,0.7309483876922395,2025-02-20 08:50:07.568981
515,FCU_016,FCU,2025-04-10 16:40:58.236415,Coil fouling,1,LOW,1.9320901238826813,1.9320901238826813,2025-04-10 18:36:53.760861
515,FCU_033,FCU,2025-04-16 23:59:22.619082,Fan motor failure,2,MEDIUM,4.17388759813789,4.17388759813789,2025-04-17 04:09:48.614435
516,HP_002,HeatPump,2024-04-26 09:53:03.538759,Sensor malfunction,1,LOW,1.9762379389159919,1.9762379389159919,2024-04-26 11:51:37.995339
516,HWP_001,HW_Pump,2025-02-13 15:49:17.313157,Seal leakage,2,MEDIUM,3.829485617426793,3.829485617426793,2025-02-13 19:39:03.461380
516,FCU_023,FCU,2025-05-24 01:11:59.117458,Valve actuator,2,MEDIUM,2.4152995891957576,2.4152995891957576,2025-05-24 03:36:54.195979
517,FCU_035,FCU,2023-12-07 05:06:49.082601,Fan motor failure,2,MEDIUM,4.4451485481995565,4.4451485481995565,2023-12-07 09:33:31.617375
517,FCU_050,FCU,2024-06-30 11:17:41.624431,Coil fouling,1,LOW,1.595732924133453,1.595732924133453,2024-06-30 12:53:26.262958
517,FCU_037,FCU,2024-12-16 00:26:58.636600,Fan motor failure,2,MEDIUM,3.484337346053416,3.484337346053416,2024-12-16 03:56:02.251046
517,FCU_008,FCU,2025-04-08 09:02:16.324876,Fan motor failure,2,MEDIUM,4.872179036680037,4.872179036680037,2025-04-08 13:54:36.169408
517,FCU_022,FCU,2025-05-18 20:08:37.323291,Fan motor failure,2,MEDIUM,3.584778459867308,3.584778459867308,2025-05-18 23:43:42.525747
518,FCU_042,FCU,2024-04-27 06:41:23.747295,Fan motor failure,2,MEDIUM,5.3832109814694356,5.3832109814694356,2024-04-27 12:04:23.306828
518,FCU_014,FCU,2025-01-01 01:41:30.011340,Fan motor failure,2,MEDIUM,3.03464837050098,3.03464837050098,2025-01-01 04:43:34.745474
519,CHWP_002,CHW_Pump,2024-06-01 21:48:53.063455,Seal leakage,2,MEDIUM,3.1757961789966855,3.1757961789966855,2024-06-02 00:59:25.929699
519,FCU_010,FCU,2024-08-03 03:35:04.626987,Filter blockage,1,LOW,1.1335703858443442,1.1335703858443442,2024-08-03 04:43:05.480376
519,FCU_019,FCU,2024-12-26 02:36:16.571874,Filter blockage,1,LOW,1.1072890442959795,1.1072890442959795,2024-12-26 03:42:42.812433
519,FCU_044,FCU,2025-04-26 00:23:36.651236,Filter blockage,1,LOW,1.171991994492764,1.171991994492764,2025-04-26 01:33:55.822416
520,FCU_002,FCU,2024-02-19 23:29:05.970947,Valve actuator,2,MEDIUM,2.8902548594490556,2.8902548594490556,2024-02-20 02:22:30.888441
520,FCU_009,FCU,2024-12-13 14:18:02.185726,Thermostat failure,1,LOW,2.584717781351701,2.584717781351701,2024-12-13 16:53:07.169739
520,FCU_011,FCU,2025-03-13 06:27:25.038597,Coil fouling,1,LOW,2.9458981243363267,2.9458981243363267,2025-03-13 09:24:10.271845
520,FCU_047,FCU,2025-04-01 10:39:19.202833,Thermostat failure,1,LOW,2.5738688716047355,2.5738688716047355,2025-04-01 13:13:45.130771
520,FCU_035,FCU,2025-05-19 19:27:55.591726,Filter blockage,1,LOW,1.0289103513508777,1.0289103513508777,2025-05-19 20:29:39.668991
521,FCU_004,FCU,2024-05-18 16:14:08.053942,Fan motor failure,2,MEDIUM,4.849519719777779,4.849519719777779,2024-05-18 21:05:06.324933
521,FCU_034,FCU,2025-04-16 05:21:34.289264,Filter blockage,1,LOW,1.1136366717402868,1.1136366717402868,2025-04-16 06:28:23.381282
522,FCU_027,FCU,2025-01-27 23:47:27.354819,Filter blockage,1,LOW,1.4489800557867045,1.4489800557867045,2025-01-28 01:14:23.683020
523,FCU_028,FCU,2024-09-09 03:23:17.909237,Thermostat failure,1,LOW,1.8265206175054776,1.8265206175054776,2024-09-09 05:12:53.383460
524,FCU_020,FCU,2025-05-04 03:45:04.772537,Coil fouling,1,LOW,2.2061348332753785,2.2061348332753785,2025-05-04 05:57:26.857937
525,FCU_024,FCU,2025-01-19 01:40:13.560874,Fan motor failure,2,MEDIUM,2.7503037039536977,2.7503037039536977,2025-01-19 04:25:14.654208
525,FCU_031,FCU,2025-01-28 09:50:26.953286,Filter blockage,1,LOW,0.9899351435512608,0.9899351435512608,2025-01-28 10:49:50.719803
526,FCU_007,FCU,2024-05-17 04:15:55.358755,Thermostat failure,1,LOW,1.8389246900615746,1.8389246900615746,2024-05-17 06:06:15.487639
526,HP_002,HeatPump,2025-02-14 19:05:25.981590,Refrigerant leak,3,HIGH,4.761170231458231,4.761170231458231,2025-02-14 23:51:06.194423
526,FCU_003,FCU,2025-04-12 17:58:44.507320,Fan motor failure,2,MEDIUM,3.4624222816593107,3.4624222816593107,2025-04-12 21:26:29.227534
527,FCU_021,FCU,2024-06-19 14:49:16.293452,Coil fouling,1,LOW,2.3446001803437104,2.3446001803437104,2024-06-19 17:09:56.854101
527,FCU_008,FCU,2024-10-25 14:54:39.891490,Coil fouling,1,LOW,2.4520324356315393,2.4520324356315393,2024-10-25 17:21:47.208258
527,FCU_017,FCU,2024-11-02 07:57:51.553409,Fan motor failure,2,MEDIUM,6.2764698061038136,6.2764698061038136,2024-11-02 14:14:26.844711
527,FCU_041,FCU,2025-02-26 12:15:36.862665,Coil fouling,1,LOW,2.008399808044481,2.008399808044481,2025-02-26 14:16:07.101974
527,FCU_031,FCU,2025-03-10 14:26:53.384337,Coil fouling,1,LOW,2.4991476329938402,2.4991476329938402,2025-03-10 16:56:50.315816
527,FCU_030,FCU,2025-03-17 18:00:36.252693,Thermostat failure,1,LOW,1.902943944536569,1.902943944536569,2025-03-17 19:54:46.850893
527,FCU_014,FCU,2025-05-12 04:16:01.837282,Thermostat failure,1,LOW,1.8803346629729458,1.8803346629729458,2025-05-12 06:08:51.042069
528,FCU_006,FCU,2024-08-23 03:20:20.037285,Valve actuator,2,MEDIUM,1.506137781514351,1.506137781514351,2024-08-23 04:50:42.133298
528,HP_001,HeatPump,2025-04-19 19:38:03.770110,Control valve failure,3,HIGH,1.7864176571699273,1.7864176571699273,2025-04-19 21:25:14.873676
529,FCU_048,FCU,2024-04-15 01:23:27.085035,Thermostat failure,1,LOW,2.429302113006977,2.429302113006977,2024-04-15 03:49:12.572642
529,HP_002,HeatPump,2024-07-07 09:38:14.848693,Heat exchanger fouling,2,MEDIUM,3.4485006771401903,3.4485006771401903,2024-07-07 13:05:09.451131
529,FCU_002,FCU,2025-03-19 05:33:58.907215,Thermostat failure,1,LOW,2.7682808740363005,2.7682808740363005,2025-03-19 08:20:04.718362
530,FCU_034,FCU,2024-06-19 16:36:01.624405,Fan motor failure,2,MEDIUM,3.6946577187769316,3.6946577187769316,2024-06-19 20:17:42.392193
530,CHWP_003,CHW_Pump,2024-07-16 23:34:21.202473,Seal leakage,2,MEDIUM,3.904686616748106,3.904686616748106,2024-07-17 03:28:38.074293
530,FCU_011,FCU,2024-10-15 01:53:13.128442,Fan motor failure,2,MEDIUM,5.210941763761912,5.210941763761912,2024-10-15 07:05:52.518792
530,CHWP_002,CHW_Pump,2025-04-11 23:19:16.309939,Motor overheating,3,HIGH,8.273170638330788,8.273170638330788,2025-04-12 07:35:39.724237
531,FCU_049,FCU,2023-04-17 05:34:09.366591,Coil fouling,1,LOW,2.446276286662657,2.446276286662657,2023-04-17 08:00:55.961223
531,HWP_001,HW_Pump,2024-08-16 13:47:11.432683,Bearing wear,3,HIGH,7.9352338972352925,7.9352338972352925,2024-08-16 21:43:18.274713
531,FCU_043,FCU,2024-10-06 23:40:07.716674,Fan motor failure,2,MEDIUM,3.3593137505038655,3.3593137505038655,2024-10-07 03:01:41.246176
531,FCU_013,FCU,2024-11-15 00:09:28.306148,Thermostat failure,1,LOW,2.898304595272429,2.898304595272429,2024-11-15 03:03:22.202691
531,HP_002,HeatPump,2025-03-25 04:27:52.004999,Compressor degradation,4,CRITICAL,12.91021448196031,12.91021448196031,2025-03-25 17:22:28.777134
532,FCU_011,FCU,2024-07-02 01:22:39.642051,Valve actuator,2,MEDIUM,3.8939461914184927,3.8939461914184927,2024-07-02 05:16:17.848340
532,FCU_049,FCU,2025-02-26 21:48:13.909733,Coil fouling,1,LOW,2.527189198695612,2.527189198695612,2025-02-27 00:19:51.790848
532,HWP_001,HW_Pump,2025-02-27 03:36:51.011341,Bearing wear,3,HIGH,6.1871954779682055,6.1871954779682055,2025-02-27 09:48:04.915062
532,HP_002,HeatPump,2025-05-02 16:27:54.807996,Sensor malfunction,1,LOW,1.835612739117881,1.835612739117881,2025-05-02 18:18:03.013857
532,FCU_003,FCU,2025-05-09 11:46:05.340828,Valve actuator,2,MEDIUM,5.191735494477696,5.191735494477696,2025-05-09 16:57:35.588608
533,FCU_034,FCU,2024-11-05 14:38:03.760214,Thermostat failure,1,LOW,1.9102088780697581,1.9102088780697581,2024-11-05 16:32:40.512175
533,FCU_029,FCU,2024-11-09 18:30:53.757066,Coil fouling,1,LOW,2.232659666440244,2.232659666440244,2024-11-09 20:44:51.331865
533,HP_001,HeatPump,2025-01-08 19:10:21.167395,Compressor degradation,4,CRITICAL,13.199674287104795,13.199674287104795,2025-01-09 08:22:19.994829
533,FCU_002,FCU,2025-02-05 10:29:13.785003,Fan motor failure,2,MEDIUM,5.69502985559453,5.69502985559453,2025-02-05 16:10:55.892483
533,FCU_026,FCU,2025-04-04 09:01:05.231558,Thermostat failure,1,LOW,1.6107054468206892,1.6107054468206892,2025-04-04 10:37:43.771167
534,HWP_002,HW_Pump,2023-12-16 20:38:22.857735,Impeller damage,4,CRITICAL,12.646209256390673,12.646209256390673,2023-12-17 09:17:09.211058
534,FCU_049,FCU,2024-06-03 12:20:51.360420,Fan motor failure,2,MEDIUM,3.169179784061447,3.169179784061447,2024-06-03 15:31:00.407643
534,FCU_019,FCU,2024-09-25 08:32:22.244941,Fan motor failure,2,MEDIUM,3.0971229669926057,3.0971229669926057,2024-09-25 11:38:11.887622
534,FCU_004,FCU,2025-04-07 16:59:17.848612,Valve actuator,2,MEDIUM,5.44147356949557,5.44147356949557,2025-04-07 22:25:47.153462
535,FCU_014,FCU,2024-08-03 12:40:15.259166,Valve actuator,2,MEDIUM,4.48932748077128,4.48932748077128,2024-08-03 17:09:36.838097
535,FCU_026,FCU,2024-08-28 04:39:34.132821,Coil fouling,1,LOW,2.275320147972541,2.275320147972541,2024-08-28 06:56:05.285354
535,CHWP_003,CHW_Pump,2025-05-02 04:02:26.204583,Motor overheating,3,HIGH,2.393990604963767,2.393990604963767,2025-05-02 06:26:04.570761
536,FCU_003,FCU,2024-09-08 17:35:15.488551,Fan motor failure,2,MEDIUM,4.085203925616723,4.085203925616723,2024-09-08 21:40:22.222683
536,FCU_044,FCU,2025-05-12 15:29:03.045723,Fan motor failure,2,MEDIUM,3.834497611258131,3.834497611258131,2025-05-12 19:19:07.237124
537,FCU_046,FCU,2024-06-07 13:09:11.114492,Filter blockage,1,LOW,1.1796059825788412,1.1796059825788412,2024-06-07 14:19:57.696029
537,FCU_028,FCU,2024-09-18 21:07:23.097234,Filter blockage,1,LOW,1.417185904921173,1.417185904921173,2024-09-18 22:32:24.966492
537,FCU_043,FCU,2024-11-10 16:16:15.258165,Valve actuator,2,MEDIUM,2.611836578876539,2.611836578876539,2024-11-10 18:52:57.869849
537,FCU_009,FCU,2025-03-19 18:32:05.049780,Coil fouling,1,LOW,3.0214968622864,3.0214968622864,2025-03-19 21:33:22.438484
538,CHWP_003,CHW_Pump,2023-06-19 17:48:48.451183,Bearing wear,3,HIGH,15.837928186472244,15.837928186472244,2023-06-20 09:39:04.992654
538,HP_002,HeatPump,2024-04-17 13:45:09.469394,Control valve failure,3,HIGH,1.8601638717599593,1.8601638717599593,2024-04-17 15:36:46.059332
538,FCU_020,FCU,2024-05-31 07:11:02.026892,Fan motor failure,2,MEDIUM,7.0509050498015915,7.0509050498015915,2024-05-31 14:14:05.285071
538,FCU_008,FCU,2025-02-09 07:11:47.104138,Coil fouling,1,LOW,2.088134772009808,2.088134772009808,2025-02-09 09:17:04.389317
538,FCU_005,FCU,2025-04-04 19:44:10.616345,Coil fouling,1,LOW,0.8737641366083757,0.8737641366083757,2025-04-04 20:36:36.167237
539,FCU_029,FCU,2024-02-25 10:32:11.452198,Filter blockage,1,LOW,0.9871831708526333,0.9871831708526333,2024-02-25 11:31:25.311613
539,FCU_009,FCU,2024-11-22 06:01:18.415518,Coil fouling,1,LOW,2.008704420000127,2.008704420000127,2024-11-22 08:01:49.751430
539,FCU_005,FCU,2025-03-09 17:31:01.189540,Fan motor failure,2,MEDIUM,3.3547421056586337,3.3547421056586337,2025-03-09 20:52:18.261120
539,FCU_024,FCU,2025-04-27 08:44:28.254949,Fan motor failure,2,MEDIUM,2.7062602874990342,2.7062602874990342,2025-04-27 11:26:50.791984
539,FCU_011,FCU,2025-05-01 06:24:08.409715,Valve actuator,2,MEDIUM,4.066447625404318,4.066447625404318,2025-05-01 10:28:07.621166
540,CHWP_002,CHW_Pump,2024-01-15 14:35:45.092118,Bearing wear,3,HIGH,6.615590467990786,6.615590467990786,2024-01-15 21:12:41.217803
540,CHWP_003,CHW_Pump,2024-03-30 19:35:02.892264,Motor overheating,3,HIGH,6.2519215099848875,6.2519215099848875,2024-03-31 01:50:09.809700
540,HP_002,HeatPump,2024-12-03 23:55:11.301482,Heat exchanger fouling,2,MEDIUM,4.939518451055631,4.939518451055631,2024-12-04 04:51:33.567906
540,FCU_034,FCU,2025-01-13 23:14:36.442887,Filter blockage,1,LOW,1.9173501387269927,1.9173501387269927,2025-01-14 01:09:38.903386
540,FCU_038,FCU,2025-01-31 19:37:25.770128,Filter blockage,1,LOW,1.1316032873806745,1.1316032873806745,2025-01-31 20:45:19.541963
540,FCU_033,FCU,2025-03-15 09:48:08.982539,Coil fouling,1,LOW,3.3006656619185804,3.3006656619185804,2025-03-15 13:06:11.378922
541,CT_001,CoolingTower,2023-11-13 19:38:18.290775,Fan motor failure,4,CRITICAL,8.393627434965735,8.393627434965735,2023-11-14 04:01:55.349541
542,FCU_004,FCU,2024-07-14 08:10:59.746587,Fan motor failure,2,MEDIUM,3.1596528941415705,3.1596528941415705,2024-07-14 11:20:34.497006
542,FCU_038,FCU,2024-08-18 05:40:20.521274,Coil fouling,1,LOW,1.9744008759303784,1.9744008759303784,2024-08-18 07:38:48.364427
543,FCU_002,FCU,2024-09-26 09:37:56.223166,Fan motor failure,2,MEDIUM,4.0847537200429285,4.0847537200429285,2024-09-26 13:43:01.336558
543,FCU_010,FCU,2025-03-31 22:40:52.235163,Valve actuator,2,MEDIUM,3.4748204007263426,3.4748204007263426,2025-04-01 02:09:21.588606
543,FCU_046,FCU,2025-04-17 14:48:02.440399,Coil fouling,1,LOW,1.7768447202697433,1.7768447202697433,2025-04-17 16:34:39.081392
543,FCU_029,FCU,2025-05-26 03:15:49.517572,Valve actuator,2,MEDIUM,2.2614320798118372,2.2614320798118372,2025-05-26 05:31:30.673059
544,CHWP_003,CHW_Pump,2024-11-07 15:32:14.315115,Impeller damage,4,CRITICAL,15.771351727273238,15.771351727273238,2024-11-08 07:18:31.181333
544,FCU_037,FCU,2025-01-21 03:40:21.057806,Valve actuator,2,MEDIUM,3.173666203585184,3.173666203585184,2025-01-21 06:50:46.256139
544,CHWP_002,CHW_Pump,2025-03-25 22:07:55.575818,Impeller damage,4,CRITICAL,10.608421652306415,10.608421652306415,2025-03-26 08:44:25.893766
544,FCU_026,FCU,2025-04-08 18:23:43.326238,Fan motor failure,2,MEDIUM,6.559269723725676,6.559269723725676,2025-04-09 00:57:16.697243
545,FCU_018,FCU,2024-11-02 09:29:57.907118,Coil fouling,1,LOW,2.7459895421485476,2.7459895421485476,2024-11-02 12:14:43.469470
545,FCU_034,FCU,2024-11-24 22:56:20.211898,Fan motor failure,2,MEDIUM,4.272315032723556,4.272315032723556,2024-11-25 03:12:40.546016
545,FCU_024,FCU,2025-03-04 13:43:14.296594,Fan motor failure,2,MEDIUM,6.277617563246506,6.277617563246506,2025-03-04 19:59:53.719822
546,FCU_031,FCU,2024-05-27 16:18:46.088183,Fan motor failure,2,MEDIUM,5.1128421525280405,5.1128421525280405,2024-05-27 21:25:32.319932
546,FCU_014,FCU,2024-05-30 04:04:02.023945,Coil fouling,1,LOW,2.510616807797926,2.510616807797926,2024-05-30 06:34:40.244453
546,FCU_008,FCU,2024-06-17 06:02:28.381248,Thermostat failure,1,LOW,3.200923853712915,3.200923853712915,2024-06-17 09:14:31.707121
546,FCU_011,FCU,2024-12-27 19:44:20.791911,Fan motor failure,2,MEDIUM,3.2404031324237654,3.2404031324237654,2024-12-27 22:58:46.243188
546,FCU_037,FCU,2024-12-28 04:45:08.587654,Valve actuator,2,MEDIUM,3.7768757137188964,3.7768757137188964,2024-12-28 08:31:45.340223
546,HP_002,HeatPump,2025-02-26 10:14:15.536697,Heat exchanger fouling,2,MEDIUM,4.123255420200069,4.123255420200069,2025-02-26 14:21:39.256210
546,FCU_046,FCU,2025-04-06 05:32:53.488694,Filter blockage,1,LOW,0.6309411028303695,0.6309411028303695,2025-04-06 06:10:44.876664
546,FCU_003,FCU,2025-04-12 21:02:04.814239,Fan motor failure,2,MEDIUM,4.735538686282973,4.735538686282973,2025-04-13 01:46:12.753510
547,HP_002,HeatPump,2023-06-23 14:26:22.798031,Refrigerant leak,3,HIGH,3.3845222696586137,3.3845222696586137,2023-06-23 17:49:27.078202
547,CHWP_001,CHW_Pump,2023-10-31 04:03:17.507717,Motor overheating,3,HIGH,5.52494311502944,5.52494311502944,2023-10-31 09:34:47.302931
547,FCU_039,FCU,2024-07-10 07:35:15.985990,Fan motor failure,2,MEDIUM,4.552278103480006,4.552278103480006,2024-07-10 12:08:24.187163
547,CHWP_002,CHW_Pump,2024-08-29 23:09:12.860494,Motor overheating,3,HIGH,6.895282230227009,6.895282230227009,2024-08-30 06:02:55.876523
547,FCU_046,FCU,2024-12-02 21:26:21.459844,Coil fouling,1,LOW,1.7470489467048018,1.7470489467048018,2024-12-02 23:11:10.836052
547,FCU_002,FCU,2025-04-02 20:34:23.658249,Fan motor failure,2,MEDIUM,4.423491624638774,4.423491624638774,2025-04-03 00:59:48.228098
547,FCU_050,FCU,2025-04-04 08:18:17.054324,Fan motor failure,2,MEDIUM,7.039307775026505,7.039307775026505,2025-04-04 15:20:38.562314
547,FCU_017,FCU,2025-05-10 22:54:49.888294,Fan motor failure,2,MEDIUM,2.432598822004141,2.432598822004141,2025-05-11 01:20:47.244053
548,HWP_002,HW_Pump,2024-04-21 03:19:10.431890,Bearing wear,3,HIGH,7.445718647842224,7.445718647842224,2024-04-21 10:45:55.019022
548,FCU_006,FCU,2025-01-15 22:14:59.490994,Coil fouling,1,LOW,1.944755203201701,1.944755203201701,2025-01-16 00:11:40.609726
549,CHWP_001,CHW_Pump,2024-06-29 06:38:14.642226,Seal leakage,2,MEDIUM,2.9850632178199197,2.9850632178199197,2024-06-29 09:37:20.869810
549,CT_001,CoolingTower,2025-02-03 23:00:39.221507,Control system fault,3,HIGH,3.089055762003183,3.089055762003183,2025-02-04 02:05:59.822250
550,FCU_007,FCU,2024-04-09 23:29:01.631853,Thermostat failure,1,LOW,1.6363691168820482,1.6363691168820482,2024-04-10 01:07:12.560674
550,FCU_027,FCU,2024-11-11 07:10:19.214140,Coil fouling,1,LOW,1.9854612708803812,1.9854612708803812,2024-11-11 09:09:26.874715
550,FCU_047,FCU,2025-04-22 02:32:32.648802,Fan motor failure,2,MEDIUM,4.266756692193558,4.266756692193558,2025-04-22 06:48:32.972894
550,FCU_036,FCU,2025-05-25 16:57:30.868094,Filter blockage,1,LOW,1.2048436773377549,1.2048436773377549,2025-05-25 18:09:48.305332
551,FCU_034,FCU,2024-03-14 07:38:54.265298,Coil fouling,1,LOW,1.6820294915876641,1.6820294915876641,2024-03-14 09:19:49.571468
551,FCU_008,FCU,2024-07-07 02:06:22.953962,Filter blockage,1,LOW,1.026234749398649,1.026234749398649,2024-07-07 03:07:57.399060
551,HP_002,HeatPump,2024-12-08 18:54:16.170215,Compressor degradation,4,CRITICAL,11.203151382290624,11.203151382290624,2024-12-09 06:06:27.515191
551,FCU_046,FCU,2024-12-09 00:05:52.528682,Coil fouling,1,LOW,2.766158157482507,2.766158157482507,2024-12-09 02:51:50.698049
552,HWP_002,HW_Pump,2023-09-29 06:16:31.653882,Impeller damage,4,CRITICAL,12.434548226551685,12.434548226551685,2023-09-29 18:42:36.027498
552,FCU_001,FCU,2024-04-18 10:48:12.895436,Thermostat failure,1,LOW,1.8059278778394652,1.8059278778394652,2024-04-18 12:36:34.235796
552,FCU_050,FCU,2025-02-14 20:41:15.091879,Valve actuator,2,MEDIUM,2.3048875579868966,2.3048875579868966,2025-02-14 22:59:32.687088
553,HWP_001,HW_Pump,2024-08-17 09:50:38.296621,Bearing wear,3,HIGH,6.611647529999543,6.611647529999543,2024-08-17 16:27:20.227729
553,FCU_039,FCU,2024-10-10 07:54:18.413453,Thermostat failure,1,LOW,1.368228594095463,1.368228594095463,2024-10-10 09:16:24.036392
553,FCU_044,FCU,2024-11-22 03:14:17.252033,Fan motor failure,2,MEDIUM,5.7501392338309625,5.7501392338309625,2024-11-22 08:59:17.753275
553,FCU_018,FCU,2025-01-22 19:46:37.119757,Fan motor failure,2,MEDIUM,4.346752497412646,4.346752497412646,2025-01-23 00:07:25.428748
553,CHWP_003,CHW_Pump,2025-02-07 14:09:43.018437,Bearing wear,3,HIGH,8.16507535678977,8.16507535678977,2025-02-07 22:19:37.289721
553,FCU_014,FCU,2025-02-17 14:27:18.136299,Fan motor failure,2,MEDIUM,3.1104405144908025,3.1104405144908025,2025-02-17 17:33:55.722151
554,FCU_050,FCU,2024-11-07 01:58:48.002345,Thermostat failure,1,LOW,1.79620867502356,1.79620867502356,2024-11-07 03:46:34.353575
554,FCU_012,FCU,2025-03-22 09:21:04.857200,Coil fouling,1,LOW,0.9078358126531896,0.9078358126531896,2025-03-22 10:15:33.066126
555,FCU_029,FCU,2023-12-23 09:49:43.062452,Filter blockage,1,LOW,1.2477433272693343,1.2477433272693343,2023-12-23 11:04:34.938430
555,HP_001,HeatPump,2024-11-28 04:22:04.204973,Refrigerant leak,3,HIGH,11.672808895252807,11.672808895252807,2024-11-28 16:02:26.316996
556,FCU_019,FCU,2023-12-24 14:04:38.228709,Thermostat failure,1,LOW,1.8340144393968094,1.8340144393968094,2023-12-24 15:54:40.680691
556,FCU_025,FCU,2024-04-01 23:03:35.735730,Filter blockage,1,LOW,1.3200331456085839,1.3200331456085839,2024-04-02 00:22:47.855054
556,HWP_001,HW_Pump,2025-02-05 00:00:35.882534,Seal leakage,2,MEDIUM,3.005173473593894,3.005173473593894,2025-02-05 03:00:54.507039
556,CHWP_001,CHW_Pump,2025-03-09 10:45:25.418477,Impeller damage,4,CRITICAL,11.700223114049415,11.700223114049415,2025-03-09 22:27:26.221688
557,FCU_018,FCU,2025-05-18 15:40:24.392158,Coil fouling,1,LOW,2.545505457631022,2.545505457631022,2025-05-18 18:13:08.211805
558,FCU_006,FCU,2024-07-20 17:50:29.910073,Valve actuator,2,MEDIUM,3.2573113984731865,3.2573113984731865,2024-07-20 21:05:56.231108
558,FCU_047,FCU,2024-08-04 22:43:57.316353,Coil fouling,1,LOW,1.9068530553981646,1.9068530553981646,2024-08-05 00:38:21.987352
558,FCU_018,FCU,2025-02-08 04:36:30.411204,Fan motor failure,2,MEDIUM,3.1870760442610617,3.1870760442610617,2025-02-08 07:47:43.884963
559,FCU_013,FCU,2024-05-04 21:33:05.557390,Thermostat failure,1,LOW,1.4801517320240323,1.4801517320240323,2024-05-04 23:01:54.103625
559,HP_001,HeatPump,2025-03-14 21:56:01.393500,Heat exchanger fouling,2,MEDIUM,3.0578981115959953,3.0578981115959953,2025-03-15 00:59:29.826702
560,FCU_009,FCU,2024-03-12 06:53:03.285311,Filter blockage,1,LOW,1.104701444348386,1.104701444348386,2024-03-12 07:59:20.210511
560,FCU_024,FCU,2024-04-30 07:35:33.752787,Fan motor failure,2,MEDIUM,3.3758310138398375,3.3758310138398375,2024-04-30 10:58:06.744437
560,FCU_032,FCU,2024-05-10 12:19:28.401337,Filter blockage,1,LOW,1.2756990324200639,1.2756990324200639,2024-05-10 13:36:00.917854
560,FCU_044,FCU,2024-10-21 21:09:18.386262,Fan motor failure,2,MEDIUM,3.925275544650029,3.925275544650029,2024-10-22 01:04:49.378223
560,FCU_048,FCU,2025-03-15 14:43:52.938607,Coil fouling,1,LOW,2.647484408544285,2.647484408544285,2025-03-15 17:22:43.882478
561,FCU_047,FCU,2024-10-14 11:40:34.856069,Filter blockage,1,LOW,0.6466241031421579,0.6466241031421579,2024-10-14 12:19:22.702840
561,FCU_026,FCU,2024-11-22 02:57:26.699520,Fan motor failure,2,MEDIUM,5.068880143449734,5.068880143449734,2024-11-22 08:01:34.668036
561,CT_001,CoolingTower,2025-01-04 19:19:54.783727,Fan motor failure,4,CRITICAL,9.902536639544788,9.902536639544788,2025-01-05 05:14:03.915629
561,FCU_041,FCU,2025-02-07 23:41:59.032024,Coil fouling,1,LOW,2.1380358586081676,2.1380358586081676,2025-02-08 01:50:15.961115
561,FCU_037,FCU,2025-03-01 16:06:09.185078,Fan motor failure,2,MEDIUM,2.5982327826466363,2.5982327826466363,2025-03-01 18:42:02.823096
561,FCU_025,FCU,2025-04-11 02:09:50.404904,Coil fouling,1,LOW,2.08709188775398,2.08709188775398,2025-04-11 04:15:03.935700
562,FCU_016,FCU,2024-08-28 16:32:22.705937,Coil fouling,1,LOW,1.9136109986089849,1.9136109986089849,2024-08-28 18:27:11.705532
563,FCU_007,FCU,2023-09-05 14:10:22.113018,Thermostat failure,1,LOW,2.358548166273518,2.358548166273518,2023-09-05 16:31:52.886417
563,HWP_001,HW_Pump,2024-06-05 23:04:25.072025,Impeller damage,4,CRITICAL,10.936324814414656,10.936324814414656,2024-06-06 10:00:35.841357
564,CHWP_001,CHW_Pump,2023-11-23 16:58:05.435990,Impeller damage,4,CRITICAL,9.711145486680902,9.711145486680902,2023-11-24 02:40:45.559742
564,CHWP_003,CHW_Pump,2024-02-18 11:55:11.983371,Seal leakage,2,MEDIUM,2.655826120608432,2.655826120608432,2024-02-18 14:34:32.957405
564,FCU_004,FCU,2024-08-16 03:02:13.393313,Valve actuator,2,MEDIUM,2.5198874108974296,2.5198874108974296,2024-08-16 05:33:24.987992
564,FCU_016,FCU,2025-02-13 05:39:46.774149,Filter blockage,1,LOW,0.9147501711238532,0.9147501711238532,2025-02-13 06:34:39.874765
564,FCU_002,FCU,2025-05-05 11:49:16.167709,Filter blockage,1,LOW,1.0151293224445606,1.0151293224445606,2025-05-05 12:50:10.633270
565,HP_001,HeatPump,2023-12-20 22:27:01.217744,Refrigerant leak,3,HIGH,9.712428108757685,9.712428108757685,2023-12-21 08:09:45.958936
565,FCU_047,FCU,2024-10-29 15:09:33.685880,Filter blockage,1,LOW,1.3302003627965844,1.3302003627965844,2024-10-29 16:29:22.407186
565,FCU_045,FCU,2024-12-02 23:52:54.722676,Valve actuator,2,MEDIUM,3.762349144298416,3.762349144298416,2024-12-03 03:38:39.179595
565,FCU_020,FCU,2024-12-21 08:00:56.070543,Thermostat failure,1,LOW,1.72504473893995,1.72504473893995,2024-12-21 09:44:26.231603
565,FCU_012,FCU,2025-03-06 19:19:27.807814,Filter blockage,1,LOW,0.6519999859838062,0.6519999859838062,2025-03-06 19:58:35.007764
565,FCU_038,FCU,2025-03-29 07:04:42.819313,Coil fouling,1,LOW,2.149474918069169,2.149474918069169,2025-03-29 09:13:40.929018
565,FCU_011,FCU,2025-04-05 12:48:58.247221,Filter blockage,1,LOW,1.4648016501209564,1.4648016501209564,2025-04-05 14:16:51.533161
565,FCU_003,FCU,2025-04-07 08:44:23.873487,Filter blockage,1,LOW,1.3348679362363671,1.3348679362363671,2025-04-07 10:04:29.398057
565,CHWP_003,CHW_Pump,2025-04-23 01:00:34.110648,Bearing wear,3,HIGH,6.621569904154163,6.621569904154163,2025-04-23 07:37:51.762303
566,FCU_021,FCU,2024-05-29 12:25:57.295299,Fan motor failure,2,MEDIUM,3.4566236610117627,3.4566236610117627,2024-05-29 15:53:21.140479
566,FCU_025,FCU,2025-01-01 11:41:28.087708,Filter blockage,1,LOW,0.5928188689847554,0.5928188689847554,2025-01-01 12:17:02.235636
566,FCU_049,FCU,2025-01-17 14:25:23.382145,Filter blockage,1,LOW,0.88116152459344,0.88116152459344,2025-01-17 15:18:15.563634
567,FCU_041,FCU,2024-07-31 12:04:16.887121,Filter blockage,1,LOW,1.2192823619287374,1.2192823619287374,2024-07-31 13:17:26.303624
567,HP_002,HeatPump,2025-01-06 08:15:01.297371,Heat exchanger fouling,2,MEDIUM,3.1327536228034414,3.1327536228034414,2025-01-06 11:22:59.210413
567,FCU_042,FCU,2025-04-24 03:16:35.064956,Filter blockage,1,LOW,1.277350511037598,1.277350511037598,2025-04-24 04:33:13.526796
568,FCU_036,FCU,2023-09-09 21:01:09.627287,Fan motor failure,2,MEDIUM,5.273258121129127,5.273258121129127,2023-09-10 02:17:33.356523
568,FCU_014,FCU,2024-07-04 19:39:07.366223,Fan motor failure,2,MEDIUM,4.324437055782114,4.324437055782114,2024-07-04 23:58:35.339624
568,FCU_046,FCU,2025-02-18 20:28:05.143056,Coil fouling,1,LOW,1.4088006067018317,1.4088006067018317,2025-02-18 21:52:36.825240
568,FCU_009,FCU,2025-03-15 17:35:56.563411,Coil fouling,1,LOW,1.5091449293594694,1.5091449293594694,2025-03-15 19:06:29.485157
569,FCU_028,FCU,2024-01-03 17:25:46.014248,Fan motor failure,2,MEDIUM,5.749492969629677,5.749492969629677,2024-01-03 23:10:44.188939
569,FCU_021,FCU,2024-01-27 02:15:23.407677,Fan motor failure,2,MEDIUM,5.689889610229687,5.689889610229687,2024-01-27 07:56:47.010274
569,FCU_024,FCU,2024-03-09 18:09:07.354416,Filter blockage,1,LOW,0.5189158918430267,0.5189158918430267,2024-03-09 18:40:15.451627
569,FCU_036,FCU,2024-04-08 13:56:25.097838,Filter blockage,1,LOW,1.280454212687223,1.280454212687223,2024-04-08 15:13:14.733004
569,FCU_020,FCU,2024-08-07 03:15:54.476802,Filter blockage,1,LOW,0.6334251457146256,0.6334251457146256,2024-08-07 03:53:54.807327
569,FCU_014,FCU,2025-03-09 16:36:38.681669,Valve actuator,2,MEDIUM,4.860151898768162,4.860151898768162,2025-03-09 21:28:15.228505
570,FCU_033,FCU,2023-12-21 21:51:17.102161,Filter blockage,1,LOW,0.7004238922387738,0.7004238922387738,2023-12-21 22:33:18.628173
570,FCU_003,FCU,2024-02-06 09:39:25.516494,Coil fouling,1,LOW,2.308348523059648,2.308348523059648,2024-02-06 11:57:55.571177
570,FCU_022,FCU,2024-09-15 14:52:03.069743,Valve actuator,2,MEDIUM,2.440206971879928,2.440206971879928,2024-09-15 17:18:27.814842
570,FCU_002,FCU,2024-12-18 01:07:35.138856,Valve actuator,2,MEDIUM,3.3869559821813318,3.3869559821813318,2024-12-18 04:30:48.180392
570,FCU_031,FCU,2025-02-18 03:37:32.556703,Valve actuator,2,MEDIUM,3.744899564494216,3.744899564494216,2025-02-18 07:22:14.195135
571,FCU_026,FCU,2023-08-14 17:59:39.457604,Coil fouling,1,LOW,2.711178479937764,2.711178479937764,2023-08-14 20:42:19.700132
571,FCU_033,FCU,2024-01-05 22:40:28.609158,Fan motor failure,2,MEDIUM,3.1931918146657456,3.1931918146657456,2024-01-06 01:52:04.099691
571,FCU_039,FCU,2024-06-16 00:49:04.538520,Coil fouling,1,LOW,2.947998911566819,2.947998911566819,2024-06-16 03:45:57.334602
571,FCU_016,FCU,2025-03-28 11:53:39.758653,Thermostat failure,1,LOW,2.0431144750464485,2.0431144750464485,2025-03-28 13:56:14.970763
572,FCU_048,FCU,2024-08-28 13:08:41.740096,Fan motor failure,2,MEDIUM,3.100455182667512,3.100455182667512,2024-08-28 16:14:43.378754
572,CHWP_003,CHW_Pump,2024-12-06 19:04:39.505392,Seal leakage,2,MEDIUM,3.349602288814772,3.349602288814772,2024-12-06 22:25:38.073632
573,FCU_046,FCU,2024-05-22 20:45:54.270572,Coil fouling,1,LOW,1.3406252666435712,1.3406252666435712,2024-05-22 22:06:20.521532
573,FCU_013,FCU,2024-07-13 06:14:30.047859,Thermostat failure,1,LOW,1.84690838568064,1.84690838568064,2024-07-13 08:05:18.918047
573,FCU_042,FCU,2024-09-29 04:09:46.608710,Fan motor failure,2,MEDIUM,3.0463564853283627,3.0463564853283627,2024-09-29 07:12:33.492057
573,FCU_003,FCU,2024-10-06 01:06:32.248595,Valve actuator,2,MEDIUM,1.6965043492083602,1.6965043492083602,2024-10-06 02:48:19.664252
573,CT_001,CoolingTower,2024-10-13 03:16:50.620990,Fill media degradation,2,MEDIUM,10.089448667200852,10.089448667200852,2024-10-13 13:22:12.636192
573,FCU_012,FCU,2024-11-25 00:15:50.842511,Fan motor failure,2,MEDIUM,3.6660867307776757,3.6660867307776757,2024-11-25 03:55:48.754742
573,FCU_016,FCU,2024-12-21 07:18:32.091111,Filter blockage,1,LOW,0.5404430143916544,0.5404430143916544,2024-12-21 07:50:57.685963
573,FCU_044,FCU,2025-05-10 04:53:45.402955,Filter blockage,1,LOW,1.2599524907312938,1.2599524907312938,2025-05-10 06:09:21.231922
574,FCU_029,FCU,2023-09-02 15:29:39.176281,Fan motor failure,2,MEDIUM,3.8737085341072928,3.8737085341072928,2023-09-02 19:22:04.527004
574,CT_001,CoolingTower,2024-03-05 18:34:23.200658,Water distribution system,3,HIGH,6.375848726553179,6.375848726553179,2024-03-06 00:56:56.256074
574,FCU_005,FCU,2024-06-17 06:20:34.987071,Filter blockage,1,LOW,1.3367039940138892,1.3367039940138892,2024-06-17 07:40:47.121449
574,FCU_036,FCU,2025-01-13 23:40:13.960853,Fan motor failure,2,MEDIUM,3.44360598914021,3.44360598914021,2025-01-14 03:06:50.942414
574,HWP_002,HW_Pump,2025-04-24 02:42:51.517059,Impeller damage,4,CRITICAL,7.548450902756367,7.548450902756367,2025-04-24 10:15:45.940309
574,FCU_045,FCU,2025-05-26 10:19:13.391291,Filter blockage,1,LOW,1.8165611807430062,1.8165611807430062,2025-05-26 12:08:13.011542
575,FCU_044,FCU,2025-02-10 08:38:36.357737,Valve actuator,2,MEDIUM,2.3822119739334138,2.3822119739334138,2025-02-10 11:01:32.320843
575,FCU_015,FCU,2025-03-22 04:50:11.304263,Filter blockage,1,LOW,1.8130738763980303,1.8130738763980303,2025-03-22 06:38:58.370218
575,FCU_021,FCU,2025-04-09 19:40:19.807001,Filter blockage,1,LOW,0.8042090192343706,0.8042090192343706,2025-04-09 20:28:34.959470
576,FCU_004,FCU,2024-04-29 19:07:15.980553,Valve actuator,2,MEDIUM,3.8858200583900793,3.8858200583900793,2024-04-29 23:00:24.932763
576,FCU_035,FCU,2025-04-27 21:08:11.647057,Filter blockage,1,LOW,0.6191609224026869,0.6191609224026869,2025-04-27 21:45:20.626378
576,FCU_013,FCU,2025-05-06 19:07:16.454688,Fan motor failure,2,MEDIUM,3.8510753079681983,3.8510753079681983,2025-05-06 22:58:20.325797
577,CHWP_001,CHW_Pump,2024-10-07 09:03:50.135979,Impeller damage,4,CRITICAL,17.516269157324754,17.516269157324754,2024-10-08 02:34:48.704945
577,CHWP_001,CHW_Pump,2025-02-09 12:05:17.273067,Seal leakage,2,MEDIUM,2.9550854684739423,2.9550854684739423,2025-02-09 15:02:35.580754
577,FCU_033,FCU,2025-02-12 11:38:44.529235,Filter blockage,1,LOW,1.06543927609133,1.06543927609133,2025-02-12 12:42:40.110629
577,FCU_047,FCU,2025-03-04 19:03:17.973090,Valve actuator,2,MEDIUM,3.592276875243091,3.592276875243091,2025-03-04 22:38:50.169841
577,FCU_024,FCU,2025-03-20 18:24:46.604404,Fan motor failure,2,MEDIUM,3.4536875490634027,3.4536875490634027,2025-03-20 21:51:59.879581
577,FCU_021,FCU,2025-05-05 06:29:38.291027,Filter blockage,1,LOW,1.352309052412226,1.352309052412226,2025-05-05 07:50:46.603616
578,CHWP_001,CHW_Pump,2024-01-16 12:44:13.519652,Bearing wear,3,HIGH,8.430214653317575,8.430214653317575,2024-01-16 21:10:02.292404
578,FCU_044,FCU,2024-03-13 07:49:31.481257,Valve actuator,2,MEDIUM,4.758805178651281,4.758805178651281,2024-03-13 12:35:03.179900
578,HP_002,HeatPump,2024-04-02 07:22:32.742699,Compressor degradation,4,CRITICAL,10.63021417518686,10.63021417518686,2024-04-02 18:00:21.513730
578,FCU_005,FCU,2025-01-08 07:48:45.706174,Valve actuator,2,MEDIUM,2.7938184544138074,2.7938184544138074,2025-01-08 10:36:23.452610
578,FCU_016,FCU,2025-02-26 20:59:45.104634,Filter blockage,1,LOW,0.9617045063801557,0.9617045063801557,2025-02-26 21:57:27.240857
578,FCU_029,FCU,2025-05-20 06:46:11.360980,Thermostat failure,1,LOW,2.146307244491511,2.146307244491511,2025-05-20 08:54:58.067060
578,FCU_028,FCU,2025-05-28 06:54:40.950019,Filter blockage,1,LOW,1.2547047488167618,1.2547047488167618,2025-05-28 08:09:57.887115
579,FCU_003,FCU,2024-04-04 04:04:40.689103,Fan motor failure,2,MEDIUM,4.8620213847292915,4.8620213847292915,2024-04-04 08:56:23.966088
579,FCU_001,FCU,2024-08-12 18:36:43.224751,Thermostat failure,1,LOW,3.2230660064614782,3.2230660064614782,2024-08-12 21:50:06.262374
579,FCU_042,FCU,2024-11-07 22:38:03.914654,Coil fouling,1,LOW,1.8114962500084466,1.8114962500084466,2024-11-08 00:26:45.301154
579,FCU_044,FCU,2025-02-13 09:18:14.546186,Fan motor failure,2,MEDIUM,3.5634457959867945,3.5634457959867945,2025-02-13 12:52:02.951052
579,FCU_031,FCU,2025-05-19 06:57:17.478736,Fan motor failure,2,MEDIUM,4.528563238944763,4.528563238944763,2025-05-19 11:29:00.306396
580,FCU_017,FCU,2023-03-06 11:46:42.181458,Filter blockage,1,LOW,1.5353900181810138,1.5353900181810138,2023-03-06 13:18:49.585523
580,FCU_046,FCU,2024-12-04 23:42:15.157334,Fan motor failure,2,MEDIUM,2.3172560573869547,2.3172560573869547,2024-12-05 02:01:17.279141
580,FCU_042,FCU,2025-04-28 00:27:07.905393,Filter blockage,1,LOW,1.00817156546583,1.00817156546583,2025-04-28 01:27:37.323029
580,CHWP_002,CHW_Pump,2025-05-05 23:11:34.401437,Bearing wear,3,HIGH,9.02009935465811,9.02009935465811,2025-05-06 08:12:46.759114
580,FCU_029,FCU,2025-05-12 17:51:53.700460,Filter blockage,1,LOW,1.109913152668324,1.109913152668324,2025-05-12 18:58:29.387810
582,FCU_031,FCU,2024-02-25 02:09:51.926001,Coil fouling,1,LOW,2.2913302803255102,2.2913302803255102,2024-02-25 04:27:20.715010
582,FCU_034,FCU,2025-03-12 20:53:17.635387,Coil fouling,1,LOW,2.0400240454394685,2.0400240454394685,2025-03-12 22:55:41.721951
583,CHWP_003,CHW_Pump,2024-01-03 19:26:59.141422,Bearing wear,3,HIGH,5.6284718342757545,5.6284718342757545,2024-01-04 01:04:41.640025
583,HP_002,HeatPump,2024-12-31 12:12:58.159205,Heat exchanger fouling,2,MEDIUM,3.5057949602844785,3.5057949602844785,2024-12-31 15:43:19.021062
583,CHWP_002,CHW_Pump,2025-03-08 07:28:47.220819,Seal leakage,2,MEDIUM,5.381083672982182,5.381083672982182,2025-03-08 12:51:39.122042
583,HP_002,HeatPump,2025-03-21 02:17:58.327173,Control valve failure,3,HIGH,4.472120455438933,4.472120455438933,2025-03-21 06:46:17.960813
584,FCU_050,FCU,2024-11-19 19:23:03.706823,Fan motor failure,2,MEDIUM,2.848015494812179,2.848015494812179,2024-11-19 22:13:56.562604
584,FCU_033,FCU,2025-05-11 12:09:42.660361,Valve actuator,2,MEDIUM,2.9206538599744216,2.9206538599744216,2025-05-11 15:04:57.014257
585,FCU_040,FCU,2024-06-05 11:09:52.025276,Valve actuator,2,MEDIUM,5.0227709015571484,5.0227709015571484,2024-06-05 16:11:14.000522
586,FCU_008,FCU,2024-02-13 13:39:14.744281,Fan motor failure,2,MEDIUM,4.653725308234355,4.653725308234355,2024-02-13 18:18:28.155391
587,FCU_003,FCU,2024-07-21 07:14:52.720654,Fan motor failure,2,MEDIUM,5.973337474109618,5.973337474109618,2024-07-21 13:13:16.735561
587,FCU_042,FCU,2024-11-16 00:06:24.356914,Filter blockage,1,LOW,0.8488388710915218,0.8488388710915218,2024-11-16 00:57:20.176850
588,FCU_036,FCU,2024-02-01 19:31:12.851122,Filter blockage,1,LOW,1.347673790634895,1.347673790634895,2024-02-01 20:52:04.476768
588,CHWP_002,CHW_Pump,2024-09-17 22:25:45.652782,Impeller damage,4,CRITICAL,7.461183395333658,7.461183395333658,2024-09-18 05:53:25.913005
588,FCU_047,FCU,2024-11-02 10:21:33.973119,Valve actuator,2,MEDIUM,2.007854516147429,2.007854516147429,2024-11-02 12:22:02.249377
588,FCU_017,FCU,2025-01-12 04:47:47.416247,Coil fouling,1,LOW,2.2950069687873227,2.2950069687873227,2025-01-12 07:05:29.441335
588,FCU_020,FCU,2025-02-27 01:06:47.148739,Fan motor failure,2,MEDIUM,5.109355234007434,5.109355234007434,2025-02-27 06:13:20.827581
588,FCU_006,FCU,2025-03-08 09:30:17.134904,Fan motor failure,2,MEDIUM,4.902239499500674,4.902239499500674,2025-03-08 14:24:25.197102
588,FCU_001,FCU,2025-05-04 13:58:27.855602,Valve actuator,2,MEDIUM,2.1975809522258416,2.1975809522258416,2025-05-04 16:10:19.147030
589,FCU_030,FCU,2024-03-15 10:12:35.209426,Coil fouling,1,LOW,2.503239778217377,2.503239778217377,2024-03-15 12:42:46.872628
589,FCU_037,FCU,2024-05-31 17:28:03.718801,Filter blockage,1,LOW,0.7223784215461664,0.7223784215461664,2024-05-31 18:11:24.281119
589,FCU_028,FCU,2024-11-28 07:58:57.579396,Thermostat failure,1,LOW,2.147740653559208,2.147740653559208,2024-11-28 10:07:49.445749
590,FCU_041,FCU,2024-12-20 01:35:27.235483,Valve actuator,2,MEDIUM,5.495511531757331,5.495511531757331,2024-12-20 07:05:11.076997
590,HP_001,HeatPump,2024-12-23 17:17:35.909389,Sensor malfunction,1,LOW,1.7470076254556197,1.7470076254556197,2024-12-23 19:02:25.136841
590,FCU_006,FCU,2025-03-23 17:15:14.362319,Fan motor failure,2,MEDIUM,5.354868491280261,5.354868491280261,2025-03-23 22:36:31.888888
591,FCU_040,FCU,2023-09-24 03:25:43.719867,Coil fouling,1,LOW,1.820427387368244,1.820427387368244,2023-09-24 05:14:57.258462
591,CT_001,CoolingTower,2024-01-28 09:28:37.618193,Drift eliminator damage,2,MEDIUM,4.579031176948021,4.579031176948021,2024-01-28 14:03:22.130430
591,FCU_044,FCU,2024-10-29 00:23:44.315706,Fan motor failure,2,MEDIUM,3.164444706124407,3.164444706124407,2024-10-29 03:33:36.316648
591,FCU_002,FCU,2025-01-29 07:05:01.917127,Filter blockage,1,LOW,0.7908459291719021,0.7908459291719021,2025-01-29 07:52:28.962472
591,FCU_001,FCU,2025-02-11 21:51:25.922460,Valve actuator,2,MEDIUM,6.352439626804166,6.352439626804166,2025-02-12 04:12:34.705116
591,FCU_032,FCU,2025-05-13 16:24:27.180960,Fan motor failure,2,MEDIUM,3.073636801443963,3.073636801443963,2025-05-13 19:28:52.273445
592,FCU_034,FCU,2023-06-19 17:27:14.184334,Thermostat failure,1,LOW,1.4506484099217576,1.4506484099217576,2023-06-19 18:54:16.518610
592,FCU_013,FCU,2024-06-23 19:49:25.326605,Fan motor failure,2,MEDIUM,4.260555937511507,4.260555937511507,2024-06-24 00:05:03.327980
592,FCU_039,FCU,2024-10-30 01:32:43.768165,Fan motor failure,2,MEDIUM,2.7997673486609593,2.7997673486609593,2024-10-30 04:20:42.930620
592,HWP_001,HW_Pump,2025-03-25 21:21:00.030699,Motor overheating,3,HIGH,7.137028536326955,7.137028536326955,2025-03-26 04:29:13.333430
593,HP_001,HeatPump,2024-09-09 06:55:18.137666,Refrigerant leak,3,HIGH,4.219799428584228,4.219799428584228,2024-09-09 11:08:29.415609
593,FCU_001,FCU,2024-09-17 05:30:14.156341,Fan motor failure,2,MEDIUM,3.6242241875717602,3.6242241875717602,2024-09-17 09:07:41.363416
593,FCU_026,FCU,2024-09-29 09:13:42.741961,Coil fouling,1,LOW,2.068135210892929,2.068135210892929,2024-09-29 11:17:48.028720
593,FCU_028,FCU,2025-03-29 05:30:51.246920,Valve actuator,2,MEDIUM,3.154183949777229,3.154183949777229,2025-03-29 08:40:06.309139
593,FCU_040,FCU,2025-05-01 22:04:03.832383,Valve actuator,2,MEDIUM,3.6621276846301036,3.6621276846301036,2025-05-02 01:43:47.492048
594,FCU_043,FCU,2024-10-24 23:34:01.262855,Thermostat failure,1,LOW,2.047355135422564,2.047355135422564,2024-10-25 01:36:51.741343
594,FCU_007,FCU,2025-02-25 02:54:06.511171,Filter blockage,1,LOW,0.6673996785011493,0.6673996785011493,2025-02-25 03:34:09.150014
594,FCU_021,FCU,2025-04-22 09:20:20.837095,Fan motor failure,2,MEDIUM,3.502244904427683,3.502244904427683,2025-04-22 12:50:28.918751
595,FCU_047,FCU,2024-09-03 16:03:58.261923,Coil fouling,1,LOW,1.441265925169529,1.441265925169529,2024-09-03 17:30:26.819254
596,HP_001,HeatPump,2024-09-12 07:18:16.654113,Compressor degradation,4,CRITICAL,14.336278309972291,14.336278309972291,2024-09-12 21:38:27.256029
596,FCU_039,FCU,2024-10-11 00:16:51.865392,Thermostat failure,1,LOW,1.4118472726461215,1.4118472726461215,2024-10-11 01:41:34.515574
596,HP_002,HeatPump,2024-10-31 01:25:35.593173,Control valve failure,3,HIGH,4.855221704571714,4.855221704571714,2024-10-31 06:16:54.391309
597,FCU_021,FCU,2024-12-23 22:45:42.639337,Fan motor failure,2,MEDIUM,4.042072288528623,4.042072288528623,2024-12-24 02:48:14.099576
597,FCU_039,FCU,2025-04-07 09:31:56.121081,Filter blockage,1,LOW,1.1134533837355967,1.1134533837355967,2025-04-07 10:38:44.553262
597,FCU_038,FCU,2025-05-01 04:09:27.312907,Fan motor failure,2,MEDIUM,3.099579035098645,3.099579035098645,2025-05-01 07:15:25.797433
598,FCU_026,FCU,2023-12-22 15:59:51.581743,Fan motor failure,2,MEDIUM,3.9487800491548626,3.9487800491548626,2023-12-22 19:56:47.189920
598,FCU_027,FCU,2025-01-29 21:04:45.169170,Fan motor failure,2,MEDIUM,6.401281777688502,6.401281777688502,2025-01-30 03:28:49.783570
599,FCU_033,FCU,2025-04-09 05:15:32.262095,Fan motor failure,2,MEDIUM,3.976501009766128,3.976501009766128,2025-04-09 09:14:07.665730
600,HP_002,HeatPump,2023-05-07 07:39:59.119756,Heat exchanger fouling,2,MEDIUM,3.792072278026775,3.792072278026775,2023-05-07 11:27:30.579957
600,CHWP_002,CHW_Pump,2023-10-18 09:09:51.196071,Seal leakage,2,MEDIUM,4.130685477446171,4.130685477446171,2023-10-18 13:17:41.663790
600,CHWP_003,CHW_Pump,2024-01-14 22:43:31.935637,Impeller damage,4,CRITICAL,7.311863618700681,7.311863618700681,2024-01-15 06:02:14.644664
600,FCU_046,FCU,2025-03-31 15:18:20.528437,Filter blockage,1,LOW,0.8771125346566497,0.8771125346566497,2025-03-31 16:10:58.133562
601,FCU_022,FCU,2024-03-08 13:06:30.945762,Fan motor failure,2,MEDIUM,4.74974639761832,4.74974639761832,2024-03-08 17:51:30.032793
601,FCU_030,FCU,2024-05-08 17:10:14.159091,Coil fouling,1,LOW,2.2193578404234224,2.2193578404234224,2024-05-08 19:23:23.847317
601,FCU_044,FCU,2024-12-16 08:52:47.601547,Filter blockage,1,LOW,1.0933540224032132,1.0933540224032132,2024-12-16 09:58:23.676028
601,FCU_023,FCU,2025-02-08 06:23:41.288425,Coil fouling,1,LOW,1.7491738641871846,1.7491738641871846,2025-02-08 08:08:38.314336
602,FCU_041,FCU,2024-09-14 09:57:57.322845,Coil fouling,1,LOW,2.0907055819086575,2.0907055819086575,2024-09-14 12:03:23.862940
602,FCU_034,FCU,2024-10-12 01:21:32.711161,Fan motor failure,2,MEDIUM,5.827502647557823,5.827502647557823,2024-10-12 07:11:11.720692
602,FCU_029,FCU,2025-03-13 06:03:18.038392,Fan motor failure,2,MEDIUM,4.0184258120377745,4.0184258120377745,2025-03-13 10:04:24.371315
602,CHWP_002,CHW_Pump,2025-04-02 08:08:20.269581,Seal leakage,2,MEDIUM,3.7884705428439833,3.7884705428439833,2025-04-02 11:55:38.763535
603,FCU_026,FCU,2023-08-30 05:09:38.184382,Filter blockage,1,LOW,1.0136855159417986,1.0136855159417986,2023-08-30 06:10:27.452239
603,HP_002,HeatPump,2023-10-15 13:15:11.161192,Refrigerant leak,3,HIGH,6.869172405766897,6.869172405766897,2023-10-15 20:07:20.181853
603,FCU_040,FCU,2024-03-02 02:21:13.663680,Fan motor failure,2,MEDIUM,2.851653753596445,2.851653753596445,2024-03-02 05:12:19.617193
603,FCU_027,FCU,2025-01-09 02:44:23.200480,Valve actuator,2,MEDIUM,5.981125476844066,5.981125476844066,2025-01-09 08:43:15.252197
603,FCU_035,FCU,2025-02-24 01:44:52.052490,Fan motor failure,2,MEDIUM,6.032445841085811,6.032445841085811,2025-02-24 07:46:48.857518
604,FCU_017,FCU,2024-04-28 02:33:45.681981,Fan motor failure,2,MEDIUM,3.3403873217814373,3.3403873217814373,2024-04-28 05:54:11.076339
604,HP_001,HeatPump,2024-06-07 05:21:04.403492,Compressor degradation,4,CRITICAL,9.377353380782608,9.377353380782608,2024-06-07 14:43:42.875663
604,FCU_012,FCU,2024-10-04 11:22:08.515465,Thermostat failure,1,LOW,1.8460385049824595,1.8460385049824595,2024-10-04 13:12:54.254083
604,FCU_031,FCU,2025-03-04 21:20:35.590692,Fan motor failure,2,MEDIUM,5.276238939077864,5.276238939077864,2025-03-05 02:37:10.050873
604,FCU_025,FCU,2025-03-26 17:34:07.577103,Coil fouling,1,LOW,1.6921151537328836,1.6921151537328836,2025-03-26 19:15:39.191656
604,FCU_039,FCU,2025-04-08 03:36:51.477084,Coil fouling,1,LOW,1.9017501015374163,1.9017501015374163,2025-04-08 05:30:57.777450
605,FCU_002,FCU,2024-06-26 13:57:03.665022,Coil fouling,1,LOW,1.5395882747851415,1.5395882747851415,2024-06-26 15:29:26.182811
605,FCU_041,FCU,2024-12-28 17:42:27.398372,Coil fouling,1,LOW,1.8288103137105018,1.8288103137105018,2024-12-28 19:32:11.115501
605,HP_002,HeatPump,2025-02-12 13:27:12.771204,Control valve failure,3,HIGH,2.412392133471245,2.412392133471245,2025-02-12 15:51:57.382884
606,FCU_003,FCU,2025-01-12 02:45:54.584302,Filter blockage,1,LOW,0.9079318307444891,0.9079318307444891,2025-01-12 03:40:23.138893
606,FCU_002,FCU,2025-02-06 13:27:19.711000,Thermostat failure,1,LOW,2.4532582833965932,2.4532582833965932,2025-02-06 15:54:31.440820
606,FCU_049,FCU,2025-02-23 18:20:24.703220,Fan motor failure,2,MEDIUM,5.452858130708743,5.452858130708743,2025-02-23 23:47:34.992491
606,FCU_020,FCU,2025-02-25 16:19:58.408796,Coil fouling,1,LOW,3.002161386868222,3.002161386868222,2025-02-25 19:20:06.189789
607,FCU_027,FCU,2024-03-18 03:57:07.242361,Thermostat failure,1,LOW,1.8253964561895777,1.8253964561895777,2024-03-18 05:46:38.669603
607,FCU_048,FCU,2024-06-14 04:56:39.697731,Valve actuator,2,MEDIUM,3.362090654366564,3.362090654366564,2024-06-14 08:18:23.224087
607,HP_002,HeatPump,2024-12-03 00:09:05.407831,Control valve failure,3,HIGH,2.0378684319360034,2.0378684319360034,2024-12-03 02:11:21.734186
607,FCU_003,FCU,2024-12-27 23:33:08.267982,Fan motor failure,2,MEDIUM,4.656371090892409,4.656371090892409,2024-12-28 04:12:31.203909
607,FCU_022,FCU,2025-02-25 06:13:46.076144,Thermostat failure,1,LOW,1.328167338700734,1.328167338700734,2025-02-25 07:33:27.478563
607,FCU_030,FCU,2025-04-24 22:56:52.102600,Coil fouling,1,LOW,2.729641655543211,2.729641655543211,2025-04-25 01:40:38.812560
607,FCU_034,FCU,2025-05-09 20:25:38.458638,Fan motor failure,2,MEDIUM,3.853396107775165,3.853396107775165,2025-05-10 00:16:50.684626
608,FCU_045,FCU,2024-03-13 15:42:09.188231,Filter blockage,1,LOW,1.2736237515832005,1.2736237515832005,2024-03-13 16:58:34.233737
608,FCU_005,FCU,2024-06-02 05:30:18.842585,Coil fouling,1,LOW,1.5981368694280362,1.5981368694280362,2024-06-02 07:06:12.135315
608,FCU_030,FCU,2024-10-24 00:14:26.604403,Fan motor failure,2,MEDIUM,4.963950936677596,4.963950936677596,2024-10-24 05:12:16.827775
608,FCU_010,FCU,2025-02-05 20:13:29.926080,Coil fouling,1,LOW,2.063033456032591,2.063033456032591,2025-02-05 22:17:16.846522
609,FCU_041,FCU,2024-04-08 16:12:55.943710,Coil fouling,1,LOW,2.3601754381171016,2.3601754381171016,2024-04-08 18:34:32.575287
609,FCU_016,FCU,2024-07-09 22:14:07.891049,Fan motor failure,2,MEDIUM,4.643464032714868,4.643464032714868,2024-07-10 02:52:44.361567
609,HP_002,HeatPump,2024-08-04 20:40:17.026586,Compressor degradation,4,CRITICAL,11.047701300664595,11.047701300664595,2024-08-05 07:43:08.751268
609,CHWP_003,CHW_Pump,2024-10-09 17:14:02.698743,Impeller damage,4,CRITICAL,12.340446005209861,12.340446005209861,2024-10-10 05:34:28.304362
609,FCU_003,FCU,2024-11-24 03:02:05.858760,Filter blockage,1,LOW,1.511850362045089,1.511850362045089,2024-11-24 04:32:48.520063
610,HP_002,HeatPump,2024-03-18 19:15:29.593487,Control valve failure,3,HIGH,4.062220041409901,4.062220041409901,2024-03-18 23:19:13.585636
610,CHWP_003,CHW_Pump,2024-03-27 09:26:37.571087,Motor overheating,3,HIGH,7.981987690270218,7.981987690270218,2024-03-27 17:25:32.726772
610,FCU_001,FCU,2024-08-30 03:04:34.124789,Filter blockage,1,LOW,0.8178038298831339,0.8178038298831339,2024-08-30 03:53:38.218577
610,FCU_034,FCU,2024-09-25 00:37:04.455586,Thermostat failure,1,LOW,2.4827860922619616,2.4827860922619616,2024-09-25 03:06:02.485518
610,FCU_031,FCU,2024-09-28 00:06:36.605422,Filter blockage,1,LOW,1.0986651927215307,1.0986651927215307,2024-09-28 01:12:31.800116
610,FCU_015,FCU,2024-10-10 02:57:38.276385,Filter blockage,1,LOW,2.2783174578509717,2.2783174578509717,2024-10-10 05:14:20.219233
610,FCU_013,FCU,2024-10-31 15:01:08.882947,Valve actuator,2,MEDIUM,1.799679874105205,1.799679874105205,2024-10-31 16:49:07.730494
610,FCU_016,FCU,2025-03-22 18:15:08.059465,Fan motor failure,2,MEDIUM,3.766676587736979,3.766676587736979,2025-03-22 22:01:08.095181
610,FCU_048,FCU,2025-05-11 19:50:21.177624,Fan motor failure,2,MEDIUM,3.22723531735468,3.22723531735468,2025-05-11 23:03:59.224766
611,FCU_038,FCU,2024-01-26 18:51:14.552467,Fan motor failure,2,MEDIUM,5.147157247526889,5.147157247526889,2024-01-27 00:00:04.318558
611,FCU_012,FCU,2024-03-17 23:23:01.521543,Filter blockage,1,LOW,1.0402947049341655,1.0402947049341655,2024-03-18 00:25:26.582481
611,FCU_004,FCU,2024-06-26 00:44:06.703446,Fan motor failure,2,MEDIUM,4.905774785467971,4.905774785467971,2024-06-26 05:38:27.492674
612,FCU_006,FCU,2024-09-10 04:13:14.324222,Coil fouling,1,LOW,3.9157968504501612,3.9157968504501612,2024-09-10 08:08:11.192884
612,HWP_002,HW_Pump,2024-10-16 11:30:13.326329,Seal leakage,2,MEDIUM,3.82027700240293,3.82027700240293,2024-10-16 15:19:26.323538
612,FCU_007,FCU,2025-03-13 04:46:19.099990,Coil fouling,1,LOW,2.638567651215925,2.638567651215925,2025-03-13 07:24:37.943534
613,FCU_029,FCU,2024-02-14 04:25:41.497303,Coil fouling,1,LOW,1.2819490153518163,1.2819490153518163,2024-02-14 05:42:36.513758
613,FCU_034,FCU,2024-05-25 22:58:38.687649,Filter blockage,1,LOW,0.7901344393300622,0.7901344393300622,2024-05-25 23:46:03.171631
613,FCU_019,FCU,2025-01-24 01:03:44.602849,Filter blockage,1,LOW,1.2415550770315074,1.2415550770315074,2025-01-24 02:18:14.201126
614,FCU_018,FCU,2023-08-26 03:12:44.978017,Coil fouling,1,LOW,1.5786712133274452,1.5786712133274452,2023-08-26 04:47:28.194385
614,CHWP_001,CHW_Pump,2024-03-11 01:21:08.521114,Seal leakage,2,MEDIUM,4.915291951079999,4.915291951079999,2024-03-11 06:16:03.572138
614,FCU_002,FCU,2024-10-13 20:32:59.548584,Coil fouling,1,LOW,2.5702634277366077,2.5702634277366077,2024-10-13 23:07:12.496924
614,FCU_036,FCU,2025-03-05 17:00:16.156571,Fan motor failure,2,MEDIUM,3.71130961804485,3.71130961804485,2025-03-05 20:42:56.871196
614,FCU_022,FCU,2025-05-02 02:36:32.824714,Fan motor failure,2,MEDIUM,5.331983636889367,5.331983636889367,2025-05-02 07:56:27.965807
614,FCU_005,FCU,2025-05-09 00:45:03.414931,Coil fouling,1,LOW,1.6245838831002841,1.6245838831002841,2025-05-09 02:22:31.916910
615,FCU_006,FCU,2024-05-03 00:41:26.149471,Valve actuator,2,MEDIUM,5.2699996804161255,5.2699996804161255,2024-05-03 05:57:38.148320
615,FCU_039,FCU,2024-09-08 17:40:03.436771,Fan motor failure,2,MEDIUM,4.152744569009842,4.152744569009842,2024-09-08 21:49:13.317219
615,FCU_027,FCU,2025-02-06 13:33:44.230156,Fan motor failure,2,MEDIUM,3.9574959087015955,3.9574959087015955,2025-02-06 17:31:11.215427
616,FCU_047,FCU,2024-02-08 08:07:57.440833,Valve actuator,2,MEDIUM,1.978277161116299,1.978277161116299,2024-02-08 10:06:39.238613
616,FCU_042,FCU,2024-03-20 07:10:51.304491,Coil fouling,1,LOW,2.6291235372034443,2.6291235372034443,2024-03-20 09:48:36.149225
616,FCU_033,FCU,2024-11-08 20:17:54.454783,Thermostat failure,1,LOW,2.6637698819573155,2.6637698819573155,2024-11-08 22:57:44.026358
616,FCU_045,FCU,2025-03-01 06:25:21.701836,Coil fouling,1,LOW,1.7208442822190815,1.7208442822190815,2025-03-01 08:08:36.741252
616,FCU_009,FCU,2025-04-19 10:40:27.156433,Fan motor failure,2,MEDIUM,4.201063924062675,4.201063924062675,2025-04-19 14:52:30.986560
617,FCU_005,FCU,2024-04-18 15:44:34.392613,Fan motor failure,2,MEDIUM,3.261842746432382,3.261842746432382,2024-04-18 19:00:17.026500
617,FCU_029,FCU,2025-02-03 03:43:35.526318,Fan motor failure,2,MEDIUM,4.802798760490252,4.802798760490252,2025-02-03 08:31:45.601856
617,FCU_047,FCU,2025-02-21 04:18:45.378048,Coil fouling,1,LOW,2.4012068804291014,2.4012068804291014,2025-02-21 06:42:49.722818
617,HP_002,HeatPump,2025-03-22 04:04:02.061424,Heat exchanger fouling,2,MEDIUM,5.145051666647999,5.145051666647999,2025-03-22 09:12:44.247424
617,FCU_003,FCU,2025-05-04 17:19:16.278986,Coil fouling,1,LOW,1.6411404401887268,1.6411404401887268,2025-05-04 18:57:44.384571
617,FCU_019,FCU,2025-05-11 18:10:00.219267,Coil fouling,1,LOW,2.0648427600150314,2.0648427600150314,2025-05-11 20:13:53.653203
618,FCU_018,FCU,2024-02-15 22:56:30.423981,Valve actuator,2,MEDIUM,3.2190163281366417,3.2190163281366417,2024-02-16 02:09:38.882762
618,HP_001,HeatPump,2024-05-29 02:56:28.432667,Compressor degradation,4,CRITICAL,13.793356525408504,13.793356525408504,2024-05-29 16:44:04.516158
618,FCU_044,FCU,2025-01-30 12:58:08.494911,Valve actuator,2,MEDIUM,3.103794052243962,3.103794052243962,2025-01-30 16:04:22.153499
618,FCU_032,FCU,2025-04-12 19:08:46.453707,Valve actuator,2,MEDIUM,2.83648858675523,2.83648858675523,2025-04-12 21:58:57.812619
618,FCU_013,FCU,2025-05-04 15:27:48.412509,Fan motor failure,2,MEDIUM,5.587914304788132,5.587914304788132,2025-05-04 21:03:04.904006
619,CT_001,CoolingTower,2023-08-08 16:45:38.465261,Drift eliminator damage,2,MEDIUM,4.613942896689959,4.613942896689959,2023-08-08 21:22:28.659689
620,FCU_013,FCU,2023-10-12 10:09:49.101921,Filter blockage,1,LOW,1.1141363470848615,1.1141363470848615,2023-10-12 11:16:39.992771
620,FCU_003,FCU,2023-11-24 12:00:25.098730,Fan motor failure,2,MEDIUM,5.977153012144401,5.977153012144401,2023-11-24 17:59:02.849574
620,CHWP_003,CHW_Pump,2024-11-30 13:39:34.901713,Motor overheating,3,HIGH,6.030807554917095,6.030807554917095,2024-11-30 19:41:25.808911
620,FCU_034,FCU,2025-05-07 05:25:30.866202,Filter blockage,1,LOW,0.6787070371371076,0.6787070371371076,2025-05-07 06:06:14.211536
621,FCU_012,FCU,2024-09-27 08:47:05.972451,Valve actuator,2,MEDIUM,3.6778238933225955,3.6778238933225955,2024-09-27 12:27:46.138467
621,FCU_010,FCU,2024-10-04 17:54:32.032093,Fan motor failure,2,MEDIUM,3.4687742496887104,3.4687742496887104,2024-10-04 21:22:39.619392
621,FCU_036,FCU,2025-01-29 22:40:47.663656,Fan motor failure,2,MEDIUM,3.466031576338376,3.466031576338376,2025-01-30 02:08:45.377331
622,FCU_039,FCU,2024-06-01 07:45:27.841429,Valve actuator,2,MEDIUM,2.7618412833943924,2.7618412833943924,2024-06-01 10:31:10.470049
622,FCU_038,FCU,2024-08-23 22:15:20.603031,Fan motor failure,2,MEDIUM,2.8551526569228503,2.8551526569228503,2024-08-24 01:06:39.152596
622,FCU_041,FCU,2025-03-28 13:14:00.126711,Coil fouling,1,LOW,1.9126716730512565,1.9126716730512565,2025-03-28 15:08:45.744734
623,FCU_032,FCU,2023-12-01 23:34:41.341531,Filter blockage,1,LOW,1.4193177119314673,1.4193177119314673,2023-12-02 00:59:50.885294
623,FCU_009,FCU,2024-02-06 04:53:42.557789,Fan motor failure,2,MEDIUM,4.136158353145839,4.136158353145839,2024-02-06 09:01:52.727860
623,FCU_024,FCU,2024-08-10 04:21:23.066411,Fan motor failure,2,MEDIUM,3.609243110657157,3.609243110657157,2024-08-10 07:57:56.341609
623,FCU_048,FCU,2025-01-27 22:59:22.269037,Valve actuator,2,MEDIUM,3.761256072913457,3.761256072913457,2025-01-28 02:45:02.790899
623,FCU_034,FCU,2025-02-20 03:37:26.473045,Valve actuator,2,MEDIUM,2.4776953649822815,2.4776953649822815,2025-02-20 06:06:06.176359
623,FCU_029,FCU,2025-03-03 06:14:31.909195,Valve actuator,2,MEDIUM,5.248812764351638,5.248812764351638,2025-03-03 11:29:27.635147
624,FCU_050,FCU,2023-10-15 18:39:31.254567,Fan motor failure,2,MEDIUM,5.650709647766266,5.650709647766266,2023-10-16 00:18:33.809299
624,FCU_044,FCU,2024-02-21 04:12:35.135028,Valve actuator,2,MEDIUM,1.9184435006883194,1.9184435006883194,2024-02-21 06:07:41.531630
624,HP_001,HeatPump,2024-12-17 13:43:03.165898,Control valve failure,3,HIGH,2.818832375804241,2.818832375804241,2024-12-17 16:32:10.962451
625,FCU_030,FCU,2024-02-08 11:48:09.219813,Fan motor failure,2,MEDIUM,4.737727870167103,4.737727870167103,2024-02-08 16:32:25.040146
625,FCU_001,FCU,2024-06-05 14:16:30.323873,Thermostat failure,1,LOW,1.9688112702613725,1.9688112702613725,2024-06-05 16:14:38.044446
625,FCU_048,FCU,2024-09-05 08:37:10.575932,Valve actuator,2,MEDIUM,3.9715159687076738,3.9715159687076738,2024-09-05 12:35:28.033419
625,FCU_042,FCU,2024-09-28 19:49:55.621356,Coil fouling,1,LOW,2.4681144773769814,2.4681144773769814,2024-09-28 22:18:00.833475
625,CHWP_002,CHW_Pump,2024-11-01 19:26:52.023944,Motor overheating,3,HIGH,3.637362826933569,3.637362826933569,2024-11-01 23:05:06.530121
625,HP_001,HeatPump,2024-11-23 20:41:13.171958,Compressor degradation,4,CRITICAL,11.309603754839525,11.309603754839525,2024-11-24 07:59:47.745475
625,FCU_032,FCU,2025-02-27 13:09:48.605483,Filter blockage,1,LOW,1.4657009053154968,1.4657009053154968,2025-02-27 14:37:45.128742
626,FCU_016,FCU,2024-04-17 00:30:01.871383,Filter blockage,1,LOW,0.5657838319106425,0.5657838319106425,2024-04-17 01:03:58.693178
626,FCU_047,FCU,2024-06-28 06:52:06.438520,Coil fouling,1,LOW,2.2434647854132073,2.2434647854132073,2024-06-28 09:06:42.911747
626,HP_001,HeatPump,2024-09-01 21:44:44.839606,Control valve failure,3,HIGH,2.3053145244570064,2.3053145244570064,2024-09-02 00:03:03.971894
626,CHWP_002,CHW_Pump,2025-02-20 23:31:52.472676,Motor overheating,3,HIGH,7.509168136810137,7.509168136810137,2025-02-21 07:02:25.477969
626,FCU_015,FCU,2025-03-12 11:58:13.524879,Fan motor failure,2,MEDIUM,4.168303992566384,4.168303992566384,2025-03-12 16:08:19.419252
626,FCU_013,FCU,2025-05-02 09:42:09.222673,Fan motor failure,2,MEDIUM,3.4798947905393662,3.4798947905393662,2025-05-02 13:10:56.843919
627,FCU_025,FCU,2024-01-21 23:18:53.953050,Thermostat failure,1,LOW,1.5563456566911893,1.5563456566911893,2024-01-22 00:52:16.797414
627,CHWP_002,CHW_Pump,2024-11-12 06:29:32.749532,Bearing wear,3,HIGH,9.286186137997646,9.286186137997646,2024-11-12 15:46:43.019629
627,FCU_047,FCU,2025-01-29 14:17:06.824861,Filter blockage,1,LOW,1.2334998594927387,1.2334998594927387,2025-01-29 15:31:07.424355
628,HWP_002,HW_Pump,2025-05-12 20:59:16.976545,Seal leakage,2,MEDIUM,6.021247477765083,6.021247477765083,2025-05-13 03:00:33.467465
629,FCU_020,FCU,2024-10-28 19:45:14.633529,Fan motor failure,2,MEDIUM,4.3929444554884265,4.3929444554884265,2024-10-29 00:08:49.233569
629,FCU_016,FCU,2024-12-15 21:27:37.316738,Filter blockage,1,LOW,1.1835530592105388,1.1835530592105388,2024-12-15 22:38:38.107751
629,FCU_037,FCU,2025-01-26 10:16:01.847167,Coil fouling,1,LOW,1.489255563350067,1.489255563350067,2025-01-26 11:45:23.167195
629,FCU_017,FCU,2025-05-14 21:23:46.875173,Fan motor failure,2,MEDIUM,3.776409089584022,3.776409089584022,2025-05-15 01:10:21.947896
630,HP_002,HeatPump,2024-06-08 05:41:07.243910,Sensor malfunction,1,LOW,2.2889126782946625,2.2889126782946625,2024-06-08 07:58:27.329552
630,FCU_035,FCU,2024-08-17 22:07:08.742031,Coil fouling,1,LOW,2.3433535214716255,2.3433535214716255,2024-08-18 00:27:44.814708
630,HP_002,HeatPump,2024-10-29 05:58:40.940930,Control valve failure,3,HIGH,2.2861610677022943,2.2861610677022943,2024-10-29 08:15:51.120774
630,FCU_042,FCU,2024-10-30 12:27:57.031719,Thermostat failure,1,LOW,2.0691428351239463,2.0691428351239463,2024-10-30 14:32:05.945925
630,FCU_022,FCU,2024-11-19 06:51:37.951260,Filter blockage,1,LOW,1.2207263989392194,1.2207263989392194,2024-11-19 08:04:52.566296
630,FCU_046,FCU,2025-01-11 18:27:30.703813,Filter blockage,1,LOW,1.2296890627316066,1.2296890627316066,2025-01-11 19:41:17.584439
630,FCU_017,FCU,2025-03-01 17:32:05.653507,Filter blockage,1,LOW,1.1771126829460192,1.1771126829460192,2025-03-01 18:42:43.259166
630,FCU_031,FCU,2025-04-14 14:52:15.718704,Fan motor failure,2,MEDIUM,3.276679150087233,3.276679150087233,2025-04-14 18:08:51.763644
631,HP_001,HeatPump,2023-10-25 15:39:43.789891,Compressor degradation,4,CRITICAL,15.838966097845748,15.838966097845748,2023-10-26 07:30:04.067843
631,FCU_027,FCU,2024-05-29 07:12:48.993534,Coil fouling,1,LOW,1.201726310079877,1.201726310079877,2024-05-29 08:24:55.208250
632,FCU_035,FCU,2024-02-25 07:56:33.236973,Filter blockage,1,LOW,1.3896559344300192,1.3896559344300192,2024-02-25 09:19:55.998337
632,FCU_041,FCU,2025-03-26 09:36:47.082740,Coil fouling,1,LOW,1.3373451107322858,1.3373451107322858,2025-03-26 10:57:01.525139
633,FCU_015,FCU,2025-03-16 18:31:24.029236,Fan motor failure,2,MEDIUM,5.481737478289435,5.481737478289435,2025-03-17 00:00:18.284158
634,FCU_042,FCU,2023-10-05 18:38:17.064334,Valve actuator,2,MEDIUM,4.150832541503475,4.150832541503475,2023-10-05 22:47:20.061483
634,FCU_040,FCU,2024-06-20 15:56:57.200622,Fan motor failure,2,MEDIUM,1.5380611964317263,1.5380611964317263,2024-06-20 17:29:14.220929
634,CHWP_003,CHW_Pump,2024-09-19 09:11:27.216057,Bearing wear,3,HIGH,6.372520940960888,6.372520940960888,2024-09-19 15:33:48.291444
634,FCU_008,FCU,2025-03-28 09:21:17.172690,Filter blockage,1,LOW,1.1707850764405474,1.1707850764405474,2025-03-28 10:31:31.998965
634,FCU_019,FCU,2025-05-26 06:40:07.390155,Fan motor failure,2,MEDIUM,3.448320832072113,3.448320832072113,2025-05-26 10:07:01.345150
635,FCU_032,FCU,2024-07-24 10:19:34.903588,Coil fouling,1,LOW,1.518030027367072,1.518030027367072,2024-07-24 11:50:39.811687
635,FCU_033,FCU,2024-08-03 02:57:32.265191,Coil fouling,1,LOW,1.6332401864635882,1.6332401864635882,2024-08-03 04:35:31.929862
635,HWP_001,HW_Pump,2025-01-11 07:09:50.554814,Seal leakage,2,MEDIUM,3.8821186024759915,3.8821186024759915,2025-01-11 11:02:46.181783
635,FCU_001,FCU,2025-01-28 18:50:25.666741,Fan motor failure,2,MEDIUM,3.10808312873845,3.10808312873845,2025-01-28 21:56:54.766004
635,FCU_014,FCU,2025-03-25 16:43:05.067247,Fan motor failure,2,MEDIUM,3.2475809281695014,3.2475809281695014,2025-03-25 19:57:56.358588
636,FCU_035,FCU,2024-10-20 02:54:59.350433,Fan motor failure,2,MEDIUM,3.453212850587458,3.453212850587458,2024-10-20 06:22:10.916695
636,FCU_018,FCU,2024-11-23 02:26:53.946241,Coil fouling,1,LOW,2.011553037544873,2.011553037544873,2024-11-23 04:27:35.537176
636,FCU_010,FCU,2024-12-08 10:37:26.267450,Filter blockage,1,LOW,0.9714717889434736,0.9714717889434736,2024-12-08 11:35:43.565890
636,FCU_021,FCU,2025-01-30 15:45:27.361076,Fan motor failure,2,MEDIUM,3.8097429009761234,3.8097429009761234,2025-01-30 19:34:02.435520
636,FCU_037,FCU,2025-05-24 17:50:16.329048,Thermostat failure,1,LOW,1.4272038899476978,1.4272038899476978,2025-05-24 19:15:54.263052
637,FCU_041,FCU,2023-11-04 17:40:48.242005,Fan motor failure,2,MEDIUM,4.451547542650109,4.451547542650109,2023-11-04 22:07:53.813159
637,HWP_001,HW_Pump,2024-02-09 16:21:26.117204,Seal leakage,2,MEDIUM,4.272527263630079,4.272527263630079,2024-02-09 20:37:47.215353
637,FCU_022,FCU,2025-04-25 03:37:11.188501,Valve actuator,2,MEDIUM,3.357418299873964,3.357418299873964,2025-04-25 06:58:37.894381
637,FCU_031,FCU,2025-05-20 12:26:59.855271,Fan motor failure,2,MEDIUM,2.1804190684481943,2.1804190684481943,2025-05-20 14:37:49.363917
638,FCU_001,FCU,2024-04-12 12:31:50.306478,Coil fouling,1,LOW,2.1696043326242727,2.1696043326242727,2024-04-12 14:42:00.882075
638,FCU_017,FCU,2024-12-26 16:42:01.463268,Coil fouling,1,LOW,2.457742788059195,2.457742788059195,2024-12-26 19:09:29.337305
638,FCU_014,FCU,2025-02-12 08:13:00.052198,Coil fouling,1,LOW,2.181437361300027,2.181437361300027,2025-02-12 10:23:53.226699
638,FCU_027,FCU,2025-02-14 16:56:30.169149,Fan motor failure,2,MEDIUM,2.83280567921965,2.83280567921965,2025-02-14 19:46:28.269594
638,FCU_048,FCU,2025-03-17 11:55:13.911847,Coil fouling,1,LOW,2.013131153088114,2.013131153088114,2025-03-17 13:56:01.183998
638,FCU_002,FCU,2025-03-28 05:47:11.172157,Coil fouling,1,LOW,2.840546814079565,2.840546814079565,2025-03-28 08:37:37.140688
639,FCU_027,FCU,2023-10-19 04:06:16.552699,Thermostat failure,1,LOW,1.720904813795213,1.720904813795213,2023-10-19 05:49:31.810029
639,FCU_018,FCU,2024-09-21 04:39:13.285951,Filter blockage,1,LOW,1.0669134481354754,1.0669134481354754,2024-09-21 05:43:14.174364
639,HP_001,HeatPump,2024-11-09 09:49:09.687118,Heat exchanger fouling,2,MEDIUM,3.4409771037244514,3.4409771037244514,2024-11-09 13:15:37.204691
639,CT_001,CoolingTower,2025-03-09 11:39:02.066414,Fill media degradation,2,MEDIUM,8.04067172562122,8.04067172562122,2025-03-09 19:41:28.484626
639,FCU_014,FCU,2025-04-04 21:34:43.907741,Fan motor failure,2,MEDIUM,3.682919565335332,3.682919565335332,2025-04-05 01:15:42.418176
640,CHWP_001,CHW_Pump,2024-01-07 07:59:58.534931,Bearing wear,3,HIGH,9.580252692137284,9.580252692137284,2024-01-07 17:34:47.444623
640,FCU_021,FCU,2024-02-12 17:53:14.386804,Coil fouling,1,LOW,1.32258131242181,1.32258131242181,2024-02-12 19:12:35.679529
640,FCU_012,FCU,2024-09-15 00:25:47.808743,Fan motor failure,2,MEDIUM,2.8498937350698137,2.8498937350698137,2024-09-15 03:16:47.426189
640,FCU_033,FCU,2025-02-06 09:18:58.170923,Thermostat failure,1,LOW,1.4510995834461256,1.4510995834461256,2025-02-06 10:46:02.129423
640,FCU_002,FCU,2025-03-31 21:33:25.743533,Fan motor failure,2,MEDIUM,3.5823235475354274,3.5823235475354274,2025-04-01 01:08:22.108304
641,FCU_026,FCU,2023-11-05 06:22:52.113269,Coil fouling,1,LOW,2.6098280770961266,2.6098280770961266,2023-11-05 08:59:27.494347
641,FCU_016,FCU,2024-06-17 08:01:55.039423,Coil fouling,1,LOW,1.4991394114663312,1.4991394114663312,2024-06-17 09:31:51.941304
641,HWP_001,HW_Pump,2024-08-11 20:34:08.397609,Impeller damage,4,CRITICAL,11.194157273824793,11.194157273824793,2024-08-12 07:45:47.363795
641,FCU_029,FCU,2025-04-02 13:34:01.844331,Fan motor failure,2,MEDIUM,6.978723165213147,6.978723165213147,2025-04-02 20:32:45.247726
642,FCU_003,FCU,2024-04-14 18:17:37.401930,Fan motor failure,2,MEDIUM,4.849777991248771,4.849777991248771,2024-04-14 23:08:36.602698
642,FCU_017,FCU,2025-02-01 22:40:18.202183,Filter blockage,1,LOW,0.6682146143526865,0.6682146143526865,2025-02-01 23:20:23.774795
642,HP_002,HeatPump,2025-02-12 05:19:37.915570,Compressor degradation,4,CRITICAL,8.881809257758722,8.881809257758722,2025-02-12 14:12:32.428898
642,CHWP_003,CHW_Pump,2025-05-16 05:38:51.359932,Bearing wear,3,HIGH,9.864361698505682,9.864361698505682,2025-05-16 15:30:43.062047
642,FCU_035,FCU,2025-05-24 03:23:03.968829,Filter blockage,1,LOW,0.8954456119534266,0.8954456119534266,2025-05-24 04:16:47.573032
643,CT_001,CoolingTower,2024-01-03 20:40:34.306668,Fill media degradation,2,MEDIUM,7.138882692566517,7.138882692566517,2024-01-04 03:48:54.284361
643,FCU_043,FCU,2024-06-25 08:59:53.488948,Coil fouling,1,LOW,2.04878656087534,2.04878656087534,2024-06-25 11:02:49.120567
643,CHWP_001,CHW_Pump,2024-07-30 21:55:54.740614,Motor overheating,3,HIGH,7.109083086792053,7.109083086792053,2024-07-31 05:02:27.439726
643,FCU_025,FCU,2025-04-26 13:47:55.313405,Valve actuator,2,MEDIUM,2.892152678723779,2.892152678723779,2025-04-26 16:41:27.063048
644,FCU_002,FCU,2024-04-14 15:20:52.448283,Filter blockage,1,LOW,0.9306095617928717,0.9306095617928717,2024-04-14 16:16:42.642705
644,FCU_020,FCU,2024-04-17 21:04:39.516226,Fan motor failure,2,MEDIUM,3.4150199968654937,3.4150199968654937,2024-04-18 00:29:33.588215
644,FCU_028,FCU,2024-10-10 12:37:52.439799,Filter blockage,1,LOW,1.0406064372431576,1.0406064372431576,2024-10-10 13:40:18.622973
644,FCU_005,FCU,2025-01-03 20:55:37.202332,Coil fouling,1,LOW,2.491938847807837,2.491938847807837,2025-01-03 23:25:08.182184
645,FCU_043,FCU,2024-05-23 20:57:00.230778,Fan motor failure,2,MEDIUM,5.348016345182493,5.348016345182493,2024-05-24 02:17:53.089621
645,FCU_037,FCU,2025-01-31 15:53:16.724818,Filter blockage,1,LOW,1.4018901498352436,1.4018901498352436,2025-01-31 17:17:23.529357
646,FCU_045,FCU,2023-12-28 06:25:12.522182,Valve actuator,2,MEDIUM,2.281316976012563,2.281316976012563,2023-12-28 08:42:05.263296
646,FCU_026,FCU,2024-05-03 23:15:12.118646,Coil fouling,1,LOW,2.048053991506177,2.048053991506177,2024-05-04 01:18:05.113015
646,FCU_044,FCU,2024-09-08 08:17:01.745822,Filter blockage,1,LOW,0.7329693154584936,0.7329693154584936,2024-09-08 09:01:00.435358
646,FCU_038,FCU,2024-12-05 09:08:29.669841,Fan motor failure,2,MEDIUM,3.7483782557890826,3.7483782557890826,2024-12-05 12:53:23.831562
646,FCU_018,FCU,2025-03-14 12:36:07.136449,Coil fouling,1,LOW,1.9832906472505072,1.9832906472505072,2025-03-14 14:35:06.982779
647,FCU_043,FCU,2024-03-23 11:01:55.706137,Valve actuator,2,MEDIUM,3.058225345385168,3.058225345385168,2024-03-23 14:05:25.317380
647,FCU_032,FCU,2024-10-11 05:38:15.158077,Valve actuator,2,MEDIUM,3.5128771481914027,3.5128771481914027,2024-10-11 09:09:01.515810
647,FCU_041,FCU,2024-11-20 23:29:18.605242,Coil fouling,1,LOW,2.323328938075913,2.323328938075913,2024-11-21 01:48:42.589419
647,FCU_009,FCU,2025-01-31 04:24:29.112260,Filter blockage,1,LOW,1.2722487748598348,1.2722487748598348,2025-01-31 05:40:49.207849
647,CHWP_001,CHW_Pump,2025-04-05 13:12:01.133532,Bearing wear,3,HIGH,7.994749792630684,7.994749792630684,2025-04-05 21:11:42.232785
648,FCU_016,FCU,2024-11-21 23:42:09.593454,Valve actuator,2,MEDIUM,3.5885106526176607,3.5885106526176607,2024-11-22 03:17:28.231803
649,HWP_001,HW_Pump,2023-08-27 13:27:26.795081,Bearing wear,3,HIGH,8.960523484890219,8.960523484890219,2023-08-27 22:25:04.679627
649,FCU_039,FCU,2024-07-05 02:08:44.607165,Coil fouling,1,LOW,1.8841198490420292,1.8841198490420292,2024-07-05 04:01:47.438622
649,CHWP_001,CHW_Pump,2024-07-19 23:53:01.168456,Impeller damage,4,CRITICAL,9.351640120087373,9.351640120087373,2024-07-20 09:14:07.072888
649,FCU_004,FCU,2024-12-22 04:05:46.953067,Filter blockage,1,LOW,0.895914640010429,0.895914640010429,2024-12-22 04:59:32.245771
649,FCU_010,FCU,2025-02-27 18:24:21.047301,Thermostat failure,1,LOW,1.9108963445481768,1.9108963445481768,2025-02-27 20:19:00.274141
650,FCU_022,FCU,2023-12-19 17:37:45.976509,Fan motor failure,2,MEDIUM,3.9799552308849058,3.9799552308849058,2023-12-19 21:36:33.815340
650,FCU_037,FCU,2024-06-10 14:47:36.700066,Fan motor failure,2,MEDIUM,6.579809138641496,6.579809138641496,2024-06-10 21:22:24.012965
650,CHWP_001,CHW_Pump,2024-12-11 04:26:31.115279,Bearing wear,3,HIGH,5.616913683911963,5.616913683911963,2024-12-11 10:03:32.004541
650,FCU_017,FCU,2025-01-09 09:47:45.271395,Fan motor failure,2,MEDIUM,5.037674477688267,5.037674477688267,2025-01-09 14:50:00.899515
651,FCU_019,FCU,2024-01-11 14:48:51.242175,Fan motor failure,2,MEDIUM,3.7476457294850056,3.7476457294850056,2024-01-11 18:33:42.766801
651,FCU_035,FCU,2024-09-29 01:05:18.067270,Fan motor failure,2,MEDIUM,4.364059804722046,4.364059804722046,2024-09-29 05:27:08.682567
651,FCU_047,FCU,2024-10-21 10:25:26.233114,Fan motor failure,2,MEDIUM,4.145144764735719,4.145144764735719,2024-10-21 14:34:08.754267
651,FCU_050,FCU,2025-03-30 23:28:55.492531,Coil fouling,1,LOW,3.1270992788654826,3.1270992788654826,2025-03-31 02:36:33.049935
652,FCU_032,FCU,2023-07-02 02:15:48.187612,Fan motor failure,2,MEDIUM,3.2924881457856423,3.2924881457856423,2023-07-02 05:33:21.144937
652,FCU_050,FCU,2024-08-05 01:44:21.283753,Valve actuator,2,MEDIUM,2.6598954462487145,2.6598954462487145,2024-08-05 04:23:56.907359
652,CHWP_003,CHW_Pump,2025-02-11 09:36:01.517582,Impeller damage,4,CRITICAL,14.04686389075773,14.04686389075773,2025-02-11 23:38:50.227589
653,FCU_030,FCU,2023-05-06 15:12:47.666846,Coil fouling,1,LOW,2.151834551547517,2.151834551547517,2023-05-06 17:21:54.271232
653,FCU_024,FCU,2023-09-28 15:22:09.453935,Thermostat failure,1,LOW,1.9473638031032179,1.9473638031032179,2023-09-28 17:18:59.963626
653,FCU_006,FCU,2023-11-01 21:42:20.544442,Coil fouling,1,LOW,1.802189798815838,1.802189798815838,2023-11-01 23:30:28.427718
653,FCU_022,FCU,2024-10-22 01:57:53.451056,Filter blockage,1,LOW,1.3228968993371695,1.3228968993371695,2024-10-22 03:17:15.879894
653,FCU_004,FCU,2024-11-16 14:45:55.413661,Filter blockage,1,LOW,0.80975204231411,0.80975204231411,2024-11-16 15:34:30.521013
654,FCU_028,FCU,2023-09-25 20:57:34.686898,Fan motor failure,2,MEDIUM,4.346854992334349,4.346854992334349,2023-09-26 01:18:23.364870
654,HWP_002,HW_Pump,2024-08-02 05:56:11.883260,Bearing wear,3,HIGH,6.814258102308206,6.814258102308206,2024-08-02 12:45:03.212428
654,HP_001,HeatPump,2024-10-01 23:25:21.632288,Heat exchanger fouling,2,MEDIUM,5.006494967721135,5.006494967721135,2024-10-02 04:25:45.014172
654,FCU_028,FCU,2024-10-11 16:52:44.598710,Coil fouling,1,LOW,1.27796099900591,1.27796099900591,2024-10-11 18:09:25.258306
654,FCU_006,FCU,2025-03-04 13:20:33.736999,Filter blockage,1,LOW,0.6271359784363209,0.6271359784363209,2025-03-04 13:58:11.426521
654,FCU_037,FCU,2025-04-10 00:45:46.832194,Valve actuator,2,MEDIUM,2.749437889548837,2.749437889548837,2025-04-10 03:30:44.808596
654,FCU_044,FCU,2025-05-21 17:21:33.553324,Thermostat failure,1,LOW,2.1886120006321694,2.1886120006321694,2025-05-21 19:32:52.556526
655,FCU_018,FCU,2024-03-01 23:13:08.149516,Fan motor failure,2,MEDIUM,3.6411742095039688,3.6411742095039688,2024-03-02 02:51:36.376670
655,FCU_041,FCU,2024-05-05 16:25:27.237940,Filter blockage,1,LOW,0.5081975383252896,0.5081975383252896,2024-05-05 16:55:56.749078
655,FCU_025,FCU,2024-12-18 02:34:47.435726,Filter blockage,1,LOW,0.9294173645174183,0.9294173645174183,2024-12-18 03:30:33.338238
655,HP_002,HeatPump,2025-01-28 18:09:58.247544,Heat exchanger fouling,2,MEDIUM,5.113684870955521,5.113684870955521,2025-01-28 23:16:47.513079
655,FCU_005,FCU,2025-02-09 16:52:15.712907,Filter blockage,1,LOW,0.8822636984121497,0.8822636984121497,2025-02-09 17:45:11.862221
656,FCU_008,FCU,2023-12-24 19:56:59.243653,Filter blockage,1,LOW,1.0370917855547763,1.0370917855547763,2023-12-24 20:59:12.774081
656,HP_002,HeatPump,2024-10-28 06:16:40.373251,Sensor malfunction,1,LOW,2.3555001304471106,2.3555001304471106,2024-10-28 08:38:00.173721
656,FCU_003,FCU,2025-01-24 03:11:59.923567,Coil fouling,1,LOW,2.2906302857270346,2.2906302857270346,2025-01-24 05:29:26.192596
656,FCU_050,FCU,2025-03-10 03:52:06.188686,Fan motor failure,2,MEDIUM,3.307168696971255,3.307168696971255,2025-03-10 07:10:31.995995
657,FCU_050,FCU,2023-04-26 04:14:46.357604,Fan motor failure,2,MEDIUM,4.549075642098136,4.549075642098136,2023-04-26 08:47:43.029916
657,FCU_008,FCU,2024-07-29 17:04:38.339664,Coil fouling,1,LOW,2.211797009465688,2.211797009465688,2024-07-29 19:17:20.808898
658,FCU_042,FCU,2024-06-10 13:07:36.929401,Valve actuator,2,MEDIUM,3.71782947106566,3.71782947106566,2024-06-10 16:50:41.115497
658,FCU_025,FCU,2024-11-01 00:58:19.148712,Coil fouling,1,LOW,1.7756778486792795,1.7756778486792795,2024-11-01 02:44:51.588967
658,FCU_048,FCU,2025-04-28 21:13:17.553082,Filter blockage,1,LOW,1.3913321404731793,1.3913321404731793,2025-04-28 22:36:46.348788
658,HP_001,HeatPump,2025-05-02 04:49:23.482303,Heat exchanger fouling,2,MEDIUM,5.42746013704642,5.42746013704642,2025-05-02 10:15:02.338796
658,FCU_003,FCU,2025-05-26 00:52:52.102440,Fan motor failure,2,MEDIUM,4.328387479184323,4.328387479184323,2025-05-26 05:12:34.297365
659,FCU_037,FCU,2024-08-28 02:40:33.404165,Filter blockage,1,LOW,0.9368130909693047,0.9368130909693047,2024-08-28 03:36:45.931292
659,FCU_012,FCU,2025-02-04 10:38:54.589543,Fan motor failure,2,MEDIUM,3.125785754123026,3.125785754123026,2025-02-04 13:46:27.418258
659,FCU_015,FCU,2025-02-17 19:57:02.802961,Fan motor failure,2,MEDIUM,6.449712873409209,6.449712873409209,2025-02-18 02:24:01.769305
659,FCU_008,FCU,2025-05-22 03:58:05.646949,Filter blockage,1,LOW,1.6460213927076313,1.6460213927076313,2025-05-22 05:36:51.323963
660,FCU_018,FCU,2023-12-10 04:47:23.739975,Fan motor failure,2,MEDIUM,3.3699429637878033,3.3699429637878033,2023-12-10 08:09:35.534645
660,FCU_009,FCU,2024-02-21 18:20:33.684848,Valve actuator,2,MEDIUM,1.7862548556992643,1.7862548556992643,2024-02-21 20:07:44.202329
660,FCU_020,FCU,2024-04-12 13:14:25.782447,Coil fouling,1,LOW,2.497121137714258,2.497121137714258,2024-04-12 15:44:15.418543
660,CHWP_002,CHW_Pump,2024-07-08 05:31:57.300250,Motor overheating,3,HIGH,2.9383184951735077,2.9383184951735077,2024-07-08 08:28:15.246833
660,FCU_019,FCU,2024-10-06 02:48:46.363018,Coil fouling,1,LOW,1.400707384610069,1.400707384610069,2024-10-06 04:12:48.909603
660,FCU_010,FCU,2025-01-05 12:04:03.772558,Fan motor failure,2,MEDIUM,4.496353047222391,4.496353047222391,2025-01-05 16:33:50.643528
660,FCU_033,FCU,2025-01-10 19:52:03.263061,Filter blockage,1,LOW,1.0262091919004632,1.0262091919004632,2025-01-10 20:53:37.616152
660,FCU_004,FCU,2025-01-11 13:28:43.655086,Filter blockage,1,LOW,1.405119988522786,1.405119988522786,2025-01-11 14:53:02.087045
661,FCU_034,FCU,2023-05-23 16:32:30.259725,Fan motor failure,2,MEDIUM,4.716343444618843,4.716343444618843,2023-05-23 21:15:29.096126
661,FCU_030,FCU,2024-05-19 00:59:22.251965,Valve actuator,2,MEDIUM,2.219941636384976,2.219941636384976,2024-05-19 03:12:34.041856
661,FCU_035,FCU,2024-12-08 15:37:45.660603,Fan motor failure,2,MEDIUM,6.078119016303068,6.078119016303068,2024-12-08 21:42:26.889062
662,FCU_030,FCU,2024-10-24 22:12:50.268889,Fan motor failure,2,MEDIUM,5.0214819269560484,5.0214819269560484,2024-10-25 03:14:07.603826
662,FCU_044,FCU,2024-11-03 07:55:45.134275,Valve actuator,2,MEDIUM,3.0268400338100014,3.0268400338100014,2024-11-03 10:57:21.758397
662,FCU_024,FCU,2024-12-28 10:31:02.151526,Thermostat failure,1,LOW,2.1720042680546747,2.1720042680546747,2024-12-28 12:41:21.366891
662,FCU_002,FCU,2025-01-20 13:44:11.561972,Fan motor failure,2,MEDIUM,5.9768750896628715,5.9768750896628715,2025-01-20 19:42:48.312295
662,HWP_002,HW_Pump,2025-01-26 03:35:14.990077,Impeller damage,4,CRITICAL,9.96349443467819,9.96349443467819,2025-01-26 13:33:03.570042
663,FCU_034,FCU,2024-05-13 12:34:37.505751,Coil fouling,1,LOW,2.893726445210865,2.893726445210865,2024-05-13 15:28:14.920954
663,CHWP_003,CHW_Pump,2024-09-15 16:29:25.296433,VFD malfunction,2,MEDIUM,3.32107294529895,3.32107294529895,2024-09-15 19:48:41.159036
663,FCU_001,FCU,2025-02-16 03:29:01.731937,Fan motor failure,2,MEDIUM,3.1119456839151107,3.1119456839151107,2025-02-16 06:35:44.736399
664,FCU_045,FCU,2024-05-09 11:47:01.033774,Fan motor failure,2,MEDIUM,5.117568306828755,5.117568306828755,2024-05-09 16:54:04.279679
664,FCU_038,FCU,2024-07-12 18:03:42.254159,Filter blockage,1,LOW,1.6248385093964224,1.6248385093964224,2024-07-12 19:41:11.672793
664,FCU_023,FCU,2025-02-12 21:23:40.112882,Valve actuator,2,MEDIUM,2.6747456584945035,2.6747456584945035,2025-02-13 00:04:09.197253
664,FCU_050,FCU,2025-04-22 16:38:16.737575,Valve actuator,2,MEDIUM,1.8316404253736231,1.8316404253736231,2025-04-22 18:28:10.643106
664,FCU_010,FCU,2025-05-21 19:32:51.574337,Filter blockage,1,LOW,0.6295460576033385,0.6295460576033385,2025-05-21 20:10:37.940144
665,FCU_049,FCU,2023-10-26 01:31:18.701684,Filter blockage,1,LOW,1.2644038736396923,1.2644038736396923,2023-10-26 02:47:10.555629
665,FCU_048,FCU,2024-01-29 07:06:55.815783,Fan motor failure,2,MEDIUM,4.653059438247023,4.653059438247023,2024-01-29 11:46:06.829761
665,FCU_032,FCU,2024-07-11 03:43:04.327400,Fan motor failure,2,MEDIUM,6.008060833478771,6.008060833478771,2024-07-11 09:43:33.346401
665,FCU_003,FCU,2025-01-20 03:58:22.713725,Fan motor failure,2,MEDIUM,3.0171125902313016,3.0171125902313016,2025-01-20 06:59:24.319050
666,FCU_043,FCU,2024-02-09 07:50:47.806642,Filter blockage,1,LOW,0.9523906734261364,0.9523906734261364,2024-02-09 08:47:56.413066
666,FCU_018,FCU,2024-06-13 09:53:01.191052,Filter blockage,1,LOW,1.2094125872591115,1.2094125872591115,2024-06-13 11:05:35.076366
666,FCU_011,FCU,2024-10-07 11:39:43.414224,Filter blockage,1,LOW,0.8829133801379718,0.8829133801379718,2024-10-07 12:32:41.902392
666,FCU_009,FCU,2025-04-29 03:26:54.707932,Valve actuator,2,MEDIUM,3.414349585746439,3.414349585746439,2025-04-29 06:51:46.366441
667,FCU_016,FCU,2024-04-11 11:01:41.752728,Filter blockage,1,LOW,0.8081274658550514,0.8081274658550514,2024-04-11 11:50:11.011605
668,CT_001,CoolingTower,2023-10-21 22:11:45.436762,Fan motor failure,4,CRITICAL,15.155132413847522,15.155132413847522,2023-10-22 13:21:03.913452
668,FCU_021,FCU,2025-01-23 01:28:42.913119,Coil fouling,1,LOW,1.9045295473452748,1.9045295473452748,2025-01-23 03:22:59.219489
669,FCU_010,FCU,2023-06-29 15:37:46.696348,Filter blockage,1,LOW,0.7854285445323747,0.7854285445323747,2023-06-29 16:24:54.239108
669,HP_002,HeatPump,2023-10-02 07:36:16.806493,Heat exchanger fouling,2,MEDIUM,6.021681197745965,6.021681197745965,2023-10-02 13:37:34.858805
669,CT_001,CoolingTower,2024-04-13 09:52:22.887607,Drift eliminator damage,2,MEDIUM,3.6338460286286858,3.6338460286286858,2024-04-13 13:30:24.733310
669,FCU_042,FCU,2024-06-23 02:48:56.970786,Thermostat failure,1,LOW,2.7857728144027027,2.7857728144027027,2024-06-23 05:36:05.752918
669,FCU_045,FCU,2024-10-10 09:31:23.887859,Coil fouling,1,LOW,2.384363874942179,2.384363874942179,2024-10-10 11:54:27.597809
669,FCU_007,FCU,2024-12-30 16:08:17.514576,Fan motor failure,2,MEDIUM,4.533952102037404,4.533952102037404,2024-12-30 20:40:19.742143
669,FCU_044,FCU,2025-03-07 20:21:56.639648,Coil fouling,1,LOW,2.496037503027408,2.496037503027408,2025-03-07 22:51:42.374659
669,FCU_017,FCU,2025-05-08 07:47:57.383067,Valve actuator,2,MEDIUM,2.221957930206183,2.221957930206183,2025-05-08 10:01:16.431616
670,FCU_001,FCU,2023-12-17 03:15:22.328488,Filter blockage,1,LOW,0.8007144748641174,0.8007144748641174,2023-12-17 04:03:24.900598
670,FCU_035,FCU,2024-12-27 21:46:00.107856,Filter blockage,1,LOW,0.9780184563334136,0.9780184563334136,2024-12-27 22:44:40.974299
670,FCU_050,FCU,2025-04-11 14:07:16.332046,Fan motor failure,2,MEDIUM,3.868584636712697,3.868584636712697,2025-04-11 17:59:23.236738
671,FCU_023,FCU,2024-04-16 10:52:14.353431,Filter blockage,1,LOW,0.569786805125971,0.569786805125971,2024-04-16 11:26:25.585929
671,FCU_003,FCU,2024-07-02 03:02:28.462616,Coil fouling,1,LOW,1.6180743393773838,1.6180743393773838,2024-07-02 04:39:33.530238
671,FCU_045,FCU,2024-11-23 00:54:26.272962,Fan motor failure,2,MEDIUM,4.282844707661164,4.282844707661164,2024-11-23 05:11:24.513910
671,FCU_029,FCU,2025-01-21 09:01:41.163409,Fan motor failure,2,MEDIUM,6.078023284898369,6.078023284898369,2025-01-21 15:06:22.047235
671,FCU_031,FCU,2025-01-28 12:27:22.989770,Filter blockage,1,LOW,0.782597987994713,0.782597987994713,2025-01-28 13:14:20.342527
671,FCU_035,FCU,2025-02-21 18:13:50.988539,Coil fouling,1,LOW,1.9191681173350363,1.9191681173350363,2025-02-21 20:08:59.993761
672,FCU_011,FCU,2023-12-06 22:22:55.887039,Fan motor failure,2,MEDIUM,3.163056959531117,3.163056959531117,2023-12-07 01:32:42.892093
672,FCU_023,FCU,2023-12-28 01:14:18.233493,Valve actuator,2,MEDIUM,2.3043606638605056,2.3043606638605056,2023-12-28 03:32:33.931883
672,FCU_007,FCU,2024-02-11 15:02:48.598093,Fan motor failure,2,MEDIUM,4.992570275423951,4.992570275423951,2024-02-11 20:02:21.851085
672,FCU_029,FCU,2024-06-02 21:32:54.114333,Fan motor failure,2,MEDIUM,2.331902073536185,2.331902073536185,2024-06-02 23:52:48.961798
673,FCU_043,FCU,2024-08-23 14:26:19.426488,Fan motor failure,2,MEDIUM,2.674485701666188,2.674485701666188,2024-08-23 17:06:47.575014
673,FCU_013,FCU,2024-09-17 23:03:56.114998,Fan motor failure,2,MEDIUM,4.844455497010404,4.844455497010404,2024-09-18 03:54:36.154787
673,FCU_005,FCU,2024-10-27 16:26:41.003107,Valve actuator,2,MEDIUM,1.7372178507307758,1.7372178507307758,2024-10-27 18:10:54.987370
673,HP_002,HeatPump,2024-12-27 01:46:22.893546,Compressor degradation,4,CRITICAL,28.093483811089847,28.093483811089847,2024-12-28 05:51:59.435266
674,FCU_034,FCU,2023-11-30 10:18:53.199035,Coil fouling,1,LOW,1.804547686353946,1.804547686353946,2023-11-30 12:07:09.570706
674,FCU_027,FCU,2024-02-16 16:03:57.473583,Filter blockage,1,LOW,0.7799216854134944,0.7799216854134944,2024-02-16 16:50:45.191650
674,HP_002,HeatPump,2024-02-19 10:38:26.458232,Control valve failure,3,HIGH,2.9362788099831016,2.9362788099831016,2024-02-19 13:34:37.061948
674,FCU_004,FCU,2024-12-30 16:11:19.384296,Filter blockage,1,LOW,1.071516650953207,1.071516650953207,2024-12-30 17:15:36.844239
674,FCU_002,FCU,2025-02-09 03:44:16.065989,Filter blockage,1,LOW,0.7712993488380333,0.7712993488380333,2025-02-09 04:30:32.743645
674,FCU_033,FCU,2025-04-22 17:07:31.980097,Fan motor failure,2,MEDIUM,3.374484665620332,3.374484665620332,2025-04-22 20:30:00.124893
674,FCU_023,FCU,2025-04-28 15:38:03.840283,Filter blockage,1,LOW,0.9470927222550629,0.9470927222550629,2025-04-28 16:34:53.374083
674,FCU_031,FCU,2025-05-08 14:52:31.385980,Fan motor failure,2,MEDIUM,2.525055255007401,2.525055255007401,2025-05-08 17:24:01.584898
675,FCU_041,FCU,2024-06-10 03:34:36.569804,Filter blockage,1,LOW,0.9234862417610407,0.9234862417610407,2024-06-10 04:30:01.120274
675,FCU_024,FCU,2024-09-14 02:03:46.224553,Filter blockage,1,LOW,1.3775838347502252,1.3775838347502252,2024-09-14 03:26:25.526358
675,FCU_028,FCU,2024-12-23 19:02:52.315165,Filter blockage,1,LOW,0.8112988858826587,0.8112988858826587,2024-12-23 19:51:32.991154
675,FCU_014,FCU,2025-03-26 20:43:01.291016,Valve actuator,2,MEDIUM,3.020145088242618,3.020145088242618,2025-03-26 23:44:13.813334
675,HWP_001,HW_Pump,2025-03-28 02:48:46.869371,Impeller damage,4,CRITICAL,11.991853471007689,11.991853471007689,2025-03-28 14:48:17.541867
676,FCU_019,FCU,2024-06-08 14:11:20.404825,Filter blockage,1,LOW,0.6188579098071768,0.6188579098071768,2024-06-08 14:48:28.293300
676,FCU_023,FCU,2024-08-03 15:05:57.406543,Filter blockage,1,LOW,0.9948469315331999,0.9948469315331999,2024-08-03 16:05:38.855497
676,FCU_035,FCU,2025-03-26 16:31:09.263246,Fan motor failure,2,MEDIUM,4.9448947997226,4.9448947997226,2025-03-26 21:27:50.884525
677,FCU_014,FCU,2024-10-10 16:03:24.063969,Thermostat failure,1,LOW,2.999410369578206,2.999410369578206,2024-10-10 19:03:21.941299
677,CHWP_001,CHW_Pump,2025-02-21 00:45:43.037992,Seal leakage,2,MEDIUM,7.239311786326325,7.239311786326325,2025-02-21 08:00:04.560423
677,FCU_018,FCU,2025-05-04 10:19:30.894596,Fan motor failure,2,MEDIUM,3.4023671427424964,3.4023671427424964,2025-05-04 13:43:39.416310
678,FCU_008,FCU,2023-12-28 17:58:49.968851,Filter blockage,1,LOW,0.6466101001458873,0.6466101001458873,2023-12-28 18:37:37.765212
678,FCU_041,FCU,2024-08-14 10:21:50.308417,Coil fouling,1,LOW,3.2730139517113415,3.2730139517113415,2024-08-14 13:38:13.158643
678,CHWP_002,CHW_Pump,2024-09-04 19:49:51.844947,VFD malfunction,2,MEDIUM,2.50511936877773,2.50511936877773,2024-09-04 22:20:10.274675
678,FCU_012,FCU,2024-11-13 23:42:36.942791,Thermostat failure,1,LOW,1.8862523290639983,1.8862523290639983,2024-11-14 01:35:47.451176
678,FCU_040,FCU,2025-02-15 05:35:53.893093,Valve actuator,2,MEDIUM,1.9361600934596508,1.9361600934596508,2025-02-15 07:32:04.069429
678,FCU_042,FCU,2025-03-27 16:27:30.045390,Coil fouling,1,LOW,1.8677325773107603,1.8677325773107603,2025-03-27 18:19:33.882668
678,HP_001,HeatPump,2025-04-02 07:25:57.413389,Refrigerant leak,3,HIGH,4.140140712403577,4.140140712403577,2025-04-02 11:34:21.919954
679,FCU_006,FCU,2024-07-11 04:15:53.976601,Fan motor failure,2,MEDIUM,3.780595931585508,3.780595931585508,2024-07-11 08:02:44.121955
679,FCU_009,FCU,2024-07-18 16:06:22.183802,Filter blockage,1,LOW,1.5686164163038883,1.5686164163038883,2024-07-18 17:40:29.202901
679,FCU_041,FCU,2024-12-10 04:10:48.661030,Fan motor failure,2,MEDIUM,2.9262298111206215,2.9262298111206215,2024-12-10 07:06:23.088350
679,FCU_004,FCU,2025-02-02 03:48:24.735898,Fan motor failure,2,MEDIUM,4.547620039535614,4.547620039535614,2025-02-02 08:21:16.168040
679,FCU_027,FCU,2025-02-10 05:53:05.906199,Filter blockage,1,LOW,1.105781199625468,1.105781199625468,2025-02-10 06:59:26.718518
679,FCU_007,FCU,2025-03-07 16:01:16.706578,Coil fouling,1,LOW,2.5168220792718015,2.5168220792718015,2025-03-07 18:32:17.266063
679,FCU_033,FCU,2025-03-25 13:10:27.822126,Coil fouling,1,LOW,1.4455533094749662,1.4455533094749662,2025-03-25 14:37:11.814040
680,FCU_017,FCU,2024-07-18 12:50:23.077560,Valve actuator,2,MEDIUM,4.802399522976397,4.802399522976397,2024-07-18 17:38:31.715843
680,FCU_002,FCU,2025-02-13 17:43:02.670853,Filter blockage,1,LOW,0.6943851333229827,0.6943851333229827,2025-02-13 18:24:42.457333
680,FCU_031,FCU,2025-03-16 03:03:05.765003,Filter blockage,1,LOW,0.6042364591655968,0.6042364591655968,2025-03-16 03:39:21.016256
681,HWP_002,HW_Pump,2024-03-11 16:08:54.521028,Seal leakage,2,MEDIUM,3.4638207774783862,3.4638207774783862,2024-03-11 19:36:44.275827
681,HP_001,HeatPump,2024-05-28 19:07:06.150098,Compressor degradation,4,CRITICAL,17.125162194738124,17.125162194738124,2024-05-29 12:14:36.733999
681,CHWP_001,CHW_Pump,2024-11-26 14:29:52.484114,Seal leakage,2,MEDIUM,2.5038707356723293,2.5038707356723293,2024-11-26 17:00:06.418762
681,HWP_001,HW_Pump,2025-03-20 20:17:42.113567,Bearing wear,3,HIGH,8.852631299218096,8.852631299218096,2025-03-21 05:08:51.586244
682,CT_001,CoolingTower,2023-06-07 12:42:11.809129,Water distribution system,3,HIGH,6.9196211176111255,6.9196211176111255,2023-06-07 19:37:22.445152
682,FCU_029,FCU,2023-07-26 07:21:21.037712,Coil fouling,1,LOW,1.7511940007627471,1.7511940007627471,2023-07-26 09:06:25.336115
682,FCU_023,FCU,2024-09-04 13:40:45.222193,Filter blockage,1,LOW,0.8198313574967966,0.8198313574967966,2024-09-04 14:29:56.615080
683,FCU_021,FCU,2024-12-01 05:16:35.922827,Coil fouling,1,LOW,2.0130857868152954,2.0130857868152954,2024-12-01 07:17:23.031660
683,FCU_001,FCU,2025-01-03 10:41:05.935457,Fan motor failure,2,MEDIUM,4.225806196374659,4.225806196374659,2025-01-03 14:54:38.837764
683,FCU_030,FCU,2025-05-20 09:17:57.234071,Valve actuator,2,MEDIUM,2.989535574545733,2.989535574545733,2025-05-20 12:17:19.562139
684,FCU_027,FCU,2024-01-30 08:07:39.896496,Coil fouling,1,LOW,1.9377497130314918,1.9377497130314918,2024-01-30 10:03:55.795463
684,FCU_002,FCU,2024-02-22 00:57:32.220040,Fan motor failure,2,MEDIUM,3.5326866180562053,3.5326866180562053,2024-02-22 04:29:29.891865
684,CHWP_002,CHW_Pump,2024-09-09 04:15:58.482867,Impeller damage,4,CRITICAL,7.450908997587771,7.450908997587771,2024-09-09 11:43:01.755258
684,FCU_034,FCU,2025-03-15 05:17:55.236426,Filter blockage,1,LOW,0.6411355618528023,0.6411355618528023,2025-03-15 05:56:23.324449
684,FCU_015,FCU,2025-05-28 09:16:39.511922,Coil fouling,1,LOW,0.9758207802102039,0.9758207802102039,2025-05-28 10:15:12.466731
685,FCU_010,FCU,2024-10-17 04:26:40.005692,Valve actuator,2,MEDIUM,4.234253883004011,4.234253883004011,2024-10-17 08:40:43.319671
685,FCU_043,FCU,2024-12-31 12:32:59.938299,Fan motor failure,2,MEDIUM,3.9416832996619395,3.9416832996619395,2024-12-31 16:29:29.998178
685,HP_002,HeatPump,2025-01-18 09:30:39.282846,Compressor degradation,4,CRITICAL,7.5299895868882265,7.5299895868882265,2025-01-18 17:02:27.245359
685,CT_001,CoolingTower,2025-01-19 05:43:43.827314,Fill media degradation,2,MEDIUM,12.225397769724728,12.225397769724728,2025-01-19 17:57:15.259285
685,FCU_047,FCU,2025-05-07 08:39:49.190171,Fan motor failure,2,MEDIUM,3.27870902013052,3.27870902013052,2025-05-07 11:56:32.542643
685,FCU_015,FCU,2025-05-10 05:38:30.104305,Fan motor failure,2,MEDIUM,4.008654249378861,4.008654249378861,2025-05-10 09:39:01.259603
686,FCU_025,FCU,2024-10-22 06:16:05.513294,Valve actuator,2,MEDIUM,1.8350878873379233,1.8350878873379233,2024-10-22 08:06:11.829688
686,FCU_036,FCU,2025-01-08 15:22:45.632904,Filter blockage,1,LOW,1.5939865619970603,1.5939865619970603,2025-01-08 16:58:23.984527
686,FCU_006,FCU,2025-03-28 19:16:33.147082,Coil fouling,1,LOW,3.0647688577074255,3.0647688577074255,2025-03-28 22:20:26.314970
686,FCU_048,FCU,2025-05-12 20:44:59.311986,Filter blockage,1,LOW,1.243608034279885,1.243608034279885,2025-05-12 21:59:36.300909
687,FCU_039,FCU,2023-02-19 13:13:17.628833,Fan motor failure,2,MEDIUM,2.4789512218654104,2.4789512218654104,2023-02-19 15:42:01.853232
687,FCU_029,FCU,2024-09-08 10:44:09.075498,Fan motor failure,2,MEDIUM,3.8340471664005573,3.8340471664005573,2024-09-08 14:34:11.645297
687,FCU_050,FCU,2024-09-09 20:32:13.820567,Filter blockage,1,LOW,1.1370189798678225,1.1370189798678225,2024-09-09 21:40:27.088895
687,FCU_046,FCU,2024-10-17 01:30:09.625014,Fan motor failure,2,MEDIUM,5.7143925578656685,5.7143925578656685,2024-10-17 07:13:01.438222
687,FCU_049,FCU,2024-11-09 23:14:09.801306,Valve actuator,2,MEDIUM,1.827571711272497,1.827571711272497,2024-11-10 01:03:49.059467
687,FCU_004,FCU,2024-11-20 01:01:05.993959,Filter blockage,1,LOW,1.134904961783219,1.134904961783219,2024-11-20 02:09:11.651821
687,HP_002,HeatPump,2025-03-16 01:03:20.798096,Heat exchanger fouling,2,MEDIUM,4.706081844160519,4.706081844160519,2025-03-16 05:45:42.692735
688,FCU_046,FCU,2024-08-07 01:11:08.793791,Valve actuator,2,MEDIUM,3.7808130795022423,3.7808130795022423,2024-08-07 04:57:59.720877
689,CHWP_001,CHW_Pump,2024-03-28 16:19:54.653123,Impeller damage,4,CRITICAL,15.63183803248852,15.63183803248852,2024-03-29 07:57:49.270040
689,FCU_028,FCU,2024-08-20 04:23:24.286988,Coil fouling,1,LOW,2.237391754341394,2.237391754341394,2024-08-20 06:37:38.897304
689,HP_001,HeatPump,2024-10-09 16:03:31.335533,Heat exchanger fouling,2,MEDIUM,3.7760583034280915,3.7760583034280915,2024-10-09 19:50:05.145425
689,HWP_001,HW_Pump,2025-01-27 23:04:46.778037,Impeller damage,4,CRITICAL,14.423556666682654,14.423556666682654,2025-01-28 13:30:11.582037
689,FCU_031,FCU,2025-02-02 06:24:39.782178,Thermostat failure,1,LOW,1.4864663588654483,1.4864663588654483,2025-02-02 07:53:51.061070
689,FCU_014,FCU,2025-05-26 21:32:11.662677,Filter blockage,1,LOW,0.9164724419944559,0.9164724419944559,2025-05-26 22:27:10.963468
690,CHWP_002,CHW_Pump,2024-02-09 16:55:02.700498,Impeller damage,4,CRITICAL,7.34952187287163,7.34952187287163,2024-02-10 00:16:00.979240
690,FCU_008,FCU,2025-03-08 06:24:27.411823,Filter blockage,1,LOW,1.3236341655330046,1.3236341655330046,2025-03-08 07:43:52.494819
690,FCU_005,FCU,2025-04-22 07:11:37.815873,Valve actuator,2,MEDIUM,3.061622394861121,3.061622394861121,2025-04-22 10:15:19.656495
691,FCU_032,FCU,2024-01-16 17:26:11.293061,Valve actuator,2,MEDIUM,3.427129976664755,3.427129976664755,2024-01-16 20:51:48.960977
692,FCU_021,FCU,2024-03-13 06:36:48.034754,Filter blockage,1,LOW,1.642525337267319,1.642525337267319,2024-03-13 08:15:21.125968
692,FCU_024,FCU,2024-03-26 11:42:49.236102,Valve actuator,2,MEDIUM,2.119812782961947,2.119812782961947,2024-03-26 13:50:00.562121
692,HP_002,HeatPump,2024-05-21 23:54:49.796434,Control valve failure,3,HIGH,2.1509280779842306,2.1509280779842306,2024-05-22 02:03:53.137515
692,FCU_032,FCU,2024-10-07 15:52:28.311243,Fan motor failure,2,MEDIUM,2.2485785398232734,2.2485785398232734,2024-10-07 18:07:23.193986
692,FCU_040,FCU,2024-11-13 09:36:05.415653,Fan motor failure,2,MEDIUM,2.7992460204413394,2.7992460204413394,2024-11-13 12:24:02.701327
692,FCU_011,FCU,2024-12-03 05:42:30.458503,Coil fouling,1,LOW,1.6481572199944865,1.6481572199944865,2024-12-03 07:21:23.824495
692,FCU_009,FCU,2025-04-21 01:59:34.277343,Coil fouling,1,LOW,2.936350797773551,2.936350797773551,2025-04-21 04:55:45.140215
693,FCU_027,FCU,2023-06-25 20:13:30.711088,Coil fouling,1,LOW,2.1539815551566215,2.1539815551566215,2023-06-25 22:22:45.044687
693,FCU_023,FCU,2024-04-15 17:46:43.516999,Filter blockage,1,LOW,1.0029202975017184,1.0029202975017184,2024-04-15 18:46:54.030070
693,CHWP_001,CHW_Pump,2024-06-23 08:58:58.690776,Bearing wear,3,HIGH,5.28530560781457,5.28530560781457,2024-06-23 14:16:05.790964
693,FCU_048,FCU,2024-09-09 15:15:31.147156,Thermostat failure,1,LOW,4.596277832458345,4.596277832458345,2024-09-09 19:51:17.747353
693,FCU_030,FCU,2024-09-15 23:24:33.733073,Fan motor failure,2,MEDIUM,4.558682638422594,4.558682638422594,2024-09-16 03:58:04.990571
693,FCU_007,FCU,2025-02-21 13:41:52.421827,Fan motor failure,2,MEDIUM,4.936251278609083,4.936251278609083,2025-02-21 18:38:02.926430
693,FCU_002,FCU,2025-03-27 22:52:39.863825,Filter blockage,1,LOW,0.6423634405970287,0.6423634405970287,2025-03-27 23:31:12.372211
694,FCU_039,FCU,2024-10-17 02:50:13.504425,Thermostat failure,1,LOW,1.4920138631740405,1.4920138631740405,2024-10-17 04:19:44.754332
694,FCU_025,FCU,2024-12-14 00:41:39.101952,Coil fouling,1,LOW,2.017049687112605,2.017049687112605,2024-12-14 02:42:40.480826
694,FCU_007,FCU,2024-12-19 15:41:01.163472,Fan motor failure,2,MEDIUM,3.661122442738174,3.661122442738174,2024-12-19 19:20:41.204266
694,FCU_035,FCU,2024-12-20 16:43:41.676702,Filter blockage,1,LOW,1.1001106283960511,1.1001106283960511,2024-12-20 17:49:42.074964
694,FCU_022,FCU,2025-03-20 15:55:43.985772,Thermostat failure,1,LOW,2.103461220109339,2.103461220109339,2025-03-20 18:01:56.446164
694,FCU_014,FCU,2025-05-18 09:11:53.257209,Filter blockage,1,LOW,1.3780508551204536,1.3780508551204536,2025-05-18 10:34:34.240287
694,FCU_029,FCU,2025-05-29 12:26:01.878581,Coil fouling,1,LOW,1.7136178457156566,1.7136178457156566,2025-05-29 14:08:50.902826
695,FCU_039,FCU,2023-12-13 00:32:21.238684,Fan motor failure,2,MEDIUM,3.844614671163778,3.844614671163778,2023-12-13 04:23:01.851500
695,FCU_017,FCU,2024-05-18 11:21:01.184863,Fan motor failure,2,MEDIUM,2.696327378659753,2.696327378659753,2024-05-18 14:02:47.963426
695,HWP_002,HW_Pump,2025-02-05 04:40:18.774962,Bearing wear,3,HIGH,9.231990690750852,9.231990690750852,2025-02-05 13:54:13.941449
695,FCU_026,FCU,2025-04-06 09:42:41.254913,Coil fouling,1,LOW,1.7049111041349783,1.7049111041349783,2025-04-06 11:24:58.934888
696,HP_001,HeatPump,2023-10-03 12:27:30.783085,Compressor degradation,4,CRITICAL,12.175905209335333,12.175905209335333,2023-10-04 00:38:04.041839
696,FCU_004,FCU,2024-06-05 18:15:12.747284,Coil fouling,1,LOW,2.716849825826871,2.716849825826871,2024-06-05 20:58:13.406657
696,FCU_032,FCU,2024-11-17 14:45:37.001366,Coil fouling,1,LOW,2.1184654516134267,2.1184654516134267,2024-11-17 16:52:43.476992
696,FCU_048,FCU,2024-12-03 22:04:20.297030,Filter blockage,1,LOW,1.6950142710725715,1.6950142710725715,2024-12-03 23:46:02.348406
696,HWP_001,HW_Pump,2025-01-26 15:07:40.786340,Impeller damage,4,CRITICAL,10.731835938772553,10.731835938772553,2025-01-27 01:51:35.395720
696,FCU_009,FCU,2025-01-31 08:08:46.717594,Coil fouling,1,LOW,2.2018866711084657,2.2018866711084657,2025-01-31 10:20:53.509610
696,FCU_022,FCU,2025-02-09 20:17:24.200588,Fan motor failure,2,MEDIUM,4.96313890890679,4.96313890890679,2025-02-10 01:15:11.500660
697,FCU_025,FCU,2024-06-30 04:21:15.275718,Filter blockage,1,LOW,1.192654142571057,1.192654142571057,2024-06-30 05:32:48.830631
697,FCU_045,FCU,2024-08-21 04:41:41.232648,Filter blockage,1,LOW,1.3432970375072348,1.3432970375072348,2024-08-21 06:02:17.101983
697,FCU_015,FCU,2025-04-06 21:45:57.832244,Filter blockage,1,LOW,0.89377634125901,0.89377634125901,2025-04-06 22:39:35.427073
698,FCU_034,FCU,2024-09-25 19:04:11.855601,Fan motor failure,2,MEDIUM,2.963336618806426,2.963336618806426,2024-09-25 22:01:59.867429
698,FCU_023,FCU,2024-12-05 16:23:17.911479,Valve actuator,2,MEDIUM,3.3813664716513085,3.3813664716513085,2024-12-05 19:46:10.830777
698,FCU_040,FCU,2025-02-06 10:49:07.124144,Fan motor failure,2,MEDIUM,4.57482784638147,4.57482784638147,2025-02-06 15:23:36.504391
698,FCU_043,FCU,2025-02-26 19:26:30.858641,Coil fouling,1,LOW,2.779002948161584,2.779002948161584,2025-02-26 22:13:15.269254
698,FCU_006,FCU,2025-05-16 20:08:14.552075,Filter blockage,1,LOW,0.8807121193029405,0.8807121193029405,2025-05-16 21:01:05.115704
699,HP_001,HeatPump,2024-05-02 06:15:02.990076,Compressor degradation,4,CRITICAL,9.455508411603347,9.455508411603347,2024-05-02 15:42:22.820358
699,FCU_023,FCU,2024-07-17 11:24:49.145152,Fan motor failure,2,MEDIUM,4.040727315228725,4.040727315228725,2024-07-17 15:27:15.763487
699,CT_001,CoolingTower,2025-05-06 17:45:23.146885,Water distribution system,3,HIGH,7.31361912850022,7.31361912850022,2025-05-07 01:04:12.175748
700,FCU_019,FCU,2025-02-28 13:56:10.291880,Fan motor failure,2,MEDIUM,3.7553211632648766,3.7553211632648766,2025-02-28 17:41:29.448068
700,FCU_041,FCU,2025-04-27 12:01:51.128470,Coil fouling,1,LOW,2.7107113185590825,2.7107113185590825,2025-04-27 14:44:29.689217
700,FCU_004,FCU,2025-04-29 07:35:55.805340,Filter blockage,1,LOW,1.013122598456486,1.013122598456486,2025-04-29 08:36:43.046694
701,FCU_031,FCU,2023-10-21 23:05:04.591239,Valve actuator,2,MEDIUM,4.206675401228467,4.206675401228467,2023-10-22 03:17:28.622683
701,FCU_012,FCU,2024-01-24 08:25:19.832881,Valve actuator,2,MEDIUM,3.526361824203352,3.526361824203352,2024-01-24 11:56:54.735448
701,FCU_034,FCU,2024-03-12 17:23:11.970854,Coil fouling,1,LOW,2.9034526260521374,2.9034526260521374,2024-03-12 20:17:24.400308
701,CHWP_002,CHW_Pump,2024-05-07 23:44:17.217421,Seal leakage,2,MEDIUM,2.970564922457774,2.970564922457774,2024-05-08 02:42:31.251142
701,FCU_045,FCU,2024-08-23 17:49:11.728271,Coil fouling,1,LOW,3.131555157064875,3.131555157064875,2024-08-23 20:57:05.326836
701,FCU_018,FCU,2024-12-13 17:22:26.069520,Filter blockage,1,LOW,0.7919982715493534,0.7919982715493534,2024-12-13 18:09:57.263298
702,HP_002,HeatPump,2023-07-14 13:13:11.193602,Compressor degradation,4,CRITICAL,12.438705969191846,12.438705969191846,2023-07-15 01:39:30.535091
702,FCU_026,FCU,2024-09-30 09:38:06.578500,Valve actuator,2,MEDIUM,2.896218311161802,2.896218311161802,2024-09-30 12:31:52.964420
702,FCU_019,FCU,2024-11-13 00:54:16.770232,Filter blockage,1,LOW,1.495857026352904,1.495857026352904,2024-11-13 02:24:01.855527
702,FCU_046,FCU,2025-03-10 18:45:44.224281,Fan motor failure,2,MEDIUM,3.8699492578362205,3.8699492578362205,2025-03-10 22:37:56.041609
702,FCU_050,FCU,2025-04-04 10:27:52.981455,Coil fouling,1,LOW,1.4231914483789805,1.4231914483789805,2025-04-04 11:53:16.470669
702,FCU_045,FCU,2025-04-19 22:15:04.684719,Filter blockage,1,LOW,0.880610828350881,0.880610828350881,2025-04-19 23:07:54.883701
702,FCU_033,FCU,2025-05-11 04:43:07.754853,Fan motor failure,2,MEDIUM,4.048603828677692,4.048603828677692,2025-05-11 08:46:02.728636
703,FCU_022,FCU,2024-07-03 14:27:01.312456,Fan motor failure,2,MEDIUM,5.346788633473276,5.346788633473276,2024-07-03 19:47:49.751537
703,FCU_008,FCU,2025-01-30 23:50:39.671917,Fan motor failure,2,MEDIUM,4.886491795516146,4.886491795516146,2025-01-31 04:43:51.042381
703,FCU_038,FCU,2025-01-31 17:39:34.539044,Valve actuator,2,MEDIUM,3.7342583362122173,3.7342583362122173,2025-01-31 21:23:37.869054
703,HP_002,HeatPump,2025-04-04 23:46:28.510924,Heat exchanger fouling,2,MEDIUM,2.7825060818221976,2.7825060818221976,2025-04-05 02:33:25.532819
703,FCU_027,FCU,2025-04-07 13:20:43.504953,Fan motor failure,2,MEDIUM,2.7975064653295436,2.7975064653295436,2025-04-07 16:08:34.528228
703,FCU_045,FCU,2025-04-18 15:09:39.537535,Fan motor failure,2,MEDIUM,5.607954927654017,5.607954927654017,2025-04-18 20:46:08.175275
704,FCU_016,FCU,2024-11-04 11:37:03.773175,Valve actuator,2,MEDIUM,2.2971592811120645,2.2971592811120645,2024-11-04 13:54:53.546587
704,HP_002,HeatPump,2025-04-06 09:48:19.537914,Refrigerant leak,3,HIGH,3.9525778079039107,3.9525778079039107,2025-04-06 13:45:28.818022
704,FCU_034,FCU,2025-05-02 09:45:09.691155,Filter blockage,1,LOW,0.7797801246953028,0.7797801246953028,2025-05-02 10:31:56.899604
705,CHWP_001,CHW_Pump,2025-01-19 09:26:19.091678,Motor overheating,3,HIGH,10.701704345191022,10.701704345191022,2025-01-19 20:08:25.227321
705,FCU_033,FCU,2025-01-19 17:58:21.931180,Coil fouling,1,LOW,1.3469148425840094,1.3469148425840094,2025-01-19 19:19:10.824613
705,FCU_007,FCU,2025-02-12 01:09:12.910720,Thermostat failure,1,LOW,2.7046753538767003,2.7046753538767003,2025-02-12 03:51:29.741994
705,FCU_019,FCU,2025-05-08 07:02:47.236774,Valve actuator,2,MEDIUM,2.9195962199686925,2.9195962199686925,2025-05-08 09:57:57.783166
706,FCU_015,FCU,2025-04-27 10:29:06.496264,Valve actuator,2,MEDIUM,3.262492652339075,3.262492652339075,2025-04-27 13:44:51.469812
707,HP_001,HeatPump,2023-09-26 16:55:35.969189,Compressor degradation,4,CRITICAL,6.359271331585359,6.359271331585359,2023-09-26 23:17:09.345983
707,CHWP_002,CHW_Pump,2024-07-11 18:30:55.277157,Bearing wear,3,HIGH,9.961787881348048,9.961787881348048,2024-07-12 04:28:37.713530
707,FCU_029,FCU,2024-09-16 10:21:14.379070,Coil fouling,1,LOW,2.261419886463071,2.261419886463071,2024-09-16 12:36:55.490661
707,FCU_036,FCU,2024-11-03 05:27:06.896936,Thermostat failure,1,LOW,2.5876675030402505,2.5876675030402505,2024-11-03 08:02:22.499947
707,FCU_019,FCU,2025-04-16 22:13:36.783449,Filter blockage,1,LOW,1.2145748999427208,1.2145748999427208,2025-04-16 23:26:29.253089
708,HP_001,HeatPump,2024-03-29 18:22:27.869844,Refrigerant leak,3,HIGH,7.517304897969661,7.517304897969661,2024-03-30 01:53:30.167477
708,FCU_001,FCU,2024-09-15 07:10:00.240679,Coil fouling,1,LOW,2.9578638101335404,2.9578638101335404,2024-09-15 10:07:28.550395
708,FCU_037,FCU,2025-01-27 12:43:50.008919,Valve actuator,2,MEDIUM,2.216420159287955,2.216420159287955,2025-01-27 14:56:49.121492
708,FCU_021,FCU,2025-02-21 00:45:41.667646,Coil fouling,1,LOW,1.033369084482228,1.033369084482228,2025-02-21 01:47:41.796350
708,FCU_018,FCU,2025-05-07 14:22:44.326593,Valve actuator,2,MEDIUM,2.1327256098373932,2.1327256098373932,2025-05-07 16:30:42.138788
709,FCU_018,FCU,2024-02-01 05:18:22.933183,Filter blockage,1,LOW,0.8378064453533557,0.8378064453533557,2024-02-01 06:08:39.036386
709,HWP_001,HW_Pump,2024-04-22 16:04:14.371435,Bearing wear,3,HIGH,7.282454430875181,7.282454430875181,2024-04-22 23:21:11.207386
709,FCU_011,FCU,2024-12-06 18:17:21.314448,Valve actuator,2,MEDIUM,3.0909043996985326,3.0909043996985326,2024-12-06 21:22:48.570287
709,FCU_031,FCU,2025-03-12 20:30:33.789446,Coil fouling,1,LOW,1.5936338133118406,1.5936338133118406,2025-03-12 22:06:10.871174
709,HP_001,HeatPump,2025-03-17 00:13:44.107570,Refrigerant leak,3,HIGH,9.495759533481351,9.495759533481351,2025-03-17 09:43:28.841891
709,FCU_023,FCU,2025-04-03 20:37:39.254709,Fan motor failure,2,MEDIUM,4.852015152866016,4.852015152866016,2025-04-04 01:28:46.509259
709,FCU_007,FCU,2025-04-04 10:00:22.560787,Filter blockage,1,LOW,1.3154662526193657,1.3154662526193657,2025-04-04 11:19:18.239296
710,FCU_011,FCU,2024-10-16 18:56:44.407775,Filter blockage,1,LOW,1.285503089218504,1.285503089218504,2024-10-16 20:13:52.218896
710,FCU_024,FCU,2024-12-07 16:43:43.112327,Thermostat failure,1,LOW,2.118352083610532,2.118352083610532,2024-12-07 18:50:49.179828
710,FCU_014,FCU,2025-01-25 19:15:48.039355,Fan motor failure,2,MEDIUM,5.021200813634964,5.021200813634964,2025-01-26 00:17:04.362284
711,FCU_033,FCU,2023-12-12 22:45:42.215805,Fan motor failure,2,MEDIUM,3.660648961379204,3.660648961379204,2023-12-13 02:25:20.552066
711,FCU_007,FCU,2024-12-12 15:49:19.457938,Fan motor failure,2,MEDIUM,3.754250270737016,3.754250270737016,2024-12-12 19:34:34.758913
711,FCU_013,FCU,2025-01-06 01:04:30.324731,Filter blockage,1,LOW,1.476365474938594,1.476365474938594,2025-01-06 02:33:05.240441
712,FCU_009,FCU,2023-11-22 15:49:16.164657,Valve actuator,2,MEDIUM,3.1473808527102554,3.1473808527102554,2023-11-22 18:58:06.735727
713,CHWP_002,CHW_Pump,2024-12-27 00:12:43.695760,Impeller damage,4,CRITICAL,5.909561945008846,5.909561945008846,2024-12-27 06:07:18.118762
713,FCU_015,FCU,2025-03-05 17:29:06.837903,Filter blockage,1,LOW,1.2661787200836914,1.2661787200836914,2025-03-05 18:45:05.081295
713,FCU_028,FCU,2025-05-19 11:31:47.243923,Valve actuator,2,MEDIUM,5.199109446607791,5.199109446607791,2025-05-19 16:43:44.037931
714,FCU_011,FCU,2024-03-27 15:12:48.763331,Thermostat failure,1,LOW,1.503539698102771,1.503539698102771,2024-03-27 16:43:01.506244
714,FCU_007,FCU,2024-05-27 17:37:15.775868,Fan motor failure,2,MEDIUM,5.038511702344388,5.038511702344388,2024-05-27 22:39:34.417996
714,FCU_004,FCU,2024-10-12 19:57:33.597762,Coil fouling,1,LOW,2.3353326263509278,2.3353326263509278,2024-10-12 22:17:40.795217
714,FCU_029,FCU,2025-03-13 22:24:14.610378,Thermostat failure,1,LOW,2.7271291688377923,2.7271291688377923,2025-03-14 01:07:52.275386
714,HP_001,HeatPump,2025-04-23 02:38:34.891964,Refrigerant leak,3,HIGH,9.48012371462586,9.48012371462586,2025-04-23 12:07:23.337337
715,FCU_005,FCU,2024-05-30 07:08:36.030064,Filter blockage,1,LOW,0.8630836966540238,0.8630836966540238,2024-05-30 08:00:23.131372
715,FCU_016,FCU,2024-07-05 08:31:38.830450,Valve actuator,2,MEDIUM,3.6188027717186064,3.6188027717186064,2024-07-05 12:08:46.520428
715,FCU_013,FCU,2024-08-03 20:57:41.091137,Fan motor failure,2,MEDIUM,3.5952845693317528,3.5952845693317528,2024-08-04 00:33:24.115587
715,CHWP_001,CHW_Pump,2024-08-10 00:46:32.471898,Seal leakage,2,MEDIUM,5.414246746123728,5.414246746123728,2024-08-10 06:11:23.760184
715,FCU_042,FCU,2024-11-05 16:38:21.850533,Valve actuator,2,MEDIUM,4.500872672581641,4.500872672581641,2024-11-05 21:08:24.992154
715,CT_001,CoolingTower,2024-11-11 06:02:20.033970,Fill media degradation,2,MEDIUM,7.6772056692153114,7.6772056692153114,2024-11-11 13:42:57.974379
715,FCU_045,FCU,2025-04-24 20:49:36.107599,Thermostat failure,1,LOW,2.6973276846716496,2.6973276846716496,2025-04-24 23:31:26.487264
716,FCU_040,FCU,2023-12-23 16:38:08.510353,Valve actuator,2,MEDIUM,3.724352440088118,3.724352440088118,2023-12-23 20:21:36.179137
716,FCU_047,FCU,2024-03-24 05:18:11.615445,Coil fouling,1,LOW,2.5857918322560445,2.5857918322560445,2024-03-24 07:53:20.466041
716,FCU_035,FCU,2024-06-15 09:17:23.053193,Coil fouling,1,LOW,4.092659724777048,4.092659724777048,2024-06-15 13:22:56.628202
716,FCU_016,FCU,2025-04-21 18:09:50.637737,Coil fouling,1,LOW,2.8070120039688082,2.8070120039688082,2025-04-21 20:58:15.880951
716,FCU_040,FCU,2025-05-27 04:21:11.606279,Fan motor failure,2,MEDIUM,5.734823913496292,5.734823913496292,2025-05-27 10:05:16.972368
717,FCU_033,FCU,2025-04-15 20:26:53.910853,Fan motor failure,2,MEDIUM,5.426950005117061,5.426950005117061,2025-04-16 01:52:30.930871
717,HWP_002,HW_Pump,2025-05-19 13:30:48.097968,Bearing wear,3,HIGH,6.592276990464897,6.592276990464897,2025-05-19 20:06:20.295134
718,FCU_031,FCU,2024-09-20 13:12:31.602636,Coil fouling,1,LOW,1.849370655881423,1.849370655881423,2024-09-20 15:03:29.336997
719,HP_001,HeatPump,2024-10-16 01:57:23.031361,Refrigerant leak,3,HIGH,12.404777382321484,12.404777382321484,2024-10-16 14:21:40.229937
719,FCU_041,FCU,2024-11-23 13:46:00.806707,Coil fouling,1,LOW,2.0724362003746353,2.0724362003746353,2024-11-23 15:50:21.577028
719,FCU_017,FCU,2025-01-08 17:28:50.950713,Coil fouling,1,LOW,2.4614511329072006,2.4614511329072006,2025-01-08 19:56:32.174791
719,FCU_043,FCU,2025-03-04 11:05:09.416635,Filter blockage,1,LOW,0.8763875569506361,0.8763875569506361,2025-03-04 11:57:44.411840
719,FCU_006,FCU,2025-04-15 10:52:13.102713,Valve actuator,2,MEDIUM,3.658063316694688,3.658063316694688,2025-04-15 14:31:42.130653
719,FCU_050,FCU,2025-05-14 05:40:49.480331,Coil fouling,1,LOW,1.7192448977122712,1.7192448977122712,2025-05-14 07:23:58.761963
719,FCU_010,FCU,2025-05-21 23:31:49.373333,Fan motor failure,2,MEDIUM,3.7157368614987267,3.7157368614987267,2025-05-22 03:14:46.026034
719,HP_002,HeatPump,2025-05-24 02:24:50.769705,Heat exchanger fouling,2,MEDIUM,7.5568385300679815,7.5568385300679815,2025-05-24 09:58:15.388413
720,FCU_004,FCU,2025-05-08 01:52:14.163688,Fan motor failure,2,MEDIUM,4.43575683899368,4.43575683899368,2025-05-08 06:18:22.888308
720,FCU_045,FCU,2025-05-29 02:11:19.825413,Coil fouling,1,LOW,2.2038052332323494,2.2038052332323494,2025-05-29 04:23:33.524253
721,HWP_002,HW_Pump,2023-10-17 12:38:05.787120,Impeller damage,4,CRITICAL,11.584003470686245,11.584003470686245,2023-10-18 00:13:08.199614
721,FCU_012,FCU,2024-07-11 12:45:27.348472,Valve actuator,2,MEDIUM,1.5069021015387827,1.5069021015387827,2024-07-11 14:15:52.196038
721,FCU_028,FCU,2024-12-02 16:08:23.473671,Filter blockage,1,LOW,1.1894799107554477,1.1894799107554477,2024-12-02 17:19:45.601350
721,FCU_023,FCU,2025-04-11 04:37:58.641600,Filter blockage,1,LOW,0.5,0.5,2025-04-11 05:07:58.641600
722,FCU_014,FCU,2024-02-19 02:20:03.245050,Fan motor failure,2,MEDIUM,3.8736310019830134,3.8736310019830134,2024-02-19 06:12:28.316657
722,FCU_026,FCU,2024-09-21 11:47:35.413336,Filter blockage,1,LOW,1.2439307585844304,1.2439307585844304,2024-09-21 13:02:13.564067
722,FCU_030,FCU,2024-10-31 22:51:33.561091,Fan motor failure,2,MEDIUM,4.954306497005457,4.954306497005457,2024-11-01 03:48:49.064480
722,FCU_048,FCU,2024-11-26 18:59:51.375996,Fan motor failure,2,MEDIUM,2.857610405887229,2.857610405887229,2024-11-26 21:51:18.773457
722,FCU_050,FCU,2025-04-10 07:39:14.163949,Coil fouling,1,LOW,1.54456817588764,1.54456817588764,2025-04-10 09:11:54.609382
723,FCU_030,FCU,2024-07-18 23:10:13.260307,Fan motor failure,2,MEDIUM,4.832186248898347,4.832186248898347,2024-07-19 04:00:09.130803
723,FCU_036,FCU,2024-12-07 01:34:35.729877,Filter blockage,1,LOW,0.5865524411164275,0.5865524411164275,2024-12-07 02:09:47.318665
723,FCU_029,FCU,2025-02-14 16:58:29.099734,Filter blockage,1,LOW,1.0803102122509052,1.0803102122509052,2025-02-14 18:03:18.216498
724,HP_001,HeatPump,2023-11-06 10:22:43.324337,Compressor degradation,4,CRITICAL,13.681840529979658,13.681840529979658,2023-11-07 00:03:37.950245
724,FCU_031,FCU,2023-11-10 02:10:08.096470,Valve actuator,2,MEDIUM,4.577591376831051,4.577591376831051,2023-11-10 06:44:47.425427
724,HP_002,HeatPump,2025-01-18 16:27:39.704653,Sensor malfunction,1,LOW,1.6623327809361381,1.6623327809361381,2025-01-18 18:07:24.102664
724,FCU_030,FCU,2025-03-13 22:27:24.129010,Coil fouling,1,LOW,2.309971401502889,2.309971401502889,2025-03-14 00:46:00.026055
724,FCU_008,FCU,2025-04-30 08:22:20.900354,Valve actuator,2,MEDIUM,3.1181528836738015,3.1181528836738015,2025-04-30 11:29:26.250735
725,HWP_001,HW_Pump,2024-02-12 12:17:45.296144,Bearing wear,3,HIGH,6.652446578246736,6.652446578246736,2024-02-12 18:56:54.103826
725,FCU_002,FCU,2024-09-09 15:24:52.879414,Filter blockage,1,LOW,0.7185686517527761,0.7185686517527761,2024-09-09 16:07:59.726560
725,FCU_009,FCU,2024-09-23 05:44:56.442435,Filter blockage,1,LOW,1.539017608993001,1.539017608993001,2024-09-23 07:17:16.905827
725,FCU_011,FCU,2024-10-19 01:51:37.666222,Fan motor failure,2,MEDIUM,4.426244375200519,4.426244375200519,2024-10-19 06:17:12.145973
725,FCU_003,FCU,2024-10-23 11:39:06.483900,Fan motor failure,2,MEDIUM,3.842520750221463,3.842520750221463,2024-10-23 15:29:39.558601
725,FCU_043,FCU,2025-02-08 19:20:59.144646,Fan motor failure,2,MEDIUM,4.362611081253485,4.362611081253485,2025-02-08 23:42:44.544539
725,FCU_001,FCU,2025-04-11 06:47:27.105219,Coil fouling,1,LOW,2.7872158412007417,2.7872158412007417,2025-04-11 09:34:41.082247
725,HP_002,HeatPump,2025-04-12 20:42:33.853577,Heat exchanger fouling,2,MEDIUM,3.196485613743069,3.196485613743069,2025-04-12 23:54:21.201786
726,HP_002,HeatPump,2023-11-01 23:36:22.878777,Heat exchanger fouling,2,MEDIUM,4.357343399135582,4.357343399135582,2023-11-02 03:57:49.315014
726,FCU_050,FCU,2025-01-21 18:45:27.810771,Fan motor failure,2,MEDIUM,3.492896069315646,3.492896069315646,2025-01-21 22:15:02.236621
726,FCU_029,FCU,2025-05-09 21:51:09.339299,Filter blockage,1,LOW,1.1663716954223398,1.1663716954223398,2025-05-09 23:01:08.277403
727,HP_001,HeatPump,2024-01-05 10:36:41.450016,Compressor degradation,4,CRITICAL,9.496445645122275,9.496445645122275,2024-01-05 20:06:28.654338
727,FCU_013,FCU,2024-10-13 22:48:06.178342,Coil fouling,1,LOW,2.0853117086870925,2.0853117086870925,2024-10-14 00:53:13.300493
727,CT_001,CoolingTower,2024-11-25 04:11:33.916672,Water distribution system,3,HIGH,8.387319457794096,8.387319457794096,2024-11-25 12:34:48.266720
727,CHWP_003,CHW_Pump,2025-03-30 02:18:48.576901,Impeller damage,4,CRITICAL,7.6963773461158285,7.6963773461158285,2025-03-30 10:00:35.535347
727,FCU_048,FCU,2025-04-09 23:20:39.526513,Fan motor failure,2,MEDIUM,3.7699495228877216,3.7699495228877216,2025-04-10 03:06:51.344795
727,FCU_047,FCU,2025-05-14 08:45:33.930903,Fan motor failure,2,MEDIUM,3.397160468295985,3.397160468295985,2025-05-14 12:09:23.708589
728,HP_001,HeatPump,2023-05-04 19:58:47.938334,Compressor degradation,4,CRITICAL,10.162196214599879,10.162196214599879,2023-05-05 06:08:31.844707
728,CHWP_002,CHW_Pump,2024-07-04 06:25:58.861124,Impeller damage,4,CRITICAL,11.366929348626826,11.366929348626826,2024-07-04 17:47:59.806779
728,FCU_007,FCU,2024-11-06 07:16:34.914121,Filter blockage,1,LOW,2.1568738534243836,2.1568738534243836,2024-11-06 09:25:59.659993
729,FCU_025,FCU,2024-04-30 13:53:42.400847,Fan motor failure,2,MEDIUM,3.260330507090313,3.260330507090313,2024-04-30 17:09:19.590673
729,HP_001,HeatPump,2024-08-15 22:30:16.463236,Compressor degradation,4,CRITICAL,11.504581576777001,11.504581576777001,2024-08-16 10:00:32.956912
729,FCU_003,FCU,2025-03-21 19:37:59.667178,Coil fouling,1,LOW,2.088491154767547,2.088491154767547,2025-03-21 21:43:18.235335
730,HP_002,HeatPump,2024-07-13 00:52:57.603253,Heat exchanger fouling,2,MEDIUM,2.648927194520193,2.648927194520193,2024-07-13 03:31:53.741153
730,FCU_040,FCU,2025-04-05 08:54:21.468177,Fan motor failure,2,MEDIUM,3.6483063240765055,3.6483063240765055,2025-04-05 12:33:15.370944
731,FCU_031,FCU,2024-11-09 15:11:57.494925,Fan motor failure,2,MEDIUM,2.455229580885628,2.455229580885628,2024-11-09 17:39:16.321416
731,FCU_020,FCU,2025-01-01 21:18:58.019612,Coil fouling,1,LOW,1.716257116792556,1.716257116792556,2025-01-01 23:01:56.545232
731,CHWP_003,CHW_Pump,2025-01-14 05:22:59.282621,Impeller damage,4,CRITICAL,12.21995998641024,12.21995998641024,2025-01-14 17:36:11.138572
731,CT_001,CoolingTower,2025-04-12 07:03:20.579449,Drift eliminator damage,2,MEDIUM,4.382259482068876,4.382259482068876,2025-04-12 11:26:16.713584
731,FCU_034,FCU,2025-05-19 02:40:13.506855,Fan motor failure,2,MEDIUM,2.956993414288682,2.956993414288682,2025-05-19 05:37:38.683146
732,HP_002,HeatPump,2023-09-12 03:07:16.000002,Compressor degradation,4,CRITICAL,8.824081125133091,8.824081125133091,2023-09-12 11:56:42.692052
732,HP_001,HeatPump,2024-01-28 02:44:40.062845,Heat exchanger fouling,2,MEDIUM,3.3071263499984003,3.3071263499984003,2024-01-28 06:03:05.717705
732,FCU_017,FCU,2024-08-28 11:45:23.400494,Coil fouling,1,LOW,1.840768553250874,1.840768553250874,2024-08-28 13:35:50.167286
732,FCU_042,FCU,2024-10-10 01:33:45.112849,Valve actuator,2,MEDIUM,2.6853844339370454,2.6853844339370454,2024-10-10 04:14:52.496811
732,FCU_006,FCU,2024-11-19 22:01:09.328086,Valve actuator,2,MEDIUM,3.642773342507982,3.642773342507982,2024-11-20 01:39:43.312119
733,FCU_005,FCU,2023-11-16 10:44:55.790318,Filter blockage,1,LOW,0.7072307783843865,0.7072307783843865,2023-11-16 11:27:21.821120
734,FCU_039,FCU,2024-06-13 04:31:15.816435,Coil fouling,1,LOW,2.6482777430239524,2.6482777430239524,2024-06-13 07:10:09.616310
734,FCU_028,FCU,2024-06-14 22:19:48.111331,Fan motor failure,2,MEDIUM,4.939824004866241,4.939824004866241,2024-06-15 03:16:11.477749
734,FCU_038,FCU,2024-12-31 14:37:37.500471,Filter blockage,1,LOW,0.5961855452249836,0.5961855452249836,2024-12-31 15:13:23.768434
734,FCU_004,FCU,2025-02-24 06:23:35.505892,Coil fouling,1,LOW,2.626177752964908,2.626177752964908,2025-02-24 09:01:09.745803
734,FCU_036,FCU,2025-04-16 01:52:29.821940,Filter blockage,1,LOW,1.2162458405909304,1.2162458405909304,2025-04-16 03:05:28.306966
735,FCU_018,FCU,2024-07-10 05:34:41.431426,Coil fouling,1,LOW,1.3283050123876046,1.3283050123876046,2024-07-10 06:54:23.329471
735,HWP_001,HW_Pump,2024-09-21 14:04:34.509836,Motor overheating,3,HIGH,3.9158206196428793,3.9158206196428793,2024-09-21 17:59:31.464067
735,FCU_035,FCU,2024-11-27 21:29:34.696628,Thermostat failure,1,LOW,1.368786283971699,1.368786283971699,2024-11-27 22:51:42.327250
735,FCU_033,FCU,2024-12-08 13:51:03.112834,Coil fouling,1,LOW,2.228410995781748,2.228410995781748,2024-12-08 16:04:45.392419
735,FCU_039,FCU,2024-12-25 17:47:49.634074,Coil fouling,1,LOW,2.576851919653214,2.576851919653214,2024-12-25 20:22:26.300985
735,FCU_008,FCU,2025-01-12 09:56:13.170698,Coil fouling,1,LOW,1.8626607290624428,1.8626607290624428,2025-01-12 11:47:58.749323
735,FCU_041,FCU,2025-01-13 15:44:31.852661,Fan motor failure,2,MEDIUM,3.789292330110713,3.789292330110713,2025-01-13 19:31:53.305049
736,FCU_013,FCU,2024-05-04 05:58:53.020806,Fan motor failure,2,MEDIUM,3.5335797389720542,3.5335797389720542,2024-05-04 09:30:53.907866
736,HP_001,HeatPump,2025-01-22 23:11:46.711145,Compressor degradation,4,CRITICAL,8.39425970939165,8.39425970939165,2025-01-23 07:35:26.046099
736,FCU_025,FCU,2025-03-09 08:07:28.002400,Coil fouling,1,LOW,2.6645496254297414,2.6645496254297414,2025-03-09 10:47:20.381052
736,FCU_030,FCU,2025-05-12 18:42:59.967523,Fan motor failure,2,MEDIUM,3.0746717391094243,3.0746717391094243,2025-05-12 21:47:28.785784
737,HP_002,HeatPump,2024-09-09 11:37:37.293125,Heat exchanger fouling,2,MEDIUM,3.997650173462091,3.997650173462091,2024-09-09 15:37:28.833749
737,CT_001,CoolingTower,2024-11-20 17:45:20.151405,Control system fault,3,HIGH,2.957759773247419,2.957759773247419,2024-11-20 20:42:48.086589
737,FCU_012,FCU,2024-11-30 06:05:18.052284,Fan motor failure,2,MEDIUM,3.8831258490620613,3.8831258490620613,2024-11-30 09:58:17.305341
737,FCU_029,FCU,2025-03-19 17:38:24.280743,Fan motor failure,2,MEDIUM,4.821178889405901,4.821178889405901,2025-03-19 22:27:40.524745
737,FCU_032,FCU,2025-05-17 08:45:21.432095,Coil fouling,1,LOW,1.951912537294563,1.951912537294563,2025-05-17 10:42:28.317229
738,FCU_025,FCU,2024-08-31 19:10:22.215723,Filter blockage,1,LOW,0.792262250368908,0.792262250368908,2024-08-31 19:57:54.359824
738,FCU_042,FCU,2024-09-10 00:59:40.019386,Thermostat failure,1,LOW,2.4195207507980707,2.4195207507980707,2024-09-10 03:24:50.294089
738,FCU_004,FCU,2025-01-04 12:53:25.274689,Valve actuator,2,MEDIUM,3.3911646682004455,3.3911646682004455,2025-01-04 16:16:53.467495
738,FCU_014,FCU,2025-03-08 05:52:00.466654,Thermostat failure,1,LOW,2.3108165668449434,2.3108165668449434,2025-03-08 08:10:39.406295
738,FCU_049,FCU,2025-03-23 08:55:17.587179,Fan motor failure,2,MEDIUM,2.8139939443810067,2.8139939443810067,2025-03-23 11:44:07.965379
739,FCU_019,FCU,2024-09-05 14:14:10.085452,Coil fouling,1,LOW,2.574571296812029,2.574571296812029,2024-09-05 16:48:38.542121
739,FCU_018,FCU,2024-10-04 01:15:42.538371,Thermostat failure,1,LOW,2.249128907772677,2.249128907772677,2024-10-04 03:30:39.402439
739,FCU_044,FCU,2024-11-05 01:19:25.666519,Filter blockage,1,LOW,0.8123738677547038,0.8123738677547038,2024-11-05 02:08:10.212443
740,HP_001,HeatPump,2024-08-01 05:56:43.946412,Compressor degradation,4,CRITICAL,13.907265719309445,13.907265719309445,2024-08-01 19:51:10.103002
740,HP_002,HeatPump,2025-04-07 20:12:55.174431,Control valve failure,3,HIGH,4.527853542009836,4.527853542009836,2025-04-08 00:44:35.447182
740,FCU_013,FCU,2025-05-18 22:36:19.758851,Thermostat failure,1,LOW,2.6845256852899113,2.6845256852899113,2025-05-19 01:17:24.051318
741,FCU_032,FCU,2025-01-09 19:49:44.784442,Filter blockage,1,LOW,1.025564848112121,1.025564848112121,2025-01-09 20:51:16.817895
741,FCU_011,FCU,2025-03-30 22:28:48.689440,Fan motor failure,2,MEDIUM,4.671575081541401,4.671575081541401,2025-03-31 03:09:06.359734
742,FCU_001,FCU,2024-09-04 02:53:27.662282,Coil fouling,1,LOW,2.14205760552293,2.14205760552293,2024-09-04 05:01:59.069662
742,FCU_045,FCU,2024-10-26 13:49:37.727505,Thermostat failure,1,LOW,1.6106633662262178,1.6106633662262178,2024-10-26 15:26:16.115623
743,FCU_021,FCU,2024-06-06 08:35:14.130182,Fan motor failure,2,MEDIUM,5.598565917062936,5.598565917062936,2024-06-06 14:11:08.967483
743,FCU_040,FCU,2024-07-29 19:07:56.985134,Fan motor failure,2,MEDIUM,4.342371004748673,4.342371004748673,2024-07-29 23:28:29.520751
743,FCU_008,FCU,2025-04-05 15:04:00.706999,Filter blockage,1,LOW,1.279802874850574,1.279802874850574,2025-04-05 16:20:47.997348
744,FCU_037,FCU,2024-11-13 20:05:57.221389,Coil fouling,1,LOW,1.7213010012402845,1.7213010012402845,2024-11-13 21:49:13.904993
744,CHWP_001,CHW_Pump,2024-11-19 10:56:06.649247,Motor overheating,3,HIGH,6.142195091398389,6.142195091398389,2024-11-19 17:04:38.551576
744,FCU_003,FCU,2025-04-01 01:52:12.029557,Filter blockage,1,LOW,1.1425094938693086,1.1425094938693086,2025-04-01 03:00:45.063735
744,FCU_008,FCU,2025-05-01 09:58:06.867754,Thermostat failure,1,LOW,1.8589194255583994,1.8589194255583994,2025-05-01 11:49:38.977686
744,FCU_014,FCU,2025-05-15 11:50:15.931430,Fan motor failure,2,MEDIUM,2.3116765094770706,2.3116765094770706,2025-05-15 14:08:57.966864
745,FCU_012,FCU,2024-10-22 08:27:41.671649,Fan motor failure,2,MEDIUM,3.2572925246493774,3.2572925246493774,2024-10-22 11:43:07.924738
745,FCU_030,FCU,2025-03-27 15:25:06.106246,Fan motor failure,2,MEDIUM,4.502697540425988,4.502697540425988,2025-03-27 19:55:15.817392
746,HWP_001,HW_Pump,2024-11-22 23:58:05.094255,Bearing wear,3,HIGH,4.837061150774325,4.837061150774325,2024-11-23 04:48:18.514398
746,FCU_029,FCU,2025-01-11 00:46:47.661365,Thermostat failure,1,LOW,1.262935136614688,1.262935136614688,2025-01-11 02:02:34.227857
747,HP_002,HeatPump,2023-06-28 12:50:08.444124,Heat exchanger fouling,2,MEDIUM,2.9658155845710543,2.9658155845710543,2023-06-28 15:48:05.380228
747,FCU_041,FCU,2024-01-01 11:12:38.951203,Fan motor failure,2,MEDIUM,4.2299906223820045,4.2299906223820045,2024-01-01 15:26:26.917444
747,HP_001,HeatPump,2024-04-15 11:31:50.150695,Refrigerant leak,3,HIGH,4.333776238291605,4.333776238291605,2024-04-15 15:51:51.745153
747,CHWP_003,CHW_Pump,2024-08-31 15:05:43.701542,Bearing wear,3,HIGH,17.485397972376344,17.485397972376344,2024-09-01 08:34:51.134243
747,FCU_017,FCU,2025-02-25 04:35:28.409182,Coil fouling,1,LOW,2.33154774936768,2.33154774936768,2025-02-25 06:55:21.981080
747,FCU_012,FCU,2025-03-09 03:21:38.470642,Fan motor failure,2,MEDIUM,2.7094907119025065,2.7094907119025065,2025-03-09 06:04:12.637205
748,HP_001,HeatPump,2024-07-05 22:37:21.750466,Heat exchanger fouling,2,MEDIUM,3.80640993642429,3.80640993642429,2024-07-06 02:25:44.826237
748,FCU_003,FCU,2024-11-16 01:36:08.438719,Filter blockage,1,LOW,0.7899504695509441,0.7899504695509441,2024-11-16 02:23:32.260409
748,FCU_027,FCU,2024-11-18 09:34:49.118889,Coil fouling,1,LOW,3.5661971854541,3.5661971854541,2024-11-18 13:08:47.428757
748,HWP_001,HW_Pump,2024-12-04 05:22:44.313021,Bearing wear,3,HIGH,5.536894815633907,5.536894815633907,2024-12-04 10:54:57.134357
748,CT_001,CoolingTower,2024-12-12 12:53:02.153500,Water distribution system,3,HIGH,5.209936568411863,5.209936568411863,2024-12-12 18:05:37.925146
748,HP_002,HeatPump,2024-12-16 15:54:29.054695,Control valve failure,3,HIGH,2.8596680364686073,2.8596680364686073,2024-12-16 18:46:03.859626
748,FCU_033,FCU,2024-12-30 04:52:15.606922,Fan motor failure,2,MEDIUM,4.122370573739324,4.122370573739324,2024-12-30 08:59:36.140987
749,FCU_027,FCU,2023-10-24 13:49:41.886283,Coil fouling,1,LOW,1.9406063819624162,1.9406063819624162,2023-10-24 15:46:08.069258
749,FCU_020,FCU,2024-10-15 03:34:42.919642,Coil fouling,1,LOW,1.610929026305285,1.610929026305285,2024-10-15 05:11:22.264137
749,FCU_042,FCU,2025-02-02 04:57:58.431659,Filter blockage,1,LOW,1.2160548184131093,1.2160548184131093,2025-02-02 06:10:56.229005
749,FCU_045,FCU,2025-03-29 01:20:10.910406,Thermostat failure,1,LOW,1.7597534765465366,1.7597534765465366,2025-03-29 03:05:46.022922
750,FCU_031,FCU,2024-05-05 10:49:29.846642,Coil fouling,1,LOW,1.7844961730879174,1.7844961730879174,2024-05-05 12:36:34.032865
750,FCU_014,FCU,2024-05-17 16:03:10.864365,Fan motor failure,2,MEDIUM,3.8757157964540045,3.8757157964540045,2024-05-17 19:55:43.441232
750,HWP_002,HW_Pump,2025-01-16 21:22:02.911370,Seal leakage,2,MEDIUM,4.843640438452606,4.843640438452606,2025-01-17 02:12:40.016948
750,FCU_021,FCU,2025-04-16 05:31:49.605443,Valve actuator,2,MEDIUM,5.599934289300122,5.599934289300122,2025-04-16 11:07:49.368884
750,FCU_032,FCU,2025-04-18 21:20:53.205852,Valve actuator,2,MEDIUM,3.2471614839619787,3.2471614839619787,2025-04-19 00:35:42.987194
751,FCU_023,FCU,2023-11-23 06:55:53.739553,Coil fouling,1,LOW,1.9417775140334779,1.9417775140334779,2023-11-23 08:52:24.138604
751,FCU_015,FCU,2025-02-13 17:53:16.173027,Fan motor failure,2,MEDIUM,3.90686205573594,3.90686205573594,2025-02-13 21:47:40.876428
751,FCU_049,FCU,2025-04-05 08:45:06.848654,Fan motor failure,2,MEDIUM,4.769050270362965,4.769050270362965,2025-04-05 13:31:15.429627
752,FCU_033,FCU,2025-04-24 22:27:08.598535,Filter blockage,1,LOW,1.6667891829022456,1.6667891829022456,2025-04-25 00:07:09.039593
752,HWP_002,HW_Pump,2025-05-08 22:38:25.832219,Impeller damage,4,CRITICAL,22.031279291412723,22.031279291412723,2025-05-09 20:40:18.437668
753,CT_001,CoolingTower,2023-10-09 01:46:52.003485,Drift eliminator damage,2,MEDIUM,3.3236691365741335,3.3236691365741335,2023-10-09 05:06:17.212377
753,HP_001,HeatPump,2024-01-21 13:07:44.991695,Heat exchanger fouling,2,MEDIUM,5.314737617546639,5.314737617546639,2024-01-21 18:26:38.047118
753,FCU_045,FCU,2025-04-09 01:10:07.826051,Filter blockage,1,LOW,1.240309454461385,1.240309454461385,2025-04-09 02:24:32.940087
754,FCU_017,FCU,2024-02-20 16:40:09.411098,Thermostat failure,1,LOW,1.7339441931823798,1.7339441931823798,2024-02-20 18:24:11.610193
754,FCU_048,FCU,2024-05-09 16:03:29.663584,Fan motor failure,2,MEDIUM,3.0020214839595467,3.0020214839595467,2024-05-09 19:03:36.940926
754,HP_002,HeatPump,2024-05-26 10:44:19.521306,Refrigerant leak,3,HIGH,4.942229487628249,4.942229487628249,2024-05-26 15:40:51.547461
755,HWP_002,HW_Pump,2023-08-08 15:33:27.300408,Motor overheating,3,HIGH,3.234488433105592,3.234488433105592,2023-08-08 18:47:31.458767
755,FCU_022,FCU,2024-01-05 12:45:05.983445,Fan motor failure,2,MEDIUM,3.9618339052628593,3.9618339052628593,2024-01-05 16:42:48.585504
755,FCU_027,FCU,2024-01-26 03:55:21.361737,Filter blockage,1,LOW,1.1773325959225134,1.1773325959225134,2024-01-26 05:05:59.759082
755,CHWP_003,CHW_Pump,2024-06-04 17:11:03.021151,Impeller damage,4,CRITICAL,11.075432594494151,11.075432594494151,2024-06-05 04:15:34.578491
755,FCU_024,FCU,2024-07-31 01:12:56.843217,Coil fouling,1,LOW,2.1769945321970186,2.1769945321970186,2024-07-31 03:23:34.023533
755,FCU_041,FCU,2024-11-04 11:43:02.692392,Fan motor failure,2,MEDIUM,4.031286577064864,4.031286577064864,2024-11-04 15:44:55.324069
755,FCU_010,FCU,2024-12-04 13:02:42.842433,Filter blockage,1,LOW,1.580745184593127,1.580745184593127,2024-12-04 14:37:33.525098
755,HP_001,HeatPump,2024-12-22 15:48:32.269484,Heat exchanger fouling,2,MEDIUM,4.557143089532187,4.557143089532187,2024-12-22 20:21:57.984606
755,FCU_007,FCU,2025-01-04 10:53:42.020307,Coil fouling,1,LOW,2.446720532794863,2.446720532794863,2025-01-04 13:20:30.214225
755,FCU_018,FCU,2025-04-20 20:04:26.480258,Valve actuator,2,MEDIUM,2.3519514788415155,2.3519514788415155,2025-04-20 22:25:33.505582
755,FCU_014,FCU,2025-05-27 18:51:40.244077,Filter blockage,1,LOW,1.183881859526545,1.183881859526545,2025-05-27 20:02:42.218771
756,FCU_003,FCU,2023-12-29 19:10:10.415112,Coil fouling,1,LOW,1.7064817174018843,1.7064817174018843,2023-12-29 20:52:33.749295
756,FCU_049,FCU,2024-09-02 14:06:24.707320,Fan motor failure,2,MEDIUM,3.087184758391238,3.087184758391238,2024-09-02 17:11:38.572450
756,FCU_030,FCU,2024-12-28 04:39:04.856172,Fan motor failure,2,MEDIUM,2.6664431737030356,2.6664431737030356,2024-12-28 07:19:04.051597
756,FCU_045,FCU,2025-01-03 15:54:21.219610,Valve actuator,2,MEDIUM,3.341701270482899,3.341701270482899,2025-01-03 19:14:51.344184
757,FCU_031,FCU,2024-03-11 00:26:00.647123,Fan motor failure,2,MEDIUM,3.468653118622075,3.468653118622075,2024-03-11 03:54:07.798350
757,FCU_028,FCU,2024-10-16 04:10:44.047413,Valve actuator,2,MEDIUM,2.9031332520128084,2.9031332520128084,2024-10-16 07:04:55.327120
757,FCU_033,FCU,2024-12-26 06:11:54.824942,Valve actuator,2,MEDIUM,3.7484386272237833,3.7484386272237833,2024-12-26 09:56:49.204000
758,FCU_004,FCU,2024-09-07 10:39:43.167441,Valve actuator,2,MEDIUM,3.160482288735124,3.160482288735124,2024-09-07 13:49:20.903680
758,FCU_022,FCU,2025-03-11 08:31:47.865536,Fan motor failure,2,MEDIUM,4.18364961151727,4.18364961151727,2025-03-11 12:42:49.004137
759,HP_002,HeatPump,2024-09-10 21:59:52.821756,Heat exchanger fouling,2,MEDIUM,3.477992556234685,3.477992556234685,2024-09-11 01:28:33.594958
760,FCU_006,FCU,2024-11-03 11:22:39.942457,Fan motor failure,2,MEDIUM,3.3461601659256535,3.3461601659256535,2024-11-03 14:43:26.119054
760,FCU_048,FCU,2025-02-04 22:41:23.695702,Fan motor failure,2,MEDIUM,3.3193873464799593,3.3193873464799593,2025-02-05 02:00:33.490149
761,HP_001,HeatPump,2024-03-22 01:44:22.732436,Refrigerant leak,3,HIGH,8.522898320406004,8.522898320406004,2024-03-22 10:15:45.166389
761,FCU_032,FCU,2025-01-04 12:51:57.177499,Valve actuator,2,MEDIUM,1.32263228930882,1.32263228930882,2025-01-04 14:11:18.653741
761,CHWP_002,CHW_Pump,2025-04-29 14:21:27.185520,Bearing wear,3,HIGH,12.277940012209612,12.277940012209612,2025-04-30 02:38:07.769564
762,CT_001,CoolingTower,2024-02-27 04:34:22.734442,Fill media degradation,2,MEDIUM,8.736978755097606,8.736978755097606,2024-02-27 13:18:35.857960
762,FCU_033,FCU,2025-01-22 13:11:30.385085,Fan motor failure,2,MEDIUM,3.447202757321552,3.447202757321552,2025-01-22 16:38:20.315011
763,FCU_001,FCU,2025-01-03 03:10:23.644184,Valve actuator,2,MEDIUM,4.524357976975688,4.524357976975688,2025-01-03 07:41:51.332901
764,FCU_048,FCU,2024-04-30 03:07:20.591815,Valve actuator,2,MEDIUM,3.333518858915115,3.333518858915115,2024-04-30 06:27:21.259707
764,FCU_041,FCU,2025-03-01 09:11:58.288237,Fan motor failure,2,MEDIUM,4.070321407530011,4.070321407530011,2025-03-01 13:16:11.445304
764,FCU_008,FCU,2025-03-07 23:29:56.374818,Coil fouling,1,LOW,1.473237321072892,1.473237321072892,2025-03-08 00:58:20.029174
765,FCU_001,FCU,2023-11-10 23:38:26.761080,Thermostat failure,1,LOW,2.130835387553202,2.130835387553202,2023-11-11 01:46:17.768475
765,HWP_002,HW_Pump,2024-06-18 19:20:56.591647,Seal leakage,2,MEDIUM,9.09871688268759,9.09871688268759,2024-06-19 04:26:51.972425
765,FCU_034,FCU,2024-07-16 07:32:39.998087,Coil fouling,1,LOW,2.2017604750152495,2.2017604750152495,2024-07-16 09:44:46.335797
765,FCU_045,FCU,2024-10-15 22:17:39.480059,Filter blockage,1,LOW,0.854524201192409,0.854524201192409,2024-10-15 23:08:55.767183
765,FCU_036,FCU,2025-01-29 22:43:56.984410,Thermostat failure,1,LOW,2.3334788864016693,2.3334788864016693,2025-01-30 01:03:57.508401
765,FCU_013,FCU,2025-03-11 07:56:21.306247,Fan motor failure,2,MEDIUM,6.976169458561965,6.976169458561965,2025-03-11 14:54:55.516298
765,FCU_012,FCU,2025-04-18 09:35:37.673159,Fan motor failure,2,MEDIUM,2.516833800500533,2.516833800500533,2025-04-18 12:06:38.274841
765,FCU_030,FCU,2025-05-03 08:21:09.048170,Fan motor failure,2,MEDIUM,4.293948562942984,4.293948562942984,2025-05-03 12:38:47.262997
766,HP_002,HeatPump,2024-02-11 14:27:15.242806,Heat exchanger fouling,2,MEDIUM,5.8841236776648165,5.8841236776648165,2024-02-11 20:20:18.088046
766,FCU_034,FCU,2024-03-04 22:48:22.631631,Valve actuator,2,MEDIUM,2.5582559287853983,2.5582559287853983,2024-03-05 01:21:52.352975
766,HP_001,HeatPump,2024-08-02 16:04:11.835794,Refrigerant leak,3,HIGH,6.786036628776603,6.786036628776603,2024-08-02 22:51:21.567658
766,CHWP_001,CHW_Pump,2024-11-04 05:41:30.443877,Impeller damage,4,CRITICAL,5.677814505301655,5.677814505301655,2024-11-04 11:22:10.576096
767,FCU_023,FCU,2024-02-15 07:59:51.855546,Fan motor failure,2,MEDIUM,3.568274397435196,3.568274397435196,2024-02-15 11:33:57.643377
767,FCU_014,FCU,2024-08-12 06:00:05.524087,Filter blockage,1,LOW,0.9080486361876464,0.9080486361876464,2024-08-12 06:54:34.499177
767,FCU_034,FCU,2024-11-04 05:26:45.212235,Fan motor failure,2,MEDIUM,5.183173206427954,5.183173206427954,2024-11-04 10:37:44.635778
767,FCU_032,FCU,2024-12-19 17:04:10.840050,Valve actuator,2,MEDIUM,4.655067388509229,4.655067388509229,2024-12-19 21:43:29.082649
767,HWP_002,HW_Pump,2024-12-26 08:28:12.832553,Bearing wear,3,HIGH,10.350014406444073,10.350014406444073,2024-12-26 18:49:12.884416
767,FCU_027,FCU,2025-02-18 08:19:06.981469,Fan motor failure,2,MEDIUM,4.542186217017022,4.542186217017022,2025-02-18 12:51:38.851850
768,FCU_019,FCU,2024-08-21 07:54:13.193394,Valve actuator,2,MEDIUM,4.397555106852673,4.397555106852673,2024-08-21 12:18:04.391779
768,FCU_041,FCU,2024-12-17 02:11:20.894775,Filter blockage,1,LOW,0.8871275852761048,0.8871275852761048,2024-12-17 03:04:34.554082
769,FCU_030,FCU,2023-10-06 01:13:04.319015,Fan motor failure,2,MEDIUM,5.235194859703959,5.235194859703959,2023-10-06 06:27:11.020510
769,FCU_005,FCU,2023-10-10 11:22:48.165669,Fan motor failure,2,MEDIUM,5.7220986069099595,5.7220986069099595,2023-10-10 17:06:07.720654
769,FCU_015,FCU,2023-11-21 17:48:48.328265,Coil fouling,1,LOW,2.2327283457885723,2.2327283457885723,2023-11-21 20:02:46.150310
769,FCU_027,FCU,2024-06-17 00:42:32.233395,Coil fouling,1,LOW,1.4390578782738583,1.4390578782738583,2024-06-17 02:08:52.841757
769,FCU_006,FCU,2024-07-06 07:05:04.604959,Fan motor failure,2,MEDIUM,5.1087977991627795,5.1087977991627795,2024-07-06 12:11:36.277036
769,CHWP_003,CHW_Pump,2024-09-04 21:05:29.757734,Seal leakage,2,MEDIUM,3.514032691037325,3.514032691037325,2024-09-05 00:36:20.275422
769,FCU_014,FCU,2025-03-27 08:51:56.747208,Filter blockage,1,LOW,0.6870892713197088,0.6870892713197088,2025-03-27 09:33:10.268585
769,FCU_021,FCU,2025-05-17 11:19:14.508041,Coil fouling,1,LOW,1.782080447040033,1.782080447040033,2025-05-17 13:06:09.997650
769,FCU_048,FCU,2025-05-18 09:27:53.783108,Fan motor failure,2,MEDIUM,3.0710818933465807,3.0710818933465807,2025-05-18 12:32:09.677924
770,FCU_050,FCU,2024-05-29 23:43:32.672933,Coil fouling,1,LOW,2.169419426242708,2.169419426242708,2024-05-30 01:53:42.582867
770,FCU_049,FCU,2024-07-16 14:42:42.877390,Filter blockage,1,LOW,1.0475452653880517,1.0475452653880517,2024-07-16 15:45:34.040345
770,FCU_034,FCU,2025-01-06 02:41:53.776567,Filter blockage,1,LOW,0.8320159325263726,0.8320159325263726,2025-01-06 03:31:49.033924
770,FCU_010,FCU,2025-02-07 17:33:34.747026,Thermostat failure,1,LOW,2.427310911969861,2.427310911969861,2025-02-07 19:59:13.066309
770,FCU_006,FCU,2025-03-27 00:56:49.912650,Coil fouling,1,LOW,1.5024902131270954,1.5024902131270954,2025-03-27 02:26:58.877417
770,HP_001,HeatPump,2025-04-29 01:05:42.035170,Compressor degradation,4,CRITICAL,16.14711297391518,16.14711297391518,2025-04-29 17:14:31.641876
771,FCU_030,FCU,2024-06-16 16:09:01.560437,Fan motor failure,2,MEDIUM,6.189865401924829,6.189865401924829,2024-06-16 22:20:25.075884
771,HWP_002,HW_Pump,2024-10-01 01:26:03.278928,Seal leakage,2,MEDIUM,4.228685172737488,4.228685172737488,2024-10-01 05:39:46.545550
771,HP_002,HeatPump,2024-10-31 17:32:20.789374,Control valve failure,3,HIGH,1.6718723040911896,1.6718723040911896,2024-10-31 19:12:39.529669
771,FCU_010,FCU,2024-11-29 03:26:33.508492,Fan motor failure,2,MEDIUM,3.44009025304973,3.44009025304973,2024-11-29 06:52:57.833403
771,FCU_033,FCU,2025-01-12 20:33:22.659584,Fan motor failure,2,MEDIUM,4.826969644831318,4.826969644831318,2025-01-13 01:22:59.750305
771,FCU_047,FCU,2025-02-10 22:22:24.278775,Coil fouling,1,LOW,1.9778210819729785,1.9778210819729785,2025-02-11 00:21:04.434670
771,FCU_032,FCU,2025-02-25 22:31:09.614309,Thermostat failure,1,LOW,1.3588081750312582,1.3588081750312582,2025-02-25 23:52:41.323739
772,HP_002,HeatPump,2024-03-31 11:59:02.751206,Sensor malfunction,1,LOW,1.8337372025901866,1.8337372025901866,2024-03-31 13:49:04.205135
772,FCU_037,FCU,2025-04-12 07:51:13.718164,Fan motor failure,2,MEDIUM,4.281113199176458,4.281113199176458,2025-04-12 12:08:05.725681
773,FCU_036,FCU,2024-05-06 03:56:14.051258,Coil fouling,1,LOW,1.543451844594737,1.543451844594737,2024-05-06 05:28:50.477899
773,FCU_041,FCU,2024-07-01 19:05:55.286884,Fan motor failure,2,MEDIUM,3.1931534086043256,3.1931534086043256,2024-07-01 22:17:30.639155
773,FCU_022,FCU,2024-10-16 17:25:14.015597,Filter blockage,1,LOW,0.8023298150917453,0.8023298150917453,2024-10-16 18:13:22.402931
774,FCU_026,FCU,2023-11-29 07:13:55.122751,Filter blockage,1,LOW,0.8950373163890792,0.8950373163890792,2023-11-29 08:07:37.257090
774,FCU_008,FCU,2025-02-28 01:49:19.511351,Coil fouling,1,LOW,1.2174182130626021,1.2174182130626021,2025-02-28 03:02:22.216918
775,CHWP_003,CHW_Pump,2024-03-16 13:50:08.556762,Motor overheating,3,HIGH,5.795154305729832,5.795154305729832,2024-03-16 19:37:51.112263
775,FCU_016,FCU,2024-06-07 21:43:04.628400,Fan motor failure,2,MEDIUM,4.67874179181206,4.67874179181206,2024-06-08 02:23:48.098851
775,FCU_008,FCU,2024-11-17 14:11:12.015989,Filter blockage,1,LOW,1.016325559000656,1.016325559000656,2024-11-17 15:12:10.788001
775,FCU_048,FCU,2024-12-21 23:52:10.992021,Valve actuator,2,MEDIUM,4.293883282210952,4.293883282210952,2024-12-22 04:09:48.971837
775,CHWP_002,CHW_Pump,2025-04-05 12:38:25.324451,Motor overheating,3,HIGH,8.817214240015694,8.817214240015694,2025-04-05 21:27:27.295715
776,FCU_007,FCU,2025-02-14 04:03:04.436089,Fan motor failure,2,MEDIUM,2.7867852997387854,2.7867852997387854,2025-02-14 06:50:16.863168
776,FCU_036,FCU,2025-03-01 10:30:47.690266,Fan motor failure,2,MEDIUM,4.3275796580066475,4.3275796580066475,2025-03-01 14:50:26.977035
776,FCU_001,FCU,2025-05-15 03:13:02.148676,Fan motor failure,2,MEDIUM,4.513809745867992,4.513809745867992,2025-05-15 07:43:51.863761
777,FCU_029,FCU,2023-08-30 23:17:15.511656,Valve actuator,2,MEDIUM,1.7015795854687465,1.7015795854687465,2023-08-31 00:59:21.198164
777,FCU_021,FCU,2024-04-10 14:31:07.515430,Fan motor failure,2,MEDIUM,5.457617270712461,5.457617270712461,2024-04-10 19:58:34.937605
777,FCU_003,FCU,2024-06-12 22:33:13.122609,Filter blockage,1,LOW,1.0101063068159137,1.0101063068159137,2024-06-12 23:33:49.505314
777,HP_002,HeatPump,2024-09-05 14:44:03.757277,Control valve failure,3,HIGH,4.966147593148848,4.966147593148848,2024-09-05 19:42:01.888612
777,FCU_041,FCU,2024-12-07 16:59:45.641152,Filter blockage,1,LOW,0.7334737154773514,0.7334737154773514,2024-12-07 17:43:46.146528
777,FCU_043,FCU,2025-03-21 00:45:36.296186,Coil fouling,1,LOW,1.8619457605408758,1.8619457605408758,2025-03-21 02:37:19.300924
778,FCU_024,FCU,2025-03-01 11:09:11.288131,Coil fouling,1,LOW,2.5225731760902135,2.5225731760902135,2025-03-01 13:40:32.551565
778,FCU_043,FCU,2025-05-16 17:14:22.448840,Filter blockage,1,LOW,0.8566914703901106,0.8566914703901106,2025-05-16 18:05:46.538133
778,FCU_031,FCU,2025-05-18 10:53:07.150978,Valve actuator,2,MEDIUM,3.103854028721016,3.103854028721016,2025-05-18 13:59:21.025481
779,CHWP_003,CHW_Pump,2024-02-08 01:34:18.461721,Bearing wear,3,HIGH,4.083160523672544,4.083160523672544,2024-02-08 05:39:17.839606
779,FCU_034,FCU,2024-04-01 21:40:15.151563,Fan motor failure,2,MEDIUM,3.656237184444628,3.656237184444628,2024-04-02 01:19:37.605427
779,FCU_014,FCU,2024-05-14 07:10:08.048623,Fan motor failure,2,MEDIUM,5.4896337056369,5.4896337056369,2024-05-14 12:39:30.729963
779,FCU_002,FCU,2024-07-26 16:17:58.601265,Fan motor failure,2,MEDIUM,3.1873367424228025,3.1873367424228025,2024-07-26 19:29:13.013538
779,FCU_032,FCU,2024-12-23 05:26:23.044715,Coil fouling,1,LOW,2.243430393026722,2.243430393026722,2024-12-23 07:40:59.394130
780,FCU_032,FCU,2024-06-02 15:08:04.096021,Thermostat failure,1,LOW,1.367292610540399,1.367292610540399,2024-06-02 16:30:06.349419
780,FCU_013,FCU,2024-10-30 03:15:26.897152,Coil fouling,1,LOW,1.9211315322523037,1.9211315322523037,2024-10-30 05:10:42.970668
780,HP_002,HeatPump,2025-01-29 06:48:58.069635,Compressor degradation,4,CRITICAL,19.772561511131446,19.772561511131446,2025-01-30 02:35:19.291075
781,FCU_023,FCU,2024-06-04 23:47:01.873129,Filter blockage,1,LOW,1.0140779570230003,1.0140779570230003,2024-06-05 00:47:52.553774
781,FCU_010,FCU,2024-07-25 16:50:35.432573,Coil fouling,1,LOW,2.649651678457658,2.649651678457658,2024-07-25 19:29:34.178615
781,FCU_003,FCU,2024-12-03 16:34:41.913617,Fan motor failure,2,MEDIUM,5.087029703915282,5.087029703915282,2024-12-03 21:39:55.220551
781,FCU_040,FCU,2025-04-29 11:32:18.747307,Valve actuator,2,MEDIUM,4.569676855731835,4.569676855731835,2025-04-29 16:06:29.583988
781,FCU_029,FCU,2025-05-05 19:49:15.777515,Coil fouling,1,LOW,1.85142335062739,1.85142335062739,2025-05-05 21:40:20.901577
782,FCU_010,FCU,2024-02-09 19:49:06.335223,Thermostat failure,1,LOW,2.4179582628597576,2.4179582628597576,2024-02-09 22:14:10.984969
782,FCU_045,FCU,2024-11-08 15:14:46.307553,Coil fouling,1,LOW,1.8051419140651648,1.8051419140651648,2024-11-08 17:03:04.818444
782,FCU_024,FCU,2024-12-21 12:15:03.751170,Filter blockage,1,LOW,1.2161438826409017,1.2161438826409017,2024-12-21 13:28:01.869148
782,FCU_035,FCU,2025-05-17 04:01:55.140566,Fan motor failure,2,MEDIUM,2.9672264064033667,2.9672264064033667,2025-05-17 06:59:57.155629
783,FCU_038,FCU,2023-08-25 15:49:16.678400,Fan motor failure,2,MEDIUM,3.7576742151489864,3.7576742151489864,2023-08-25 19:34:44.305575
783,FCU_031,FCU,2023-11-16 08:08:03.366755,Fan motor failure,2,MEDIUM,3.8740350002551476,3.8740350002551476,2023-11-16 12:00:29.892756
783,FCU_002,FCU,2024-02-20 08:38:10.443938,Fan motor failure,2,MEDIUM,3.4147603034198317,3.4147603034198317,2024-02-20 12:03:03.581030
783,FCU_005,FCU,2024-09-16 07:39:07.897938,Coil fouling,1,LOW,3.283733343967183,3.283733343967183,2024-09-16 10:56:09.337976
783,CT_001,CoolingTower,2024-10-29 00:06:44.439772,Drift eliminator damage,2,MEDIUM,4.125994729795296,4.125994729795296,2024-10-29 04:14:18.020799
783,FCU_042,FCU,2024-11-26 05:11:19.316281,Fan motor failure,2,MEDIUM,5.514193974780856,5.514193974780856,2024-11-26 10:42:10.414590
783,FCU_041,FCU,2024-12-04 21:55:56.624375,Coil fouling,1,LOW,1.9584340621019483,1.9584340621019483,2024-12-04 23:53:26.986999
783,FCU_035,FCU,2025-02-10 02:17:41.166684,Fan motor failure,2,MEDIUM,4.75406315185719,4.75406315185719,2025-02-10 07:02:55.794031
783,FCU_025,FCU,2025-03-01 22:09:34.088494,Filter blockage,1,LOW,1.3280045267160459,1.3280045267160459,2025-03-01 23:29:14.904790
784,HP_002,HeatPump,2024-10-28 20:22:55.902261,Control valve failure,3,HIGH,6.970866988479902,6.970866988479902,2024-10-29 03:21:11.023420
784,FCU_040,FCU,2025-03-28 22:51:12.929457,Fan motor failure,2,MEDIUM,3.5121951653475842,3.5121951653475842,2025-03-29 02:21:56.832052
785,FCU_028,FCU,2024-12-31 04:36:24.691978,Fan motor failure,2,MEDIUM,3.8506386681387568,3.8506386681387568,2024-12-31 08:27:26.991183
786,FCU_035,FCU,2023-07-13 07:37:58.262915,Thermostat failure,1,LOW,1.316698419924453,1.316698419924453,2023-07-13 08:56:58.377227
786,HP_002,HeatPump,2023-11-04 06:01:10.702566,Sensor malfunction,1,LOW,1.682899636755749,1.682899636755749,2023-11-04 07:42:09.141258
786,FCU_034,FCU,2024-11-02 00:20:07.732952,Coil fouling,1,LOW,2.6945568449731856,2.6945568449731856,2024-11-02 03:01:48.137594
786,FCU_001,FCU,2024-12-01 11:30:59.211642,Coil fouling,1,LOW,3.706111912877632,3.706111912877632,2024-12-01 15:13:21.214528
786,FCU_043,FCU,2025-01-04 07:17:03.178514,Valve actuator,2,MEDIUM,3.396214313913845,3.396214313913845,2025-01-04 10:40:49.550044
786,FCU_019,FCU,2025-04-08 20:05:02.711867,Coil fouling,1,LOW,1.7884622357359954,1.7884622357359954,2025-04-08 21:52:21.175916
787,FCU_022,FCU,2024-08-03 03:07:07.078352,Fan motor failure,2,MEDIUM,2.953556547782803,2.953556547782803,2024-08-03 06:04:19.881924
787,CHWP_001,CHW_Pump,2024-11-05 05:58:41.276308,Motor overheating,3,HIGH,8.52668745029165,8.52668745029165,2024-11-05 14:30:17.351129
787,FCU_003,FCU,2024-12-29 17:01:39.969666,Thermostat failure,1,LOW,3.2301337533344348,3.2301337533344348,2024-12-29 20:15:28.451178
787,FCU_002,FCU,2025-03-16 05:21:04.189289,Thermostat failure,1,LOW,1.2429959283734797,1.2429959283734797,2025-03-16 06:35:38.974631
787,HWP_001,HW_Pump,2025-04-21 08:59:53.751612,Seal leakage,2,MEDIUM,3.997494802130122,3.997494802130122,2025-04-21 12:59:44.732900
787,HWP_002,HW_Pump,2025-05-03 04:51:33.363699,Bearing wear,3,HIGH,6.456498501355057,6.456498501355057,2025-05-03 11:18:56.758304
787,FCU_028,FCU,2025-05-17 17:02:21.718272,Fan motor failure,2,MEDIUM,4.738903664538682,4.738903664538682,2025-05-17 21:46:41.771464
788,FCU_034,FCU,2024-12-07 17:56:05.033720,Coil fouling,1,LOW,2.1107606592758135,2.1107606592758135,2024-12-07 20:02:43.772093
788,FCU_005,FCU,2024-12-15 06:32:41.626649,Filter blockage,1,LOW,0.9951402907201121,0.9951402907201121,2024-12-15 07:32:24.131696
788,FCU_043,FCU,2024-12-25 07:04:57.843686,Fan motor failure,2,MEDIUM,4.989098256343781,4.989098256343781,2024-12-25 12:04:18.597409
788,CHWP_003,CHW_Pump,2025-05-20 15:10:49.314792,Seal leakage,2,MEDIUM,3.9922258651318554,3.9922258651318554,2025-05-20 19:10:21.327906
789,FCU_003,FCU,2025-02-22 16:03:54.665358,Fan motor failure,2,MEDIUM,5.332720514546604,5.332720514546604,2025-02-22 21:23:52.459210
789,FCU_023,FCU,2025-03-10 22:02:31.925353,Filter blockage,1,LOW,0.706238640294102,0.706238640294102,2025-03-10 22:44:54.384458
790,FCU_011,FCU,2025-03-22 16:13:47.877032,Fan motor failure,2,MEDIUM,3.5873730164488284,3.5873730164488284,2025-03-22 19:49:02.419891
791,CHWP_001,CHW_Pump,2024-08-25 05:26:37.452152,Impeller damage,4,CRITICAL,5.718442519881058,5.718442519881058,2024-08-25 11:09:43.845224
791,FCU_022,FCU,2024-11-01 15:24:10.847853,Fan motor failure,2,MEDIUM,3.0951207792915745,3.0951207792915745,2024-11-01 18:29:53.282658
791,FCU_046,FCU,2025-03-11 23:57:36.932044,Thermostat failure,1,LOW,1.3182424359473455,1.3182424359473455,2025-03-12 01:16:42.604813
791,FCU_002,FCU,2025-03-12 21:06:26.891523,Coil fouling,1,LOW,1.1206893809842946,1.1206893809842946,2025-03-12 22:13:41.373295
792,FCU_029,FCU,2024-01-29 19:16:04.672064,Coil fouling,1,LOW,2.6269599500617375,2.6269599500617375,2024-01-29 21:53:41.727884
792,CHWP_001,CHW_Pump,2024-04-19 01:00:02.086953,Bearing wear,3,HIGH,8.220197105672932,8.220197105672932,2024-04-19 09:13:14.796533
792,FCU_034,FCU,2024-07-11 01:38:15.028026,Fan motor failure,2,MEDIUM,6.040210581365279,6.040210581365279,2024-07-11 07:40:39.786119
793,FCU_004,FCU,2024-03-19 16:09:54.925995,Coil fouling,1,LOW,1.8419660302447518,1.8419660302447518,2024-03-19 18:00:26.003704
793,FCU_013,FCU,2024-05-18 20:26:00.156072,Thermostat failure,1,LOW,2.9621532074184826,2.9621532074184826,2024-05-18 23:23:43.907619
793,HP_001,HeatPump,2024-12-22 01:20:31.158736,Refrigerant leak,3,HIGH,9.681795712795124,9.681795712795124,2024-12-22 11:01:25.623302
793,FCU_034,FCU,2025-03-31 03:31:57.612892,Coil fouling,1,LOW,2.3147650891751215,2.3147650891751215,2025-03-31 05:50:50.767213
794,HP_001,HeatPump,2023-12-28 23:51:15.131030,Heat exchanger fouling,2,MEDIUM,4.153738774071761,4.153738774071761,2023-12-29 04:00:28.590617
794,FCU_023,FCU,2024-02-02 09:47:01.605506,Coil fouling,1,LOW,2.0346613093728214,2.0346613093728214,2024-02-02 11:49:06.386220
794,CHWP_002,CHW_Pump,2024-07-26 09:51:54.210218,Impeller damage,4,CRITICAL,9.677520782142084,9.677520782142084,2024-07-26 19:32:33.285034
794,CHWP_003,CHW_Pump,2025-01-15 04:35:12.916046,Impeller damage,4,CRITICAL,7.120260967503889,7.120260967503889,2025-01-15 11:42:25.855529
794,FCU_008,FCU,2025-03-03 18:58:56.821243,Coil fouling,1,LOW,1.8609419015856132,1.8609419015856132,2025-03-03 20:50:36.212089
794,CHWP_001,CHW_Pump,2025-03-09 15:57:05.550940,Seal leakage,2,MEDIUM,3.2479563427116482,3.2479563427116482,2025-03-09 19:11:58.193774
795,FCU_039,FCU,2024-08-17 03:37:22.125919,Filter blockage,1,LOW,0.9897115824771074,0.9897115824771074,2024-08-17 04:36:45.087616
795,FCU_032,FCU,2025-03-16 20:27:00.024632,Coil fouling,1,LOW,2.3232738748682116,2.3232738748682116,2025-03-16 22:46:23.810582
796,CHWP_003,CHW_Pump,2023-08-14 19:49:00.843086,Bearing wear,3,HIGH,9.023611160253953,9.023611160253953,2023-08-15 04:50:25.843263
796,FCU_019,FCU,2024-10-06 03:02:32.532967,Fan motor failure,2,MEDIUM,4.881160829897179,4.881160829897179,2024-10-06 07:55:24.711955
796,FCU_038,FCU,2025-01-20 03:31:05.544698,Thermostat failure,1,LOW,2.1897678128537463,2.1897678128537463,2025-01-20 05:42:28.708824
796,FCU_004,FCU,2025-03-04 08:20:00.867394,Thermostat failure,1,LOW,2.3228218166875365,2.3228218166875365,2025-03-04 10:39:23.025934
796,FCU_008,FCU,2025-03-10 14:09:29.220954,Filter blockage,1,LOW,0.7162330899779759,0.7162330899779759,2025-03-10 14:52:27.660078
796,FCU_016,FCU,2025-03-17 06:34:48.657190,Thermostat failure,1,LOW,1.4216738310366268,1.4216738310366268,2025-03-17 08:00:06.682982
796,FCU_035,FCU,2025-04-21 19:24:36.859566,Fan motor failure,2,MEDIUM,4.703573558519131,4.703573558519131,2025-04-22 00:06:49.724377
797,FCU_018,FCU,2025-05-28 20:31:53.307393,Filter blockage,1,LOW,1.3349082486976998,1.3349082486976998,2025-05-28 21:51:58.977088
798,FCU_035,FCU,2023-12-09 16:56:17.568545,Fan motor failure,2,MEDIUM,6.487051493575832,6.487051493575832,2023-12-09 23:25:30.953922
798,CHWP_003,CHW_Pump,2024-07-07 11:01:40.378137,Impeller damage,4,CRITICAL,12.955805237075161,12.955805237075161,2024-07-07 23:59:01.276990
798,HWP_001,HW_Pump,2024-08-03 06:10:55.373391,Seal leakage,2,MEDIUM,3.719695010590748,3.719695010590748,2024-08-03 09:54:06.275429
798,FCU_002,FCU,2025-03-06 12:40:30.831765,Thermostat failure,1,LOW,1.8722643433644084,1.8722643433644084,2025-03-06 14:32:50.983401
798,FCU_016,FCU,2025-05-02 21:13:02.976111,Fan motor failure,2,MEDIUM,3.6320292763131703,3.6320292763131703,2025-05-03 00:50:58.281506
799,FCU_036,FCU,2024-05-10 04:57:30.174632,Coil fouling,1,LOW,1.8105761741066622,1.8105761741066622,2024-05-10 06:46:08.248859
799,FCU_029,FCU,2024-11-30 19:59:16.858989,Filter blockage,1,LOW,1.010302885201299,1.010302885201299,2024-11-30 20:59:53.949376
799,CHWP_002,CHW_Pump,2025-01-22 13:05:45.488303,Seal leakage,2,MEDIUM,3.9859213110522607,3.9859213110522607,2025-01-22 17:04:54.805023
800,FCU_046,FCU,2024-07-05 18:43:54.660457,Fan motor failure,2,MEDIUM,6.949038709117368,6.949038709117368,2024-07-06 01:40:51.199810
800,CHWP_003,CHW_Pump,2024-08-23 10:10:24.824953,Bearing wear,3,HIGH,8.948773319748781,8.948773319748781,2024-08-23 19:07:20.408904
800,FCU_002,FCU,2024-10-28 20:18:50.161513,Fan motor failure,2,MEDIUM,3.182342621062899,3.182342621062899,2024-10-28 23:29:46.594949
801,FCU_035,FCU,2024-03-05 01:52:19.037682,Thermostat failure,1,LOW,1.8260619057148948,1.8260619057148948,2024-03-05 03:41:52.860543
801,FCU_007,FCU,2024-11-10 03:18:18.149185,Coil fouling,1,LOW,3.496078287317517,3.496078287317517,2024-11-10 06:48:04.031019
801,HP_002,HeatPump,2025-04-05 11:30:38.241023,Compressor degradation,4,CRITICAL,8.736058579463347,8.736058579463347,2025-04-05 20:14:48.051909
802,FCU_035,FCU,2024-03-17 08:08:50.058118,Fan motor failure,2,MEDIUM,2.956935650276431,2.956935650276431,2024-03-17 11:06:15.026459
802,FCU_029,FCU,2024-11-20 13:31:00.232037,Filter blockage,1,LOW,1.2160589893622027,1.2160589893622027,2024-11-20 14:43:58.044399
803,HP_002,HeatPump,2023-03-15 20:21:59.388741,Refrigerant leak,3,HIGH,9.362844191316308,9.362844191316308,2023-03-16 05:43:45.627830
803,FCU_026,FCU,2024-02-12 01:58:08.949926,Fan motor failure,2,MEDIUM,2.985086215681296,2.985086215681296,2024-02-12 04:57:15.260302
803,FCU_017,FCU,2024-07-29 01:17:21.575630,Fan motor failure,2,MEDIUM,4.279230876711111,4.279230876711111,2024-07-29 05:34:06.806786
803,CHWP_003,CHW_Pump,2024-09-26 19:45:05.586765,Impeller damage,4,CRITICAL,7.757222158600793,7.757222158600793,2024-09-27 03:30:31.586536
803,FCU_029,FCU,2024-12-03 14:04:42.178620,Thermostat failure,1,LOW,1.8548497515822355,1.8548497515822355,2024-12-03 15:55:59.637726
803,FCU_004,FCU,2025-01-18 15:18:50.214407,Filter blockage,1,LOW,0.7736718290713699,0.7736718290713699,2025-01-18 16:05:15.432992
804,FCU_038,FCU,2024-09-15 16:21:50.120520,Fan motor failure,2,MEDIUM,4.22839365128441,4.22839365128441,2024-09-15 20:35:32.337665
804,FCU_017,FCU,2024-11-29 19:51:38.763121,Coil fouling,1,LOW,2.376133958555612,2.376133958555612,2024-11-29 22:14:12.845372
804,FCU_004,FCU,2025-03-16 01:25:22.730204,Coil fouling,1,LOW,2.544488492201997,2.544488492201997,2025-03-16 03:58:02.888776
805,FCU_018,FCU,2024-07-14 19:19:57.915720,Filter blockage,1,LOW,1.3272564163135474,1.3272564163135474,2024-07-14 20:39:36.038819
805,FCU_024,FCU,2024-09-17 21:25:43.309744,Coil fouling,1,LOW,1.6030825190325342,1.6030825190325342,2024-09-17 23:01:54.406813
805,FCU_035,FCU,2024-10-14 07:29:35.046689,Fan motor failure,2,MEDIUM,5.1069533550517825,5.1069533550517825,2024-10-14 12:36:00.078767
805,FCU_038,FCU,2025-04-16 16:27:04.455769,Coil fouling,1,LOW,2.0686288646016675,2.0686288646016675,2025-04-16 18:31:11.519682
805,FCU_045,FCU,2025-05-12 13:04:46.893192,Coil fouling,1,LOW,2.4952174307812047,2.4952174307812047,2025-05-12 15:34:29.675943
806,FCU_036,FCU,2024-10-08 03:41:10.541546,Fan motor failure,2,MEDIUM,4.603588335375305,4.603588335375305,2024-10-08 08:17:23.459553
806,FCU_019,FCU,2024-12-01 19:28:04.247278,Filter blockage,1,LOW,0.6349585378482849,0.6349585378482849,2024-12-01 20:06:10.098014
807,FCU_044,FCU,2024-12-31 02:37:48.618072,Coil fouling,1,LOW,2.3244615871771983,2.3244615871771983,2024-12-31 04:57:16.679786
807,FCU_020,FCU,2025-01-22 12:54:38.081407,Valve actuator,2,MEDIUM,2.945779815212144,2.945779815212144,2025-01-22 15:51:22.888742
808,HP_002,HeatPump,2024-04-12 10:06:31.218353,Control valve failure,3,HIGH,5.024677696088192,5.024677696088192,2024-04-12 15:08:00.058059
808,FCU_003,FCU,2024-04-22 20:56:11.587855,Coil fouling,1,LOW,1.9666859386038078,1.9666859386038078,2024-04-22 22:54:11.657234
808,FCU_026,FCU,2024-08-10 19:59:26.771440,Coil fouling,1,LOW,1.9551913687940965,1.9551913687940965,2024-08-10 21:56:45.460368
808,FCU_017,FCU,2024-11-23 22:11:59.928565,Coil fouling,1,LOW,1.6848246246724692,1.6848246246724692,2024-11-23 23:53:05.297214
809,HWP_001,HW_Pump,2023-04-23 16:53:54.341738,Impeller damage,4,CRITICAL,11.212706492832424,11.212706492832424,2023-04-24 04:06:40.085112
809,CHWP_003,CHW_Pump,2024-02-13 17:57:37.557329,Bearing wear,3,HIGH,9.972866169275768,9.972866169275768,2024-02-14 03:55:59.875538
809,FCU_025,FCU,2024-04-13 14:28:02.703297,Thermostat failure,1,LOW,1.524079791707521,1.524079791707521,2024-04-13 15:59:29.390547
809,FCU_001,FCU,2025-01-03 00:29:59.629920,Fan motor failure,2,MEDIUM,2.4703433476081305,2.4703433476081305,2025-01-03 02:58:12.865971
809,FCU_033,FCU,2025-04-25 00:38:33.153698,Valve actuator,2,MEDIUM,4.697423677483571,4.697423677483571,2025-04-25 05:20:23.878937
810,HWP_001,HW_Pump,2023-10-10 07:52:41.992128,Bearing wear,3,HIGH,11.159865170117088,11.159865170117088,2023-10-10 19:02:17.506740
810,HWP_001,HW_Pump,2025-01-15 13:01:19.166266,Seal leakage,2,MEDIUM,4.337878137012708,4.337878137012708,2025-01-15 17:21:35.527559
811,CHWP_003,CHW_Pump,2025-01-03 10:09:22.236783,Seal leakage,2,MEDIUM,3.039231017900927,3.039231017900927,2025-01-03 13:11:43.468447
812,FCU_021,FCU,2025-04-18 04:25:24.387348,Coil fouling,1,LOW,2.344378155506221,2.344378155506221,2025-04-18 06:46:04.148708
813,CT_001,CoolingTower,2024-02-12 01:33:17.267943,Fan motor failure,4,CRITICAL,6.012825891201896,6.012825891201896,2024-02-12 07:34:03.441151
813,FCU_026,FCU,2024-12-03 08:14:18.888557,Valve actuator,2,MEDIUM,1.5053766769742218,1.5053766769742218,2024-12-03 09:44:38.244594
813,FCU_049,FCU,2024-12-24 07:11:49.865784,Fan motor failure,2,MEDIUM,4.053650466563361,4.053650466563361,2024-12-24 11:15:03.007464
813,HP_002,HeatPump,2025-02-09 18:13:40.882236,Refrigerant leak,3,HIGH,7.129682100265217,7.129682100265217,2025-02-10 01:21:27.737797
814,FCU_018,FCU,2025-02-27 19:02:22.273122,Thermostat failure,1,LOW,2.0704895421942253,2.0704895421942253,2025-02-27 21:06:36.035474
815,CHWP_003,CHW_Pump,2025-02-25 19:04:12.202839,Motor overheating,3,HIGH,7.123517632574724,7.123517632574724,2025-02-26 02:11:36.866316
815,FCU_033,FCU,2025-02-28 15:30:35.655478,Filter blockage,1,LOW,0.6555721647567042,0.6555721647567042,2025-02-28 16:09:55.715271
815,FCU_035,FCU,2025-03-22 13:30:47.204099,Filter blockage,1,LOW,0.5851294325587891,0.5851294325587891,2025-03-22 14:05:53.670056
815,CHWP_001,CHW_Pump,2025-03-25 00:52:03.674367,Seal leakage,2,MEDIUM,4.7697565873483985,4.7697565873483985,2025-03-25 05:38:14.798081
815,FCU_028,FCU,2025-04-05 12:47:19.023295,Fan motor failure,2,MEDIUM,3.0299636921453277,3.0299636921453277,2025-04-05 15:49:06.892587
816,HP_002,HeatPump,2024-10-06 16:32:16.509978,Refrigerant leak,3,HIGH,13.149589628839388,13.149589628839388,2024-10-07 05:41:15.032642
816,FCU_003,FCU,2024-10-27 21:55:24.357186,Fan motor failure,2,MEDIUM,6.263083042405964,6.263083042405964,2024-10-28 04:11:11.456139
816,FCU_015,FCU,2025-05-06 06:58:49.716335,Filter blockage,1,LOW,0.9440093910157231,0.9440093910157231,2025-05-06 07:55:28.150143
817,FCU_039,FCU,2024-06-11 00:41:55.114204,Filter blockage,1,LOW,0.8368690662258251,0.8368690662258251,2024-06-11 01:32:07.842842
817,FCU_032,FCU,2024-08-01 15:38:28.608187,Coil fouling,1,LOW,2.177601791469843,2.177601791469843,2024-08-01 17:49:07.974636
817,HWP_002,HW_Pump,2024-11-18 15:43:52.644904,Bearing wear,3,HIGH,7.312031721642985,7.312031721642985,2024-11-18 23:02:35.959102
817,FCU_011,FCU,2024-11-18 22:02:07.135712,Coil fouling,1,LOW,2.737719639060168,2.737719639060168,2024-11-19 00:46:22.926413
817,FCU_004,FCU,2025-01-21 04:33:24.417400,Filter blockage,1,LOW,0.8694476160521117,0.8694476160521117,2025-01-21 05:25:34.428818
817,FCU_018,FCU,2025-02-05 00:55:57.234116,Filter blockage,1,LOW,0.5072150300531785,0.5072150300531785,2025-02-05 01:26:23.208224
817,FCU_039,FCU,2025-04-12 17:27:46.597652,Coil fouling,1,LOW,1.8279269465331633,1.8279269465331633,2025-04-12 19:17:27.134660
817,HWP_001,HW_Pump,2025-04-27 00:36:08.532569,Impeller damage,4,CRITICAL,9.283072099794717,9.283072099794717,2025-04-27 09:53:07.592128
818,CT_001,CoolingTower,2023-06-09 23:33:07.891426,Fill media degradation,2,MEDIUM,7.416259533943847,7.416259533943847,2023-06-10 06:58:06.425748
818,FCU_026,FCU,2024-02-14 22:03:25.911384,Fan motor failure,2,MEDIUM,3.2996928375367216,3.2996928375367216,2024-02-15 01:21:24.805599
818,HP_002,HeatPump,2024-05-17 06:44:47.461083,Heat exchanger fouling,2,MEDIUM,3.040552600345617,3.040552600345617,2024-05-17 09:47:13.450444
818,FCU_040,FCU,2024-11-11 21:44:24.535292,Filter blockage,1,LOW,1.0284075283793885,1.0284075283793885,2024-11-11 22:46:06.802394
818,FCU_043,FCU,2025-01-16 05:55:42.464930,Fan motor failure,2,MEDIUM,4.622436724612527,4.622436724612527,2025-01-16 10:33:03.237139
819,FCU_039,FCU,2024-07-08 08:55:52.742042,Thermostat failure,1,LOW,2.5902697135183894,2.5902697135183894,2024-07-08 11:31:17.713011
819,FCU_002,FCU,2025-02-16 13:17:33.923049,Filter blockage,1,LOW,0.8426888609031608,0.8426888609031608,2025-02-16 14:08:07.602948
819,FCU_011,FCU,2025-04-16 12:13:37.842508,Filter blockage,1,LOW,0.9363720646951442,0.9363720646951442,2025-04-16 13:09:48.781941
819,FCU_029,FCU,2025-05-23 08:07:28.468069,Filter blockage,1,LOW,1.2278999967614646,1.2278999967614646,2025-05-23 09:21:08.908057
819,FCU_010,FCU,2025-05-28 11:04:40.483683,Coil fouling,1,LOW,2.9607325562479816,2.9607325562479816,2025-05-28 14:02:19.120885
820,HP_001,HeatPump,2024-09-02 07:36:30.853372,Sensor malfunction,1,LOW,2.561594966081598,2.561594966081598,2024-09-02 10:10:12.595250
820,FCU_006,FCU,2025-03-10 21:08:02.525001,Fan motor failure,2,MEDIUM,6.262868188973774,6.262868188973774,2025-03-11 03:23:48.850481
820,FCU_043,FCU,2025-05-23 06:40:19.953518,Valve actuator,2,MEDIUM,4.3101886565921665,4.3101886565921665,2025-05-23 10:58:56.632682
821,HP_002,HeatPump,2024-04-05 08:32:22.367232,Refrigerant leak,3,HIGH,4.327355026549006,4.327355026549006,2024-04-05 12:52:00.845328
821,FCU_032,FCU,2024-04-27 16:38:44.323640,Coil fouling,1,LOW,1.2225305701225788,1.2225305701225788,2024-04-27 17:52:05.433692
821,FCU_031,FCU,2024-04-28 16:54:47.637723,Thermostat failure,1,LOW,2.1380114251541738,2.1380114251541738,2024-04-28 19:03:04.478854
821,FCU_010,FCU,2024-08-14 23:41:09.672196,Fan motor failure,2,MEDIUM,6.548946995519765,6.548946995519765,2024-08-15 06:14:05.881380
821,FCU_043,FCU,2025-02-04 10:59:12.277222,Valve actuator,2,MEDIUM,2.9433774532824746,2.9433774532824746,2025-02-04 13:55:48.436054
822,FCU_040,FCU,2024-10-03 10:41:11.740377,Fan motor failure,2,MEDIUM,2.8631389767241533,2.8631389767241533,2024-10-03 13:32:59.040693
822,HP_001,HeatPump,2025-03-30 21:15:41.010681,Control valve failure,3,HIGH,2.687005680679367,2.687005680679367,2025-03-30 23:56:54.231131
823,CHWP_001,CHW_Pump,2023-06-23 14:55:37.359721,VFD malfunction,2,MEDIUM,3.9603036332079355,3.9603036332079355,2023-06-23 18:53:14.452801
823,CHWP_002,CHW_Pump,2023-11-23 18:33:06.655394,Bearing wear,3,HIGH,7.169981858072022,7.169981858072022,2023-11-24 01:43:18.590083
823,FCU_031,FCU,2025-01-08 15:07:39.106372,Fan motor failure,2,MEDIUM,2.9678554205387915,2.9678554205387915,2025-01-08 18:05:43.385886
823,FCU_006,FCU,2025-02-11 11:44:20.206311,Filter blockage,1,LOW,1.8022716733169697,1.8022716733169697,2025-02-11 13:32:28.384335
823,FCU_035,FCU,2025-03-08 15:35:04.761696,Coil fouling,1,LOW,1.6787313761578313,1.6787313761578313,2025-03-08 17:15:48.194650
824,HWP_002,HW_Pump,2024-01-04 13:12:52.220356,VFD malfunction,2,MEDIUM,3.187526691425872,3.187526691425872,2024-01-04 16:24:07.316445
824,CHWP_001,CHW_Pump,2024-04-18 19:40:46.130877,Seal leakage,2,MEDIUM,3.084772579409471,3.084772579409471,2024-04-18 22:45:51.312163
824,FCU_033,FCU,2024-08-19 02:22:58.245809,Fan motor failure,2,MEDIUM,2.553973714706019,2.553973714706019,2024-08-19 04:56:12.551182
824,FCU_015,FCU,2024-09-10 11:34:21.581152,Coil fouling,1,LOW,1.5821550303506446,1.5821550303506446,2024-09-10 13:09:17.339261
824,CHWP_001,CHW_Pump,2024-09-21 23:30:51.140744,Bearing wear,3,HIGH,7.0405201221063445,7.0405201221063445,2024-09-22 06:33:17.013184
824,FCU_045,FCU,2024-12-06 00:31:23.882961,Thermostat failure,1,LOW,2.6280831860123874,2.6280831860123874,2024-12-06 03:09:04.982431
824,FCU_002,FCU,2025-04-29 22:23:12.553875,Coil fouling,1,LOW,2.146077569161674,2.146077569161674,2025-04-30 00:31:58.433124
824,FCU_035,FCU,2025-05-11 17:15:42.753451,Filter blockage,1,LOW,1.2962087010794734,1.2962087010794734,2025-05-11 18:33:29.104775
825,FCU_031,FCU,2023-05-13 08:26:08.392675,Filter blockage,1,LOW,1.3787869985315038,1.3787869985315038,2023-05-13 09:48:52.025870
825,FCU_012,FCU,2023-08-13 14:22:00.244771,Valve actuator,2,MEDIUM,4.177767921237377,4.177767921237377,2023-08-13 18:32:40.209287
825,FCU_008,FCU,2023-12-18 13:21:29.613546,Filter blockage,1,LOW,0.7474612872214145,0.7474612872214145,2023-12-18 14:06:20.474180
825,FCU_043,FCU,2024-07-17 03:43:21.593849,Valve actuator,2,MEDIUM,1.8128822063376695,1.8128822063376695,2024-07-17 05:32:07.969792
825,FCU_021,FCU,2025-05-14 23:37:10.686422,Coil fouling,1,LOW,2.427047572405905,2.427047572405905,2025-05-15 02:02:48.057683
826,FCU_039,FCU,2024-05-02 15:06:53.259431,Fan motor failure,2,MEDIUM,4.032310303336253,4.032310303336253,2024-05-02 19:08:49.576523
826,HP_002,HeatPump,2024-06-02 14:54:45.556865,Sensor malfunction,1,LOW,1.5648175830838527,1.5648175830838527,2024-06-02 16:28:38.900164
826,FCU_017,FCU,2024-07-26 19:03:43.637923,Coil fouling,1,LOW,2.195116511063039,2.195116511063039,2024-07-26 21:15:26.057363
826,FCU_041,FCU,2024-10-13 00:21:38.012855,Fan motor failure,2,MEDIUM,2.692726454724554,2.692726454724554,2024-10-13 03:03:11.828092
826,FCU_029,FCU,2025-01-05 01:13:00.605610,Fan motor failure,2,MEDIUM,4.614150766156015,4.614150766156015,2025-01-05 05:49:51.548368
826,FCU_037,FCU,2025-03-16 11:32:28.885923,Fan motor failure,2,MEDIUM,5.02202432314314,5.02202432314314,2025-03-16 16:33:48.173486
827,FCU_001,FCU,2024-09-25 23:17:13.094152,Valve actuator,2,MEDIUM,2.6319070542921605,2.6319070542921605,2024-09-26 01:55:07.959547
827,FCU_043,FCU,2025-03-17 12:23:05.908891,Coil fouling,1,LOW,1.880205846273053,1.880205846273053,2025-03-17 14:15:54.649938
827,FCU_008,FCU,2025-04-19 01:42:45.589854,Coil fouling,1,LOW,3.0568123470775217,3.0568123470775217,2025-04-19 04:46:10.114303
828,FCU_011,FCU,2024-05-08 09:38:59.792218,Fan motor failure,2,MEDIUM,3.2861811434341117,3.2861811434341117,2024-05-08 12:56:10.044334
828,FCU_009,FCU,2024-10-10 00:04:16.986765,Coil fouling,1,LOW,2.3196957250743133,2.3196957250743133,2024-10-10 02:23:27.891375
828,FCU_007,FCU,2024-11-17 23:46:06.596726,Filter blockage,1,LOW,1.056215990308369,1.056215990308369,2024-11-18 00:49:28.974291
828,FCU_018,FCU,2025-03-29 11:46:31.591436,Filter blockage,1,LOW,0.7271418142663286,0.7271418142663286,2025-03-29 12:30:09.301967
828,FCU_014,FCU,2025-04-14 05:10:51.107283,Fan motor failure,2,MEDIUM,3.294918500083059,3.294918500083059,2025-04-14 08:28:32.813883
828,FCU_028,FCU,2025-05-24 03:55:03.859573,Filter blockage,1,LOW,0.8797810753052575,0.8797810753052575,2025-05-24 04:47:51.071444
829,FCU_021,FCU,2024-07-03 17:24:32.468914,Coil fouling,1,LOW,2.2164727296494426,2.2164727296494426,2024-07-03 19:37:31.770741
829,FCU_015,FCU,2024-12-24 18:17:00.628824,Coil fouling,1,LOW,1.7220730434803917,1.7220730434803917,2024-12-24 20:00:20.091781
829,FCU_007,FCU,2025-05-24 19:40:01.189645,Fan motor failure,2,MEDIUM,3.9888252677856384,3.9888252677856384,2025-05-24 23:39:20.960609
830,FCU_004,FCU,2024-02-01 17:52:44.963560,Thermostat failure,1,LOW,1.3737992437371251,1.3737992437371251,2024-02-01 19:15:10.640837
830,FCU_046,FCU,2024-10-20 11:01:34.496865,Thermostat failure,1,LOW,2.7991121277682267,2.7991121277682267,2024-10-20 13:49:31.300525
830,CHWP_002,CHW_Pump,2025-05-11 14:51:39.538114,Bearing wear,3,HIGH,10.131981855151079,10.131981855151079,2025-05-12 00:59:34.672793
831,CHWP_002,CHW_Pump,2023-11-14 22:48:48.638330,Bearing wear,3,HIGH,9.498065608194791,9.498065608194791,2023-11-15 08:18:41.674520
831,FCU_033,FCU,2024-01-17 00:47:00.114755,Valve actuator,2,MEDIUM,1.9326889680019086,1.9326889680019086,2024-01-17 02:42:57.795040
831,FCU_035,FCU,2024-05-05 13:14:11.113125,Valve actuator,2,MEDIUM,3.7009798679295622,3.7009798679295622,2024-05-05 16:56:14.640650
831,FCU_001,FCU,2024-06-15 08:21:19.023674,Filter blockage,1,LOW,0.9417187553072746,0.9417187553072746,2024-06-15 09:17:49.211193
831,FCU_017,FCU,2024-09-19 05:07:32.355506,Filter blockage,1,LOW,0.7603464247297425,0.7603464247297425,2024-09-19 05:53:09.602635
831,FCU_045,FCU,2025-03-13 11:06:04.619274,Filter blockage,1,LOW,2.1686178999392087,2.1686178999392087,2025-03-13 13:16:11.643714
832,CT_001,CoolingTower,2023-03-12 00:43:01.549659,Drift eliminator damage,2,MEDIUM,3.000559957903983,3.000559957903983,2023-03-12 03:43:03.565507
832,FCU_004,FCU,2024-04-18 18:01:48.996843,Valve actuator,2,MEDIUM,2.8726155867748107,2.8726155867748107,2024-04-18 20:54:10.412955
833,CHWP_001,CHW_Pump,2024-10-17 04:06:56.354110,VFD malfunction,2,MEDIUM,2.230090346135827,2.230090346135827,2024-10-17 06:20:44.679356
833,FCU_045,FCU,2025-01-12 22:33:37.047109,Filter blockage,1,LOW,0.8778601727030856,0.8778601727030856,2025-01-12 23:26:17.343731
833,FCU_003,FCU,2025-05-12 14:12:39.098983,Fan motor failure,2,MEDIUM,3.141716256352712,3.141716256352712,2025-05-12 17:21:09.277506
833,HWP_001,HW_Pump,2025-05-23 23:13:54.119947,Impeller damage,4,CRITICAL,11.027754142575436,11.027754142575436,2025-05-24 10:15:34.034860
834,FCU_004,FCU,2024-10-10 15:47:36.464306,Coil fouling,1,LOW,2.037509517962436,2.037509517962436,2024-10-10 17:49:51.498571
834,FCU_016,FCU,2024-12-09 13:41:58.217358,Coil fouling,1,LOW,2.070149718972221,2.070149718972221,2024-12-09 15:46:10.756346
834,FCU_028,FCU,2024-12-23 21:49:15.971173,Thermostat failure,1,LOW,2.2533289766330284,2.2533289766330284,2024-12-24 00:04:27.955489
835,CHWP_003,CHW_Pump,2023-09-16 05:51:19.427408,Seal leakage,2,MEDIUM,3.869947445657424,3.869947445657424,2023-09-16 09:43:31.238212
835,FCU_031,FCU,2024-08-15 18:55:28.898511,Thermostat failure,1,LOW,2.2360853212458265,2.2360853212458265,2024-08-15 21:09:38.805667
835,FCU_004,FCU,2024-08-28 03:01:38.515836,Filter blockage,1,LOW,1.0626733630536687,1.0626733630536687,2024-08-28 04:05:24.139943
835,HP_001,HeatPump,2024-10-22 22:55:16.249182,Sensor malfunction,1,LOW,2.013309855758974,2.013309855758974,2024-10-23 00:56:04.164663
835,FCU_026,FCU,2024-11-14 21:04:56.618246,Fan motor failure,2,MEDIUM,3.039592399688143,3.039592399688143,2024-11-15 00:07:19.150885
835,FCU_046,FCU,2025-01-20 18:59:57.394548,Filter blockage,1,LOW,1.4268083613034,1.4268083613034,2025-01-20 20:25:33.904649
835,FCU_005,FCU,2025-05-21 02:04:38.378638,Filter blockage,1,LOW,1.2059121075910404,1.2059121075910404,2025-05-21 03:16:59.662225
836,FCU_001,FCU,2024-01-30 07:28:41.868683,Valve actuator,2,MEDIUM,3.112284336278359,3.112284336278359,2024-01-30 10:35:26.092294
836,FCU_023,FCU,2024-05-19 04:50:20.592129,Fan motor failure,2,MEDIUM,3.845437896623229,3.845437896623229,2024-05-19 08:41:04.168557
836,FCU_049,FCU,2024-05-25 12:11:18.581983,Thermostat failure,1,LOW,1.5238833665563718,1.5238833665563718,2024-05-25 13:42:44.562103
836,FCU_039,FCU,2024-08-08 04:33:39.794013,Coil fouling,1,LOW,1.2803516427254995,1.2803516427254995,2024-08-08 05:50:29.059927
836,FCU_018,FCU,2025-01-18 11:03:20.084807,Valve actuator,2,MEDIUM,3.2669499014469645,3.2669499014469645,2025-01-18 14:19:21.104452
836,FCU_026,FCU,2025-05-14 05:18:18.980515,Coil fouling,1,LOW,1.3047368313543894,1.3047368313543894,2025-05-14 06:36:36.033108
837,HP_002,HeatPump,2024-03-31 14:58:02.122430,Compressor degradation,4,CRITICAL,12.34643621343203,12.34643621343203,2024-04-01 03:18:49.292798
837,FCU_046,FCU,2024-04-16 03:44:42.091830,Coil fouling,1,LOW,2.04552084519506,2.04552084519506,2024-04-16 05:47:25.966873
837,FCU_048,FCU,2025-01-22 06:41:54.988045,Filter blockage,1,LOW,1.5278736001209883,1.5278736001209883,2025-01-22 08:13:35.333005
837,FCU_043,FCU,2025-04-02 10:36:34.026237,Filter blockage,1,LOW,0.7537790522695116,0.7537790522695116,2025-04-02 11:21:47.630825
837,FCU_036,FCU,2025-05-14 14:48:50.834491,Filter blockage,1,LOW,1.1291296946343954,1.1291296946343954,2025-05-14 15:56:35.701392
838,FCU_016,FCU,2024-08-30 08:23:33.314598,Fan motor failure,2,MEDIUM,4.447551047874184,4.447551047874184,2024-08-30 12:50:24.498370
839,FCU_028,FCU,2024-07-15 07:45:32.182709,Thermostat failure,1,LOW,1.991346047538016,1.991346047538016,2024-07-15 09:45:01.028480
840,FCU_032,FCU,2023-10-08 16:06:11.528105,Coil fouling,1,LOW,3.1196991857116716,3.1196991857116716,2023-10-08 19:13:22.445174
840,FCU_008,FCU,2024-05-25 05:32:58.199283,Filter blockage,1,LOW,0.8444846876285746,0.8444846876285746,2024-05-25 06:23:38.344158
840,FCU_038,FCU,2024-07-16 18:58:33.286096,Fan motor failure,2,MEDIUM,2.3167783633570598,2.3167783633570598,2024-07-16 21:17:33.688204
840,FCU_004,FCU,2024-08-27 23:59:44.116204,Fan motor failure,2,MEDIUM,4.447387620121329,4.447387620121329,2024-08-28 04:26:34.711636
840,FCU_014,FCU,2025-04-01 08:25:16.063225,Thermostat failure,1,LOW,1.565176533726322,1.565176533726322,2025-04-01 09:59:10.698746
841,FCU_030,FCU,2024-11-14 12:01:52.813439,Coil fouling,1,LOW,2.3381006648286946,2.3381006648286946,2024-11-14 14:22:09.975832
841,FCU_015,FCU,2025-03-30 14:03:37.518491,Valve actuator,2,MEDIUM,3.2932591856261064,3.2932591856261064,2025-03-30 17:21:13.251559
841,FCU_024,FCU,2025-04-24 14:15:19.076455,Valve actuator,2,MEDIUM,4.523642169367858,4.523642169367858,2025-04-24 18:46:44.188265
842,FCU_022,FCU,2024-10-15 01:56:59.514436,Valve actuator,2,MEDIUM,1.535442916700903,1.535442916700903,2024-10-15 03:29:07.108936
842,FCU_023,FCU,2024-11-11 10:36:01.667399,Fan motor failure,2,MEDIUM,2.9153465158875225,2.9153465158875225,2024-11-11 13:30:56.914856
843,HP_001,HeatPump,2024-02-09 16:11:27.632416,Compressor degradation,4,CRITICAL,11.165161748132796,11.165161748132796,2024-02-10 03:21:22.214709
843,FCU_033,FCU,2025-04-14 05:18:07.970576,Coil fouling,1,LOW,1.6960239555316117,1.6960239555316117,2025-04-14 06:59:53.656816
843,FCU_031,FCU,2025-04-17 06:39:05.568077,Valve actuator,2,MEDIUM,2.9916342699110965,2.9916342699110965,2025-04-17 09:38:35.451449
843,FCU_022,FCU,2025-05-05 07:04:03.673457,Fan motor failure,2,MEDIUM,3.857589744229879,3.857589744229879,2025-05-05 10:55:30.996536
843,FCU_007,FCU,2025-05-08 06:09:29.348986,Coil fouling,1,LOW,1.83086181600044,1.83086181600044,2025-05-08 07:59:20.451524
844,FCU_021,FCU,2024-07-25 20:08:47.243464,Coil fouling,1,LOW,2.359873595184936,2.359873595184936,2024-07-25 22:30:22.788407
844,FCU_013,FCU,2024-08-28 18:30:57.986132,Filter blockage,1,LOW,1.681779651577556,1.681779651577556,2024-08-28 20:11:52.392878
844,FCU_002,FCU,2025-01-07 01:43:05.735282,Thermostat failure,1,LOW,1.5457955600631257,1.5457955600631257,2025-01-07 03:15:50.599298
844,HWP_002,HW_Pump,2025-04-13 04:57:23.747150,Bearing wear,3,HIGH,8.967537308217192,8.967537308217192,2025-04-13 13:55:26.881460
844,FCU_025,FCU,2025-05-17 11:03:40.597407,Coil fouling,1,LOW,1.933253579076795,1.933253579076795,2025-05-17 12:59:40.310292
845,HP_002,HeatPump,2025-01-14 19:44:30.630882,Control valve failure,3,HIGH,4.396483214244473,4.396483214244473,2025-01-15 00:08:17.970453
845,FCU_029,FCU,2025-04-23 19:50:57.198605,Fan motor failure,2,MEDIUM,3.7464304818675247,3.7464304818675247,2025-04-23 23:35:44.348340
845,FCU_007,FCU,2025-05-19 23:49:26.239368,Filter blockage,1,LOW,0.9714545879597511,0.9714545879597511,2025-05-20 00:47:43.475885
845,FCU_032,FCU,2025-05-22 01:20:23.057004,Filter blockage,1,LOW,0.7072030493800353,0.7072030493800353,2025-05-22 02:02:48.987982
846,FCU_035,FCU,2024-05-18 01:54:22.165700,Filter blockage,1,LOW,0.6994757719023019,0.6994757719023019,2024-05-18 02:36:20.278479
846,FCU_037,FCU,2024-07-07 08:19:25.135515,Filter blockage,1,LOW,0.7935058903084942,0.7935058903084942,2024-07-07 09:07:01.756720
846,FCU_009,FCU,2024-10-20 13:01:06.958187,Filter blockage,1,LOW,1.0395731014406928,1.0395731014406928,2024-10-20 14:03:29.421352
846,FCU_013,FCU,2024-12-13 15:35:20.389981,Fan motor failure,2,MEDIUM,5.030645660329189,5.030645660329189,2024-12-13 20:37:10.714358
846,FCU_029,FCU,2025-01-17 04:57:40.294333,Coil fouling,1,LOW,1.976710365526789,1.976710365526789,2025-01-17 06:56:16.451649
846,FCU_017,FCU,2025-03-30 11:02:07.484969,Valve actuator,2,MEDIUM,2.8202929629630806,2.8202929629630806,2025-03-30 13:51:20.539636
846,FCU_049,FCU,2025-04-16 16:35:36.258711,Valve actuator,2,MEDIUM,4.253666034729659,4.253666034729659,2025-04-16 20:50:49.456436
847,FCU_009,FCU,2023-11-07 18:09:33.469186,Coil fouling,1,LOW,1.7070834626557772,1.7070834626557772,2023-11-07 19:51:58.969652
847,FCU_001,FCU,2024-05-21 07:54:59.523052,Coil fouling,1,LOW,1.8633797839735704,1.8633797839735704,2024-05-21 09:46:47.690274
847,FCU_008,FCU,2024-12-02 20:20:29.656961,Filter blockage,1,LOW,1.016957518625636,1.016957518625636,2024-12-02 21:21:30.704028
847,FCU_028,FCU,2024-12-04 15:51:25.013919,Fan motor failure,2,MEDIUM,4.3606846963257055,4.3606846963257055,2024-12-04 20:13:03.478826
847,FCU_003,FCU,2025-01-28 19:15:22.968445,Valve actuator,2,MEDIUM,2.4653167118987107,2.4653167118987107,2025-01-28 21:43:18.108608
847,HP_002,HeatPump,2025-04-02 15:31:58.816769,Sensor malfunction,1,LOW,1.935228580095574,1.935228580095574,2025-04-02 17:28:05.639657
847,FCU_005,FCU,2025-04-27 00:23:06.997772,Coil fouling,1,LOW,1.1250593910256361,1.1250593910256361,2025-04-27 01:30:37.211580
848,FCU_047,FCU,2024-05-13 16:05:34.349412,Filter blockage,1,LOW,0.9960337225339192,0.9960337225339192,2024-05-13 17:05:20.070813
848,HWP_002,HW_Pump,2024-08-08 14:39:32.276945,Seal leakage,2,MEDIUM,4.739099745351947,4.739099745351947,2024-08-08 19:23:53.036028
848,FCU_036,FCU,2025-02-26 05:20:28.884365,Valve actuator,2,MEDIUM,2.9211541964512198,2.9211541964512198,2025-02-26 08:15:45.039472
849,HP_001,HeatPump,2023-07-20 14:44:00.896864,Heat exchanger fouling,2,MEDIUM,4.726825827635213,4.726825827635213,2023-07-20 19:27:37.469843
849,FCU_029,FCU,2024-09-09 18:25:31.815881,Fan motor failure,2,MEDIUM,2.5356303816376786,2.5356303816376786,2024-09-09 20:57:40.085255
849,FCU_038,FCU,2024-11-09 16:13:28.027794,Fan motor failure,2,MEDIUM,3.260201515831052,3.260201515831052,2024-11-09 19:29:04.753251
849,CHWP_001,CHW_Pump,2025-01-18 23:04:32.351085,VFD malfunction,2,MEDIUM,2.4641691558398864,2.4641691558398864,2025-01-19 01:32:23.360046
849,FCU_043,FCU,2025-01-27 06:23:18.668835,Valve actuator,2,MEDIUM,3.0472150637954796,3.0472150637954796,2025-01-27 09:26:08.643065
849,CHWP_003,CHW_Pump,2025-03-21 11:36:09.116788,Bearing wear,3,HIGH,7.280258282254921,7.280258282254921,2025-03-21 18:52:58.046604
850,HWP_002,HW_Pump,2025-03-21 20:34:09.875660,Seal leakage,2,MEDIUM,5.778637610359058,5.778637610359058,2025-03-22 02:20:52.971057
850,FCU_012,FCU,2025-03-27 14:45:10.634517,Filter blockage,1,LOW,2.1136751368342344,2.1136751368342344,2025-03-27 16:51:59.865010
850,FCU_023,FCU,2025-04-29 21:49:50.708658,Fan motor failure,2,MEDIUM,2.3493991601863833,2.3493991601863833,2025-04-30 00:10:48.545635
850,FCU_008,FCU,2025-05-14 11:33:03.772102,Filter blockage,1,LOW,0.6345499537065858,0.6345499537065858,2025-05-14 12:11:08.151935
850,FCU_037,FCU,2025-05-21 16:19:15.971210,Fan motor failure,2,MEDIUM,4.3419304302019155,4.3419304302019155,2025-05-21 20:39:46.920759
851,HWP_001,HW_Pump,2024-01-22 01:34:10.753784,Bearing wear,3,HIGH,8.331543518770896,8.331543518770896,2024-01-22 09:54:04.310452
851,FCU_007,FCU,2024-02-10 21:03:04.198567,Fan motor failure,2,MEDIUM,3.0164912269840314,3.0164912269840314,2024-02-11 00:04:03.566984
851,FCU_016,FCU,2024-11-04 22:54:21.215798,Coil fouling,1,LOW,1.9391494938290939,1.9391494938290939,2024-11-05 00:50:42.153976
851,FCU_005,FCU,2025-02-17 07:18:47.046649,Thermostat failure,1,LOW,2.452389402032036,2.452389402032036,2025-02-17 09:45:55.648496
851,HP_002,HeatPump,2025-04-14 16:36:04.562624,Refrigerant leak,3,HIGH,5.608594223714011,5.608594223714011,2025-04-14 22:12:35.501829
853,FCU_017,FCU,2024-10-31 18:14:25.030146,Valve actuator,2,MEDIUM,2.2479788940006116,2.2479788940006116,2024-10-31 20:29:17.754164
853,FCU_050,FCU,2025-03-26 22:08:10.872998,Coil fouling,1,LOW,2.718455613969579,2.718455613969579,2025-03-27 00:51:17.313208
853,HP_001,HeatPump,2025-05-17 20:14:13.968646,Refrigerant leak,3,HIGH,6.361955100942566,6.361955100942566,2025-05-18 02:35:57.007009
854,FCU_010,FCU,2025-02-10 00:22:04.531413,Thermostat failure,1,LOW,2.255434151929012,2.255434151929012,2025-02-10 02:37:24.094360
854,CHWP_001,CHW_Pump,2025-02-10 21:09:24.193085,Bearing wear,3,HIGH,12.828272501820626,12.828272501820626,2025-02-11 09:59:05.974092
855,FCU_050,FCU,2023-07-25 07:43:00.531419,Valve actuator,2,MEDIUM,4.209523194527808,4.209523194527808,2023-07-25 11:55:34.814919
855,FCU_044,FCU,2024-02-21 06:22:33.768109,Fan motor failure,2,MEDIUM,7.135771107375437,7.135771107375437,2024-02-21 13:30:42.544096
855,HWP_002,HW_Pump,2024-05-24 03:42:09.541757,Seal leakage,2,MEDIUM,3.8434446445880144,3.8434446445880144,2024-05-24 07:32:45.942478
855,FCU_014,FCU,2024-11-17 14:34:50.045965,Coil fouling,1,LOW,1.0815269119501543,1.0815269119501543,2024-11-17 15:39:43.542848
855,CHWP_001,CHW_Pump,2024-12-14 04:09:10.159486,Seal leakage,2,MEDIUM,3.974551670670516,3.974551670670516,2024-12-14 08:07:38.545500
855,FCU_035,FCU,2024-12-20 20:53:49.365134,Fan motor failure,2,MEDIUM,2.9449083068708233,2.9449083068708233,2024-12-20 23:50:31.035039
855,FCU_026,FCU,2025-01-09 19:13:06.449286,Filter blockage,1,LOW,0.8510163024537171,0.8510163024537171,2025-01-09 20:04:10.107975
855,FCU_022,FCU,2025-01-10 07:06:09.711402,Fan motor failure,2,MEDIUM,2.631306312525544,2.631306312525544,2025-01-10 09:44:02.414127
855,CHWP_002,CHW_Pump,2025-01-31 16:42:17.936205,Bearing wear,3,HIGH,7.94774608941816,7.94774608941816,2025-02-01 00:39:09.822127
855,HWP_001,HW_Pump,2025-05-24 23:39:09.426958,Impeller damage,4,CRITICAL,12.649227875148569,12.649227875148569,2025-05-25 12:18:06.647309
856,FCU_011,FCU,2024-04-28 00:15:38.028390,Coil fouling,1,LOW,1.8620179031743445,1.8620179031743445,2024-04-28 02:07:21.292841
856,FCU_028,FCU,2024-05-19 23:22:39.582410,Fan motor failure,2,MEDIUM,3.662003421045476,3.662003421045476,2024-05-20 03:02:22.794726
856,HP_001,HeatPump,2025-01-28 12:49:34.527147,Heat exchanger fouling,2,MEDIUM,4.0077742471960764,4.0077742471960764,2025-01-28 16:50:02.514437
856,FCU_027,FCU,2025-04-24 13:12:33.426249,Valve actuator,2,MEDIUM,3.5070531655464228,3.5070531655464228,2025-04-24 16:42:58.817645
857,CHWP_001,CHW_Pump,2024-11-28 09:24:51.498379,Seal leakage,2,MEDIUM,3.643978438468682,3.643978438468682,2024-11-28 13:03:29.820757
857,FCU_027,FCU,2025-01-21 15:33:31.207770,Coil fouling,1,LOW,2.4035313959598743,2.4035313959598743,2025-01-21 17:57:43.920795
858,FCU_017,FCU,2024-08-21 05:40:51.490318,Fan motor failure,2,MEDIUM,4.987441945724326,4.987441945724326,2024-08-21 10:40:06.281323
858,FCU_028,FCU,2025-01-31 06:14:07.241368,Filter blockage,1,LOW,1.1213151727659245,1.1213151727659245,2025-01-31 07:21:23.975990
858,FCU_021,FCU,2025-03-14 15:43:08.781105,Coil fouling,1,LOW,1.886302586411122,1.886302586411122,2025-03-14 17:36:19.470416
859,FCU_047,FCU,2024-08-23 02:11:21.010631,Fan motor failure,2,MEDIUM,2.5999650362248974,2.5999650362248974,2024-08-23 04:47:20.884761
859,FCU_019,FCU,2025-05-09 23:54:29.481835,Fan motor failure,2,MEDIUM,4.27231648011169,4.27231648011169,2025-05-10 04:10:49.821163
860,FCU_016,FCU,2023-10-11 23:22:05.346021,Thermostat failure,1,LOW,0.937655211122751,0.937655211122751,2023-10-12 00:18:20.904781
860,FCU_027,FCU,2024-02-21 14:41:48.445855,Thermostat failure,1,LOW,1.4703830833295548,1.4703830833295548,2024-02-21 16:10:01.824955
860,FCU_013,FCU,2024-10-11 08:37:30.126045,Fan motor failure,2,MEDIUM,4.67479356826804,4.67479356826804,2024-10-11 13:17:59.382891
860,CT_001,CoolingTower,2024-11-13 04:28:48.637064,Drift eliminator damage,2,MEDIUM,2.9413809000363647,2.9413809000363647,2024-11-13 07:25:17.608304
860,FCU_010,FCU,2025-05-27 17:51:27.447994,Thermostat failure,1,LOW,1.3011952913354876,1.3011952913354876,2025-05-27 19:09:31.751043
861,FCU_015,FCU,2023-08-23 00:00:44.985959,Thermostat failure,1,LOW,1.5868277297844302,1.5868277297844302,2023-08-23 01:35:57.565786
861,FCU_013,FCU,2024-04-21 06:51:42.349480,Coil fouling,1,LOW,1.9033458070856983,1.9033458070856983,2024-04-21 08:45:54.394386
861,FCU_032,FCU,2024-05-29 17:46:42.183696,Fan motor failure,2,MEDIUM,5.0420371334228,5.0420371334228,2024-05-29 22:49:13.517376
861,FCU_023,FCU,2024-06-14 02:32:32.282053,Fan motor failure,2,MEDIUM,3.7776304758137678,3.7776304758137678,2024-06-14 06:19:11.751766
861,FCU_006,FCU,2024-11-15 20:43:18.982795,Fan motor failure,2,MEDIUM,3.598737530032532,3.598737530032532,2024-11-16 00:19:14.437903
861,FCU_040,FCU,2025-04-03 01:10:40.767078,Fan motor failure,2,MEDIUM,3.547713476634595,3.547713476634595,2025-04-03 04:43:32.535594
862,FCU_038,FCU,2025-01-06 10:23:56.779179,Coil fouling,1,LOW,1.9946296982626124,1.9946296982626124,2025-01-06 12:23:37.446093
862,CT_001,CoolingTower,2025-01-24 00:47:19.965850,Fill media degradation,2,MEDIUM,5.761166189194313,5.761166189194313,2025-01-24 06:33:00.164131
862,FCU_042,FCU,2025-01-24 03:23:56.781403,Valve actuator,2,MEDIUM,5.532427079073496,5.532427079073496,2025-01-24 08:55:53.518888
863,FCU_001,FCU,2024-08-26 00:37:39.757256,Filter blockage,1,LOW,1.0207760740694378,1.0207760740694378,2024-08-26 01:38:54.551123
863,FCU_004,FCU,2024-09-29 20:04:46.646760,Fan motor failure,2,MEDIUM,3.2684839291619343,3.2684839291619343,2024-09-29 23:20:53.188905
863,FCU_045,FCU,2025-05-15 10:43:28.423963,Coil fouling,1,LOW,1.307661383568322,1.307661383568322,2025-05-15 12:01:56.004944
864,FCU_031,FCU,2023-11-16 04:47:03.841052,Fan motor failure,2,MEDIUM,4.466933673335998,4.466933673335998,2023-11-16 09:15:04.802276
864,FCU_030,FCU,2024-11-05 13:29:00.808418,Valve actuator,2,MEDIUM,2.146112947173115,2.146112947173115,2024-11-05 15:37:46.815028
864,FCU_043,FCU,2025-01-07 22:52:46.628081,Filter blockage,1,LOW,1.8379560165177233,1.8379560165177233,2025-01-08 00:43:03.269740
865,HP_001,HeatPump,2023-10-16 23:53:50.905295,Heat exchanger fouling,2,MEDIUM,3.5798837439730447,3.5798837439730447,2023-10-17 03:28:38.486773
866,FCU_018,FCU,2023-12-20 10:05:23.159029,Thermostat failure,1,LOW,1.9605058700936175,1.9605058700936175,2023-12-20 12:03:00.980161
866,CHWP_003,CHW_Pump,2024-10-17 10:42:45.565949,Impeller damage,4,CRITICAL,9.32257195431835,9.32257195431835,2024-10-17 20:02:06.824985
866,FCU_012,FCU,2024-11-21 17:04:51.463674,Thermostat failure,1,LOW,2.9293944815694997,2.9293944815694997,2024-11-21 20:00:37.283808
866,FCU_040,FCU,2025-02-26 02:15:12.293754,Valve actuator,2,MEDIUM,3.453329365657056,3.453329365657056,2025-02-26 05:42:24.279470
866,FCU_032,FCU,2025-03-02 10:34:43.418161,Valve actuator,2,MEDIUM,2.43165949116098,2.43165949116098,2025-03-02 13:00:37.392329
866,FCU_031,FCU,2025-04-09 13:47:35.961458,Coil fouling,1,LOW,1.8594603570977817,1.8594603570977817,2025-04-09 15:39:10.018744
866,CT_001,CoolingTower,2025-04-25 16:53:42.452535,Water distribution system,3,HIGH,6.353066018916724,6.353066018916724,2025-04-25 23:14:53.490203
867,CHWP_003,CHW_Pump,2024-09-03 03:31:17.587635,Bearing wear,3,HIGH,7.662843840687417,7.662843840687417,2024-09-03 11:11:03.825461
867,FCU_049,FCU,2025-02-17 12:55:57.477982,Thermostat failure,1,LOW,2.0973378545212205,2.0973378545212205,2025-02-17 15:01:47.894258
867,FCU_039,FCU,2025-03-18 23:53:45.771351,Fan motor failure,2,MEDIUM,6.288252755164273,6.288252755164273,2025-03-19 06:11:03.481270
867,FCU_018,FCU,2025-04-04 14:26:07.720952,Filter blockage,1,LOW,0.8795329648626901,0.8795329648626901,2025-04-04 15:18:54.039626
868,FCU_028,FCU,2023-08-31 23:36:54.186913,Valve actuator,2,MEDIUM,1.891077629120122,1.891077629120122,2023-09-01 01:30:22.066378
868,HP_001,HeatPump,2023-10-20 08:00:08.535661,Refrigerant leak,3,HIGH,6.126608051547577,6.126608051547577,2023-10-20 14:07:44.324647
868,FCU_029,FCU,2024-06-10 18:25:58.420819,Valve actuator,2,MEDIUM,3.91392720390182,3.91392720390182,2024-06-10 22:20:48.558753
868,FCU_047,FCU,2024-06-11 02:19:35.965603,Filter blockage,1,LOW,1.5432296858578607,1.5432296858578607,2024-06-11 03:52:11.592472
868,FCU_015,FCU,2024-09-02 02:47:51.456363,Filter blockage,1,LOW,1.7721576847705038,1.7721576847705038,2024-09-02 04:34:11.224028
868,FCU_019,FCU,2024-09-26 08:36:51.788843,Filter blockage,1,LOW,1.049165187491999,1.049165187491999,2024-09-26 09:39:48.783518
868,FCU_030,FCU,2024-12-03 08:02:10.964772,Coil fouling,1,LOW,2.0801045279639907,2.0801045279639907,2024-12-03 10:06:59.341073
868,FCU_012,FCU,2025-01-25 23:33:01.058869,Fan motor failure,2,MEDIUM,2.651528157112414,2.651528157112414,2025-01-26 02:12:06.560235
868,CHWP_003,CHW_Pump,2025-04-05 21:15:03.804950,Bearing wear,3,HIGH,7.747340712325946,7.747340712325946,2025-04-06 04:59:54.231514
869,FCU_017,FCU,2024-02-21 04:09:19.715241,Filter blockage,1,LOW,1.4964452305598366,1.4964452305598366,2024-02-21 05:39:06.918071
869,FCU_015,FCU,2024-09-01 08:25:16.202592,Coil fouling,1,LOW,1.2603940310909643,1.2603940310909643,2024-09-01 09:40:53.621104
870,FCU_038,FCU,2023-04-17 06:15:30.533049,Coil fouling,1,LOW,2.526943795751003,2.526943795751003,2023-04-17 08:47:07.530714
870,HWP_002,HW_Pump,2023-08-15 02:15:07.214111,Seal leakage,2,MEDIUM,4.7461558647631055,4.7461558647631055,2023-08-15 06:59:53.375224
870,FCU_047,FCU,2024-11-10 21:52:22.527351,Fan motor failure,2,MEDIUM,5.612602287177396,5.612602287177396,2024-11-11 03:29:07.895585
870,FCU_009,FCU,2024-12-03 10:07:49.862017,Fan motor failure,2,MEDIUM,3.55412211660888,3.55412211660888,2024-12-03 13:41:04.701637
870,FCU_041,FCU,2024-12-06 22:08:50.967921,Fan motor failure,2,MEDIUM,3.253006136346917,3.253006136346917,2024-12-07 01:24:01.790012
870,FCU_006,FCU,2025-02-10 06:11:14.768661,Coil fouling,1,LOW,2.8749004122315664,2.8749004122315664,2025-02-10 09:03:44.410145
870,FCU_026,FCU,2025-03-29 18:14:28.828397,Coil fouling,1,LOW,2.031837398301475,2.031837398301475,2025-03-29 20:16:23.443031
871,FCU_047,FCU,2024-05-17 06:50:29.588873,Valve actuator,2,MEDIUM,3.914695646908434,3.914695646908434,2024-05-17 10:45:22.493202
871,CHWP_003,CHW_Pump,2024-10-07 02:50:25.250899,Seal leakage,2,MEDIUM,4.2608961233083855,4.2608961233083855,2024-10-07 07:06:04.476943
871,FCU_003,FCU,2025-04-05 22:53:28.358684,Fan motor failure,2,MEDIUM,5.860695965796474,5.860695965796474,2025-04-06 04:45:06.864161
872,FCU_002,FCU,2024-04-17 14:09:26.216593,Valve actuator,2,MEDIUM,3.2663623054905466,3.2663623054905466,2024-04-17 17:25:25.120893
873,FCU_012,FCU,2024-02-22 20:00:06.794944,Fan motor failure,2,MEDIUM,5.265215513531294,5.265215513531294,2024-02-23 01:16:01.570793
873,FCU_016,FCU,2025-02-17 01:32:37.596348,Fan motor failure,2,MEDIUM,3.2394563597979005,3.2394563597979005,2025-02-17 04:46:59.639243
874,CT_001,CoolingTower,2023-07-03 19:37:25.114550,Fill media degradation,2,MEDIUM,7.092228393194044,7.092228393194044,2023-07-04 02:42:57.136765
874,FCU_046,FCU,2024-06-22 08:25:02.527251,Fan motor failure,2,MEDIUM,5.084582149286828,5.084582149286828,2024-06-22 13:30:07.022988
874,FCU_019,FCU,2024-08-26 15:38:06.631653,Valve actuator,2,MEDIUM,3.704744221192792,3.704744221192792,2024-08-26 19:20:23.710849
874,FCU_003,FCU,2024-12-18 15:45:51.823967,Coil fouling,1,LOW,2.569747477582271,2.569747477582271,2024-12-18 18:20:02.914886
874,FCU_015,FCU,2025-02-21 14:09:32.205031,Valve actuator,2,MEDIUM,3.497953492068911,3.497953492068911,2025-02-21 17:39:24.837602
874,FCU_045,FCU,2025-04-19 14:37:08.270812,Filter blockage,1,LOW,0.6836036442103068,0.6836036442103068,2025-04-19 15:18:09.243931
874,FCU_028,FCU,2025-05-10 12:10:11.339259,Fan motor failure,2,MEDIUM,3.0594628508653168,3.0594628508653168,2025-05-10 15:13:45.405522
874,FCU_005,FCU,2025-05-27 19:38:06.326754,Filter blockage,1,LOW,1.082756281375372,1.082756281375372,2025-05-27 20:43:04.249367
876,FCU_020,FCU,2024-03-15 10:42:05.397735,Valve actuator,2,MEDIUM,3.6830697803329326,3.6830697803329326,2024-03-15 14:23:04.448944
877,HP_002,HeatPump,2025-03-21 02:48:46.242699,Compressor degradation,4,CRITICAL,18.11899493416757,18.11899493416757,2025-03-21 20:55:54.624462
878,FCU_022,FCU,2024-10-31 22:04:02.403446,Valve actuator,2,MEDIUM,3.435981281617346,3.435981281617346,2024-11-01 01:30:11.936060
879,FCU_042,FCU,2023-12-04 14:08:47.134642,Thermostat failure,1,LOW,1.9824518814843157,1.9824518814843157,2023-12-04 16:07:43.961415
879,HWP_001,HW_Pump,2024-04-29 18:21:31.205262,Impeller damage,4,CRITICAL,8.534199006131468,8.534199006131468,2024-04-30 02:53:34.321684
879,FCU_030,FCU,2024-07-14 09:36:32.453124,Valve actuator,2,MEDIUM,3.9320339264884874,3.9320339264884874,2024-07-14 13:32:27.775259
879,FCU_035,FCU,2025-02-06 14:15:45.336723,Coil fouling,1,LOW,1.45556935897337,1.45556935897337,2025-02-06 15:43:05.386415
879,FCU_005,FCU,2025-03-23 18:42:42.387724,Filter blockage,1,LOW,1.137996789622614,1.137996789622614,2025-03-23 19:50:59.176167
880,HP_001,HeatPump,2023-08-04 00:38:28.787786,Heat exchanger fouling,2,MEDIUM,5.424542114317774,5.424542114317774,2023-08-04 06:03:57.139398
880,FCU_025,FCU,2024-10-01 15:06:29.212016,Fan motor failure,2,MEDIUM,4.846295722694515,4.846295722694515,2024-10-01 19:57:15.876618
880,CHWP_003,CHW_Pump,2024-10-03 00:51:49.594019,Impeller damage,4,CRITICAL,14.650525513599487,14.650525513599487,2024-10-03 15:30:51.485868
880,FCU_014,FCU,2025-02-03 16:35:40.081900,Filter blockage,1,LOW,0.8439329153431406,0.8439329153431406,2025-02-03 17:26:18.240395
880,FCU_038,FCU,2025-04-21 22:21:53.052869,Filter blockage,1,LOW,0.7378955083627708,0.7378955083627708,2025-04-21 23:06:09.476699
880,FCU_005,FCU,2025-04-27 10:56:17.836267,Coil fouling,1,LOW,1.5607157280682344,1.5607157280682344,2025-04-27 12:29:56.412888
881,HP_001,HeatPump,2024-11-18 07:56:30.895061,Refrigerant leak,3,HIGH,3.957856000402936,3.957856000402936,2024-11-18 11:53:59.176662
882,FCU_046,FCU,2024-10-13 23:52:24.319283,Filter blockage,1,LOW,0.7776502117879978,0.7776502117879978,2024-10-14 00:39:03.860045
882,CHWP_002,CHW_Pump,2024-12-07 03:15:39.095080,Bearing wear,3,HIGH,6.716204684482876,6.716204684482876,2024-12-07 09:58:37.431944
882,FCU_025,FCU,2025-01-20 16:58:56.889312,Fan motor failure,2,MEDIUM,3.7783109178637138,3.7783109178637138,2025-01-20 20:45:38.808616
882,FCU_030,FCU,2025-03-29 09:43:12.013804,Coil fouling,1,LOW,2.2900769439943427,2.2900769439943427,2025-03-29 12:00:36.290802
883,FCU_009,FCU,2024-12-05 06:42:51.309824,Valve actuator,2,MEDIUM,4.731958152857291,4.731958152857291,2024-12-05 11:26:46.359174
883,FCU_034,FCU,2025-02-26 15:39:28.109659,Filter blockage,1,LOW,1.4695702124110699,1.4695702124110699,2025-02-26 17:07:38.562424
884,FCU_040,FCU,2024-05-21 01:39:03.282200,Thermostat failure,1,LOW,2.0645672738286813,2.0645672738286813,2024-05-21 03:42:55.724386
884,FCU_043,FCU,2025-05-10 08:46:41.253934,Valve actuator,2,MEDIUM,2.5280951166984265,2.5280951166984265,2025-05-10 11:18:22.396354
884,FCU_011,FCU,2025-05-27 07:40:29.503070,Filter blockage,1,LOW,1.4583108981316473,1.4583108981316473,2025-05-27 09:07:59.422303
885,FCU_039,FCU,2024-07-09 09:32:20.540572,Coil fouling,1,LOW,2.2046953257055897,2.2046953257055897,2024-07-09 11:44:37.443745
885,FCU_029,FCU,2024-10-14 15:50:25.307602,Valve actuator,2,MEDIUM,3.361640271827811,3.361640271827811,2024-10-14 19:12:07.212581
885,FCU_021,FCU,2025-03-05 17:03:11.837000,Filter blockage,1,LOW,1.156925551368092,1.156925551368092,2025-03-05 18:12:36.768985
885,FCU_011,FCU,2025-04-15 22:13:39.397908,Fan motor failure,2,MEDIUM,2.696578052053525,2.696578052053525,2025-04-16 00:55:27.078895
886,CT_001,CoolingTower,2023-12-06 21:55:18.936956,Fan motor failure,4,CRITICAL,11.441908389595866,11.441908389595866,2023-12-07 09:21:49.807159
886,CHWP_003,CHW_Pump,2024-05-08 15:58:21.719126,Seal leakage,2,MEDIUM,5.240153277413361,5.240153277413361,2024-05-08 21:12:46.270925
886,FCU_032,FCU,2024-05-30 18:47:08.101276,Coil fouling,1,LOW,1.6652378684319995,1.6652378684319995,2024-05-30 20:27:02.957602
886,FCU_031,FCU,2024-11-20 07:45:20.443828,Filter blockage,1,LOW,1.6812305034108979,1.6812305034108979,2024-11-20 09:26:12.873640
886,HP_002,HeatPump,2025-03-28 00:51:53.737756,Heat exchanger fouling,2,MEDIUM,4.69522336930146,4.69522336930146,2025-03-28 05:33:36.541885
887,FCU_044,FCU,2023-06-13 22:40:40.107946,Fan motor failure,2,MEDIUM,4.895397427560775,4.895397427560775,2023-06-14 03:34:23.538685
887,FCU_016,FCU,2024-01-24 15:45:03.006203,Coil fouling,1,LOW,3.616953052110876,3.616953052110876,2024-01-24 19:22:04.037191
887,FCU_039,FCU,2024-02-19 20:47:26.175664,Fan motor failure,2,MEDIUM,5.165616209234947,5.165616209234947,2024-02-20 01:57:22.394017
887,FCU_033,FCU,2024-07-16 10:33:10.544486,Coil fouling,1,LOW,1.5141639333532335,1.5141639333532335,2024-07-16 12:04:01.534646
888,FCU_038,FCU,2024-11-03 09:48:18.647110,Valve actuator,2,MEDIUM,2.097371852755852,2.097371852755852,2024-11-03 11:54:09.185780
888,FCU_018,FCU,2025-01-08 18:18:37.241726,Coil fouling,1,LOW,2.1570882716635835,2.1570882716635835,2025-01-08 20:28:02.759504
888,FCU_006,FCU,2025-01-18 21:40:05.986275,Fan motor failure,2,MEDIUM,1.715500958256254,1.715500958256254,2025-01-18 23:23:01.789725
888,FCU_027,FCU,2025-02-04 23:00:06.579538,Coil fouling,1,LOW,1.8280381492944628,1.8280381492944628,2025-02-05 00:49:47.516875
888,FCU_015,FCU,2025-03-23 14:02:05.808788,Filter blockage,1,LOW,1.0775906795758878,1.0775906795758878,2025-03-23 15:06:45.135234
888,FCU_020,FCU,2025-04-13 04:09:51.645586,Filter blockage,1,LOW,0.8940279996788915,0.8940279996788915,2025-04-13 05:03:30.146385
889,FCU_029,FCU,2024-09-04 13:54:40.099235,Coil fouling,1,LOW,2.4267190506550125,2.4267190506550125,2024-09-04 16:20:16.287817
889,FCU_042,FCU,2024-09-11 01:51:45.148276,Coil fouling,1,LOW,2.236993578833586,2.236993578833586,2024-09-11 04:05:58.325160
889,FCU_037,FCU,2024-11-22 09:04:06.628643,Filter blockage,1,LOW,1.1193684841634473,1.1193684841634473,2024-11-22 10:11:16.355186
890,HP_001,HeatPump,2024-05-12 16:28:22.178197,Refrigerant leak,3,HIGH,20.289090074105626,20.289090074105626,2024-05-13 12:45:42.902464
890,FCU_011,FCU,2024-11-02 23:56:21.710917,Coil fouling,1,LOW,2.119557049880474,2.119557049880474,2024-11-03 02:03:32.116297
890,FCU_042,FCU,2025-01-11 22:30:58.595634,Fan motor failure,2,MEDIUM,4.442919985440035,4.442919985440035,2025-01-12 02:57:33.107582
890,FCU_034,FCU,2025-05-03 05:32:16.858349,Valve actuator,2,MEDIUM,2.9423597848465737,2.9423597848465737,2025-05-03 08:28:49.353574
891,FCU_035,FCU,2024-05-26 09:54:06.233037,Fan motor failure,2,MEDIUM,3.513606753986161,3.513606753986161,2024-05-26 13:24:55.217351
891,FCU_010,FCU,2024-07-30 07:22:31.516203,Fan motor failure,2,MEDIUM,3.381524060802524,3.381524060802524,2024-07-30 10:45:25.002822
891,FCU_017,FCU,2025-02-27 18:48:40.317241,Valve actuator,2,MEDIUM,2.6347928459822283,2.6347928459822283,2025-02-27 21:26:45.571487
891,FCU_009,FCU,2025-03-28 06:48:22.100201,Thermostat failure,1,LOW,1.7285891793973003,1.7285891793973003,2025-03-28 08:32:05.021247
892,FCU_023,FCU,2024-04-07 15:10:04.659274,Fan motor failure,2,MEDIUM,3.058736957835658,3.058736957835658,2024-04-07 18:13:36.112322
892,FCU_018,FCU,2024-09-10 23:25:32.319824,Coil fouling,1,LOW,2.493375755698089,2.493375755698089,2024-09-11 01:55:08.472545
892,FCU_009,FCU,2025-03-30 04:46:23.991615,Thermostat failure,1,LOW,2.3599021934203197,2.3599021934203197,2025-03-30 07:07:59.639511
893,FCU_008,FCU,2023-11-19 05:01:18.441973,Fan motor failure,2,MEDIUM,4.044623590929476,4.044623590929476,2023-11-19 09:03:59.086900
893,FCU_004,FCU,2024-05-16 02:17:30.272228,Fan motor failure,2,MEDIUM,3.7138384077616147,3.7138384077616147,2024-05-16 06:00:20.090496
893,FCU_048,FCU,2025-05-28 18:25:10.702375,Valve actuator,2,MEDIUM,4.361012141312558,4.361012141312558,2025-05-28 22:46:50.346084
894,CHWP_001,CHW_Pump,2024-03-14 01:22:29.718768,Motor overheating,3,HIGH,7.616935687824256,7.616935687824256,2024-03-14 08:59:30.687244
894,FCU_030,FCU,2025-04-12 20:30:55.608791,Filter blockage,1,LOW,0.5,0.5,2025-04-12 21:00:55.608791
894,FCU_011,FCU,2025-05-19 09:56:56.896585,Coil fouling,1,LOW,2.9099599706558097,2.9099599706558097,2025-05-19 12:51:32.752479
895,HWP_001,HW_Pump,2024-01-29 01:20:03.314256,Motor overheating,3,HIGH,2.8649537943565897,2.8649537943565897,2024-01-29 04:11:57.147916
895,FCU_011,FCU,2024-06-27 16:16:41.565773,Filter blockage,1,LOW,1.1415716657793482,1.1415716657793482,2024-06-27 17:25:11.223770
895,CHWP_003,CHW_Pump,2024-08-18 07:38:47.902920,VFD malfunction,2,MEDIUM,2.1148449490511774,2.1148449490511774,2024-08-18 09:45:41.344737
895,FCU_032,FCU,2024-11-14 11:41:11.785241,Coil fouling,1,LOW,1.7702570613721111,1.7702570613721111,2024-11-14 13:27:24.710662
895,FCU_022,FCU,2025-03-16 13:40:27.206912,Coil fouling,1,LOW,1.3072190433142035,1.3072190433142035,2025-03-16 14:58:53.195468
895,FCU_021,FCU,2025-04-24 03:42:08.536284,Coil fouling,1,LOW,2.1953560064313913,2.1953560064313913,2025-04-24 05:53:51.817907
895,FCU_033,FCU,2025-05-21 08:20:01.902410,Fan motor failure,2,MEDIUM,3.925785395435217,3.925785395435217,2025-05-21 12:15:34.729834
895,FCU_045,FCU,2025-05-28 05:28:16.743734,Coil fouling,1,LOW,2.6898622497604077,2.6898622497604077,2025-05-28 08:09:40.247833
896,FCU_031,FCU,2023-09-15 05:48:00.271725,Thermostat failure,1,LOW,2.428243439170369,2.428243439170369,2023-09-15 08:13:41.948106
896,FCU_034,FCU,2024-03-18 18:58:58.082056,Fan motor failure,2,MEDIUM,4.609096086524434,4.609096086524434,2024-03-18 23:35:30.827967
896,FCU_036,FCU,2024-05-21 09:55:37.765742,Filter blockage,1,LOW,1.3343480372096581,1.3343480372096581,2024-05-21 11:15:41.418676
896,FCU_025,FCU,2025-04-22 16:56:39.465965,Filter blockage,1,LOW,1.2149540973897661,1.2149540973897661,2025-04-22 18:09:33.300716
897,FCU_047,FCU,2025-01-18 13:03:21.906391,Fan motor failure,2,MEDIUM,3.998393097529967,3.998393097529967,2025-01-18 17:03:16.121542
897,FCU_042,FCU,2025-01-24 19:10:20.034999,Fan motor failure,2,MEDIUM,3.792637044868885,3.792637044868885,2025-01-24 22:57:53.528361
897,FCU_046,FCU,2025-01-29 13:08:55.746729,Thermostat failure,1,LOW,3.105998443346562,3.105998443346562,2025-01-29 16:15:17.341125
897,FCU_023,FCU,2025-03-04 19:50:05.666194,Filter blockage,1,LOW,1.6723261796011817,1.6723261796011817,2025-03-04 21:30:26.040441
898,HWP_002,HW_Pump,2024-03-23 21:54:30.613139,Seal leakage,2,MEDIUM,4.271903922479306,4.271903922479306,2024-03-24 02:10:49.467260
898,FCU_035,FCU,2024-05-19 15:37:50.800908,Thermostat failure,1,LOW,2.202058951345478,2.202058951345478,2024-05-19 17:49:58.213133
898,FCU_043,FCU,2024-06-26 04:18:11.456751,Fan motor failure,2,MEDIUM,3.5331708721247104,3.5331708721247104,2024-06-26 07:50:10.871891
899,FCU_021,FCU,2024-07-30 17:30:58.027545,Fan motor failure,2,MEDIUM,3.3070002318097083,3.3070002318097083,2024-07-30 20:49:23.228380
899,FCU_016,FCU,2025-02-05 09:09:42.235728,Thermostat failure,1,LOW,3.1625792520967635,3.1625792520967635,2025-02-05 12:19:27.521036
900,HP_001,HeatPump,2023-08-14 07:42:58.515570,Heat exchanger fouling,2,MEDIUM,2.3051258365276612,2.3051258365276612,2023-08-14 10:01:16.968581
900,FCU_001,FCU,2024-07-15 22:46:48.907706,Thermostat failure,1,LOW,2.4745861440150176,2.4745861440150176,2024-07-16 01:15:17.417824
900,FCU_003,FCU,2024-10-05 11:41:57.695437,Fan motor failure,2,MEDIUM,5.8385322809769375,5.8385322809769375,2024-10-05 17:32:16.411649
900,FCU_003,FCU,2025-04-23 13:38:24.759431,Fan motor failure,2,MEDIUM,5.247933322291079,5.247933322291079,2025-04-23 18:53:17.319391
901,FCU_033,FCU,2024-06-10 06:32:59.518977,Fan motor failure,2,MEDIUM,2.796991672450217,2.796991672450217,2024-06-10 09:20:48.688998
901,FCU_038,FCU,2025-01-17 14:33:09.631029,Fan motor failure,2,MEDIUM,3.854970563512758,3.854970563512758,2025-01-17 18:24:27.525058
901,FCU_048,FCU,2025-02-08 12:51:16.531572,Coil fouling,1,LOW,1.7248713271167448,1.7248713271167448,2025-02-08 14:34:46.068350
901,FCU_035,FCU,2025-02-22 17:00:54.534097,Thermostat failure,1,LOW,1.8039449931001248,1.8039449931001248,2025-02-22 18:49:08.736072
901,FCU_027,FCU,2025-03-05 17:51:12.366373,Coil fouling,1,LOW,2.015990032036275,2.015990032036275,2025-03-05 19:52:09.930488
901,FCU_045,FCU,2025-04-08 06:05:16.504838,Valve actuator,2,MEDIUM,2.5351367544470005,2.5351367544470005,2025-04-08 08:37:22.997154
901,CHWP_001,CHW_Pump,2025-04-15 15:26:44.515287,Impeller damage,4,CRITICAL,10.427080236085919,10.427080236085919,2025-04-16 01:52:22.004137
901,FCU_029,FCU,2025-05-11 15:56:01.081759,Thermostat failure,1,LOW,1.8612833311790946,1.8612833311790946,2025-05-11 17:47:41.701751
902,HP_001,HeatPump,2023-12-08 23:07:21.098293,Heat exchanger fouling,2,MEDIUM,5.924003968556339,5.924003968556339,2023-12-09 05:02:47.512580
902,FCU_008,FCU,2024-06-10 06:31:18.465131,Valve actuator,2,MEDIUM,1.7137441499433257,1.7137441499433257,2024-06-10 08:14:07.944071
902,FCU_035,FCU,2024-07-18 06:38:29.400947,Coil fouling,1,LOW,1.2902315390433228,1.2902315390433228,2024-07-18 07:55:54.234488
902,HP_002,HeatPump,2024-09-27 03:24:31.864166,Refrigerant leak,3,HIGH,5.401047488348889,5.401047488348889,2024-09-27 08:48:35.635124
902,FCU_015,FCU,2025-02-05 08:35:46.601544,Coil fouling,1,LOW,2.856424225707781,2.856424225707781,2025-02-05 11:27:09.728757
903,FCU_025,FCU,2024-08-31 01:43:39.912041,Coil fouling,1,LOW,1.0601656150204388,1.0601656150204388,2024-08-31 02:47:16.508255
903,CHWP_002,CHW_Pump,2024-12-04 13:43:16.744654,Motor overheating,3,HIGH,6.857812323740353,6.857812323740353,2024-12-04 20:34:44.869019
903,FCU_022,FCU,2025-01-29 11:15:22.400324,Fan motor failure,2,MEDIUM,5.45285865879584,5.45285865879584,2025-01-29 16:42:32.691496
903,FCU_041,FCU,2025-04-05 17:29:00.607289,Filter blockage,1,LOW,1.3627205371461721,1.3627205371461721,2025-04-05 18:50:46.401223
903,FCU_042,FCU,2025-04-10 16:09:56.920015,Valve actuator,2,MEDIUM,2.9577137541879397,2.9577137541879397,2025-04-10 19:07:24.689530
904,HP_001,HeatPump,2023-11-26 08:53:51.126076,Refrigerant leak,3,HIGH,6.416251979424544,6.416251979424544,2023-11-26 15:18:49.633202
904,FCU_025,FCU,2024-01-12 00:17:53.357123,Coil fouling,1,LOW,1.495566913225647,1.495566913225647,2024-01-12 01:47:37.398011
904,FCU_047,FCU,2024-07-02 00:51:18.978079,Coil fouling,1,LOW,2.981471090790974,2.981471090790974,2024-07-02 03:50:12.274006
904,CHWP_003,CHW_Pump,2025-01-04 17:56:29.556466,Bearing wear,3,HIGH,6.506520440299485,6.506520440299485,2025-01-05 00:26:53.030051
904,FCU_032,FCU,2025-04-20 13:10:52.295383,Coil fouling,1,LOW,2.5124398810721944,2.5124398810721944,2025-04-20 15:41:37.078955
905,FCU_004,FCU,2024-04-30 21:23:50.974814,Fan motor failure,2,MEDIUM,4.479692663601113,4.479692663601113,2024-05-01 01:52:37.868403
905,CHWP_003,CHW_Pump,2024-06-09 12:41:19.981310,Bearing wear,3,HIGH,9.297704517424062,9.297704517424062,2024-06-09 21:59:11.717573
905,FCU_039,FCU,2024-08-31 21:21:16.409837,Thermostat failure,1,LOW,2.7242803874908548,2.7242803874908548,2024-09-01 00:04:43.819232
905,FCU_011,FCU,2025-01-22 23:17:07.722007,Fan motor failure,2,MEDIUM,3.210629800277398,3.210629800277398,2025-01-23 02:29:45.989288
905,FCU_040,FCU,2025-05-17 11:19:50.458907,Fan motor failure,2,MEDIUM,3.5245312552408965,3.5245312552408965,2025-05-17 14:51:18.771426
906,FCU_041,FCU,2023-10-21 23:08:43.663582,Fan motor failure,2,MEDIUM,3.6601896206380906,3.6601896206380906,2023-10-22 02:48:20.346216
906,FCU_037,FCU,2024-04-13 05:34:20.246146,Thermostat failure,1,LOW,2.012480610686693,2.012480610686693,2024-04-13 07:35:05.176344
906,FCU_046,FCU,2024-05-21 03:45:54.200159,Filter blockage,1,LOW,0.7468018403232797,0.7468018403232797,2024-05-21 04:30:42.686784
906,HWP_002,HW_Pump,2024-06-07 16:52:45.956722,Bearing wear,3,HIGH,7.909375373149202,7.909375373149202,2024-06-08 00:47:19.708065
906,FCU_020,FCU,2024-12-18 08:08:14.783630,Valve actuator,2,MEDIUM,2.902183449001792,2.902183449001792,2024-12-18 11:02:22.644046
906,FCU_013,FCU,2025-03-16 05:43:50.841723,Thermostat failure,1,LOW,2.8238163892224653,2.8238163892224653,2025-03-16 08:33:16.580724
906,FCU_003,FCU,2025-05-02 14:24:02.067115,Filter blockage,1,LOW,1.0767435026978418,1.0767435026978418,2025-05-02 15:28:38.343725
907,FCU_041,FCU,2024-09-02 01:47:07.984379,Valve actuator,2,MEDIUM,4.049398333269293,4.049398333269293,2024-09-02 05:50:05.818379
907,FCU_044,FCU,2025-04-28 08:53:03.161481,Filter blockage,1,LOW,0.5006609731575846,0.5006609731575846,2025-04-28 09:23:05.540984
908,FCU_020,FCU,2024-05-27 10:44:04.173214,Fan motor failure,2,MEDIUM,3.300914040320608,3.300914040320608,2024-05-27 14:02:07.463759
908,FCU_040,FCU,2024-07-24 09:44:51.507404,Thermostat failure,1,LOW,2.3232782847104874,2.3232782847104874,2024-07-24 12:04:15.309229
908,FCU_023,FCU,2025-01-04 22:35:42.402905,Filter blockage,1,LOW,0.7250395248317225,0.7250395248317225,2025-01-04 23:19:12.545194
908,FCU_032,FCU,2025-04-08 19:25:08.483923,Filter blockage,1,LOW,0.5753067648036161,0.5753067648036161,2025-04-08 19:59:39.588276
908,HP_002,HeatPump,2025-04-24 08:59:16.367240,Sensor malfunction,1,LOW,1.7662729349883515,1.7662729349883515,2025-04-24 10:45:14.949806
908,FCU_030,FCU,2025-05-27 23:10:48.507856,Coil fouling,1,LOW,1.872042761322941,1.872042761322941,2025-05-28 01:03:07.861797
909,FCU_009,FCU,2024-05-26 01:24:37.399753,Fan motor failure,2,MEDIUM,4.647593195077847,4.647593195077847,2024-05-26 06:03:28.735255
909,FCU_026,FCU,2024-05-28 05:14:50.033598,Coil fouling,1,LOW,1.7450774042516493,1.7450774042516493,2024-05-28 06:59:32.312253
909,FCU_044,FCU,2024-10-26 22:26:43.639522,Fan motor failure,2,MEDIUM,3.5411201031920005,3.5411201031920005,2024-10-27 01:59:11.671893
909,FCU_036,FCU,2025-02-09 14:16:32.772968,Coil fouling,1,LOW,1.7678838985382646,1.7678838985382646,2025-02-09 16:02:37.155003
909,CHWP_001,CHW_Pump,2025-05-08 02:02:08.506221,Impeller damage,4,CRITICAL,9.559045387299157,9.559045387299157,2025-05-08 11:35:41.069615
910,FCU_010,FCU,2023-06-18 18:09:38.545865,Valve actuator,2,MEDIUM,1.9371591809401807,1.9371591809401807,2023-06-18 20:05:52.318916
910,FCU_035,FCU,2024-10-10 12:06:41.115624,Filter blockage,1,LOW,1.5706926684296607,1.5706926684296607,2024-10-10 13:40:55.609230
910,FCU_013,FCU,2025-01-28 00:26:30.821860,Coil fouling,1,LOW,1.5374170886538077,1.5374170886538077,2025-01-28 01:58:45.523379
910,FCU_028,FCU,2025-02-02 01:35:20.909075,Fan motor failure,2,MEDIUM,5.324440701789566,5.324440701789566,2025-02-02 06:54:48.895601
910,FCU_049,FCU,2025-03-30 18:23:15.822636,Fan motor failure,2,MEDIUM,3.3221771465924195,3.3221771465924195,2025-03-30 21:42:35.660364
911,FCU_010,FCU,2024-02-24 05:53:43.873716,Coil fouling,1,LOW,2.7393100539639215,2.7393100539639215,2024-02-24 08:38:05.389910
911,FCU_021,FCU,2025-02-09 09:05:42.983386,Fan motor failure,2,MEDIUM,4.428550970124234,4.428550970124234,2025-02-09 13:31:25.766878
911,FCU_026,FCU,2025-03-29 13:58:42.063009,Thermostat failure,1,LOW,2.426739603273636,2.426739603273636,2025-03-29 16:24:18.325581
911,FCU_041,FCU,2025-05-24 14:42:22.987660,Coil fouling,1,LOW,3.727035491821103,3.727035491821103,2025-05-24 18:26:00.315431
912,CHWP_001,CHW_Pump,2023-09-20 06:10:19.935495,Bearing wear,3,HIGH,8.188246478346018,8.188246478346018,2023-09-20 14:21:37.622817
912,FCU_045,FCU,2024-11-12 12:05:45.443104,Valve actuator,2,MEDIUM,5.490973170095005,5.490973170095005,2024-11-12 17:35:12.946516
912,FCU_048,FCU,2024-12-28 16:28:33.413718,Filter blockage,1,LOW,1.5719581471300976,1.5719581471300976,2024-12-28 18:02:52.463048
912,FCU_026,FCU,2025-02-21 07:50:36.703333,Fan motor failure,2,MEDIUM,3.7357438592719387,3.7357438592719387,2025-02-21 11:34:45.381226
912,FCU_035,FCU,2025-04-15 16:34:16.265056,Fan motor failure,2,MEDIUM,4.08313875835798,4.08313875835798,2025-04-15 20:39:15.564586
912,FCU_016,FCU,2025-05-17 05:22:00.974104,Fan motor failure,2,MEDIUM,3.9525707175171796,3.9525707175171796,2025-05-17 09:19:10.228687
913,FCU_022,FCU,2023-08-07 12:47:26.435107,Valve actuator,2,MEDIUM,4.595462996192311,4.595462996192311,2023-08-07 17:23:10.101893
913,FCU_017,FCU,2023-11-24 21:30:52.309561,Filter blockage,1,LOW,1.102824099120947,1.102824099120947,2023-11-24 22:37:02.476318
913,FCU_014,FCU,2025-05-09 20:27:06.266802,Fan motor failure,2,MEDIUM,3.1536233642619185,3.1536233642619185,2025-05-09 23:36:19.310913
914,FCU_019,FCU,2024-06-03 08:41:37.543666,Filter blockage,1,LOW,0.8028782486731335,0.8028782486731335,2024-06-03 09:29:47.905361
914,FCU_045,FCU,2024-10-06 11:02:57.469145,Coil fouling,1,LOW,2.6636179715862234,2.6636179715862234,2024-10-06 13:42:46.493843
914,HP_001,HeatPump,2025-05-10 09:45:19.643497,Compressor degradation,4,CRITICAL,9.834844307319399,9.834844307319399,2025-05-10 19:35:25.083003
915,FCU_012,FCU,2024-02-14 00:04:02.665857,Filter blockage,1,LOW,1.1477720102221693,1.1477720102221693,2024-02-14 01:12:54.645094
915,FCU_004,FCU,2024-04-07 11:05:04.678371,Filter blockage,1,LOW,1.2924598892109105,1.2924598892109105,2024-04-07 12:22:37.533972
915,FCU_022,FCU,2024-10-10 01:15:05.969643,Fan motor failure,2,MEDIUM,2.4875467387665764,2.4875467387665764,2024-10-10 03:44:21.137903
916,FCU_008,FCU,2023-06-29 10:07:50.001614,Filter blockage,1,LOW,0.7045131184902369,0.7045131184902369,2023-06-29 10:50:06.248841
916,FCU_037,FCU,2024-06-17 01:52:53.159135,Coil fouling,1,LOW,1.5166245108417322,1.5166245108417322,2024-06-17 03:23:53.007374
916,FCU_029,FCU,2025-05-04 02:11:44.917986,Coil fouling,1,LOW,2.175411282715755,2.175411282715755,2025-05-04 04:22:16.398604
917,FCU_032,FCU,2024-12-07 07:39:41.396910,Thermostat failure,1,LOW,2.1975228971701104,2.1975228971701104,2024-12-07 09:51:32.479340
917,FCU_002,FCU,2025-03-05 09:22:52.875850,Filter blockage,1,LOW,1.7926654654516718,1.7926654654516718,2025-03-05 11:10:26.471526
918,FCU_013,FCU,2025-03-22 20:30:40.722624,Fan motor failure,2,MEDIUM,3.5559534040621914,3.5559534040621914,2025-03-23 00:04:02.154879
918,FCU_023,FCU,2025-05-12 18:22:59.448406,Coil fouling,1,LOW,1.497232671943834,1.497232671943834,2025-05-12 19:52:49.486025
919,FCU_020,FCU,2023-11-19 14:08:06.823212,Thermostat failure,1,LOW,1.582394134376259,1.582394134376259,2023-11-19 15:43:03.442096
919,FCU_004,FCU,2024-08-09 14:21:34.550404,Coil fouling,1,LOW,1.5479435062849174,1.5479435062849174,2024-08-09 15:54:27.147027
919,HP_001,HeatPump,2025-03-31 01:27:40.119856,Heat exchanger fouling,2,MEDIUM,3.2523357127999395,3.2523357127999395,2025-03-31 04:42:48.528422
919,FCU_038,FCU,2025-04-14 17:59:57.133510,Valve actuator,2,MEDIUM,2.9303991429539726,2.9303991429539726,2025-04-14 20:55:46.570425
920,HP_002,HeatPump,2023-08-23 00:56:32.224031,Heat exchanger fouling,2,MEDIUM,4.85125983065148,4.85125983065148,2023-08-23 05:47:36.759421
920,FCU_018,FCU,2024-03-13 12:32:33.458270,Filter blockage,1,LOW,0.9426757682320651,0.9426757682320651,2024-03-13 13:29:07.091036
920,HP_001,HeatPump,2024-03-27 07:02:23.284523,Refrigerant leak,3,HIGH,4.786728958166512,4.786728958166512,2024-03-27 11:49:35.508772
920,CHWP_001,CHW_Pump,2024-09-17 01:59:06.856969,Impeller damage,4,CRITICAL,8.427319142784079,8.427319142784079,2024-09-17 10:24:45.205883
920,FCU_039,FCU,2025-02-10 22:33:23.145530,Filter blockage,1,LOW,0.8247735262226991,0.8247735262226991,2025-02-10 23:22:52.330224
920,FCU_005,FCU,2025-03-11 05:13:14.150091,Filter blockage,1,LOW,1.7182015520181866,1.7182015520181866,2025-03-11 06:56:19.675678
921,FCU_019,FCU,2024-05-18 20:26:50.925262,Fan motor failure,2,MEDIUM,3.9214228229386796,3.9214228229386796,2024-05-19 00:22:08.047425
921,FCU_030,FCU,2024-11-27 14:50:16.134964,Coil fouling,1,LOW,1.715286265342179,1.715286265342179,2024-11-27 16:33:11.165519
921,FCU_017,FCU,2024-12-04 02:09:48.060725,Thermostat failure,1,LOW,2.2926345873208636,2.2926345873208636,2024-12-04 04:27:21.545239
921,FCU_047,FCU,2025-01-12 20:00:52.547578,Fan motor failure,2,MEDIUM,2.1341652095441135,2.1341652095441135,2025-01-12 22:08:55.542332
922,FCU_033,FCU,2025-04-15 22:13:04.626935,Fan motor failure,2,MEDIUM,4.2522753053610405,4.2522753053610405,2025-04-16 02:28:12.818034
922,FCU_045,FCU,2025-05-10 21:22:36.271833,Fan motor failure,2,MEDIUM,6.496857407708102,6.496857407708102,2025-05-11 03:52:24.958501
923,FCU_046,FCU,2024-12-31 05:53:08.115090,Filter blockage,1,LOW,1.0239125293387588,1.0239125293387588,2024-12-31 06:54:34.200196
923,HWP_001,HW_Pump,2025-04-22 11:04:07.222229,Motor overheating,3,HIGH,10.300665579985639,10.300665579985639,2025-04-22 21:22:09.618317
924,FCU_044,FCU,2024-10-04 01:58:42.829612,Coil fouling,1,LOW,1.587564783102823,1.587564783102823,2024-10-04 03:33:58.062831
924,CHWP_002,CHW_Pump,2025-02-12 11:49:00.600529,Bearing wear,3,HIGH,6.418634950697106,6.418634950697106,2025-02-12 18:14:07.686352
924,HWP_002,HW_Pump,2025-03-24 12:28:00.348151,Bearing wear,3,HIGH,7.87978006947976,7.87978006947976,2025-03-24 20:20:47.556401
924,FCU_004,FCU,2025-04-01 19:55:04.031288,Valve actuator,2,MEDIUM,5.0476757754585,5.0476757754585,2025-04-02 00:57:55.664080
924,FCU_027,FCU,2025-04-22 22:00:46.331718,Thermostat failure,1,LOW,2.1339496480477114,2.1339496480477114,2025-04-23 00:08:48.550451
924,HP_001,HeatPump,2025-05-29 03:38:45.501592,Compressor degradation,4,CRITICAL,17.46483223043947,17.46483223043947,2025-05-29 21:06:38.897622
925,FCU_014,FCU,2024-03-15 23:42:01.921178,Fan motor failure,2,MEDIUM,3.055396349504665,3.055396349504665,2024-03-16 02:45:21.348036
925,FCU_029,FCU,2024-09-29 13:34:43.924471,Valve actuator,2,MEDIUM,2.5143623966940374,2.5143623966940374,2024-09-29 16:05:35.629099
925,FCU_041,FCU,2024-10-22 05:24:13.645805,Valve actuator,2,MEDIUM,3.2892566882660557,3.2892566882660557,2024-10-22 08:41:34.969883
925,FCU_001,FCU,2024-12-02 19:14:54.784351,Coil fouling,1,LOW,2.115823926564291,2.115823926564291,2024-12-02 21:21:51.750487
925,FCU_028,FCU,2025-04-05 18:37:28.366001,Fan motor failure,2,MEDIUM,3.91268199917856,3.91268199917856,2025-04-05 22:32:14.021198
925,FCU_050,FCU,2025-04-12 23:15:36.772674,Fan motor failure,2,MEDIUM,3.8594454155857103,3.8594454155857103,2025-04-13 03:07:10.776170
926,HP_001,HeatPump,2023-07-26 12:33:16.882918,Refrigerant leak,3,HIGH,9.60437324051015,9.60437324051015,2023-07-26 22:09:32.626584
926,FCU_038,FCU,2024-03-12 20:34:25.208665,Valve actuator,2,MEDIUM,5.239327293434198,5.239327293434198,2024-03-13 01:48:46.786921
926,CHWP_001,CHW_Pump,2024-03-26 07:49:25.467636,Motor overheating,3,HIGH,6.514852703905425,6.514852703905425,2024-03-26 14:20:18.937370
926,FCU_016,FCU,2024-09-30 22:49:59.961263,Coil fouling,1,LOW,2.2820496941625947,2.2820496941625947,2024-10-01 01:06:55.340162
927,FCU_018,FCU,2024-12-22 19:12:53.128687,Coil fouling,1,LOW,2.433447137935784,2.433447137935784,2024-12-22 21:38:53.538384
927,FCU_012,FCU,2025-03-29 02:28:25.075328,Coil fouling,1,LOW,2.866603597032303,2.866603597032303,2025-03-29 05:20:24.848277
927,HWP_002,HW_Pump,2025-05-11 22:12:04.050973,Bearing wear,3,HIGH,10.979807892468544,10.979807892468544,2025-05-12 09:10:51.359386
928,FCU_006,FCU,2024-12-10 23:36:25.009303,Thermostat failure,1,LOW,3.304959864413124,3.304959864413124,2024-12-11 02:54:42.864815
928,FCU_030,FCU,2024-12-25 14:56:25.015102,Fan motor failure,2,MEDIUM,3.058092929780733,3.058092929780733,2024-12-25 17:59:54.149649
928,FCU_023,FCU,2025-02-18 09:00:45.833995,Fan motor failure,2,MEDIUM,5.818896108985534,5.818896108985534,2025-02-18 14:49:53.859987
929,FCU_016,FCU,2024-06-16 22:46:50.264282,Coil fouling,1,LOW,1.9033869791073346,1.9033869791073346,2024-06-17 00:41:02.457407
929,FCU_040,FCU,2025-02-18 02:03:08.278736,Filter blockage,1,LOW,0.8934627211284978,0.8934627211284978,2025-02-18 02:56:44.744532
929,FCU_023,FCU,2025-03-02 11:06:00.124231,Fan motor failure,2,MEDIUM,4.595643688426921,4.595643688426921,2025-03-02 15:41:44.441509
930,CHWP_001,CHW_Pump,2023-11-12 23:17:33.514891,Bearing wear,3,HIGH,9.441001293160026,9.441001293160026,2023-11-13 08:44:01.119546
930,FCU_050,FCU,2024-08-01 10:14:41.173813,Fan motor failure,2,MEDIUM,4.338549739481417,4.338549739481417,2024-08-01 14:34:59.952875
931,FCU_033,FCU,2023-10-17 03:42:21.790266,Filter blockage,1,LOW,0.9583342128784967,0.9583342128784967,2023-10-17 04:39:51.793432
931,FCU_011,FCU,2024-01-05 05:29:44.646892,Valve actuator,2,MEDIUM,2.9263754565350317,2.9263754565350317,2024-01-05 08:25:19.598536
931,FCU_012,FCU,2024-07-29 22:34:19.810063,Fan motor failure,2,MEDIUM,5.45037183334295,5.45037183334295,2024-07-30 04:01:21.148663
931,HWP_002,HW_Pump,2024-10-04 11:37:50.246246,Bearing wear,3,HIGH,7.773046610399241,7.773046610399241,2024-10-04 19:24:13.214043
931,FCU_013,FCU,2025-01-29 12:50:30.795357,Valve actuator,2,MEDIUM,2.8647454946618667,2.8647454946618667,2025-01-29 15:42:23.879138
931,FCU_031,FCU,2025-05-14 22:55:47.434656,Filter blockage,1,LOW,0.81937603985627,0.81937603985627,2025-05-14 23:44:57.188399
932,FCU_049,FCU,2025-01-27 18:30:40.969560,Fan motor failure,2,MEDIUM,3.902913724132001,3.902913724132001,2025-01-27 22:24:51.458967
933,CHWP_002,CHW_Pump,2023-10-06 03:38:03.972839,Impeller damage,4,CRITICAL,9.55709950989613,9.55709950989613,2023-10-06 13:11:29.531075
933,CHWP_003,CHW_Pump,2023-12-22 02:57:08.419624,Impeller damage,4,CRITICAL,9.940655636416622,9.940655636416622,2023-12-22 12:53:34.779915
933,FCU_027,FCU,2024-05-01 00:40:43.429767,Thermostat failure,1,LOW,1.9648327332114701,1.9648327332114701,2024-05-01 02:38:36.827607
933,FCU_033,FCU,2024-12-05 16:08:53.837678,Coil fouling,1,LOW,1.948380156024894,1.948380156024894,2024-12-05 18:05:48.006240
933,FCU_007,FCU,2025-02-16 05:35:38.330666,Fan motor failure,2,MEDIUM,3.6781015955965883,3.6781015955965883,2025-02-16 09:16:19.496410
933,FCU_003,FCU,2025-03-28 18:08:09.118918,Coil fouling,1,LOW,1.167044673428801,1.167044673428801,2025-03-28 19:18:10.479742
934,FCU_040,FCU,2023-11-16 02:38:23.097827,Filter blockage,1,LOW,0.9041329335468424,0.9041329335468424,2023-11-16 03:32:37.976388
934,HWP_002,HW_Pump,2024-08-14 08:17:58.007048,Seal leakage,2,MEDIUM,3.912451344412409,3.912451344412409,2024-08-14 12:12:42.831888
934,CHWP_002,CHW_Pump,2024-10-13 05:43:04.745794,Bearing wear,3,HIGH,6.790612517920786,6.790612517920786,2024-10-13 12:30:30.950859
934,FCU_042,FCU,2024-10-17 11:13:04.270012,Valve actuator,2,MEDIUM,3.3800217913494994,3.3800217913494994,2024-10-17 14:35:52.348461
934,FCU_049,FCU,2024-12-29 01:48:57.057676,Thermostat failure,1,LOW,1.7121740663412914,1.7121740663412914,2024-12-29 03:31:40.884315
934,FCU_020,FCU,2025-02-27 16:35:40.047459,Valve actuator,2,MEDIUM,2.276816463386305,2.276816463386305,2025-02-27 18:52:16.586727
934,FCU_012,FCU,2025-03-27 02:56:46.379012,Fan motor failure,2,MEDIUM,3.1902009225546,3.1902009225546,2025-03-27 06:08:11.102333
934,FCU_019,FCU,2025-05-06 18:54:48.186461,Filter blockage,1,LOW,0.8014374932996662,0.8014374932996662,2025-05-06 19:42:53.361437
935,FCU_039,FCU,2023-09-02 03:10:02.444725,Filter blockage,1,LOW,1.1044455598989429,1.1044455598989429,2023-09-02 04:16:18.448741
935,HWP_002,HW_Pump,2024-02-01 05:15:37.461014,Impeller damage,4,CRITICAL,10.30562224042767,10.30562224042767,2024-02-01 15:33:57.701080
935,FCU_021,FCU,2025-03-02 18:29:28.253453,Coil fouling,1,LOW,2.5582115247968646,2.5582115247968646,2025-03-02 21:02:57.814942
935,HWP_001,HW_Pump,2025-04-03 02:00:15.879010,Bearing wear,3,HIGH,6.320190600905016,6.320190600905016,2025-04-03 08:19:28.565173
935,CT_001,CoolingTower,2025-05-21 23:34:15.850642,Drift eliminator damage,2,MEDIUM,3.142792432294014,3.142792432294014,2025-05-22 02:42:49.903398
936,HWP_002,HW_Pump,2024-11-19 16:03:29.348309,Seal leakage,2,MEDIUM,4.165501071900964,4.165501071900964,2024-11-19 20:13:25.152168
936,FCU_050,FCU,2025-01-27 09:59:27.150917,Coil fouling,1,LOW,2.639196153363939,2.639196153363939,2025-01-27 12:37:48.257069
936,FCU_009,FCU,2025-05-24 19:12:53.084568,Fan motor failure,2,MEDIUM,3.936756607232817,3.936756607232817,2025-05-24 23:09:05.408354
937,FCU_019,FCU,2023-10-27 12:19:04.143995,Coil fouling,1,LOW,2.7924746583606517,2.7924746583606517,2023-10-27 15:06:37.052765
937,FCU_031,FCU,2024-03-11 19:30:33.856297,Filter blockage,1,LOW,1.0707629605217126,1.0707629605217126,2024-03-11 20:34:48.602955
937,FCU_042,FCU,2024-06-28 00:22:59.949894,Filter blockage,1,LOW,0.5080139394637374,0.5080139394637374,2024-06-28 00:53:28.800076
937,HP_002,HeatPump,2025-02-16 10:50:13.599719,Sensor malfunction,1,LOW,2.446125408457147,2.446125408457147,2025-02-16 13:16:59.651189
938,FCU_018,FCU,2024-09-18 03:02:35.651437,Thermostat failure,1,LOW,2.9402877765849755,2.9402877765849755,2024-09-18 05:59:00.687433
939,HWP_002,HW_Pump,2024-06-08 22:28:39.192843,Impeller damage,4,CRITICAL,12.013782463921299,12.013782463921299,2024-06-09 10:29:28.809713
939,CHWP_001,CHW_Pump,2024-09-07 02:02:11.829051,Bearing wear,3,HIGH,4.701773652645996,4.701773652645996,2024-09-07 06:44:18.214201
939,FCU_009,FCU,2025-01-06 01:43:06.536965,Fan motor failure,2,MEDIUM,5.9459500222026636,5.9459500222026636,2025-01-06 07:39:51.957045
939,HP_001,HeatPump,2025-01-19 07:14:19.337718,Sensor malfunction,1,LOW,2.376774926014405,2.376774926014405,2025-01-19 09:36:55.727452
939,FCU_019,FCU,2025-03-12 20:16:17.052085,Fan motor failure,2,MEDIUM,3.9400538231027102,3.9400538231027102,2025-03-13 00:12:41.245848
939,FCU_030,FCU,2025-03-16 10:31:25.950245,Fan motor failure,2,MEDIUM,3.0775119391469734,3.0775119391469734,2025-03-16 13:36:04.993226
940,FCU_022,FCU,2024-06-03 08:23:27.201509,Coil fouling,1,LOW,1.4586901879445184,1.4586901879445184,2024-06-03 09:50:58.486186
940,HP_001,HeatPump,2024-11-19 09:03:27.232930,Refrigerant leak,3,HIGH,4.950122570626413,4.950122570626413,2024-11-19 14:00:27.674184
941,FCU_005,FCU,2024-10-14 08:54:51.748421,Coil fouling,1,LOW,1.811747656972225,1.811747656972225,2024-10-14 10:43:34.039986
941,FCU_039,FCU,2024-10-30 10:17:01.234925,Coil fouling,1,LOW,2.2588185981957394,2.2588185981957394,2024-10-30 12:32:32.981879
941,FCU_042,FCU,2024-12-15 07:35:09.684942,Valve actuator,2,MEDIUM,2.710724124057084,2.710724124057084,2024-12-15 10:17:48.291789
941,FCU_008,FCU,2025-03-19 23:32:29.363651,Valve actuator,2,MEDIUM,4.226750756608712,4.226750756608712,2025-03-20 03:46:05.666375
942,FCU_026,FCU,2024-05-04 01:59:36.956256,Thermostat failure,1,LOW,2.11780164306648,2.11780164306648,2024-05-04 04:06:41.042171
942,FCU_027,FCU,2024-08-08 11:40:04.848576,Filter blockage,1,LOW,1.7755430033578392,1.7755430033578392,2024-08-08 13:26:36.803388
942,FCU_021,FCU,2025-02-14 14:12:41.918684,Coil fouling,1,LOW,1.7652133823173468,1.7652133823173468,2025-02-14 15:58:36.686860
943,FCU_021,FCU,2024-06-05 03:33:42.898288,Thermostat failure,1,LOW,2.5026799938425146,2.5026799938425146,2024-06-05 06:03:52.546266
943,FCU_039,FCU,2024-11-05 23:36:52.460856,Filter blockage,1,LOW,0.9150359356905466,0.9150359356905466,2024-11-06 00:31:46.590224
943,FCU_017,FCU,2024-12-06 08:07:33.444601,Coil fouling,1,LOW,2.0414977439081925,2.0414977439081925,2024-12-06 10:10:02.836479
943,FCU_026,FCU,2025-05-20 03:45:16.002594,Fan motor failure,2,MEDIUM,5.22307965239038,5.22307965239038,2025-05-20 08:58:39.089343
944,HP_001,HeatPump,2024-02-01 23:21:38.204723,Control valve failure,3,HIGH,2.8259367825511905,2.8259367825511905,2024-02-02 02:11:11.577140
944,FCU_039,FCU,2025-04-01 13:24:40.362841,Fan motor failure,2,MEDIUM,3.5296910695021175,3.5296910695021175,2025-04-01 16:56:27.250691
945,FCU_049,FCU,2024-05-10 03:19:38.510569,Coil fouling,1,LOW,1.8034208318660006,1.8034208318660006,2024-05-10 05:07:50.825564
945,FCU_015,FCU,2024-07-23 06:42:19.596354,Filter blockage,1,LOW,0.7631922151668331,0.7631922151668331,2024-07-23 07:28:07.088329
945,HP_002,HeatPump,2025-02-12 15:01:14.427105,Control valve failure,3,HIGH,2.730797194678726,2.730797194678726,2025-02-12 17:45:05.297006
946,FCU_024,FCU,2024-01-02 19:29:33.070722,Fan motor failure,2,MEDIUM,3.167692830016125,3.167692830016125,2024-01-02 22:39:36.764910
946,FCU_046,FCU,2024-08-05 19:10:52.299915,Coil fouling,1,LOW,2.4493315817689707,2.4493315817689707,2024-08-05 21:37:49.893609
946,FCU_011,FCU,2024-09-12 12:36:20.055889,Fan motor failure,2,MEDIUM,3.7171562748712046,3.7171562748712046,2024-09-12 16:19:21.818479
946,FCU_033,FCU,2024-09-15 20:56:36.611681,Coil fouling,1,LOW,1.4375440087180447,1.4375440087180447,2024-09-15 22:22:51.770112
946,FCU_008,FCU,2024-10-23 04:44:10.456417,Valve actuator,2,MEDIUM,2.331919581188624,2.331919581188624,2024-10-23 07:04:05.366909
947,FCU_010,FCU,2024-04-02 09:28:33.265417,Coil fouling,1,LOW,1.5827858964158485,1.5827858964158485,2024-04-02 11:03:31.294644
947,FCU_037,FCU,2024-08-12 17:18:49.191088,Fan motor failure,2,MEDIUM,3.9226176642517605,3.9226176642517605,2024-08-12 21:14:10.614679
947,FCU_018,FCU,2024-10-21 03:57:26.429979,Coil fouling,1,LOW,2.7475344027244986,2.7475344027244986,2024-10-21 06:42:17.553829
947,FCU_025,FCU,2024-12-18 15:27:10.611621,Coil fouling,1,LOW,1.6875951111112242,1.6875951111112242,2024-12-18 17:08:25.954021
947,FCU_041,FCU,2025-01-08 12:27:31.425028,Fan motor failure,2,MEDIUM,5.670884482259563,5.670884482259563,2025-01-08 18:07:46.609164
947,FCU_032,FCU,2025-04-05 15:04:27.279589,Valve actuator,2,MEDIUM,2.619309845114745,2.619309845114745,2025-04-05 17:41:36.795031
948,HWP_002,HW_Pump,2023-08-23 03:21:27.409554,Bearing wear,3,HIGH,9.149431965914081,9.149431965914081,2023-08-23 12:30:25.364631
948,FCU_021,FCU,2024-03-24 22:30:03.067829,Filter blockage,1,LOW,0.7953326054721138,0.7953326054721138,2024-03-24 23:17:46.265209
948,FCU_024,FCU,2024-09-03 01:16:56.637290,Fan motor failure,2,MEDIUM,3.2766587553228237,3.2766587553228237,2024-09-03 04:33:32.608809
948,FCU_001,FCU,2025-01-30 20:05:20.304996,Filter blockage,1,LOW,0.9817474395198711,0.9817474395198711,2025-01-30 21:04:14.595778
948,FCU_040,FCU,2025-03-27 17:38:29.239502,Fan motor failure,2,MEDIUM,4.3787875442709305,4.3787875442709305,2025-03-27 22:01:12.874661
948,FCU_017,FCU,2025-04-02 14:30:50.673597,Fan motor failure,2,MEDIUM,4.477993297197735,4.477993297197735,2025-04-02 18:59:31.449467
948,FCU_019,FCU,2025-04-11 23:17:23.390205,Thermostat failure,1,LOW,1.3553627634662235,1.3553627634662235,2025-04-12 00:38:42.696153
948,FCU_014,FCU,2025-05-12 05:06:15.839071,Thermostat failure,1,LOW,2.219476793834021,2.219476793834021,2025-05-12 07:19:25.955529
949,FCU_011,FCU,2025-02-17 19:04:17.929719,Valve actuator,2,MEDIUM,2.7918428012551475,2.7918428012551475,2025-02-17 21:51:48.563804
949,FCU_027,FCU,2025-02-27 12:55:32.095316,Fan motor failure,2,MEDIUM,3.6293811006604804,3.6293811006604804,2025-02-27 16:33:17.867278
950,FCU_016,FCU,2024-09-03 06:20:07.393418,Thermostat failure,1,LOW,1.8587046695714615,1.8587046695714615,2024-09-03 08:11:38.730228
950,FCU_017,FCU,2024-12-31 05:10:24.386680,Thermostat failure,1,LOW,1.9403526995589335,1.9403526995589335,2024-12-31 07:06:49.656398
950,FCU_049,FCU,2025-01-08 20:16:18.642881,Coil fouling,1,LOW,1.8591310440681326,1.8591310440681326,2025-01-08 22:07:51.514640
950,FCU_046,FCU,2025-02-09 01:54:57.380622,Coil fouling,1,LOW,1.8566555710442472,1.8566555710442472,2025-02-09 03:46:21.340678
950,HP_001,HeatPump,2025-03-31 11:39:12.871899,Sensor malfunction,1,LOW,1.6413817459077464,1.6413817459077464,2025-03-31 13:17:41.846184
951,FCU_026,FCU,2025-04-12 10:10:45.413862,Fan motor failure,2,MEDIUM,4.4861197641573405,4.4861197641573405,2025-04-12 14:39:55.445013
951,CHWP_001,CHW_Pump,2025-04-24 18:48:57.651203,Bearing wear,3,HIGH,9.14294565103733,9.14294565103733,2025-04-25 03:57:32.255547
951,FCU_024,FCU,2025-04-27 13:43:56.072663,Filter blockage,1,LOW,1.174345843574842,1.174345843574842,2025-04-27 14:54:23.717700
951,FCU_034,FCU,2025-05-06 18:44:26.443349,Fan motor failure,2,MEDIUM,7.472924322847695,7.472924322847695,2025-05-07 02:12:48.970911
952,FCU_008,FCU,2024-06-11 07:21:49.114795,Valve actuator,2,MEDIUM,6.237855990361803,6.237855990361803,2024-06-11 13:36:05.396360
952,FCU_028,FCU,2024-07-02 05:55:45.609283,Coil fouling,1,LOW,1.8870916353097298,1.8870916353097298,2024-07-02 07:48:59.139170
952,FCU_029,FCU,2025-03-25 22:21:31.229902,Valve actuator,2,MEDIUM,3.456840202158684,3.456840202158684,2025-03-26 01:48:55.854630
953,FCU_015,FCU,2023-03-29 09:04:04.755634,Fan motor failure,2,MEDIUM,4.285910484538083,4.285910484538083,2023-03-29 13:21:14.033378
953,HP_001,HeatPump,2024-09-17 21:29:12.475768,Control valve failure,3,HIGH,2.559731838217001,2.559731838217001,2024-09-18 00:02:47.510386
953,CT_001,CoolingTower,2025-01-16 12:41:09.420189,Water distribution system,3,HIGH,6.4870167783860495,6.4870167783860495,2025-01-16 19:10:22.680591
953,FCU_038,FCU,2025-02-21 14:14:09.006620,Coil fouling,1,LOW,2.484814277872634,2.484814277872634,2025-02-21 16:43:14.338020
954,CHWP_002,CHW_Pump,2024-09-25 19:20:45.307070,Seal leakage,2,MEDIUM,4.414675855457239,4.414675855457239,2024-09-25 23:45:38.140150
955,FCU_044,FCU,2024-01-10 15:41:27.230815,Fan motor failure,2,MEDIUM,4.452585051253908,4.452585051253908,2024-01-10 20:08:36.537000
955,FCU_029,FCU,2025-01-16 00:00:19.180864,Valve actuator,2,MEDIUM,3.104754114411976,3.104754114411976,2025-01-16 03:06:36.295676
955,HP_001,HeatPump,2025-03-16 05:49:57.454907,Refrigerant leak,3,HIGH,7.292246054244529,7.292246054244529,2025-03-16 13:07:29.540702
955,FCU_046,FCU,2025-05-08 16:08:44.742511,Thermostat failure,1,LOW,1.4460789660315325,1.4460789660315325,2025-05-08 17:35:30.626789
955,FCU_036,FCU,2025-05-24 15:04:01.699703,Thermostat failure,1,LOW,1.7538287086655362,1.7538287086655362,2025-05-24 16:49:15.483054
956,FCU_005,FCU,2024-09-01 01:22:28.658975,Coil fouling,1,LOW,2.363692014954085,2.363692014954085,2024-09-01 03:44:17.950229
956,FCU_032,FCU,2024-10-24 09:47:28.788443,Fan motor failure,2,MEDIUM,3.161061571673174,3.161061571673174,2024-10-24 12:57:08.610101
956,FCU_025,FCU,2024-12-03 02:29:36.237775,Thermostat failure,1,LOW,2.880326465704877,2.880326465704877,2024-12-03 05:22:25.413052
956,FCU_014,FCU,2025-04-19 06:40:16.115171,Valve actuator,2,MEDIUM,4.288626286279374,4.288626286279374,2025-04-19 10:57:35.169802
956,FCU_018,FCU,2025-04-28 03:58:50.299960,Fan motor failure,2,MEDIUM,3.692687694067759,3.692687694067759,2025-04-28 07:40:23.975659
956,FCU_047,FCU,2025-05-10 11:50:14.657874,Thermostat failure,1,LOW,1.941928006522601,1.941928006522601,2025-05-10 13:46:45.598697
957,FCU_008,FCU,2024-06-20 13:43:35.971499,Fan motor failure,2,MEDIUM,5.933115885733007,5.933115885733007,2024-06-20 19:39:35.188688
957,FCU_047,FCU,2025-01-08 12:27:27.296317,Valve actuator,2,MEDIUM,2.100328431854428,2.100328431854428,2025-01-08 14:33:28.478672
957,FCU_034,FCU,2025-03-14 11:15:01.455278,Valve actuator,2,MEDIUM,2.910703281894279,2.910703281894279,2025-03-14 14:09:39.987093
958,HP_002,HeatPump,2024-03-13 09:21:07.899935,Sensor malfunction,1,LOW,1.1725699043499673,1.1725699043499673,2024-03-13 10:31:29.151591
958,FCU_041,FCU,2024-10-22 13:00:04.143375,Coil fouling,1,LOW,1.3835938347828185,1.3835938347828185,2024-10-22 14:23:05.081180
960,HP_002,HeatPump,2024-04-26 14:48:43.009703,Heat exchanger fouling,2,MEDIUM,2.6784057021374306,2.6784057021374306,2024-04-26 17:29:25.270231
960,FCU_001,FCU,2024-11-08 14:14:07.860645,Coil fouling,1,LOW,1.2869971120908865,1.2869971120908865,2024-11-08 15:31:21.050249
960,CHWP_001,CHW_Pump,2025-03-03 08:27:14.820414,Motor overheating,3,HIGH,4.050537682185127,4.050537682185127,2025-03-03 12:30:16.756070
961,FCU_030,FCU,2024-09-26 00:57:02.236239,Valve actuator,2,MEDIUM,3.6136777901447807,3.6136777901447807,2024-09-26 04:33:51.476284
961,HP_002,HeatPump,2024-11-21 23:14:23.527404,Heat exchanger fouling,2,MEDIUM,5.682603236318583,5.682603236318583,2024-11-22 04:55:20.899055
963,FCU_039,FCU,2023-09-26 11:40:43.185086,Coil fouling,1,LOW,2.586200189617661,2.586200189617661,2023-09-26 14:15:53.505769
963,FCU_028,FCU,2024-02-26 20:22:05.765464,Fan motor failure,2,MEDIUM,6.965406624975543,6.965406624975543,2024-02-27 03:20:01.229314
963,FCU_032,FCU,2025-01-17 06:17:39.713357,Coil fouling,1,LOW,2.4637991880246632,2.4637991880246632,2025-01-17 08:45:29.390434
963,FCU_033,FCU,2025-04-03 07:14:31.851695,Filter blockage,1,LOW,0.9994241135202385,0.9994241135202385,2025-04-03 08:14:29.778504
963,FCU_026,FCU,2025-04-15 12:05:59.942216,Fan motor failure,2,MEDIUM,6.240226035148331,6.240226035148331,2025-04-15 18:20:24.755943
963,FCU_050,FCU,2025-05-12 21:57:09.959462,Coil fouling,1,LOW,3.304815087471714,3.304815087471714,2025-05-13 01:15:27.293777
964,FCU_042,FCU,2025-01-01 10:33:27.023073,Fan motor failure,2,MEDIUM,3.79163591766665,3.79163591766665,2025-01-01 14:20:56.912377
964,FCU_007,FCU,2025-01-19 00:23:25.598927,Filter blockage,1,LOW,1.3561628604670304,1.3561628604670304,2025-01-19 01:44:47.785225
964,FCU_017,FCU,2025-02-25 17:12:06.715143,Fan motor failure,2,MEDIUM,3.6628118812959523,3.6628118812959523,2025-02-25 20:51:52.837916
964,FCU_024,FCU,2025-04-12 12:44:12.556966,Thermostat failure,1,LOW,2.5714718958549128,2.5714718958549128,2025-04-12 15:18:29.855791
964,FCU_045,FCU,2025-04-24 13:24:41.977187,Filter blockage,1,LOW,0.6449971276316981,0.6449971276316981,2025-04-24 14:03:23.966846
965,HP_001,HeatPump,2024-04-21 10:39:53.315295,Refrigerant leak,3,HIGH,9.948400716514097,9.948400716514097,2024-04-21 20:36:47.557874
965,FCU_021,FCU,2024-06-16 22:30:54.774292,Fan motor failure,2,MEDIUM,2.8297182947287514,2.8297182947287514,2024-06-17 01:20:41.760153
965,FCU_015,FCU,2024-09-10 02:29:59.050564,Thermostat failure,1,LOW,2.1612629426160095,2.1612629426160095,2024-09-10 04:39:39.597157
966,FCU_028,FCU,2024-05-06 12:56:33.623515,Valve actuator,2,MEDIUM,1.8602240351780437,1.8602240351780437,2024-05-06 14:48:10.430042
966,FCU_004,FCU,2024-10-04 11:10:29.455173,Coil fouling,1,LOW,2.2909268886520544,2.2909268886520544,2024-10-04 13:27:56.791972
966,FCU_032,FCU,2024-12-12 01:22:58.087469,Filter blockage,1,LOW,0.6420374344506753,0.6420374344506753,2024-12-12 02:01:29.422233
966,FCU_044,FCU,2025-03-07 20:40:07.852588,Coil fouling,1,LOW,1.6681141682255742,1.6681141682255742,2025-03-07 22:20:13.063594
966,FCU_026,FCU,2025-03-28 15:30:19.895451,Coil fouling,1,LOW,2.1919528259870136,2.1919528259870136,2025-03-28 17:41:50.925625
966,FCU_021,FCU,2025-04-08 19:29:22.009745,Filter blockage,1,LOW,1.0148881174082804,1.0148881174082804,2025-04-08 20:30:15.606968
967,FCU_025,FCU,2024-01-24 19:17:40.744118,Filter blockage,1,LOW,1.292102139889157,1.292102139889157,2024-01-24 20:35:12.311822
967,HP_002,HeatPump,2024-05-29 23:43:39.657064,Heat exchanger fouling,2,MEDIUM,2.9890148251551207,2.9890148251551207,2024-05-30 02:43:00.110435
967,HP_001,HeatPump,2024-08-19 07:43:10.743161,Heat exchanger fouling,2,MEDIUM,3.693405683776541,3.693405683776541,2024-08-19 11:24:47.003623
967,FCU_018,FCU,2024-09-01 21:42:28.978884,Valve actuator,2,MEDIUM,3.4182369009132154,3.4182369009132154,2024-09-02 01:07:34.631727
967,HWP_001,HW_Pump,2024-10-07 11:32:36.768224,Motor overheating,3,HIGH,3.4804891676683023,3.4804891676683023,2024-10-07 15:01:26.529228
967,FCU_047,FCU,2024-10-12 23:50:38.456953,Valve actuator,2,MEDIUM,2.245588001033393,2.245588001033393,2024-10-13 02:05:22.573757
967,CT_001,CoolingTower,2025-05-12 03:55:15.916657,Water distribution system,3,HIGH,3.9073259474236948,3.9073259474236948,2025-05-12 07:49:42.290068
968,FCU_045,FCU,2023-08-26 21:09:48.439024,Coil fouling,1,LOW,1.6803879453331856,1.6803879453331856,2023-08-26 22:50:37.835627
968,FCU_042,FCU,2024-04-27 15:30:17.899957,Valve actuator,2,MEDIUM,2.48477189095952,2.48477189095952,2024-04-27 17:59:23.078764
968,FCU_029,FCU,2024-07-01 18:01:12.639733,Valve actuator,2,MEDIUM,7.476867630772925,7.476867630772925,2024-07-02 01:29:49.363204
968,FCU_026,FCU,2024-09-21 14:23:46.613754,Thermostat failure,1,LOW,1.4035045586501012,1.4035045586501012,2024-09-21 15:47:59.230165
968,FCU_011,FCU,2025-03-12 04:14:07.851074,Valve actuator,2,MEDIUM,3.1676245712114817,3.1676245712114817,2025-03-12 07:24:11.299530
968,FCU_034,FCU,2025-03-31 06:58:44.594497,Fan motor failure,2,MEDIUM,3.943296751745595,3.943296751745595,2025-03-31 10:55:20.462803
968,FCU_012,FCU,2025-05-03 10:46:39.525603,Coil fouling,1,LOW,1.9131928205492812,1.9131928205492812,2025-05-03 12:41:27.019757
969,HP_002,HeatPump,2024-08-24 19:08:48.171356,Heat exchanger fouling,2,MEDIUM,4.173350127381915,4.173350127381915,2024-08-24 23:19:12.231815
969,FCU_038,FCU,2024-11-18 23:57:13.721148,Fan motor failure,2,MEDIUM,2.8799049691248566,2.8799049691248566,2024-11-19 02:50:01.379037
969,CHWP_001,CHW_Pump,2025-04-18 21:59:54.577796,Impeller damage,4,CRITICAL,10.161017438002613,10.161017438002613,2025-04-19 08:09:34.240573
970,CHWP_001,CHW_Pump,2024-09-17 02:10:20.951400,Impeller damage,4,CRITICAL,8.938586350866847,8.938586350866847,2024-09-17 11:06:39.862263
970,FCU_047,FCU,2024-12-06 23:08:31.893668,Filter blockage,1,LOW,0.8201998175480858,0.8201998175480858,2024-12-06 23:57:44.613011
970,HP_001,HeatPump,2025-04-23 12:58:07.407044,Refrigerant leak,3,HIGH,3.20824252773761,3.20824252773761,2025-04-23 16:10:37.080144
971,FCU_007,FCU,2023-12-29 19:56:32.155895,Fan motor failure,2,MEDIUM,4.292355011324613,4.292355011324613,2023-12-30 00:14:04.633936
971,FCU_009,FCU,2024-02-04 07:35:04.332491,Fan motor failure,2,MEDIUM,3.3640769921608094,3.3640769921608094,2024-02-04 10:56:55.009663
971,HP_002,HeatPump,2024-05-18 11:35:30.009732,Heat exchanger fouling,2,MEDIUM,6.5519127594807545,6.5519127594807545,2024-05-18 18:08:36.895666
971,CHWP_001,CHW_Pump,2024-12-05 22:37:04.363758,Motor overheating,3,HIGH,4.722497250216297,4.722497250216297,2024-12-06 03:20:25.353859
971,FCU_039,FCU,2025-01-11 06:21:37.400970,Filter blockage,1,LOW,1.1041827691343433,1.1041827691343433,2025-01-11 07:27:52.458939
971,FCU_024,FCU,2025-05-20 19:06:20.404278,Fan motor failure,2,MEDIUM,4.138464312595049,4.138464312595049,2025-05-20 23:14:38.875803
972,FCU_047,FCU,2024-04-02 06:57:12.625476,Coil fouling,1,LOW,2.542235631788049,2.542235631788049,2024-04-02 09:29:44.673750
972,FCU_009,FCU,2024-11-26 13:49:12.008547,Fan motor failure,2,MEDIUM,3.3522796616196877,3.3522796616196877,2024-11-26 17:10:20.215329
972,FCU_040,FCU,2025-03-10 10:43:23.576855,Coil fouling,1,LOW,2.1230510403085865,2.1230510403085865,2025-03-10 12:50:46.560600
972,CT_001,CoolingTower,2025-04-22 19:59:09.777320,Fill media degradation,2,MEDIUM,10.02379453751396,10.02379453751396,2025-04-23 06:00:35.437655
973,FCU_040,FCU,2024-11-19 17:53:36.324503,Fan motor failure,2,MEDIUM,3.5166447992016283,3.5166447992016283,2024-11-19 21:24:36.245780
973,HP_001,HeatPump,2025-04-15 08:59:42.148316,Heat exchanger fouling,2,MEDIUM,5.901430113992776,5.901430113992776,2025-04-15 14:53:47.296726
974,CHWP_001,CHW_Pump,2024-05-08 10:15:17.942585,Bearing wear,3,HIGH,6.9004254034623225,6.9004254034623225,2024-05-08 17:09:19.474037
975,FCU_008,FCU,2024-11-27 00:05:56.116432,Coil fouling,1,LOW,2.2447535897505437,2.2447535897505437,2024-11-27 02:20:37.229355
975,HP_001,HeatPump,2025-03-11 23:57:38.329681,Refrigerant leak,3,HIGH,3.6311774892534543,3.6311774892534543,2025-03-12 03:35:30.568642
975,FCU_030,FCU,2025-03-15 04:46:59.746648,Coil fouling,1,LOW,2.0185986798068725,2.0185986798068725,2025-03-15 06:48:06.701895
976,FCU_013,FCU,2024-06-12 07:32:58.660148,Thermostat failure,1,LOW,1.4374064500333625,1.4374064500333625,2024-06-12 08:59:13.323368
976,FCU_027,FCU,2024-08-28 20:26:25.908447,Thermostat failure,1,LOW,1.2478579407448303,1.2478579407448303,2024-08-28 21:41:18.197034
976,FCU_049,FCU,2025-01-08 18:51:28.081497,Coil fouling,1,LOW,2.8281144060834564,2.8281144060834564,2025-01-08 21:41:09.293359
976,HP_001,HeatPump,2025-02-03 19:54:32.899545,Heat exchanger fouling,2,MEDIUM,1.8410419201479253,1.8410419201479253,2025-02-03 21:45:00.650458
976,FCU_043,FCU,2025-03-15 02:31:13.608216,Coil fouling,1,LOW,2.1654397955104856,2.1654397955104856,2025-03-15 04:41:09.191480
976,HWP_001,HW_Pump,2025-04-18 16:56:30.819059,Bearing wear,3,HIGH,8.96070917165886,8.96070917165886,2025-04-19 01:54:09.372077
977,FCU_047,FCU,2024-06-20 03:38:33.845291,Filter blockage,1,LOW,1.0081251113299292,1.0081251113299292,2024-06-20 04:39:03.095692
977,FCU_027,FCU,2024-09-26 08:59:26.428718,Filter blockage,1,LOW,0.7253269357963584,0.7253269357963584,2024-09-26 09:42:57.605687
977,FCU_026,FCU,2024-11-25 00:53:59.455380,Fan motor failure,2,MEDIUM,1.9922253939919212,1.9922253939919212,2024-11-25 02:53:31.466798
977,FCU_038,FCU,2025-01-02 22:20:39.655353,Valve actuator,2,MEDIUM,4.096809379717077,4.096809379717077,2025-01-03 02:26:28.169120
977,FCU_006,FCU,2025-05-21 08:24:21.287041,Fan motor failure,2,MEDIUM,7.417731268502703,7.417731268502703,2025-05-21 15:49:25.119608
978,FCU_012,FCU,2024-10-07 05:14:52.169279,Filter blockage,1,LOW,1.2581616961328286,1.2581616961328286,2024-10-07 06:30:21.551385
978,FCU_032,FCU,2024-11-26 01:57:19.343305,Fan motor failure,2,MEDIUM,3.964828111769462,3.964828111769462,2024-11-26 05:55:12.724507
978,FCU_014,FCU,2024-11-30 23:28:47.603421,Valve actuator,2,MEDIUM,1.894438097952645,1.894438097952645,2024-12-01 01:22:27.580574
978,FCU_018,FCU,2025-02-03 14:29:08.992984,Thermostat failure,1,LOW,1.8178236984098666,1.8178236984098666,2025-02-03 16:18:13.158298
978,FCU_035,FCU,2025-03-08 15:43:47.452747,Coil fouling,1,LOW,1.997980007098678,1.997980007098678,2025-03-08 17:43:40.180773
979,FCU_049,FCU,2025-03-06 12:14:38.922670,Coil fouling,1,LOW,1.969952002309435,1.969952002309435,2025-03-06 14:12:50.749878
979,FCU_001,FCU,2025-05-09 09:32:46.091674,Fan motor failure,2,MEDIUM,4.388303457535474,4.388303457535474,2025-05-09 13:56:03.984121
980,FCU_008,FCU,2024-08-26 11:03:46.667766,Fan motor failure,2,MEDIUM,3.0279318012417753,3.0279318012417753,2024-08-26 14:05:27.222250
980,FCU_039,FCU,2024-10-11 05:47:40.956590,Fan motor failure,2,MEDIUM,4.117587099762124,4.117587099762124,2024-10-11 09:54:44.270149
980,FCU_048,FCU,2024-11-01 14:26:57.466028,Filter blockage,1,LOW,0.921775652324647,0.921775652324647,2024-11-01 15:22:15.858376
980,FCU_017,FCU,2025-01-15 04:36:47.315028,Filter blockage,1,LOW,1.1859207469015156,1.1859207469015156,2025-01-15 05:47:56.629717
981,FCU_042,FCU,2024-09-15 14:49:30.037846,Fan motor failure,2,MEDIUM,2.9492739908458936,2.9492739908458936,2024-09-15 17:46:27.424213
982,FCU_023,FCU,2024-04-17 11:59:17.070471,Filter blockage,1,LOW,1.0545206744476532,1.0545206744476532,2024-04-17 13:02:33.344899
982,FCU_022,FCU,2024-05-02 21:55:16.732254,Fan motor failure,2,MEDIUM,4.109460852646967,4.109460852646967,2024-05-03 02:01:50.791324
982,HP_002,HeatPump,2024-06-20 14:08:16.175882,Heat exchanger fouling,2,MEDIUM,2.030263904394063,2.030263904394063,2024-06-20 16:10:05.125938
982,FCU_021,FCU,2024-07-13 15:18:00.184935,Fan motor failure,2,MEDIUM,3.2327766638248354,3.2327766638248354,2024-07-13 18:31:58.180925
982,HWP_001,HW_Pump,2024-07-17 02:10:09.579320,Bearing wear,3,HIGH,5.409899113777258,5.409899113777258,2024-07-17 07:34:45.216130
982,FCU_039,FCU,2024-07-18 11:16:01.979631,Filter blockage,1,LOW,0.8408530689488872,0.8408530689488872,2024-07-18 12:06:29.050679
982,FCU_016,FCU,2025-01-01 05:51:11.376190,Coil fouling,1,LOW,1.5633746285559014,1.5633746285559014,2025-01-01 07:24:59.524853
982,FCU_035,FCU,2025-05-23 11:38:51.809779,Coil fouling,1,LOW,1.292696402938589,1.292696402938589,2025-05-23 12:56:25.516830
983,FCU_016,FCU,2024-10-18 23:23:10.156701,Valve actuator,2,MEDIUM,2.8356443781744107,2.8356443781744107,2024-10-19 02:13:18.476462
983,FCU_012,FCU,2025-05-20 02:53:34.311870,Coil fouling,1,LOW,1.427482434441268,1.427482434441268,2025-05-20 04:19:13.248634
984,FCU_041,FCU,2024-06-27 05:11:49.776720,Fan motor failure,2,MEDIUM,3.6312082356992064,3.6312082356992064,2024-06-27 08:49:42.126369
984,FCU_042,FCU,2024-08-23 02:02:16.886450,Coil fouling,1,LOW,2.0894321562448854,2.0894321562448854,2024-08-23 04:07:38.842212
984,FCU_023,FCU,2025-01-14 23:38:38.299437,Filter blockage,1,LOW,1.128171414273896,1.128171414273896,2025-01-15 00:46:19.716528
984,FCU_039,FCU,2025-01-25 07:42:13.927414,Filter blockage,1,LOW,0.7885214092395635,0.7885214092395635,2025-01-25 08:29:32.604487
985,FCU_038,FCU,2024-04-29 09:04:11.981669,Coil fouling,1,LOW,2.220042797412919,2.220042797412919,2024-04-29 11:17:24.135740
985,FCU_041,FCU,2024-09-06 05:17:44.925255,Fan motor failure,2,MEDIUM,2.930507908609366,2.930507908609366,2024-09-06 08:13:34.753726
985,FCU_017,FCU,2025-03-05 23:59:53.880589,Coil fouling,1,LOW,2.0475544869450215,2.0475544869450215,2025-03-06 02:02:45.076742
985,FCU_006,FCU,2025-05-04 00:30:08.763318,Fan motor failure,2,MEDIUM,3.8409256508924545,3.8409256508924545,2025-05-04 04:20:36.095661
986,CHWP_002,CHW_Pump,2024-09-29 04:40:16.644891,Motor overheating,3,HIGH,5.605077022677758,5.605077022677758,2024-09-29 10:16:34.922173
986,HP_001,HeatPump,2024-09-30 02:19:11.024244,Refrigerant leak,3,HIGH,7.464309226210433,7.464309226210433,2024-09-30 09:47:02.537458
986,FCU_005,FCU,2025-02-06 18:41:51.005234,Thermostat failure,1,LOW,2.3262183844405615,2.3262183844405615,2025-02-06 21:01:25.391418
987,FCU_022,FCU,2024-05-09 07:14:16.663123,Valve actuator,2,MEDIUM,2.9276819479218945,2.9276819479218945,2024-05-09 10:09:56.318136
987,FCU_006,FCU,2024-12-02 01:24:02.997311,Filter blockage,1,LOW,0.5996881742770424,0.5996881742770424,2024-12-02 02:00:01.874738
987,FCU_043,FCU,2025-02-14 20:52:07.830469,Fan motor failure,2,MEDIUM,4.989138339060517,4.989138339060517,2025-02-15 01:51:28.728490
988,FCU_046,FCU,2024-02-04 22:19:03.986969,Valve actuator,2,MEDIUM,2.780967255337338,2.780967255337338,2024-02-05 01:05:55.469088
988,CHWP_003,CHW_Pump,2024-06-14 02:50:09.810704,Motor overheating,3,HIGH,5.468629618679766,5.468629618679766,2024-06-14 08:18:16.877331
988,FCU_008,FCU,2025-01-15 13:30:21.504921,Coil fouling,1,LOW,1.5962778318258952,1.5962778318258952,2025-01-15 15:06:08.105116
988,FCU_031,FCU,2025-03-21 09:51:24.361155,Filter blockage,1,LOW,1.0695452670021957,1.0695452670021957,2025-03-21 10:55:34.724116
988,FCU_006,FCU,2025-05-10 14:14:31.239711,Fan motor failure,2,MEDIUM,4.942308002013799,4.942308002013799,2025-05-10 19:11:03.548518
989,CHWP_001,CHW_Pump,2023-04-17 11:07:47.239897,Bearing wear,3,HIGH,10.468129852697178,10.468129852697178,2023-04-17 21:35:52.507367
989,FCU_012,FCU,2023-06-20 11:36:22.697649,Fan motor failure,2,MEDIUM,2.5394520234839844,2.5394520234839844,2023-06-20 14:08:44.724934
989,FCU_003,FCU,2024-11-30 15:14:18.550972,Fan motor failure,2,MEDIUM,4.592120307503818,4.592120307503818,2024-11-30 19:49:50.184079
989,CHWP_002,CHW_Pump,2025-01-08 06:37:00.975248,Impeller damage,4,CRITICAL,11.163085273103258,11.163085273103258,2025-01-08 17:46:48.082231
989,FCU_006,FCU,2025-05-18 20:44:25.317323,Fan motor failure,2,MEDIUM,3.3207663137135475,3.3207663137135475,2025-05-19 00:03:40.076052
990,FCU_046,FCU,2023-12-30 06:03:30.404460,Filter blockage,1,LOW,1.5328764171721494,1.5328764171721494,2023-12-30 07:35:28.759562
990,HP_001,HeatPump,2024-11-21 02:51:55.152607,Heat exchanger fouling,2,MEDIUM,3.2363437860384474,3.2363437860384474,2024-11-21 06:06:05.990237
991,HP_001,HeatPump,2023-12-17 01:41:45.294989,Compressor degradation,4,CRITICAL,12.749020451733333,12.749020451733333,2023-12-17 14:26:41.768615
991,FCU_022,FCU,2025-01-02 22:55:27.459537,Fan motor failure,2,MEDIUM,3.80694745746472,3.80694745746472,2025-01-03 02:43:52.470384
991,FCU_018,FCU,2025-03-03 05:55:14.368928,Thermostat failure,1,LOW,3.416525374761738,3.416525374761738,2025-03-03 09:20:13.860277
991,FCU_030,FCU,2025-03-06 00:00:42.108266,Thermostat failure,1,LOW,2.272471359453934,2.272471359453934,2025-03-06 02:17:03.005160
991,FCU_014,FCU,2025-03-16 08:06:37.557170,Filter blockage,1,LOW,0.7004310758479297,0.7004310758479297,2025-03-16 08:48:39.109043
991,FCU_009,FCU,2025-04-02 00:56:28.082547,Coil fouling,1,LOW,2.052362195924145,2.052362195924145,2025-04-02 02:59:36.586452
991,FCU_001,FCU,2025-04-23 23:36:17.469872,Filter blockage,1,LOW,1.1507110721894422,1.1507110721894422,2025-04-24 00:45:20.029732
991,FCU_041,FCU,2025-05-05 07:15:55.742287,Coil fouling,1,LOW,1.7003377410258114,1.7003377410258114,2025-05-05 08:57:56.958155
992,FCU_004,FCU,2024-04-16 07:50:29.430895,Fan motor failure,2,MEDIUM,4.742804063571664,4.742804063571664,2024-04-16 12:35:03.525524
992,CHWP_001,CHW_Pump,2024-06-19 09:40:18.381478,Impeller damage,4,CRITICAL,14.992088217126154,14.992088217126154,2024-06-20 00:39:49.899060
992,FCU_015,FCU,2024-08-14 21:29:22.524820,Coil fouling,1,LOW,1.5896790059196841,1.5896790059196841,2024-08-14 23:04:45.369241
992,HWP_002,HW_Pump,2024-08-18 10:53:23.232381,Impeller damage,4,CRITICAL,12.717588496353056,12.717588496353056,2024-08-18 23:36:26.550968
993,FCU_024,FCU,2023-10-19 03:53:20.701357,Coil fouling,1,LOW,1.262425226364201,1.262425226364201,2023-10-19 05:09:05.432172
993,FCU_011,FCU,2024-10-06 17:25:55.058252,Fan motor failure,2,MEDIUM,3.3468259820531188,3.3468259820531188,2024-10-06 20:46:43.631787
993,FCU_030,FCU,2025-01-31 03:29:44.234772,Filter blockage,1,LOW,0.5898188287050814,0.5898188287050814,2025-01-31 04:05:07.582555
993,FCU_017,FCU,2025-03-30 20:15:14.836197,Filter blockage,1,LOW,1.0054803859650545,1.0054803859650545,2025-03-30 21:15:34.565586
994,FCU_037,FCU,2024-12-04 06:33:54.291591,Fan motor failure,2,MEDIUM,5.206864239832193,5.206864239832193,2024-12-04 11:46:19.002854
994,FCU_018,FCU,2024-12-22 04:25:35.446467,Filter blockage,1,LOW,1.6169790613726678,1.6169790613726678,2024-12-22 06:02:36.571088
994,FCU_014,FCU,2025-01-06 04:21:04.882088,Fan motor failure,2,MEDIUM,3.3520836775510148,3.3520836775510148,2025-01-06 07:42:12.383327
994,FCU_021,FCU,2025-01-06 17:19:38.533919,Fan motor failure,2,MEDIUM,3.7740932093326403,3.7740932093326403,2025-01-06 21:06:05.269473
994,FCU_025,FCU,2025-03-05 20:06:19.867149,Fan motor failure,2,MEDIUM,7.141750302368369,7.141750302368369,2025-03-06 03:14:50.168238
995,FCU_011,FCU,2024-06-11 01:58:46.999904,Thermostat failure,1,LOW,1.484770665457445,1.484770665457445,2024-06-11 03:27:52.174300
995,FCU_047,FCU,2024-07-23 20:52:38.004058,Fan motor failure,2,MEDIUM,3.542398079163105,3.542398079163105,2024-07-24 00:25:10.637143
995,HP_001,HeatPump,2024-10-09 09:18:36.205678,Heat exchanger fouling,2,MEDIUM,3.4922980260306966,3.4922980260306966,2024-10-09 12:48:08.478572
995,FCU_028,FCU,2024-11-29 11:31:00.530965,Filter blockage,1,LOW,0.65465777697112,0.65465777697112,2024-11-29 12:10:17.298962
996,CHWP_002,CHW_Pump,2024-06-17 09:47:03.683763,Seal leakage,2,MEDIUM,6.501240746282027,6.501240746282027,2024-06-17 16:17:08.150450
996,FCU_010,FCU,2024-11-03 21:25:59.828922,Fan motor failure,2,MEDIUM,4.309518717012678,4.309518717012678,2024-11-04 01:44:34.096303
996,FCU_008,FCU,2025-02-24 01:53:12.352188,Thermostat failure,1,LOW,2.127894140346224,2.127894140346224,2025-02-24 04:00:52.771093
996,FCU_015,FCU,2025-04-09 17:03:28.444508,Filter blockage,1,LOW,0.763067754954214,0.763067754954214,2025-04-09 17:49:15.488426
997,FCU_044,FCU,2024-01-15 18:18:04.248956,Valve actuator,2,MEDIUM,2.109947447288269,2.109947447288269,2024-01-15 20:24:40.059766
997,FCU_015,FCU,2024-01-31 04:25:32.671641,Coil fouling,1,LOW,1.475570857284865,1.475570857284865,2024-01-31 05:54:04.726727
997,FCU_050,FCU,2024-07-07 03:32:28.627657,Thermostat failure,1,LOW,2.6940454283037356,2.6940454283037356,2024-07-07 06:14:07.191199
997,HWP_001,HW_Pump,2025-01-13 08:32:44.162275,Bearing wear,3,HIGH,9.64417028585587,9.64417028585587,2025-01-13 18:11:23.175304
998,FCU_050,FCU,2024-04-19 22:04:32.089455,Valve actuator,2,MEDIUM,2.7399237344631575,2.7399237344631575,2024-04-20 00:48:55.814899
998,FCU_041,FCU,2025-03-07 07:15:31.478466,Valve actuator,2,MEDIUM,6.583811850700635,6.583811850700635,2025-03-07 13:50:33.201129
998,FCU_016,FCU,2025-03-13 22:43:03.663309,Fan motor failure,2,MEDIUM,4.490846803150255,4.490846803150255,2025-03-14 03:12:30.711800
998,FCU_015,FCU,2025-04-25 08:35:26.189813,Filter blockage,1,LOW,1.2358602620093102,1.2358602620093102,2025-04-25 09:49:35.286756
998,FCU_022,FCU,2025-05-17 16:02:00.887127,Valve actuator,2,MEDIUM,5.3945034919055335,5.3945034919055335,2025-05-17 21:25:41.099698
999,FCU_008,FCU,2023-10-11 06:04:27.336454,Coil fouling,1,LOW,1.582853778431733,1.582853778431733,2023-10-11 07:39:25.610056
999,FCU_020,FCU,2024-10-15 22:20:29.822194,Coil fouling,1,LOW,1.4615212728646265,1.4615212728646265,2024-10-15 23:48:11.298776
999,HP_002,HeatPump,2025-03-12 00:27:05.336486,Heat exchanger fouling,2,MEDIUM,5.0175280386937695,5.0175280386937695,2025-03-12 05:28:08.437425
999,CT_001,CoolingTower,2025-04-01 01:02:59.289506,Fill media degradation,2,MEDIUM,7.573087357399333,7.573087357399333,2025-04-01 08:37:22.403993
1000,FCU_010,FCU,2024-10-31 21:52:37.762765,Fan motor failure,2,MEDIUM,2.904372194809358,2.904372194809358,2024-11-01 00:46:53.502666
